ISO-10303-21;
HEADER;
FILE_DESCRIPTION(('KiCad electronic assembly'),'2;1');
FILE_NAME('ElectronicsPCB.step','2026-01-24T13:31:11',('Pcbnew'),(
    'Kicad'),'Open CASCADE STEP processor 7.8','KiCad to STEP converter'
  ,'Unknown');
FILE_SCHEMA(('AUTOMOTIVE_DESIGN { 1 0 10303 214 1 1 1 1 }'));
ENDSEC;
DATA;
#1 = APPLICATION_PROTOCOL_DEFINITION('international standard',
  'automotive_design',2000,#2);
#2 = APPLICATION_CONTEXT(
  'core data for automotive mechanical design processes');
#3 = SHAPE_DEFINITION_REPRESENTATION(#4,#10);
#4 = PRODUCT_DEFINITION_SHAPE('','',#5);
#5 = PRODUCT_DEFINITION('design','',#6,#9);
#6 = PRODUCT_DEFINITION_FORMATION('','',#7);
#7 = PRODUCT('ElectronicsPCB 1','ElectronicsPCB 1','',(#8));
#8 = PRODUCT_CONTEXT('',#2,'mechanical');
#9 = PRODUCT_DEFINITION_CONTEXT('part definition',#2,'design');
#10 = SHAPE_REPRESENTATION('',(#11,#15,#19),#23);
#11 = AXIS2_PLACEMENT_3D('',#12,#13,#14);
#12 = CARTESIAN_POINT('',(0.,0.,0.));
#13 = DIRECTION('',(0.,0.,1.));
#14 = DIRECTION('',(1.,0.,-0.));
#15 = AXIS2_PLACEMENT_3D('',#16,#17,#18);
#16 = CARTESIAN_POINT('',(152.66,-103.865,1.595198));
#17 = DIRECTION('',(0.,-0.,1.));
#18 = DIRECTION('',(1.110223024625E-16,1.,0.));
#19 = AXIS2_PLACEMENT_3D('',#20,#21,#22);
#20 = CARTESIAN_POINT('',(0.,0.,0.));
#21 = DIRECTION('',(0.,0.,1.));
#22 = DIRECTION('',(1.,0.,-0.));
#23 = ( GEOMETRIC_REPRESENTATION_CONTEXT(3) 
GLOBAL_UNCERTAINTY_ASSIGNED_CONTEXT((#27)) GLOBAL_UNIT_ASSIGNED_CONTEXT(
(#24,#25,#26)) REPRESENTATION_CONTEXT('Context #1',
  '3D Context with UNIT and UNCERTAINTY') );
#24 = ( LENGTH_UNIT() NAMED_UNIT(*) SI_UNIT(.MILLI.,.METRE.) );
#25 = ( NAMED_UNIT(*) PLANE_ANGLE_UNIT() SI_UNIT($,.RADIAN.) );
#26 = ( NAMED_UNIT(*) SI_UNIT($,.STERADIAN.) SOLID_ANGLE_UNIT() );
#27 = UNCERTAINTY_MEASURE_WITH_UNIT(LENGTH_MEASURE(1.E-07),#24,
  'distance_accuracy_value','confusion accuracy');
#28 = PRODUCT_RELATED_PRODUCT_CATEGORY('part',$,(#7));
#29 = SHAPE_DEFINITION_REPRESENTATION(#30,#36);
#30 = PRODUCT_DEFINITION_SHAPE('','',#31);
#31 = PRODUCT_DEFINITION('design','',#32,#35);
#32 = PRODUCT_DEFINITION_FORMATION('','',#33);
#33 = PRODUCT('DSUB-9_Socket_Vertical_P2.77x2.84mm_MountingHoles',
  'DSUB-9_Socket_Vertical_P2.77x2.84mm_MountingHoles','',(#34));
#34 = PRODUCT_CONTEXT('',#2,'mechanical');
#35 = PRODUCT_DEFINITION_CONTEXT('part definition',#2,'design');
#36 = ADVANCED_BREP_SHAPE_REPRESENTATION('',(#11,#37),#4306);
#37 = MANIFOLD_SOLID_BREP('',#38);
#38 = CLOSED_SHELL('',(#39,#79,#112,#143,#176,#297,#322,#346,#371,#521,
    #545,#577,#601,#625,#650,#675,#699,#723,#741,#766,#790,#808,#825,
    #842,#859,#876,#888,#913,#938,#963,#988,#1013,#1038,#1063,#1088,
    #1113,#1145,#1169,#1193,#1218,#1243,#1267,#1291,#1309,#1334,#1359,
    #1384,#1409,#1434,#1459,#1484,#1509,#1534,#1568,#1593,#1618,#1644,
    #1670,#1695,#1720,#1738,#1947,#2055,#2095,#2120,#2152,#2177,#2209,
    #2234,#2266,#2283,#2316,#2342,#2368,#2393,#2418,#2444,#2470,#2487,
    #2513,#2539,#2555,#2586,#2611,#2636,#2660,#2684,#2709,#2734,#2751,
    #2776,#2801,#2834,#2860,#2886,#2911,#2936,#2962,#2988,#3005,#3031,
    #3057,#3149,#3180,#3205,#3229,#3254,#3278,#3303,#3327,#3345,#3378,
    #3395,#3420,#3437,#3462,#3479,#3502,#3513,#3559,#3590,#3614,#3638,
    #3655,#3766,#3791,#3816,#3841,#3866,#3891,#3916,#3941,#3966,#3991,
    #4017,#4043,#4069,#4095,#4121,#4147,#4173,#4199,#4225,#4234,#4243,
    #4252,#4261,#4270,#4279,#4288,#4297));
#39 = ADVANCED_FACE('',(#40),#74,.T.);
#40 = FACE_BOUND('',#41,.T.);
#41 = EDGE_LOOP('',(#42,#52,#60,#68));
#42 = ORIENTED_EDGE('',*,*,#43,.F.);
#43 = EDGE_CURVE('',#44,#46,#48,.T.);
#44 = VERTEX_POINT('',#45);
#45 = CARTESIAN_POINT('',(-11.36882226504,-5.27,10.5));
#46 = VERTEX_POINT('',#47);
#47 = CARTESIAN_POINT('',(-11.36882226504,-5.27,10.7));
#48 = LINE('',#49,#50);
#49 = CARTESIAN_POINT('',(-11.36882226504,-5.27,4.8));
#50 = VECTOR('',#51,1.);
#51 = DIRECTION('',(0.,0.,1.));
#52 = ORIENTED_EDGE('',*,*,#53,.T.);
#53 = EDGE_CURVE('',#44,#54,#56,.T.);
#54 = VERTEX_POINT('',#55);
#55 = CARTESIAN_POINT('',(0.288822265043,-5.27,10.5));
#56 = LINE('',#57,#58);
#57 = CARTESIAN_POINT('',(-2.2075,-5.27,10.5));
#58 = VECTOR('',#59,1.);
#59 = DIRECTION('',(1.,0.,-0.));
#60 = ORIENTED_EDGE('',*,*,#61,.T.);
#61 = EDGE_CURVE('',#54,#62,#64,.T.);
#62 = VERTEX_POINT('',#63);
#63 = CARTESIAN_POINT('',(0.288822265043,-5.27,10.7));
#64 = LINE('',#65,#66);
#65 = CARTESIAN_POINT('',(0.288822265043,-5.27,4.8));
#66 = VECTOR('',#67,1.);
#67 = DIRECTION('',(0.,0.,1.));
#68 = ORIENTED_EDGE('',*,*,#69,.T.);
#69 = EDGE_CURVE('',#62,#46,#70,.T.);
#70 = LINE('',#71,#72);
#71 = CARTESIAN_POINT('',(0.288822265043,-5.27,10.7));
#72 = VECTOR('',#73,1.);
#73 = DIRECTION('',(-1.,0.,0.));
#74 = PLANE('',#75);
#75 = AXIS2_PLACEMENT_3D('',#76,#77,#78);
#76 = CARTESIAN_POINT('',(1.125,-5.27,4.8));
#77 = DIRECTION('',(0.,-1.,0.));
#78 = DIRECTION('',(-1.,0.,0.));
#79 = ADVANCED_FACE('',(#80),#107,.T.);
#80 = FACE_BOUND('',#81,.T.);
#81 = EDGE_LOOP('',(#82,#91,#99,#106));
#82 = ORIENTED_EDGE('',*,*,#83,.T.);
#83 = EDGE_CURVE('',#46,#84,#86,.T.);
#84 = VERTEX_POINT('',#85);
#85 = CARTESIAN_POINT('',(-12.35302786658,-4.447029189369,10.7));
#86 = CIRCLE('',#87,1.);
#87 = AXIS2_PLACEMENT_3D('',#88,#89,#90);
#88 = CARTESIAN_POINT('',(-11.36882226504,-4.27,10.7));
#89 = DIRECTION('',(-0.,-0.,-1.));
#90 = DIRECTION('',(0.,-1.,0.));
#91 = ORIENTED_EDGE('',*,*,#92,.F.);
#92 = EDGE_CURVE('',#93,#84,#95,.T.);
#93 = VERTEX_POINT('',#94);
#94 = CARTESIAN_POINT('',(-12.35302786658,-4.447029189369,10.5));
#95 = LINE('',#96,#97);
#96 = CARTESIAN_POINT('',(-12.35302786658,-4.447029189369,4.8));
#97 = VECTOR('',#98,1.);
#98 = DIRECTION('',(0.,0.,1.));
#99 = ORIENTED_EDGE('',*,*,#100,.T.);
#100 = EDGE_CURVE('',#93,#44,#101,.T.);
#101 = CIRCLE('',#102,1.);
#102 = AXIS2_PLACEMENT_3D('',#103,#104,#105);
#103 = CARTESIAN_POINT('',(-11.36882226504,-4.27,10.5));
#104 = DIRECTION('',(0.,0.,1.));
#105 = DIRECTION('',(0.,-1.,0.));
#106 = ORIENTED_EDGE('',*,*,#43,.T.);
#107 = CYLINDRICAL_SURFACE('',#108,1.);
#108 = AXIS2_PLACEMENT_3D('',#109,#110,#111);
#109 = CARTESIAN_POINT('',(-11.36882226504,-4.27,4.8));
#110 = DIRECTION('',(0.,0.,1.));
#111 = DIRECTION('',(0.,-1.,0.));
#112 = ADVANCED_FACE('',(#113),#138,.F.);
#113 = FACE_BOUND('',#114,.F.);
#114 = EDGE_LOOP('',(#115,#123,#124,#132));
#115 = ORIENTED_EDGE('',*,*,#116,.F.);
#116 = EDGE_CURVE('',#62,#117,#119,.T.);
#117 = VERTEX_POINT('',#118);
#118 = CARTESIAN_POINT('',(0.288822265043,-5.17,10.8));
#119 = LINE('',#120,#121);
#120 = CARTESIAN_POINT('',(0.288822265043,-5.22,10.75));
#121 = VECTOR('',#122,1.);
#122 = DIRECTION('',(0.,0.707106781187,0.707106781187));
#123 = ORIENTED_EDGE('',*,*,#69,.T.);
#124 = ORIENTED_EDGE('',*,*,#125,.T.);
#125 = EDGE_CURVE('',#46,#126,#128,.T.);
#126 = VERTEX_POINT('',#127);
#127 = CARTESIAN_POINT('',(-11.36882226504,-5.17,10.8));
#128 = LINE('',#129,#130);
#129 = CARTESIAN_POINT('',(-11.36882226504,-5.22,10.75));
#130 = VECTOR('',#131,1.);
#131 = DIRECTION('',(0.,0.707106781187,0.707106781187));
#132 = ORIENTED_EDGE('',*,*,#133,.F.);
#133 = EDGE_CURVE('',#117,#126,#134,.T.);
#134 = LINE('',#135,#136);
#135 = CARTESIAN_POINT('',(0.288822265043,-5.17,10.8));
#136 = VECTOR('',#137,1.);
#137 = DIRECTION('',(-1.,0.,0.));
#138 = PLANE('',#139);
#139 = AXIS2_PLACEMENT_3D('',#140,#141,#142);
#140 = CARTESIAN_POINT('',(0.288822265043,-5.22,10.75));
#141 = DIRECTION('',(0.,0.707106781187,-0.707106781187));
#142 = DIRECTION('',(-1.,0.,0.));
#143 = ADVANCED_FACE('',(#144),#171,.T.);
#144 = FACE_BOUND('',#145,.T.);
#145 = EDGE_LOOP('',(#146,#155,#156,#165));
#146 = ORIENTED_EDGE('',*,*,#147,.T.);
#147 = EDGE_CURVE('',#148,#62,#150,.T.);
#148 = VERTEX_POINT('',#149);
#149 = CARTESIAN_POINT('',(1.273027866588,-4.447029189369,10.7));
#150 = CIRCLE('',#151,1.);
#151 = AXIS2_PLACEMENT_3D('',#152,#153,#154);
#152 = CARTESIAN_POINT('',(0.288822265043,-4.27,10.7));
#153 = DIRECTION('',(0.,-0.,-1.));
#154 = DIRECTION('',(0.984205601544,-0.177029189369,0.));
#155 = ORIENTED_EDGE('',*,*,#61,.F.);
#156 = ORIENTED_EDGE('',*,*,#157,.T.);
#157 = EDGE_CURVE('',#54,#158,#160,.T.);
#158 = VERTEX_POINT('',#159);
#159 = CARTESIAN_POINT('',(1.273027866588,-4.447029189369,10.5));
#160 = CIRCLE('',#161,1.);
#161 = AXIS2_PLACEMENT_3D('',#162,#163,#164);
#162 = CARTESIAN_POINT('',(0.288822265043,-4.27,10.5));
#163 = DIRECTION('',(0.,0.,1.));
#164 = DIRECTION('',(0.984205601544,-0.177029189369,0.));
#165 = ORIENTED_EDGE('',*,*,#166,.T.);
#166 = EDGE_CURVE('',#158,#148,#167,.T.);
#167 = LINE('',#168,#169);
#168 = CARTESIAN_POINT('',(1.273027866588,-4.447029189369,4.8));
#169 = VECTOR('',#170,1.);
#170 = DIRECTION('',(0.,0.,1.));
#171 = CYLINDRICAL_SURFACE('',#172,1.);
#172 = AXIS2_PLACEMENT_3D('',#173,#174,#175);
#173 = CARTESIAN_POINT('',(0.288822265043,-4.27,4.8));
#174 = DIRECTION('',(0.,0.,1.));
#175 = DIRECTION('',(0.984205601544,-0.177029189369,0.));
#176 = ADVANCED_FACE('',(#177,#247),#292,.F.);
#177 = FACE_BOUND('',#178,.F.);
#178 = EDGE_LOOP('',(#179,#190,#198,#207,#215,#224,#232,#241));
#179 = ORIENTED_EDGE('',*,*,#180,.F.);
#180 = EDGE_CURVE('',#181,#183,#185,.T.);
#181 = VERTEX_POINT('',#182);
#182 = CARTESIAN_POINT('',(-12.49943192049,2.48,10.5));
#183 = VERTEX_POINT('',#184);
#184 = CARTESIAN_POINT('',(-13.43516053961,1.365951375003,10.5));
#185 = CIRCLE('',#186,0.95);
#186 = AXIS2_PLACEMENT_3D('',#187,#188,#189);
#187 = CARTESIAN_POINT('',(-12.49943192049,1.53,10.5));
#188 = DIRECTION('',(0.,-0.,1.));
#189 = DIRECTION('',(8.881784197001E-16,1.,0.));
#190 = ORIENTED_EDGE('',*,*,#191,.F.);
#191 = EDGE_CURVE('',#192,#181,#194,.T.);
#192 = VERTEX_POINT('',#193);
#193 = CARTESIAN_POINT('',(1.419431920499,2.48,10.5));
#194 = LINE('',#195,#196);
#195 = CARTESIAN_POINT('',(1.419431920499,2.48,10.5));
#196 = VECTOR('',#197,1.);
#197 = DIRECTION('',(-1.,-0.,-0.));
#198 = ORIENTED_EDGE('',*,*,#199,.F.);
#199 = EDGE_CURVE('',#200,#192,#202,.T.);
#200 = VERTEX_POINT('',#201);
#201 = CARTESIAN_POINT('',(2.355160539617,1.365951375003,10.5));
#202 = CIRCLE('',#203,0.95);
#203 = AXIS2_PLACEMENT_3D('',#204,#205,#206);
#204 = CARTESIAN_POINT('',(1.419431920499,1.53,10.5));
#205 = DIRECTION('',(-0.,0.,1.));
#206 = DIRECTION('',(0.984977493808,-0.172682763155,0.));
#207 = ORIENTED_EDGE('',*,*,#208,.F.);
#208 = EDGE_CURVE('',#209,#200,#211,.T.);
#209 = VERTEX_POINT('',#210);
#210 = CARTESIAN_POINT('',(1.32079345101,-4.534048624997,10.5));
#211 = LINE('',#212,#213);
#212 = CARTESIAN_POINT('',(1.32079345101,-4.534048624997,10.5));
#213 = VECTOR('',#214,1.);
#214 = DIRECTION('',(0.172682763155,0.984977493808,0.));
#215 = ORIENTED_EDGE('',*,*,#216,.F.);
#216 = EDGE_CURVE('',#217,#209,#219,.T.);
#217 = VERTEX_POINT('',#218);
#218 = CARTESIAN_POINT('',(0.385064831892,-5.32,10.5));
#219 = CIRCLE('',#220,0.95);
#220 = AXIS2_PLACEMENT_3D('',#221,#222,#223);
#221 = CARTESIAN_POINT('',(0.385064831892,-4.37,10.5));
#222 = DIRECTION('',(-0.,0.,1.));
#223 = DIRECTION('',(0.,-1.,0.));
#224 = ORIENTED_EDGE('',*,*,#225,.F.);
#225 = EDGE_CURVE('',#226,#217,#228,.T.);
#226 = VERTEX_POINT('',#227);
#227 = CARTESIAN_POINT('',(-11.46506483189,-5.32,10.5));
#228 = LINE('',#229,#230);
#229 = CARTESIAN_POINT('',(-11.46506483189,-5.32,10.5));
#230 = VECTOR('',#231,1.);
#231 = DIRECTION('',(1.,0.,0.));
#232 = ORIENTED_EDGE('',*,*,#233,.F.);
#233 = EDGE_CURVE('',#234,#226,#236,.T.);
#234 = VERTEX_POINT('',#235);
#235 = CARTESIAN_POINT('',(-12.40079345101,-4.534048624997,10.5));
#236 = CIRCLE('',#237,0.95);
#237 = AXIS2_PLACEMENT_3D('',#238,#239,#240);
#238 = CARTESIAN_POINT('',(-11.46506483189,-4.37,10.5));
#239 = DIRECTION('',(0.,0.,1.));
#240 = DIRECTION('',(-0.984977493808,-0.172682763155,0.));
#241 = ORIENTED_EDGE('',*,*,#242,.F.);
#242 = EDGE_CURVE('',#183,#234,#243,.T.);
#243 = LINE('',#244,#245);
#244 = CARTESIAN_POINT('',(-13.43516053961,1.365951375003,10.5));
#245 = VECTOR('',#246,1.);
#246 = DIRECTION('',(0.172682763155,-0.984977493808,0.));
#247 = FACE_BOUND('',#248,.F.);
#248 = EDGE_LOOP('',(#249,#250,#251,#252,#260,#269,#277,#286));
#249 = ORIENTED_EDGE('',*,*,#100,.T.);
#250 = ORIENTED_EDGE('',*,*,#53,.T.);
#251 = ORIENTED_EDGE('',*,*,#157,.T.);
#252 = ORIENTED_EDGE('',*,*,#253,.T.);
#253 = EDGE_CURVE('',#158,#254,#256,.T.);
#254 = VERTEX_POINT('',#255);
#255 = CARTESIAN_POINT('',(2.298287606847,1.252970810631,10.5));
#256 = LINE('',#257,#258);
#257 = CARTESIAN_POINT('',(2.069240141315,-2.043387139185E-02,10.5));
#258 = VECTOR('',#259,1.);
#259 = DIRECTION('',(0.177029189369,0.984205601544,-0.));
#260 = ORIENTED_EDGE('',*,*,#261,.T.);
#261 = EDGE_CURVE('',#254,#262,#264,.T.);
#262 = VERTEX_POINT('',#263);
#263 = CARTESIAN_POINT('',(1.314082005303,2.43,10.5));
#264 = CIRCLE('',#265,1.);
#265 = AXIS2_PLACEMENT_3D('',#266,#267,#268);
#266 = CARTESIAN_POINT('',(1.314082005303,1.43,10.5));
#267 = DIRECTION('',(0.,-0.,1.));
#268 = DIRECTION('',(0.,1.,0.));
#269 = ORIENTED_EDGE('',*,*,#270,.T.);
#270 = EDGE_CURVE('',#262,#271,#273,.T.);
#271 = VERTEX_POINT('',#272);
#272 = CARTESIAN_POINT('',(-12.3940820053,2.43,10.5));
#273 = LINE('',#274,#275);
#274 = CARTESIAN_POINT('',(-9.565,2.43,10.5));
#275 = VECTOR('',#276,1.);
#276 = DIRECTION('',(-1.,0.,0.));
#277 = ORIENTED_EDGE('',*,*,#278,.T.);
#278 = EDGE_CURVE('',#271,#279,#281,.T.);
#279 = VERTEX_POINT('',#280);
#280 = CARTESIAN_POINT('',(-13.37828760684,1.252970810631,10.5));
#281 = CIRCLE('',#282,1.);
#282 = AXIS2_PLACEMENT_3D('',#283,#284,#285);
#283 = CARTESIAN_POINT('',(-12.3940820053,1.43,10.5));
#284 = DIRECTION('',(0.,-0.,1.));
#285 = DIRECTION('',(0.,1.,0.));
#286 = ORIENTED_EDGE('',*,*,#287,.T.);
#287 = EDGE_CURVE('',#279,#93,#288,.T.);
#288 = LINE('',#289,#290);
#289 = CARTESIAN_POINT('',(-12.45674014131,-3.870433871392,10.5));
#290 = VECTOR('',#291,1.);
#291 = DIRECTION('',(0.177029189369,-0.984205601544,0.));
#292 = PLANE('',#293);
#293 = AXIS2_PLACEMENT_3D('',#294,#295,#296);
#294 = CARTESIAN_POINT('',(-5.54,-1.181472263376,10.5));
#295 = DIRECTION('',(-0.,-0.,-1.));
#296 = DIRECTION('',(-1.,0.,0.));
#297 = ADVANCED_FACE('',(#298),#317,.T.);
#298 = FACE_BOUND('',#299,.T.);
#299 = EDGE_LOOP('',(#300,#309,#315,#316));
#300 = ORIENTED_EDGE('',*,*,#301,.T.);
#301 = EDGE_CURVE('',#126,#302,#304,.T.);
#302 = VERTEX_POINT('',#303);
#303 = CARTESIAN_POINT('',(-12.25460730643,-4.429326270432,10.8));
#304 = CIRCLE('',#305,0.9);
#305 = AXIS2_PLACEMENT_3D('',#306,#307,#308);
#306 = CARTESIAN_POINT('',(-11.36882226504,-4.27,10.8));
#307 = DIRECTION('',(-0.,-0.,-1.));
#308 = DIRECTION('',(0.,-1.,0.));
#309 = ORIENTED_EDGE('',*,*,#310,.F.);
#310 = EDGE_CURVE('',#84,#302,#311,.T.);
#311 = LINE('',#312,#313);
#312 = CARTESIAN_POINT('',(-12.35302786658,-4.447029189369,10.7));
#313 = VECTOR('',#314,1.);
#314 = DIRECTION('',(0.695938454934,0.125178540271,0.707106781187));
#315 = ORIENTED_EDGE('',*,*,#83,.F.);
#316 = ORIENTED_EDGE('',*,*,#125,.T.);
#317 = CONICAL_SURFACE('',#318,1.,0.785398163397);
#318 = AXIS2_PLACEMENT_3D('',#319,#320,#321);
#319 = CARTESIAN_POINT('',(-11.36882226504,-4.27,10.7));
#320 = DIRECTION('',(0.,0.,-1.));
#321 = DIRECTION('',(0.,-1.,0.));
#322 = ADVANCED_FACE('',(#323),#341,.T.);
#323 = FACE_BOUND('',#324,.T.);
#324 = EDGE_LOOP('',(#325,#326,#327,#335));
#325 = ORIENTED_EDGE('',*,*,#287,.T.);
#326 = ORIENTED_EDGE('',*,*,#92,.T.);
#327 = ORIENTED_EDGE('',*,*,#328,.T.);
#328 = EDGE_CURVE('',#84,#329,#331,.T.);
#329 = VERTEX_POINT('',#330);
#330 = CARTESIAN_POINT('',(-13.37828760684,1.252970810631,10.7));
#331 = LINE('',#332,#333);
#332 = CARTESIAN_POINT('',(-12.35302786658,-4.447029189369,10.7));
#333 = VECTOR('',#334,1.);
#334 = DIRECTION('',(-0.177029189369,0.984205601544,0.));
#335 = ORIENTED_EDGE('',*,*,#336,.F.);
#336 = EDGE_CURVE('',#279,#329,#337,.T.);
#337 = LINE('',#338,#339);
#338 = CARTESIAN_POINT('',(-13.37828760684,1.252970810631,4.8));
#339 = VECTOR('',#340,1.);
#340 = DIRECTION('',(0.,0.,1.));
#341 = PLANE('',#342);
#342 = AXIS2_PLACEMENT_3D('',#343,#344,#345);
#343 = CARTESIAN_POINT('',(-12.205,-5.27,4.8));
#344 = DIRECTION('',(-0.984205601544,-0.177029189369,0.));
#345 = DIRECTION('',(-0.177029189369,0.984205601544,0.));
#346 = ADVANCED_FACE('',(#347),#366,.T.);
#347 = FACE_BOUND('',#348,.T.);
#348 = EDGE_LOOP('',(#349,#358,#359,#360));
#349 = ORIENTED_EDGE('',*,*,#350,.T.);
#350 = EDGE_CURVE('',#351,#117,#353,.T.);
#351 = VERTEX_POINT('',#352);
#352 = CARTESIAN_POINT('',(1.174607306433,-4.429326270432,10.8));
#353 = CIRCLE('',#354,0.9);
#354 = AXIS2_PLACEMENT_3D('',#355,#356,#357);
#355 = CARTESIAN_POINT('',(0.288822265043,-4.27,10.8));
#356 = DIRECTION('',(0.,-0.,-1.));
#357 = DIRECTION('',(0.984205601544,-0.177029189369,0.));
#358 = ORIENTED_EDGE('',*,*,#116,.F.);
#359 = ORIENTED_EDGE('',*,*,#147,.F.);
#360 = ORIENTED_EDGE('',*,*,#361,.T.);
#361 = EDGE_CURVE('',#148,#351,#362,.T.);
#362 = LINE('',#363,#364);
#363 = CARTESIAN_POINT('',(1.22381758651,-4.4381777299,10.75));
#364 = VECTOR('',#365,1.);
#365 = DIRECTION('',(-0.695938454934,0.125178540271,0.707106781187));
#366 = CONICAL_SURFACE('',#367,1.,0.785398163397);
#367 = AXIS2_PLACEMENT_3D('',#368,#369,#370);
#368 = CARTESIAN_POINT('',(0.288822265043,-4.27,10.7));
#369 = DIRECTION('',(0.,0.,-1.));
#370 = DIRECTION('',(0.984205601544,-0.177029189369,0.));
#371 = ADVANCED_FACE('',(#372,#417,#428,#439,#450,#461,#472,#483,#494,
    #505),#516,.F.);
#372 = FACE_BOUND('',#373,.F.);
#373 = EDGE_LOOP('',(#374,#375,#376,#384,#393,#401,#410,#416));
#374 = ORIENTED_EDGE('',*,*,#133,.T.);
#375 = ORIENTED_EDGE('',*,*,#301,.T.);
#376 = ORIENTED_EDGE('',*,*,#377,.T.);
#377 = EDGE_CURVE('',#302,#378,#380,.T.);
#378 = VERTEX_POINT('',#379);
#379 = CARTESIAN_POINT('',(-13.27986704669,1.270673729568,10.8));
#380 = LINE('',#381,#382);
#381 = CARTESIAN_POINT('',(-12.25460730643,-4.429326270432,10.8));
#382 = VECTOR('',#383,1.);
#383 = DIRECTION('',(-0.177029189369,0.984205601544,0.));
#384 = ORIENTED_EDGE('',*,*,#385,.T.);
#385 = EDGE_CURVE('',#378,#386,#388,.T.);
#386 = VERTEX_POINT('',#387);
#387 = CARTESIAN_POINT('',(-12.3940820053,2.33,10.8));
#388 = CIRCLE('',#389,0.9);
#389 = AXIS2_PLACEMENT_3D('',#390,#391,#392);
#390 = CARTESIAN_POINT('',(-12.3940820053,1.43,10.8));
#391 = DIRECTION('',(-0.,0.,-1.));
#392 = DIRECTION('',(-0.984205601544,-0.177029189369,0.));
#393 = ORIENTED_EDGE('',*,*,#394,.T.);
#394 = EDGE_CURVE('',#386,#395,#397,.T.);
#395 = VERTEX_POINT('',#396);
#396 = CARTESIAN_POINT('',(1.314082005303,2.33,10.8));
#397 = LINE('',#398,#399);
#398 = CARTESIAN_POINT('',(-12.3940820053,2.33,10.8));
#399 = VECTOR('',#400,1.);
#400 = DIRECTION('',(1.,0.,0.));
#401 = ORIENTED_EDGE('',*,*,#402,.T.);
#402 = EDGE_CURVE('',#395,#403,#405,.T.);
#403 = VERTEX_POINT('',#404);
#404 = CARTESIAN_POINT('',(2.199867046693,1.270673729568,10.8));
#405 = CIRCLE('',#406,0.9);
#406 = AXIS2_PLACEMENT_3D('',#407,#408,#409);
#407 = CARTESIAN_POINT('',(1.314082005303,1.43,10.8));
#408 = DIRECTION('',(0.,0.,-1.));
#409 = DIRECTION('',(0.,1.,0.));
#410 = ORIENTED_EDGE('',*,*,#411,.T.);
#411 = EDGE_CURVE('',#403,#351,#412,.T.);
#412 = LINE('',#413,#414);
#413 = CARTESIAN_POINT('',(2.199867046693,1.270673729568,10.8));
#414 = VECTOR('',#415,1.);
#415 = DIRECTION('',(-0.177029189369,-0.984205601544,0.));
#416 = ORIENTED_EDGE('',*,*,#350,.T.);
#417 = FACE_BOUND('',#418,.F.);
#418 = EDGE_LOOP('',(#419));
#419 = ORIENTED_EDGE('',*,*,#420,.F.);
#420 = EDGE_CURVE('',#421,#421,#423,.T.);
#421 = VERTEX_POINT('',#422);
#422 = CARTESIAN_POINT('',(-0.858333333333,-3.15,10.8));
#423 = CIRCLE('',#424,0.526666666667);
#424 = AXIS2_PLACEMENT_3D('',#425,#426,#427);
#425 = CARTESIAN_POINT('',(-1.385,-3.15,10.8));
#426 = DIRECTION('',(0.,0.,-1.));
#427 = DIRECTION('',(1.,0.,0.));
#428 = FACE_BOUND('',#429,.F.);
#429 = EDGE_LOOP('',(#430));
#430 = ORIENTED_EDGE('',*,*,#431,.F.);
#431 = EDGE_CURVE('',#432,#432,#434,.T.);
#432 = VERTEX_POINT('',#433);
#433 = CARTESIAN_POINT('',(-3.628333333333,-3.15,10.8));
#434 = CIRCLE('',#435,0.526666666667);
#435 = AXIS2_PLACEMENT_3D('',#436,#437,#438);
#436 = CARTESIAN_POINT('',(-4.155,-3.15,10.8));
#437 = DIRECTION('',(0.,0.,-1.));
#438 = DIRECTION('',(1.,0.,0.));
#439 = FACE_BOUND('',#440,.F.);
#440 = EDGE_LOOP('',(#441));
#441 = ORIENTED_EDGE('',*,*,#442,.F.);
#442 = EDGE_CURVE('',#443,#443,#445,.T.);
#443 = VERTEX_POINT('',#444);
#444 = CARTESIAN_POINT('',(-6.398333333333,-3.15,10.8));
#445 = CIRCLE('',#446,0.526666666667);
#446 = AXIS2_PLACEMENT_3D('',#447,#448,#449);
#447 = CARTESIAN_POINT('',(-6.925,-3.15,10.8));
#448 = DIRECTION('',(0.,0.,-1.));
#449 = DIRECTION('',(1.,0.,0.));
#450 = FACE_BOUND('',#451,.F.);
#451 = EDGE_LOOP('',(#452));
#452 = ORIENTED_EDGE('',*,*,#453,.F.);
#453 = EDGE_CURVE('',#454,#454,#456,.T.);
#454 = VERTEX_POINT('',#455);
#455 = CARTESIAN_POINT('',(-9.168333333333,-3.15,10.8));
#456 = CIRCLE('',#457,0.526666666667);
#457 = AXIS2_PLACEMENT_3D('',#458,#459,#460);
#458 = CARTESIAN_POINT('',(-9.695,-3.15,10.8));
#459 = DIRECTION('',(0.,0.,-1.));
#460 = DIRECTION('',(1.,0.,0.));
#461 = FACE_BOUND('',#462,.F.);
#462 = EDGE_LOOP('',(#463));
#463 = ORIENTED_EDGE('',*,*,#464,.F.);
#464 = EDGE_CURVE('',#465,#465,#467,.T.);
#465 = VERTEX_POINT('',#466);
#466 = CARTESIAN_POINT('',(0.526666666667,-0.31,10.8));
#467 = CIRCLE('',#468,0.526666666667);
#468 = AXIS2_PLACEMENT_3D('',#469,#470,#471);
#469 = CARTESIAN_POINT('',(0.,-0.31,10.8));
#470 = DIRECTION('',(0.,0.,-1.));
#471 = DIRECTION('',(1.,0.,0.));
#472 = FACE_BOUND('',#473,.F.);
#473 = EDGE_LOOP('',(#474));
#474 = ORIENTED_EDGE('',*,*,#475,.F.);
#475 = EDGE_CURVE('',#476,#476,#478,.T.);
#476 = VERTEX_POINT('',#477);
#477 = CARTESIAN_POINT('',(-2.243333333333,-0.31,10.8));
#478 = CIRCLE('',#479,0.526666666667);
#479 = AXIS2_PLACEMENT_3D('',#480,#481,#482);
#480 = CARTESIAN_POINT('',(-2.77,-0.31,10.8));
#481 = DIRECTION('',(0.,0.,-1.));
#482 = DIRECTION('',(1.,0.,0.));
#483 = FACE_BOUND('',#484,.F.);
#484 = EDGE_LOOP('',(#485));
#485 = ORIENTED_EDGE('',*,*,#486,.F.);
#486 = EDGE_CURVE('',#487,#487,#489,.T.);
#487 = VERTEX_POINT('',#488);
#488 = CARTESIAN_POINT('',(-5.013333333333,-0.31,10.8));
#489 = CIRCLE('',#490,0.526666666667);
#490 = AXIS2_PLACEMENT_3D('',#491,#492,#493);
#491 = CARTESIAN_POINT('',(-5.54,-0.31,10.8));
#492 = DIRECTION('',(0.,0.,-1.));
#493 = DIRECTION('',(1.,0.,0.));
#494 = FACE_BOUND('',#495,.F.);
#495 = EDGE_LOOP('',(#496));
#496 = ORIENTED_EDGE('',*,*,#497,.F.);
#497 = EDGE_CURVE('',#498,#498,#500,.T.);
#498 = VERTEX_POINT('',#499);
#499 = CARTESIAN_POINT('',(-7.783333333333,-0.31,10.8));
#500 = CIRCLE('',#501,0.526666666667);
#501 = AXIS2_PLACEMENT_3D('',#502,#503,#504);
#502 = CARTESIAN_POINT('',(-8.31,-0.31,10.8));
#503 = DIRECTION('',(0.,0.,-1.));
#504 = DIRECTION('',(1.,0.,0.));
#505 = FACE_BOUND('',#506,.F.);
#506 = EDGE_LOOP('',(#507));
#507 = ORIENTED_EDGE('',*,*,#508,.F.);
#508 = EDGE_CURVE('',#509,#509,#511,.T.);
#509 = VERTEX_POINT('',#510);
#510 = CARTESIAN_POINT('',(-10.55333333333,-0.31,10.8));
#511 = CIRCLE('',#512,0.526666666667);
#512 = AXIS2_PLACEMENT_3D('',#513,#514,#515);
#513 = CARTESIAN_POINT('',(-11.08,-0.31,10.8));
#514 = DIRECTION('',(0.,0.,-1.));
#515 = DIRECTION('',(1.,0.,0.));
#516 = PLANE('',#517);
#517 = AXIS2_PLACEMENT_3D('',#518,#519,#520);
#518 = CARTESIAN_POINT('',(-5.54,-1.183416652393,10.8));
#519 = DIRECTION('',(-0.,-0.,-1.));
#520 = DIRECTION('',(-1.,0.,0.));
#521 = ADVANCED_FACE('',(#522),#540,.T.);
#522 = FACE_BOUND('',#523,.T.);
#523 = EDGE_LOOP('',(#524,#525,#526,#534));
#524 = ORIENTED_EDGE('',*,*,#166,.F.);
#525 = ORIENTED_EDGE('',*,*,#253,.T.);
#526 = ORIENTED_EDGE('',*,*,#527,.T.);
#527 = EDGE_CURVE('',#254,#528,#530,.T.);
#528 = VERTEX_POINT('',#529);
#529 = CARTESIAN_POINT('',(2.298287606847,1.252970810631,10.7));
#530 = LINE('',#531,#532);
#531 = CARTESIAN_POINT('',(2.298287606847,1.252970810631,4.8));
#532 = VECTOR('',#533,1.);
#533 = DIRECTION('',(0.,0.,1.));
#534 = ORIENTED_EDGE('',*,*,#535,.T.);
#535 = EDGE_CURVE('',#528,#148,#536,.T.);
#536 = LINE('',#537,#538);
#537 = CARTESIAN_POINT('',(2.298287606847,1.252970810631,10.7));
#538 = VECTOR('',#539,1.);
#539 = DIRECTION('',(-0.177029189369,-0.984205601544,0.));
#540 = PLANE('',#541);
#541 = AXIS2_PLACEMENT_3D('',#542,#543,#544);
#542 = CARTESIAN_POINT('',(2.51,2.43,4.8));
#543 = DIRECTION('',(0.984205601544,-0.177029189369,0.));
#544 = DIRECTION('',(-0.177029189369,-0.984205601544,0.));
#545 = ADVANCED_FACE('',(#546),#572,.T.);
#546 = FACE_BOUND('',#547,.T.);
#547 = EDGE_LOOP('',(#548,#556,#565,#571));
#548 = ORIENTED_EDGE('',*,*,#549,.F.);
#549 = EDGE_CURVE('',#550,#181,#552,.T.);
#550 = VERTEX_POINT('',#551);
#551 = CARTESIAN_POINT('',(-12.49943192049,2.53,10.45));
#552 = LINE('',#553,#554);
#553 = CARTESIAN_POINT('',(-12.49943192049,2.53,10.45));
#554 = VECTOR('',#555,1.);
#555 = DIRECTION('',(-3.140184917366E-16,-0.707106781187,0.707106781187)
  );
#556 = ORIENTED_EDGE('',*,*,#557,.T.);
#557 = EDGE_CURVE('',#550,#558,#560,.T.);
#558 = VERTEX_POINT('',#559);
#559 = CARTESIAN_POINT('',(-13.4844094143,1.357317236845,10.45));
#560 = CIRCLE('',#561,1.);
#561 = AXIS2_PLACEMENT_3D('',#562,#563,#564);
#562 = CARTESIAN_POINT('',(-12.49943192049,1.53,10.45));
#563 = DIRECTION('',(0.,-0.,1.));
#564 = DIRECTION('',(8.881784197001E-16,1.,0.));
#565 = ORIENTED_EDGE('',*,*,#566,.T.);
#566 = EDGE_CURVE('',#558,#183,#567,.T.);
#567 = LINE('',#568,#569);
#568 = CARTESIAN_POINT('',(-13.4844094143,1.357317236845,10.45));
#569 = VECTOR('',#570,1.);
#570 = DIRECTION('',(0.696484265188,0.122105152821,0.707106781187));
#571 = ORIENTED_EDGE('',*,*,#180,.F.);
#572 = CONICAL_SURFACE('',#573,1.,0.785398163397);
#573 = AXIS2_PLACEMENT_3D('',#574,#575,#576);
#574 = CARTESIAN_POINT('',(-12.49943192049,1.53,10.45));
#575 = DIRECTION('',(0.,0.,-1.));
#576 = DIRECTION('',(8.881784197001E-16,1.,0.));
#577 = ADVANCED_FACE('',(#578),#596,.F.);
#578 = FACE_BOUND('',#579,.T.);
#579 = EDGE_LOOP('',(#580,#588,#594,#595));
#580 = ORIENTED_EDGE('',*,*,#581,.F.);
#581 = EDGE_CURVE('',#582,#192,#584,.T.);
#582 = VERTEX_POINT('',#583);
#583 = CARTESIAN_POINT('',(1.419431920499,2.53,10.45));
#584 = LINE('',#585,#586);
#585 = CARTESIAN_POINT('',(1.419431920499,2.53,10.45));
#586 = VECTOR('',#587,1.);
#587 = DIRECTION('',(1.38777878078E-17,-0.707106781187,0.707106781187));
#588 = ORIENTED_EDGE('',*,*,#589,.T.);
#589 = EDGE_CURVE('',#582,#550,#590,.T.);
#590 = LINE('',#591,#592);
#591 = CARTESIAN_POINT('',(1.419431920499,2.53,10.45));
#592 = VECTOR('',#593,1.);
#593 = DIRECTION('',(-1.,-0.,-0.));
#594 = ORIENTED_EDGE('',*,*,#549,.T.);
#595 = ORIENTED_EDGE('',*,*,#191,.F.);
#596 = PLANE('',#597);
#597 = AXIS2_PLACEMENT_3D('',#598,#599,#600);
#598 = CARTESIAN_POINT('',(1.419431920499,2.505,10.475));
#599 = DIRECTION('',(0.,-0.707106781187,-0.707106781187));
#600 = DIRECTION('',(1.,0.,0.));
#601 = ADVANCED_FACE('',(#602),#620,.F.);
#602 = FACE_BOUND('',#603,.T.);
#603 = EDGE_LOOP('',(#604,#605,#613,#619));
#604 = ORIENTED_EDGE('',*,*,#566,.F.);
#605 = ORIENTED_EDGE('',*,*,#606,.T.);
#606 = EDGE_CURVE('',#558,#607,#609,.T.);
#607 = VERTEX_POINT('',#608);
#608 = CARTESIAN_POINT('',(-12.4500423257,-4.542682763155,10.45));
#609 = LINE('',#610,#611);
#610 = CARTESIAN_POINT('',(-13.4844094143,1.357317236845,10.45));
#611 = VECTOR('',#612,1.);
#612 = DIRECTION('',(0.172682763155,-0.984977493808,0.));
#613 = ORIENTED_EDGE('',*,*,#614,.T.);
#614 = EDGE_CURVE('',#607,#234,#615,.T.);
#615 = LINE('',#616,#617);
#616 = CARTESIAN_POINT('',(-12.42541788835,-4.538365694076,10.475));
#617 = VECTOR('',#618,1.);
#618 = DIRECTION('',(0.696484265188,0.122105152821,0.707106781187));
#619 = ORIENTED_EDGE('',*,*,#242,.F.);
#620 = PLANE('',#621);
#621 = AXIS2_PLACEMENT_3D('',#622,#623,#624);
#622 = CARTESIAN_POINT('',(-13.45978497696,1.361634305924,10.475));
#623 = DIRECTION('',(0.696484265188,0.122105152821,-0.707106781187));
#624 = DIRECTION('',(-0.172682763155,0.984977493808,1.96822456172E-14));
#625 = ADVANCED_FACE('',(#626),#645,.T.);
#626 = FACE_BOUND('',#627,.T.);
#627 = EDGE_LOOP('',(#628,#636,#643,#644));
#628 = ORIENTED_EDGE('',*,*,#629,.F.);
#629 = EDGE_CURVE('',#630,#200,#632,.T.);
#630 = VERTEX_POINT('',#631);
#631 = CARTESIAN_POINT('',(2.404409414308,1.357317236845,10.45));
#632 = LINE('',#633,#634);
#633 = CARTESIAN_POINT('',(2.379784976962,1.361634305924,10.475));
#634 = VECTOR('',#635,1.);
#635 = DIRECTION('',(-0.696484265188,0.122105152821,0.707106781187));
#636 = ORIENTED_EDGE('',*,*,#637,.T.);
#637 = EDGE_CURVE('',#630,#582,#638,.T.);
#638 = CIRCLE('',#639,1.);
#639 = AXIS2_PLACEMENT_3D('',#640,#641,#642);
#640 = CARTESIAN_POINT('',(1.419431920499,1.53,10.45));
#641 = DIRECTION('',(-0.,0.,1.));
#642 = DIRECTION('',(0.984977493808,-0.172682763155,0.));
#643 = ORIENTED_EDGE('',*,*,#581,.T.);
#644 = ORIENTED_EDGE('',*,*,#199,.F.);
#645 = CONICAL_SURFACE('',#646,1.,0.785398163397);
#646 = AXIS2_PLACEMENT_3D('',#647,#648,#649);
#647 = CARTESIAN_POINT('',(1.419431920499,1.53,10.45));
#648 = DIRECTION('',(0.,0.,-1.));
#649 = DIRECTION('',(0.984977493808,-0.172682763155,0.));
#650 = ADVANCED_FACE('',(#651),#670,.T.);
#651 = FACE_BOUND('',#652,.T.);
#652 = EDGE_LOOP('',(#653,#654,#663,#669));
#653 = ORIENTED_EDGE('',*,*,#614,.F.);
#654 = ORIENTED_EDGE('',*,*,#655,.T.);
#655 = EDGE_CURVE('',#607,#656,#658,.T.);
#656 = VERTEX_POINT('',#657);
#657 = CARTESIAN_POINT('',(-11.46506483189,-5.37,10.45));
#658 = CIRCLE('',#659,1.);
#659 = AXIS2_PLACEMENT_3D('',#660,#661,#662);
#660 = CARTESIAN_POINT('',(-11.46506483189,-4.37,10.45));
#661 = DIRECTION('',(0.,0.,1.));
#662 = DIRECTION('',(-0.984977493808,-0.172682763155,0.));
#663 = ORIENTED_EDGE('',*,*,#664,.T.);
#664 = EDGE_CURVE('',#656,#226,#665,.T.);
#665 = LINE('',#666,#667);
#666 = CARTESIAN_POINT('',(-11.46506483189,-5.37,10.45));
#667 = VECTOR('',#668,1.);
#668 = DIRECTION('',(0.,0.707106781187,0.707106781187));
#669 = ORIENTED_EDGE('',*,*,#233,.F.);
#670 = CONICAL_SURFACE('',#671,1.,0.785398163397);
#671 = AXIS2_PLACEMENT_3D('',#672,#673,#674);
#672 = CARTESIAN_POINT('',(-11.46506483189,-4.37,10.45));
#673 = DIRECTION('',(0.,0.,-1.));
#674 = DIRECTION('',(-0.984977493808,-0.172682763155,-0.));
#675 = ADVANCED_FACE('',(#676),#694,.F.);
#676 = FACE_BOUND('',#677,.T.);
#677 = EDGE_LOOP('',(#678,#686,#692,#693));
#678 = ORIENTED_EDGE('',*,*,#679,.F.);
#679 = EDGE_CURVE('',#680,#209,#682,.T.);
#680 = VERTEX_POINT('',#681);
#681 = CARTESIAN_POINT('',(1.3700423257,-4.542682763155,10.45));
#682 = LINE('',#683,#684);
#683 = CARTESIAN_POINT('',(1.3700423257,-4.542682763155,10.45));
#684 = VECTOR('',#685,1.);
#685 = DIRECTION('',(-0.696484265188,0.122105152821,0.707106781187));
#686 = ORIENTED_EDGE('',*,*,#687,.T.);
#687 = EDGE_CURVE('',#680,#630,#688,.T.);
#688 = LINE('',#689,#690);
#689 = CARTESIAN_POINT('',(1.3700423257,-4.542682763155,10.45));
#690 = VECTOR('',#691,1.);
#691 = DIRECTION('',(0.172682763155,0.984977493808,0.));
#692 = ORIENTED_EDGE('',*,*,#629,.T.);
#693 = ORIENTED_EDGE('',*,*,#208,.F.);
#694 = PLANE('',#695);
#695 = AXIS2_PLACEMENT_3D('',#696,#697,#698);
#696 = CARTESIAN_POINT('',(1.345417888355,-4.538365694076,10.475));
#697 = DIRECTION('',(-0.696484265188,0.122105152821,-0.707106781187));
#698 = DIRECTION('',(-0.172682763155,-0.984977493808,-1.966291429551E-14
    ));
#699 = ADVANCED_FACE('',(#700),#718,.F.);
#700 = FACE_BOUND('',#701,.T.);
#701 = EDGE_LOOP('',(#702,#703,#711,#717));
#702 = ORIENTED_EDGE('',*,*,#664,.F.);
#703 = ORIENTED_EDGE('',*,*,#704,.T.);
#704 = EDGE_CURVE('',#656,#705,#707,.T.);
#705 = VERTEX_POINT('',#706);
#706 = CARTESIAN_POINT('',(0.385064831892,-5.37,10.45));
#707 = LINE('',#708,#709);
#708 = CARTESIAN_POINT('',(-11.46506483189,-5.37,10.45));
#709 = VECTOR('',#710,1.);
#710 = DIRECTION('',(1.,0.,0.));
#711 = ORIENTED_EDGE('',*,*,#712,.T.);
#712 = EDGE_CURVE('',#705,#217,#713,.T.);
#713 = LINE('',#714,#715);
#714 = CARTESIAN_POINT('',(0.385064831892,-5.345,10.475));
#715 = VECTOR('',#716,1.);
#716 = DIRECTION('',(0.,0.707106781187,0.707106781187));
#717 = ORIENTED_EDGE('',*,*,#225,.F.);
#718 = PLANE('',#719);
#719 = AXIS2_PLACEMENT_3D('',#720,#721,#722);
#720 = CARTESIAN_POINT('',(-11.46506483189,-5.345,10.475));
#721 = DIRECTION('',(0.,0.707106781187,-0.707106781187));
#722 = DIRECTION('',(-1.,0.,0.));
#723 = ADVANCED_FACE('',(#724),#736,.T.);
#724 = FACE_BOUND('',#725,.T.);
#725 = EDGE_LOOP('',(#726,#727,#734,#735));
#726 = ORIENTED_EDGE('',*,*,#712,.F.);
#727 = ORIENTED_EDGE('',*,*,#728,.T.);
#728 = EDGE_CURVE('',#705,#680,#729,.T.);
#729 = CIRCLE('',#730,1.);
#730 = AXIS2_PLACEMENT_3D('',#731,#732,#733);
#731 = CARTESIAN_POINT('',(0.385064831892,-4.37,10.45));
#732 = DIRECTION('',(-0.,0.,1.));
#733 = DIRECTION('',(0.,-1.,0.));
#734 = ORIENTED_EDGE('',*,*,#679,.T.);
#735 = ORIENTED_EDGE('',*,*,#216,.F.);
#736 = CONICAL_SURFACE('',#737,1.,0.785398163397);
#737 = AXIS2_PLACEMENT_3D('',#738,#739,#740);
#738 = CARTESIAN_POINT('',(0.385064831892,-4.37,10.45));
#739 = DIRECTION('',(0.,0.,-1.));
#740 = DIRECTION('',(0.,-1.,0.));
#741 = ADVANCED_FACE('',(#742),#761,.T.);
#742 = FACE_BOUND('',#743,.T.);
#743 = EDGE_LOOP('',(#744,#752,#753,#754));
#744 = ORIENTED_EDGE('',*,*,#745,.F.);
#745 = EDGE_CURVE('',#271,#746,#748,.T.);
#746 = VERTEX_POINT('',#747);
#747 = CARTESIAN_POINT('',(-12.3940820053,2.43,10.7));
#748 = LINE('',#749,#750);
#749 = CARTESIAN_POINT('',(-12.3940820053,2.43,4.8));
#750 = VECTOR('',#751,1.);
#751 = DIRECTION('',(0.,0.,1.));
#752 = ORIENTED_EDGE('',*,*,#278,.T.);
#753 = ORIENTED_EDGE('',*,*,#336,.T.);
#754 = ORIENTED_EDGE('',*,*,#755,.T.);
#755 = EDGE_CURVE('',#329,#746,#756,.T.);
#756 = CIRCLE('',#757,1.);
#757 = AXIS2_PLACEMENT_3D('',#758,#759,#760);
#758 = CARTESIAN_POINT('',(-12.3940820053,1.43,10.7));
#759 = DIRECTION('',(-0.,0.,-1.));
#760 = DIRECTION('',(-0.984205601544,-0.177029189369,0.));
#761 = CYLINDRICAL_SURFACE('',#762,1.);
#762 = AXIS2_PLACEMENT_3D('',#763,#764,#765);
#763 = CARTESIAN_POINT('',(-12.3940820053,1.43,4.8));
#764 = DIRECTION('',(0.,0.,1.));
#765 = DIRECTION('',(0.,1.,0.));
#766 = ADVANCED_FACE('',(#767),#785,.T.);
#767 = FACE_BOUND('',#768,.T.);
#768 = EDGE_LOOP('',(#769,#770,#771,#779));
#769 = ORIENTED_EDGE('',*,*,#270,.T.);
#770 = ORIENTED_EDGE('',*,*,#745,.T.);
#771 = ORIENTED_EDGE('',*,*,#772,.T.);
#772 = EDGE_CURVE('',#746,#773,#775,.T.);
#773 = VERTEX_POINT('',#774);
#774 = CARTESIAN_POINT('',(1.314082005303,2.43,10.7));
#775 = LINE('',#776,#777);
#776 = CARTESIAN_POINT('',(-12.3940820053,2.43,10.7));
#777 = VECTOR('',#778,1.);
#778 = DIRECTION('',(1.,0.,0.));
#779 = ORIENTED_EDGE('',*,*,#780,.F.);
#780 = EDGE_CURVE('',#262,#773,#781,.T.);
#781 = LINE('',#782,#783);
#782 = CARTESIAN_POINT('',(1.314082005303,2.43,4.8));
#783 = VECTOR('',#784,1.);
#784 = DIRECTION('',(0.,0.,1.));
#785 = PLANE('',#786);
#786 = AXIS2_PLACEMENT_3D('',#787,#788,#789);
#787 = CARTESIAN_POINT('',(-13.59,2.43,4.8));
#788 = DIRECTION('',(0.,1.,0.));
#789 = DIRECTION('',(1.,0.,0.));
#790 = ADVANCED_FACE('',(#791),#803,.T.);
#791 = FACE_BOUND('',#792,.T.);
#792 = EDGE_LOOP('',(#793,#800,#801,#802));
#793 = ORIENTED_EDGE('',*,*,#794,.T.);
#794 = EDGE_CURVE('',#773,#528,#795,.T.);
#795 = CIRCLE('',#796,1.);
#796 = AXIS2_PLACEMENT_3D('',#797,#798,#799);
#797 = CARTESIAN_POINT('',(1.314082005303,1.43,10.7));
#798 = DIRECTION('',(0.,0.,-1.));
#799 = DIRECTION('',(0.,1.,0.));
#800 = ORIENTED_EDGE('',*,*,#527,.F.);
#801 = ORIENTED_EDGE('',*,*,#261,.T.);
#802 = ORIENTED_EDGE('',*,*,#780,.T.);
#803 = CYLINDRICAL_SURFACE('',#804,1.);
#804 = AXIS2_PLACEMENT_3D('',#805,#806,#807);
#805 = CARTESIAN_POINT('',(1.314082005303,1.43,4.8));
#806 = DIRECTION('',(0.,0.,1.));
#807 = DIRECTION('',(0.,1.,0.));
#808 = ADVANCED_FACE('',(#809),#820,.F.);
#809 = FACE_BOUND('',#810,.F.);
#810 = EDGE_LOOP('',(#811,#812,#813,#819));
#811 = ORIENTED_EDGE('',*,*,#310,.F.);
#812 = ORIENTED_EDGE('',*,*,#328,.T.);
#813 = ORIENTED_EDGE('',*,*,#814,.T.);
#814 = EDGE_CURVE('',#329,#378,#815,.T.);
#815 = LINE('',#816,#817);
#816 = CARTESIAN_POINT('',(-13.32907732677,1.2618222701,10.75));
#817 = VECTOR('',#818,1.);
#818 = DIRECTION('',(0.695938454934,0.125178540271,0.707106781187));
#819 = ORIENTED_EDGE('',*,*,#377,.F.);
#820 = PLANE('',#821);
#821 = AXIS2_PLACEMENT_3D('',#822,#823,#824);
#822 = CARTESIAN_POINT('',(-12.30381758651,-4.4381777299,10.75));
#823 = DIRECTION('',(0.695938454934,0.125178540271,-0.707106781187));
#824 = DIRECTION('',(-0.177029189369,0.984205601544,9.830421548067E-14)
  );
#825 = ADVANCED_FACE('',(#826),#837,.F.);
#826 = FACE_BOUND('',#827,.F.);
#827 = EDGE_LOOP('',(#828,#834,#835,#836));
#828 = ORIENTED_EDGE('',*,*,#829,.F.);
#829 = EDGE_CURVE('',#528,#403,#830,.T.);
#830 = LINE('',#831,#832);
#831 = CARTESIAN_POINT('',(2.298287606847,1.252970810631,10.7));
#832 = VECTOR('',#833,1.);
#833 = DIRECTION('',(-0.695938454934,0.125178540271,0.707106781187));
#834 = ORIENTED_EDGE('',*,*,#535,.T.);
#835 = ORIENTED_EDGE('',*,*,#361,.T.);
#836 = ORIENTED_EDGE('',*,*,#411,.F.);
#837 = PLANE('',#838);
#838 = AXIS2_PLACEMENT_3D('',#839,#840,#841);
#839 = CARTESIAN_POINT('',(2.24907732677,1.2618222701,10.75));
#840 = DIRECTION('',(-0.695938454934,0.125178540271,-0.707106781187));
#841 = DIRECTION('',(-0.177029189369,-0.984205601544,-9.830421548067E-14
    ));
#842 = ADVANCED_FACE('',(#843),#854,.T.);
#843 = FACE_BOUND('',#844,.T.);
#844 = EDGE_LOOP('',(#845,#846,#847,#848));
#845 = ORIENTED_EDGE('',*,*,#402,.T.);
#846 = ORIENTED_EDGE('',*,*,#829,.F.);
#847 = ORIENTED_EDGE('',*,*,#794,.F.);
#848 = ORIENTED_EDGE('',*,*,#849,.T.);
#849 = EDGE_CURVE('',#773,#395,#850,.T.);
#850 = LINE('',#851,#852);
#851 = CARTESIAN_POINT('',(1.314082005303,2.38,10.75));
#852 = VECTOR('',#853,1.);
#853 = DIRECTION('',(0.,-0.707106781187,0.707106781187));
#854 = CONICAL_SURFACE('',#855,1.,0.785398163397);
#855 = AXIS2_PLACEMENT_3D('',#856,#857,#858);
#856 = CARTESIAN_POINT('',(1.314082005303,1.43,10.7));
#857 = DIRECTION('',(0.,0.,-1.));
#858 = DIRECTION('',(0.,1.,0.));
#859 = ADVANCED_FACE('',(#860),#871,.T.);
#860 = FACE_BOUND('',#861,.T.);
#861 = EDGE_LOOP('',(#862,#863,#869,#870));
#862 = ORIENTED_EDGE('',*,*,#385,.T.);
#863 = ORIENTED_EDGE('',*,*,#864,.F.);
#864 = EDGE_CURVE('',#746,#386,#865,.T.);
#865 = LINE('',#866,#867);
#866 = CARTESIAN_POINT('',(-12.3940820053,2.43,10.7));
#867 = VECTOR('',#868,1.);
#868 = DIRECTION('',(-4.163336342341E-17,-0.707106781187,0.707106781187)
  );
#869 = ORIENTED_EDGE('',*,*,#755,.F.);
#870 = ORIENTED_EDGE('',*,*,#814,.T.);
#871 = CONICAL_SURFACE('',#872,1.,0.785398163397);
#872 = AXIS2_PLACEMENT_3D('',#873,#874,#875);
#873 = CARTESIAN_POINT('',(-12.3940820053,1.43,10.7));
#874 = DIRECTION('',(0.,0.,-1.));
#875 = DIRECTION('',(-0.984205601544,-0.177029189369,-0.));
#876 = ADVANCED_FACE('',(#877),#883,.F.);
#877 = FACE_BOUND('',#878,.F.);
#878 = EDGE_LOOP('',(#879,#880,#881,#882));
#879 = ORIENTED_EDGE('',*,*,#864,.F.);
#880 = ORIENTED_EDGE('',*,*,#772,.T.);
#881 = ORIENTED_EDGE('',*,*,#849,.T.);
#882 = ORIENTED_EDGE('',*,*,#394,.F.);
#883 = PLANE('',#884);
#884 = AXIS2_PLACEMENT_3D('',#885,#886,#887);
#885 = CARTESIAN_POINT('',(-12.3940820053,2.38,10.75));
#886 = DIRECTION('',(0.,-0.707106781187,-0.707106781187));
#887 = DIRECTION('',(1.,0.,0.));
#888 = ADVANCED_FACE('',(#889),#908,.F.);
#889 = FACE_BOUND('',#890,.F.);
#890 = EDGE_LOOP('',(#891,#892,#900,#907));
#891 = ORIENTED_EDGE('',*,*,#420,.T.);
#892 = ORIENTED_EDGE('',*,*,#893,.F.);
#893 = EDGE_CURVE('',#894,#421,#896,.T.);
#894 = VERTEX_POINT('',#895);
#895 = CARTESIAN_POINT('',(-0.958333333333,-3.15,10.7));
#896 = LINE('',#897,#898);
#897 = CARTESIAN_POINT('',(-0.958333333333,-3.15,10.7));
#898 = VECTOR('',#899,1.);
#899 = DIRECTION('',(0.707106781187,0.,0.707106781187));
#900 = ORIENTED_EDGE('',*,*,#901,.F.);
#901 = EDGE_CURVE('',#894,#894,#902,.T.);
#902 = CIRCLE('',#903,0.426666666667);
#903 = AXIS2_PLACEMENT_3D('',#904,#905,#906);
#904 = CARTESIAN_POINT('',(-1.385,-3.15,10.7));
#905 = DIRECTION('',(0.,0.,-1.));
#906 = DIRECTION('',(1.,0.,0.));
#907 = ORIENTED_EDGE('',*,*,#893,.T.);
#908 = CONICAL_SURFACE('',#909,0.426666666667,0.785398163397);
#909 = AXIS2_PLACEMENT_3D('',#910,#911,#912);
#910 = CARTESIAN_POINT('',(-1.385,-3.15,10.7));
#911 = DIRECTION('',(0.,0.,1.));
#912 = DIRECTION('',(1.,0.,-0.));
#913 = ADVANCED_FACE('',(#914),#933,.F.);
#914 = FACE_BOUND('',#915,.F.);
#915 = EDGE_LOOP('',(#916,#917,#925,#932));
#916 = ORIENTED_EDGE('',*,*,#431,.T.);
#917 = ORIENTED_EDGE('',*,*,#918,.F.);
#918 = EDGE_CURVE('',#919,#432,#921,.T.);
#919 = VERTEX_POINT('',#920);
#920 = CARTESIAN_POINT('',(-3.728333333333,-3.15,10.7));
#921 = LINE('',#922,#923);
#922 = CARTESIAN_POINT('',(-3.728333333333,-3.15,10.7));
#923 = VECTOR('',#924,1.);
#924 = DIRECTION('',(0.707106781187,0.,0.707106781187));
#925 = ORIENTED_EDGE('',*,*,#926,.F.);
#926 = EDGE_CURVE('',#919,#919,#927,.T.);
#927 = CIRCLE('',#928,0.426666666667);
#928 = AXIS2_PLACEMENT_3D('',#929,#930,#931);
#929 = CARTESIAN_POINT('',(-4.155,-3.15,10.7));
#930 = DIRECTION('',(0.,0.,-1.));
#931 = DIRECTION('',(1.,0.,0.));
#932 = ORIENTED_EDGE('',*,*,#918,.T.);
#933 = CONICAL_SURFACE('',#934,0.426666666667,0.785398163397);
#934 = AXIS2_PLACEMENT_3D('',#935,#936,#937);
#935 = CARTESIAN_POINT('',(-4.155,-3.15,10.7));
#936 = DIRECTION('',(0.,0.,1.));
#937 = DIRECTION('',(1.,0.,-0.));
#938 = ADVANCED_FACE('',(#939),#958,.F.);
#939 = FACE_BOUND('',#940,.F.);
#940 = EDGE_LOOP('',(#941,#942,#950,#957));
#941 = ORIENTED_EDGE('',*,*,#442,.T.);
#942 = ORIENTED_EDGE('',*,*,#943,.F.);
#943 = EDGE_CURVE('',#944,#443,#946,.T.);
#944 = VERTEX_POINT('',#945);
#945 = CARTESIAN_POINT('',(-6.498333333333,-3.15,10.7));
#946 = LINE('',#947,#948);
#947 = CARTESIAN_POINT('',(-6.498333333333,-3.15,10.7));
#948 = VECTOR('',#949,1.);
#949 = DIRECTION('',(0.707106781187,0.,0.707106781187));
#950 = ORIENTED_EDGE('',*,*,#951,.F.);
#951 = EDGE_CURVE('',#944,#944,#952,.T.);
#952 = CIRCLE('',#953,0.426666666667);
#953 = AXIS2_PLACEMENT_3D('',#954,#955,#956);
#954 = CARTESIAN_POINT('',(-6.925,-3.15,10.7));
#955 = DIRECTION('',(0.,0.,-1.));
#956 = DIRECTION('',(1.,0.,0.));
#957 = ORIENTED_EDGE('',*,*,#943,.T.);
#958 = CONICAL_SURFACE('',#959,0.426666666667,0.785398163397);
#959 = AXIS2_PLACEMENT_3D('',#960,#961,#962);
#960 = CARTESIAN_POINT('',(-6.925,-3.15,10.7));
#961 = DIRECTION('',(0.,0.,1.));
#962 = DIRECTION('',(1.,0.,-0.));
#963 = ADVANCED_FACE('',(#964),#983,.F.);
#964 = FACE_BOUND('',#965,.F.);
#965 = EDGE_LOOP('',(#966,#967,#975,#982));
#966 = ORIENTED_EDGE('',*,*,#453,.T.);
#967 = ORIENTED_EDGE('',*,*,#968,.F.);
#968 = EDGE_CURVE('',#969,#454,#971,.T.);
#969 = VERTEX_POINT('',#970);
#970 = CARTESIAN_POINT('',(-9.268333333333,-3.15,10.7));
#971 = LINE('',#972,#973);
#972 = CARTESIAN_POINT('',(-9.268333333333,-3.15,10.7));
#973 = VECTOR('',#974,1.);
#974 = DIRECTION('',(0.707106781187,0.,0.707106781187));
#975 = ORIENTED_EDGE('',*,*,#976,.F.);
#976 = EDGE_CURVE('',#969,#969,#977,.T.);
#977 = CIRCLE('',#978,0.426666666667);
#978 = AXIS2_PLACEMENT_3D('',#979,#980,#981);
#979 = CARTESIAN_POINT('',(-9.695,-3.15,10.7));
#980 = DIRECTION('',(0.,0.,-1.));
#981 = DIRECTION('',(1.,0.,0.));
#982 = ORIENTED_EDGE('',*,*,#968,.T.);
#983 = CONICAL_SURFACE('',#984,0.426666666667,0.785398163397);
#984 = AXIS2_PLACEMENT_3D('',#985,#986,#987);
#985 = CARTESIAN_POINT('',(-9.695,-3.15,10.7));
#986 = DIRECTION('',(0.,0.,1.));
#987 = DIRECTION('',(1.,0.,-0.));
#988 = ADVANCED_FACE('',(#989),#1008,.F.);
#989 = FACE_BOUND('',#990,.F.);
#990 = EDGE_LOOP('',(#991,#992,#1000,#1007));
#991 = ORIENTED_EDGE('',*,*,#464,.T.);
#992 = ORIENTED_EDGE('',*,*,#993,.F.);
#993 = EDGE_CURVE('',#994,#465,#996,.T.);
#994 = VERTEX_POINT('',#995);
#995 = CARTESIAN_POINT('',(0.426666666667,-0.31,10.7));
#996 = LINE('',#997,#998);
#997 = CARTESIAN_POINT('',(0.426666666667,-0.31,10.7));
#998 = VECTOR('',#999,1.);
#999 = DIRECTION('',(0.707106781187,0.,0.707106781187));
#1000 = ORIENTED_EDGE('',*,*,#1001,.F.);
#1001 = EDGE_CURVE('',#994,#994,#1002,.T.);
#1002 = CIRCLE('',#1003,0.426666666667);
#1003 = AXIS2_PLACEMENT_3D('',#1004,#1005,#1006);
#1004 = CARTESIAN_POINT('',(0.,-0.31,10.7));
#1005 = DIRECTION('',(0.,0.,-1.));
#1006 = DIRECTION('',(1.,0.,0.));
#1007 = ORIENTED_EDGE('',*,*,#993,.T.);
#1008 = CONICAL_SURFACE('',#1009,0.426666666667,0.785398163397);
#1009 = AXIS2_PLACEMENT_3D('',#1010,#1011,#1012);
#1010 = CARTESIAN_POINT('',(0.,-0.31,10.7));
#1011 = DIRECTION('',(0.,0.,1.));
#1012 = DIRECTION('',(1.,0.,-0.));
#1013 = ADVANCED_FACE('',(#1014),#1033,.F.);
#1014 = FACE_BOUND('',#1015,.F.);
#1015 = EDGE_LOOP('',(#1016,#1017,#1025,#1032));
#1016 = ORIENTED_EDGE('',*,*,#475,.T.);
#1017 = ORIENTED_EDGE('',*,*,#1018,.F.);
#1018 = EDGE_CURVE('',#1019,#476,#1021,.T.);
#1019 = VERTEX_POINT('',#1020);
#1020 = CARTESIAN_POINT('',(-2.343333333333,-0.31,10.7));
#1021 = LINE('',#1022,#1023);
#1022 = CARTESIAN_POINT('',(-2.343333333333,-0.31,10.7));
#1023 = VECTOR('',#1024,1.);
#1024 = DIRECTION('',(0.707106781187,0.,0.707106781187));
#1025 = ORIENTED_EDGE('',*,*,#1026,.F.);
#1026 = EDGE_CURVE('',#1019,#1019,#1027,.T.);
#1027 = CIRCLE('',#1028,0.426666666667);
#1028 = AXIS2_PLACEMENT_3D('',#1029,#1030,#1031);
#1029 = CARTESIAN_POINT('',(-2.77,-0.31,10.7));
#1030 = DIRECTION('',(0.,0.,-1.));
#1031 = DIRECTION('',(1.,0.,0.));
#1032 = ORIENTED_EDGE('',*,*,#1018,.T.);
#1033 = CONICAL_SURFACE('',#1034,0.426666666667,0.785398163397);
#1034 = AXIS2_PLACEMENT_3D('',#1035,#1036,#1037);
#1035 = CARTESIAN_POINT('',(-2.77,-0.31,10.7));
#1036 = DIRECTION('',(0.,0.,1.));
#1037 = DIRECTION('',(1.,0.,-0.));
#1038 = ADVANCED_FACE('',(#1039),#1058,.F.);
#1039 = FACE_BOUND('',#1040,.F.);
#1040 = EDGE_LOOP('',(#1041,#1042,#1050,#1057));
#1041 = ORIENTED_EDGE('',*,*,#486,.T.);
#1042 = ORIENTED_EDGE('',*,*,#1043,.F.);
#1043 = EDGE_CURVE('',#1044,#487,#1046,.T.);
#1044 = VERTEX_POINT('',#1045);
#1045 = CARTESIAN_POINT('',(-5.113333333333,-0.31,10.7));
#1046 = LINE('',#1047,#1048);
#1047 = CARTESIAN_POINT('',(-5.113333333333,-0.31,10.7));
#1048 = VECTOR('',#1049,1.);
#1049 = DIRECTION('',(0.707106781187,0.,0.707106781187));
#1050 = ORIENTED_EDGE('',*,*,#1051,.F.);
#1051 = EDGE_CURVE('',#1044,#1044,#1052,.T.);
#1052 = CIRCLE('',#1053,0.426666666667);
#1053 = AXIS2_PLACEMENT_3D('',#1054,#1055,#1056);
#1054 = CARTESIAN_POINT('',(-5.54,-0.31,10.7));
#1055 = DIRECTION('',(0.,0.,-1.));
#1056 = DIRECTION('',(1.,0.,0.));
#1057 = ORIENTED_EDGE('',*,*,#1043,.T.);
#1058 = CONICAL_SURFACE('',#1059,0.426666666667,0.785398163397);
#1059 = AXIS2_PLACEMENT_3D('',#1060,#1061,#1062);
#1060 = CARTESIAN_POINT('',(-5.54,-0.31,10.7));
#1061 = DIRECTION('',(0.,0.,1.));
#1062 = DIRECTION('',(1.,0.,-0.));
#1063 = ADVANCED_FACE('',(#1064),#1083,.F.);
#1064 = FACE_BOUND('',#1065,.F.);
#1065 = EDGE_LOOP('',(#1066,#1067,#1075,#1082));
#1066 = ORIENTED_EDGE('',*,*,#497,.T.);
#1067 = ORIENTED_EDGE('',*,*,#1068,.F.);
#1068 = EDGE_CURVE('',#1069,#498,#1071,.T.);
#1069 = VERTEX_POINT('',#1070);
#1070 = CARTESIAN_POINT('',(-7.883333333333,-0.31,10.7));
#1071 = LINE('',#1072,#1073);
#1072 = CARTESIAN_POINT('',(-7.883333333333,-0.31,10.7));
#1073 = VECTOR('',#1074,1.);
#1074 = DIRECTION('',(0.707106781187,0.,0.707106781187));
#1075 = ORIENTED_EDGE('',*,*,#1076,.F.);
#1076 = EDGE_CURVE('',#1069,#1069,#1077,.T.);
#1077 = CIRCLE('',#1078,0.426666666667);
#1078 = AXIS2_PLACEMENT_3D('',#1079,#1080,#1081);
#1079 = CARTESIAN_POINT('',(-8.31,-0.31,10.7));
#1080 = DIRECTION('',(0.,0.,-1.));
#1081 = DIRECTION('',(1.,0.,0.));
#1082 = ORIENTED_EDGE('',*,*,#1068,.T.);
#1083 = CONICAL_SURFACE('',#1084,0.426666666667,0.785398163397);
#1084 = AXIS2_PLACEMENT_3D('',#1085,#1086,#1087);
#1085 = CARTESIAN_POINT('',(-8.31,-0.31,10.7));
#1086 = DIRECTION('',(0.,0.,1.));
#1087 = DIRECTION('',(1.,0.,-0.));
#1088 = ADVANCED_FACE('',(#1089),#1108,.F.);
#1089 = FACE_BOUND('',#1090,.F.);
#1090 = EDGE_LOOP('',(#1091,#1092,#1100,#1107));
#1091 = ORIENTED_EDGE('',*,*,#508,.T.);
#1092 = ORIENTED_EDGE('',*,*,#1093,.F.);
#1093 = EDGE_CURVE('',#1094,#509,#1096,.T.);
#1094 = VERTEX_POINT('',#1095);
#1095 = CARTESIAN_POINT('',(-10.65333333333,-0.31,10.7));
#1096 = LINE('',#1097,#1098);
#1097 = CARTESIAN_POINT('',(-10.65333333333,-0.31,10.7));
#1098 = VECTOR('',#1099,1.);
#1099 = DIRECTION('',(0.707106781187,0.,0.707106781187));
#1100 = ORIENTED_EDGE('',*,*,#1101,.F.);
#1101 = EDGE_CURVE('',#1094,#1094,#1102,.T.);
#1102 = CIRCLE('',#1103,0.426666666667);
#1103 = AXIS2_PLACEMENT_3D('',#1104,#1105,#1106);
#1104 = CARTESIAN_POINT('',(-11.08,-0.31,10.7));
#1105 = DIRECTION('',(0.,0.,-1.));
#1106 = DIRECTION('',(1.,0.,0.));
#1107 = ORIENTED_EDGE('',*,*,#1093,.T.);
#1108 = CONICAL_SURFACE('',#1109,0.426666666667,0.785398163397);
#1109 = AXIS2_PLACEMENT_3D('',#1110,#1111,#1112);
#1110 = CARTESIAN_POINT('',(-11.08,-0.31,10.7));
#1111 = DIRECTION('',(0.,0.,1.));
#1112 = DIRECTION('',(1.,0.,-0.));
#1113 = ADVANCED_FACE('',(#1114),#1140,.T.);
#1114 = FACE_BOUND('',#1115,.T.);
#1115 = EDGE_LOOP('',(#1116,#1124,#1133,#1139));
#1116 = ORIENTED_EDGE('',*,*,#1117,.F.);
#1117 = EDGE_CURVE('',#1118,#550,#1120,.T.);
#1118 = VERTEX_POINT('',#1119);
#1119 = CARTESIAN_POINT('',(-12.49943192049,2.53,5.3));
#1120 = LINE('',#1121,#1122);
#1121 = CARTESIAN_POINT('',(-12.49943192049,2.53,4.7));
#1122 = VECTOR('',#1123,1.);
#1123 = DIRECTION('',(0.,0.,1.));
#1124 = ORIENTED_EDGE('',*,*,#1125,.F.);
#1125 = EDGE_CURVE('',#1126,#1118,#1128,.T.);
#1126 = VERTEX_POINT('',#1127);
#1127 = CARTESIAN_POINT('',(-13.4844094143,1.357317236845,5.3));
#1128 = CIRCLE('',#1129,1.);
#1129 = AXIS2_PLACEMENT_3D('',#1130,#1131,#1132);
#1130 = CARTESIAN_POINT('',(-12.49943192049,1.53,5.3));
#1131 = DIRECTION('',(-0.,0.,-1.));
#1132 = DIRECTION('',(-0.984977493808,-0.172682763155,0.));
#1133 = ORIENTED_EDGE('',*,*,#1134,.T.);
#1134 = EDGE_CURVE('',#1126,#558,#1135,.T.);
#1135 = LINE('',#1136,#1137);
#1136 = CARTESIAN_POINT('',(-13.4844094143,1.357317236845,4.7));
#1137 = VECTOR('',#1138,1.);
#1138 = DIRECTION('',(0.,0.,1.));
#1139 = ORIENTED_EDGE('',*,*,#557,.F.);
#1140 = CYLINDRICAL_SURFACE('',#1141,1.);
#1141 = AXIS2_PLACEMENT_3D('',#1142,#1143,#1144);
#1142 = CARTESIAN_POINT('',(-12.49943192049,1.53,4.7));
#1143 = DIRECTION('',(0.,0.,1.));
#1144 = DIRECTION('',(0.,1.,0.));
#1145 = ADVANCED_FACE('',(#1146),#1164,.T.);
#1146 = FACE_BOUND('',#1147,.T.);
#1147 = EDGE_LOOP('',(#1148,#1149,#1150,#1158));
#1148 = ORIENTED_EDGE('',*,*,#1117,.T.);
#1149 = ORIENTED_EDGE('',*,*,#589,.F.);
#1150 = ORIENTED_EDGE('',*,*,#1151,.F.);
#1151 = EDGE_CURVE('',#1152,#582,#1154,.T.);
#1152 = VERTEX_POINT('',#1153);
#1153 = CARTESIAN_POINT('',(1.419431920499,2.53,5.3));
#1154 = LINE('',#1155,#1156);
#1155 = CARTESIAN_POINT('',(1.419431920499,2.53,4.7));
#1156 = VECTOR('',#1157,1.);
#1157 = DIRECTION('',(0.,0.,1.));
#1158 = ORIENTED_EDGE('',*,*,#1159,.F.);
#1159 = EDGE_CURVE('',#1118,#1152,#1160,.T.);
#1160 = LINE('',#1161,#1162);
#1161 = CARTESIAN_POINT('',(-12.49943192049,2.53,5.3));
#1162 = VECTOR('',#1163,1.);
#1163 = DIRECTION('',(1.,0.,0.));
#1164 = PLANE('',#1165);
#1165 = AXIS2_PLACEMENT_3D('',#1166,#1167,#1168);
#1166 = CARTESIAN_POINT('',(-13.69,2.53,4.7));
#1167 = DIRECTION('',(0.,1.,0.));
#1168 = DIRECTION('',(1.,0.,0.));
#1169 = ADVANCED_FACE('',(#1170),#1188,.T.);
#1170 = FACE_BOUND('',#1171,.T.);
#1171 = EDGE_LOOP('',(#1172,#1180,#1181,#1182));
#1172 = ORIENTED_EDGE('',*,*,#1173,.T.);
#1173 = EDGE_CURVE('',#1174,#607,#1176,.T.);
#1174 = VERTEX_POINT('',#1175);
#1175 = CARTESIAN_POINT('',(-12.4500423257,-4.542682763155,5.3));
#1176 = LINE('',#1177,#1178);
#1177 = CARTESIAN_POINT('',(-12.4500423257,-4.542682763155,4.7));
#1178 = VECTOR('',#1179,1.);
#1179 = DIRECTION('',(0.,0.,1.));
#1180 = ORIENTED_EDGE('',*,*,#606,.F.);
#1181 = ORIENTED_EDGE('',*,*,#1134,.F.);
#1182 = ORIENTED_EDGE('',*,*,#1183,.F.);
#1183 = EDGE_CURVE('',#1174,#1126,#1184,.T.);
#1184 = LINE('',#1185,#1186);
#1185 = CARTESIAN_POINT('',(-12.4500423257,-4.542682763155,5.3));
#1186 = VECTOR('',#1187,1.);
#1187 = DIRECTION('',(-0.172682763155,0.984977493808,0.));
#1188 = PLANE('',#1189);
#1189 = AXIS2_PLACEMENT_3D('',#1190,#1191,#1192);
#1190 = CARTESIAN_POINT('',(-12.305,-5.37,4.7));
#1191 = DIRECTION('',(-0.984977493808,-0.172682763155,0.));
#1192 = DIRECTION('',(-0.172682763155,0.984977493808,0.));
#1193 = ADVANCED_FACE('',(#1194),#1213,.T.);
#1194 = FACE_BOUND('',#1195,.T.);
#1195 = EDGE_LOOP('',(#1196,#1197,#1205,#1212));
#1196 = ORIENTED_EDGE('',*,*,#637,.F.);
#1197 = ORIENTED_EDGE('',*,*,#1198,.F.);
#1198 = EDGE_CURVE('',#1199,#630,#1201,.T.);
#1199 = VERTEX_POINT('',#1200);
#1200 = CARTESIAN_POINT('',(2.404409414308,1.357317236845,5.3));
#1201 = LINE('',#1202,#1203);
#1202 = CARTESIAN_POINT('',(2.404409414308,1.357317236845,4.7));
#1203 = VECTOR('',#1204,1.);
#1204 = DIRECTION('',(0.,0.,1.));
#1205 = ORIENTED_EDGE('',*,*,#1206,.F.);
#1206 = EDGE_CURVE('',#1152,#1199,#1207,.T.);
#1207 = CIRCLE('',#1208,1.);
#1208 = AXIS2_PLACEMENT_3D('',#1209,#1210,#1211);
#1209 = CARTESIAN_POINT('',(1.419431920499,1.53,5.3));
#1210 = DIRECTION('',(0.,0.,-1.));
#1211 = DIRECTION('',(0.,1.,0.));
#1212 = ORIENTED_EDGE('',*,*,#1151,.T.);
#1213 = CYLINDRICAL_SURFACE('',#1214,1.);
#1214 = AXIS2_PLACEMENT_3D('',#1215,#1216,#1217);
#1215 = CARTESIAN_POINT('',(1.419431920499,1.53,4.7));
#1216 = DIRECTION('',(0.,0.,1.));
#1217 = DIRECTION('',(0.,1.,0.));
#1218 = ADVANCED_FACE('',(#1219),#1238,.T.);
#1219 = FACE_BOUND('',#1220,.T.);
#1220 = EDGE_LOOP('',(#1221,#1222,#1223,#1232));
#1221 = ORIENTED_EDGE('',*,*,#655,.F.);
#1222 = ORIENTED_EDGE('',*,*,#1173,.F.);
#1223 = ORIENTED_EDGE('',*,*,#1224,.F.);
#1224 = EDGE_CURVE('',#1225,#1174,#1227,.T.);
#1225 = VERTEX_POINT('',#1226);
#1226 = CARTESIAN_POINT('',(-11.46506483189,-5.37,5.3));
#1227 = CIRCLE('',#1228,1.);
#1228 = AXIS2_PLACEMENT_3D('',#1229,#1230,#1231);
#1229 = CARTESIAN_POINT('',(-11.46506483189,-4.37,5.3));
#1230 = DIRECTION('',(-0.,-0.,-1.));
#1231 = DIRECTION('',(0.,-1.,0.));
#1232 = ORIENTED_EDGE('',*,*,#1233,.T.);
#1233 = EDGE_CURVE('',#1225,#656,#1234,.T.);
#1234 = LINE('',#1235,#1236);
#1235 = CARTESIAN_POINT('',(-11.46506483189,-5.37,4.7));
#1236 = VECTOR('',#1237,1.);
#1237 = DIRECTION('',(0.,0.,1.));
#1238 = CYLINDRICAL_SURFACE('',#1239,1.);
#1239 = AXIS2_PLACEMENT_3D('',#1240,#1241,#1242);
#1240 = CARTESIAN_POINT('',(-11.46506483189,-4.37,4.7));
#1241 = DIRECTION('',(0.,0.,1.));
#1242 = DIRECTION('',(0.,-1.,0.));
#1243 = ADVANCED_FACE('',(#1244),#1262,.T.);
#1244 = FACE_BOUND('',#1245,.T.);
#1245 = EDGE_LOOP('',(#1246,#1254,#1260,#1261));
#1246 = ORIENTED_EDGE('',*,*,#1247,.F.);
#1247 = EDGE_CURVE('',#1248,#680,#1250,.T.);
#1248 = VERTEX_POINT('',#1249);
#1249 = CARTESIAN_POINT('',(1.3700423257,-4.542682763155,5.3));
#1250 = LINE('',#1251,#1252);
#1251 = CARTESIAN_POINT('',(1.3700423257,-4.542682763155,4.7));
#1252 = VECTOR('',#1253,1.);
#1253 = DIRECTION('',(0.,0.,1.));
#1254 = ORIENTED_EDGE('',*,*,#1255,.F.);
#1255 = EDGE_CURVE('',#1199,#1248,#1256,.T.);
#1256 = LINE('',#1257,#1258);
#1257 = CARTESIAN_POINT('',(2.404409414308,1.357317236845,5.3));
#1258 = VECTOR('',#1259,1.);
#1259 = DIRECTION('',(-0.172682763155,-0.984977493808,0.));
#1260 = ORIENTED_EDGE('',*,*,#1198,.T.);
#1261 = ORIENTED_EDGE('',*,*,#687,.F.);
#1262 = PLANE('',#1263);
#1263 = AXIS2_PLACEMENT_3D('',#1264,#1265,#1266);
#1264 = CARTESIAN_POINT('',(2.61,2.53,4.7));
#1265 = DIRECTION('',(0.984977493808,-0.172682763155,0.));
#1266 = DIRECTION('',(-0.172682763155,-0.984977493808,0.));
#1267 = ADVANCED_FACE('',(#1268),#1286,.T.);
#1268 = FACE_BOUND('',#1269,.T.);
#1269 = EDGE_LOOP('',(#1270,#1271,#1279,#1285));
#1270 = ORIENTED_EDGE('',*,*,#1233,.F.);
#1271 = ORIENTED_EDGE('',*,*,#1272,.F.);
#1272 = EDGE_CURVE('',#1273,#1225,#1275,.T.);
#1273 = VERTEX_POINT('',#1274);
#1274 = CARTESIAN_POINT('',(0.385064831892,-5.37,5.3));
#1275 = LINE('',#1276,#1277);
#1276 = CARTESIAN_POINT('',(0.385064831892,-5.37,5.3));
#1277 = VECTOR('',#1278,1.);
#1278 = DIRECTION('',(-1.,0.,0.));
#1279 = ORIENTED_EDGE('',*,*,#1280,.T.);
#1280 = EDGE_CURVE('',#1273,#705,#1281,.T.);
#1281 = LINE('',#1282,#1283);
#1282 = CARTESIAN_POINT('',(0.385064831892,-5.37,4.7));
#1283 = VECTOR('',#1284,1.);
#1284 = DIRECTION('',(0.,0.,1.));
#1285 = ORIENTED_EDGE('',*,*,#704,.F.);
#1286 = PLANE('',#1287);
#1287 = AXIS2_PLACEMENT_3D('',#1288,#1289,#1290);
#1288 = CARTESIAN_POINT('',(1.225,-5.37,4.7));
#1289 = DIRECTION('',(0.,-1.,0.));
#1290 = DIRECTION('',(-1.,0.,0.));
#1291 = ADVANCED_FACE('',(#1292),#1304,.T.);
#1292 = FACE_BOUND('',#1293,.T.);
#1293 = EDGE_LOOP('',(#1294,#1295,#1296,#1303));
#1294 = ORIENTED_EDGE('',*,*,#728,.F.);
#1295 = ORIENTED_EDGE('',*,*,#1280,.F.);
#1296 = ORIENTED_EDGE('',*,*,#1297,.F.);
#1297 = EDGE_CURVE('',#1248,#1273,#1298,.T.);
#1298 = CIRCLE('',#1299,1.);
#1299 = AXIS2_PLACEMENT_3D('',#1300,#1301,#1302);
#1300 = CARTESIAN_POINT('',(0.385064831892,-4.37,5.3));
#1301 = DIRECTION('',(0.,-0.,-1.));
#1302 = DIRECTION('',(0.984977493808,-0.172682763155,0.));
#1303 = ORIENTED_EDGE('',*,*,#1247,.T.);
#1304 = CYLINDRICAL_SURFACE('',#1305,1.);
#1305 = AXIS2_PLACEMENT_3D('',#1306,#1307,#1308);
#1306 = CARTESIAN_POINT('',(0.385064831892,-4.37,4.7));
#1307 = DIRECTION('',(0.,0.,1.));
#1308 = DIRECTION('',(0.984977493808,-0.172682763155,0.));
#1309 = ADVANCED_FACE('',(#1310),#1329,.F.);
#1310 = FACE_BOUND('',#1311,.F.);
#1311 = EDGE_LOOP('',(#1312,#1313,#1321,#1328));
#1312 = ORIENTED_EDGE('',*,*,#901,.T.);
#1313 = ORIENTED_EDGE('',*,*,#1314,.F.);
#1314 = EDGE_CURVE('',#1315,#894,#1317,.T.);
#1315 = VERTEX_POINT('',#1316);
#1316 = CARTESIAN_POINT('',(-0.958333333333,-3.15,4.8));
#1317 = LINE('',#1318,#1319);
#1318 = CARTESIAN_POINT('',(-0.958333333333,-3.15,2.));
#1319 = VECTOR('',#1320,1.);
#1320 = DIRECTION('',(0.,0.,1.));
#1321 = ORIENTED_EDGE('',*,*,#1322,.F.);
#1322 = EDGE_CURVE('',#1315,#1315,#1323,.T.);
#1323 = CIRCLE('',#1324,0.426666666667);
#1324 = AXIS2_PLACEMENT_3D('',#1325,#1326,#1327);
#1325 = CARTESIAN_POINT('',(-1.385,-3.15,4.8));
#1326 = DIRECTION('',(0.,0.,-1.));
#1327 = DIRECTION('',(1.,0.,0.));
#1328 = ORIENTED_EDGE('',*,*,#1314,.T.);
#1329 = CYLINDRICAL_SURFACE('',#1330,0.426666666667);
#1330 = AXIS2_PLACEMENT_3D('',#1331,#1332,#1333);
#1331 = CARTESIAN_POINT('',(-1.385,-3.15,2.));
#1332 = DIRECTION('',(-0.,-0.,-1.));
#1333 = DIRECTION('',(1.,0.,0.));
#1334 = ADVANCED_FACE('',(#1335),#1354,.F.);
#1335 = FACE_BOUND('',#1336,.F.);
#1336 = EDGE_LOOP('',(#1337,#1338,#1346,#1353));
#1337 = ORIENTED_EDGE('',*,*,#926,.T.);
#1338 = ORIENTED_EDGE('',*,*,#1339,.F.);
#1339 = EDGE_CURVE('',#1340,#919,#1342,.T.);
#1340 = VERTEX_POINT('',#1341);
#1341 = CARTESIAN_POINT('',(-3.728333333333,-3.15,4.8));
#1342 = LINE('',#1343,#1344);
#1343 = CARTESIAN_POINT('',(-3.728333333333,-3.15,2.));
#1344 = VECTOR('',#1345,1.);
#1345 = DIRECTION('',(0.,0.,1.));
#1346 = ORIENTED_EDGE('',*,*,#1347,.F.);
#1347 = EDGE_CURVE('',#1340,#1340,#1348,.T.);
#1348 = CIRCLE('',#1349,0.426666666667);
#1349 = AXIS2_PLACEMENT_3D('',#1350,#1351,#1352);
#1350 = CARTESIAN_POINT('',(-4.155,-3.15,4.8));
#1351 = DIRECTION('',(0.,0.,-1.));
#1352 = DIRECTION('',(1.,0.,0.));
#1353 = ORIENTED_EDGE('',*,*,#1339,.T.);
#1354 = CYLINDRICAL_SURFACE('',#1355,0.426666666667);
#1355 = AXIS2_PLACEMENT_3D('',#1356,#1357,#1358);
#1356 = CARTESIAN_POINT('',(-4.155,-3.15,2.));
#1357 = DIRECTION('',(-0.,-0.,-1.));
#1358 = DIRECTION('',(1.,0.,0.));
#1359 = ADVANCED_FACE('',(#1360),#1379,.F.);
#1360 = FACE_BOUND('',#1361,.F.);
#1361 = EDGE_LOOP('',(#1362,#1363,#1371,#1378));
#1362 = ORIENTED_EDGE('',*,*,#951,.T.);
#1363 = ORIENTED_EDGE('',*,*,#1364,.F.);
#1364 = EDGE_CURVE('',#1365,#944,#1367,.T.);
#1365 = VERTEX_POINT('',#1366);
#1366 = CARTESIAN_POINT('',(-6.498333333333,-3.15,4.8));
#1367 = LINE('',#1368,#1369);
#1368 = CARTESIAN_POINT('',(-6.498333333333,-3.15,2.));
#1369 = VECTOR('',#1370,1.);
#1370 = DIRECTION('',(0.,0.,1.));
#1371 = ORIENTED_EDGE('',*,*,#1372,.F.);
#1372 = EDGE_CURVE('',#1365,#1365,#1373,.T.);
#1373 = CIRCLE('',#1374,0.426666666667);
#1374 = AXIS2_PLACEMENT_3D('',#1375,#1376,#1377);
#1375 = CARTESIAN_POINT('',(-6.925,-3.15,4.8));
#1376 = DIRECTION('',(0.,0.,-1.));
#1377 = DIRECTION('',(1.,0.,0.));
#1378 = ORIENTED_EDGE('',*,*,#1364,.T.);
#1379 = CYLINDRICAL_SURFACE('',#1380,0.426666666667);
#1380 = AXIS2_PLACEMENT_3D('',#1381,#1382,#1383);
#1381 = CARTESIAN_POINT('',(-6.925,-3.15,2.));
#1382 = DIRECTION('',(-0.,-0.,-1.));
#1383 = DIRECTION('',(1.,0.,0.));
#1384 = ADVANCED_FACE('',(#1385),#1404,.F.);
#1385 = FACE_BOUND('',#1386,.F.);
#1386 = EDGE_LOOP('',(#1387,#1388,#1396,#1403));
#1387 = ORIENTED_EDGE('',*,*,#976,.T.);
#1388 = ORIENTED_EDGE('',*,*,#1389,.F.);
#1389 = EDGE_CURVE('',#1390,#969,#1392,.T.);
#1390 = VERTEX_POINT('',#1391);
#1391 = CARTESIAN_POINT('',(-9.268333333333,-3.15,4.8));
#1392 = LINE('',#1393,#1394);
#1393 = CARTESIAN_POINT('',(-9.268333333333,-3.15,2.));
#1394 = VECTOR('',#1395,1.);
#1395 = DIRECTION('',(0.,0.,1.));
#1396 = ORIENTED_EDGE('',*,*,#1397,.F.);
#1397 = EDGE_CURVE('',#1390,#1390,#1398,.T.);
#1398 = CIRCLE('',#1399,0.426666666667);
#1399 = AXIS2_PLACEMENT_3D('',#1400,#1401,#1402);
#1400 = CARTESIAN_POINT('',(-9.695,-3.15,4.8));
#1401 = DIRECTION('',(0.,0.,-1.));
#1402 = DIRECTION('',(1.,0.,0.));
#1403 = ORIENTED_EDGE('',*,*,#1389,.T.);
#1404 = CYLINDRICAL_SURFACE('',#1405,0.426666666667);
#1405 = AXIS2_PLACEMENT_3D('',#1406,#1407,#1408);
#1406 = CARTESIAN_POINT('',(-9.695,-3.15,2.));
#1407 = DIRECTION('',(-0.,-0.,-1.));
#1408 = DIRECTION('',(1.,0.,0.));
#1409 = ADVANCED_FACE('',(#1410),#1429,.F.);
#1410 = FACE_BOUND('',#1411,.F.);
#1411 = EDGE_LOOP('',(#1412,#1413,#1421,#1428));
#1412 = ORIENTED_EDGE('',*,*,#1001,.T.);
#1413 = ORIENTED_EDGE('',*,*,#1414,.F.);
#1414 = EDGE_CURVE('',#1415,#994,#1417,.T.);
#1415 = VERTEX_POINT('',#1416);
#1416 = CARTESIAN_POINT('',(0.426666666667,-0.31,4.8));
#1417 = LINE('',#1418,#1419);
#1418 = CARTESIAN_POINT('',(0.426666666667,-0.31,2.));
#1419 = VECTOR('',#1420,1.);
#1420 = DIRECTION('',(0.,0.,1.));
#1421 = ORIENTED_EDGE('',*,*,#1422,.F.);
#1422 = EDGE_CURVE('',#1415,#1415,#1423,.T.);
#1423 = CIRCLE('',#1424,0.426666666667);
#1424 = AXIS2_PLACEMENT_3D('',#1425,#1426,#1427);
#1425 = CARTESIAN_POINT('',(0.,-0.31,4.8));
#1426 = DIRECTION('',(0.,0.,-1.));
#1427 = DIRECTION('',(1.,0.,0.));
#1428 = ORIENTED_EDGE('',*,*,#1414,.T.);
#1429 = CYLINDRICAL_SURFACE('',#1430,0.426666666667);
#1430 = AXIS2_PLACEMENT_3D('',#1431,#1432,#1433);
#1431 = CARTESIAN_POINT('',(0.,-0.31,2.));
#1432 = DIRECTION('',(-0.,-0.,-1.));
#1433 = DIRECTION('',(1.,0.,0.));
#1434 = ADVANCED_FACE('',(#1435),#1454,.F.);
#1435 = FACE_BOUND('',#1436,.F.);
#1436 = EDGE_LOOP('',(#1437,#1438,#1446,#1453));
#1437 = ORIENTED_EDGE('',*,*,#1026,.T.);
#1438 = ORIENTED_EDGE('',*,*,#1439,.F.);
#1439 = EDGE_CURVE('',#1440,#1019,#1442,.T.);
#1440 = VERTEX_POINT('',#1441);
#1441 = CARTESIAN_POINT('',(-2.343333333333,-0.31,4.8));
#1442 = LINE('',#1443,#1444);
#1443 = CARTESIAN_POINT('',(-2.343333333333,-0.31,2.));
#1444 = VECTOR('',#1445,1.);
#1445 = DIRECTION('',(0.,0.,1.));
#1446 = ORIENTED_EDGE('',*,*,#1447,.F.);
#1447 = EDGE_CURVE('',#1440,#1440,#1448,.T.);
#1448 = CIRCLE('',#1449,0.426666666667);
#1449 = AXIS2_PLACEMENT_3D('',#1450,#1451,#1452);
#1450 = CARTESIAN_POINT('',(-2.77,-0.31,4.8));
#1451 = DIRECTION('',(0.,0.,-1.));
#1452 = DIRECTION('',(1.,0.,0.));
#1453 = ORIENTED_EDGE('',*,*,#1439,.T.);
#1454 = CYLINDRICAL_SURFACE('',#1455,0.426666666667);
#1455 = AXIS2_PLACEMENT_3D('',#1456,#1457,#1458);
#1456 = CARTESIAN_POINT('',(-2.77,-0.31,2.));
#1457 = DIRECTION('',(-0.,-0.,-1.));
#1458 = DIRECTION('',(1.,0.,0.));
#1459 = ADVANCED_FACE('',(#1460),#1479,.F.);
#1460 = FACE_BOUND('',#1461,.F.);
#1461 = EDGE_LOOP('',(#1462,#1463,#1471,#1478));
#1462 = ORIENTED_EDGE('',*,*,#1051,.T.);
#1463 = ORIENTED_EDGE('',*,*,#1464,.F.);
#1464 = EDGE_CURVE('',#1465,#1044,#1467,.T.);
#1465 = VERTEX_POINT('',#1466);
#1466 = CARTESIAN_POINT('',(-5.113333333333,-0.31,4.8));
#1467 = LINE('',#1468,#1469);
#1468 = CARTESIAN_POINT('',(-5.113333333333,-0.31,2.));
#1469 = VECTOR('',#1470,1.);
#1470 = DIRECTION('',(0.,0.,1.));
#1471 = ORIENTED_EDGE('',*,*,#1472,.F.);
#1472 = EDGE_CURVE('',#1465,#1465,#1473,.T.);
#1473 = CIRCLE('',#1474,0.426666666667);
#1474 = AXIS2_PLACEMENT_3D('',#1475,#1476,#1477);
#1475 = CARTESIAN_POINT('',(-5.54,-0.31,4.8));
#1476 = DIRECTION('',(0.,0.,-1.));
#1477 = DIRECTION('',(1.,0.,0.));
#1478 = ORIENTED_EDGE('',*,*,#1464,.T.);
#1479 = CYLINDRICAL_SURFACE('',#1480,0.426666666667);
#1480 = AXIS2_PLACEMENT_3D('',#1481,#1482,#1483);
#1481 = CARTESIAN_POINT('',(-5.54,-0.31,2.));
#1482 = DIRECTION('',(-0.,-0.,-1.));
#1483 = DIRECTION('',(1.,0.,0.));
#1484 = ADVANCED_FACE('',(#1485),#1504,.F.);
#1485 = FACE_BOUND('',#1486,.F.);
#1486 = EDGE_LOOP('',(#1487,#1488,#1496,#1503));
#1487 = ORIENTED_EDGE('',*,*,#1076,.T.);
#1488 = ORIENTED_EDGE('',*,*,#1489,.F.);
#1489 = EDGE_CURVE('',#1490,#1069,#1492,.T.);
#1490 = VERTEX_POINT('',#1491);
#1491 = CARTESIAN_POINT('',(-7.883333333333,-0.31,4.8));
#1492 = LINE('',#1493,#1494);
#1493 = CARTESIAN_POINT('',(-7.883333333333,-0.31,2.));
#1494 = VECTOR('',#1495,1.);
#1495 = DIRECTION('',(0.,0.,1.));
#1496 = ORIENTED_EDGE('',*,*,#1497,.F.);
#1497 = EDGE_CURVE('',#1490,#1490,#1498,.T.);
#1498 = CIRCLE('',#1499,0.426666666667);
#1499 = AXIS2_PLACEMENT_3D('',#1500,#1501,#1502);
#1500 = CARTESIAN_POINT('',(-8.31,-0.31,4.8));
#1501 = DIRECTION('',(0.,0.,-1.));
#1502 = DIRECTION('',(1.,0.,0.));
#1503 = ORIENTED_EDGE('',*,*,#1489,.T.);
#1504 = CYLINDRICAL_SURFACE('',#1505,0.426666666667);
#1505 = AXIS2_PLACEMENT_3D('',#1506,#1507,#1508);
#1506 = CARTESIAN_POINT('',(-8.31,-0.31,2.));
#1507 = DIRECTION('',(-0.,-0.,-1.));
#1508 = DIRECTION('',(1.,0.,0.));
#1509 = ADVANCED_FACE('',(#1510),#1529,.F.);
#1510 = FACE_BOUND('',#1511,.F.);
#1511 = EDGE_LOOP('',(#1512,#1513,#1521,#1528));
#1512 = ORIENTED_EDGE('',*,*,#1101,.T.);
#1513 = ORIENTED_EDGE('',*,*,#1514,.F.);
#1514 = EDGE_CURVE('',#1515,#1094,#1517,.T.);
#1515 = VERTEX_POINT('',#1516);
#1516 = CARTESIAN_POINT('',(-10.65333333333,-0.31,4.8));
#1517 = LINE('',#1518,#1519);
#1518 = CARTESIAN_POINT('',(-10.65333333333,-0.31,2.));
#1519 = VECTOR('',#1520,1.);
#1520 = DIRECTION('',(0.,0.,1.));
#1521 = ORIENTED_EDGE('',*,*,#1522,.F.);
#1522 = EDGE_CURVE('',#1515,#1515,#1523,.T.);
#1523 = CIRCLE('',#1524,0.426666666667);
#1524 = AXIS2_PLACEMENT_3D('',#1525,#1526,#1527);
#1525 = CARTESIAN_POINT('',(-11.08,-0.31,4.8));
#1526 = DIRECTION('',(0.,0.,-1.));
#1527 = DIRECTION('',(1.,0.,0.));
#1528 = ORIENTED_EDGE('',*,*,#1514,.T.);
#1529 = CYLINDRICAL_SURFACE('',#1530,0.426666666667);
#1530 = AXIS2_PLACEMENT_3D('',#1531,#1532,#1533);
#1531 = CARTESIAN_POINT('',(-11.08,-0.31,2.));
#1532 = DIRECTION('',(-0.,-0.,-1.));
#1533 = DIRECTION('',(1.,0.,0.));
#1534 = ADVANCED_FACE('',(#1535),#1563,.F.);
#1535 = FACE_BOUND('',#1536,.F.);
#1536 = EDGE_LOOP('',(#1537,#1546,#1555,#1562));
#1537 = ORIENTED_EDGE('',*,*,#1538,.F.);
#1538 = EDGE_CURVE('',#1539,#1126,#1541,.T.);
#1539 = VERTEX_POINT('',#1540);
#1540 = CARTESIAN_POINT('',(-14.07539591059,1.253707578952,4.7));
#1541 = CIRCLE('',#1542,0.6);
#1542 = AXIS2_PLACEMENT_3D('',#1543,#1544,#1545);
#1543 = CARTESIAN_POINT('',(-14.07539591059,1.253707578952,5.3));
#1544 = DIRECTION('',(0.172682763155,-0.984977493808,0.));
#1545 = DIRECTION('',(0.,0.,-1.));
#1546 = ORIENTED_EDGE('',*,*,#1547,.T.);
#1547 = EDGE_CURVE('',#1539,#1548,#1550,.T.);
#1548 = VERTEX_POINT('',#1549);
#1549 = CARTESIAN_POINT('',(-12.49943192049,3.13,4.7));
#1550 = CIRCLE('',#1551,1.6);
#1551 = AXIS2_PLACEMENT_3D('',#1552,#1553,#1554);
#1552 = CARTESIAN_POINT('',(-12.49943192049,1.53,4.7));
#1553 = DIRECTION('',(-0.,0.,-1.));
#1554 = DIRECTION('',(-0.984977493808,-0.172682763155,0.));
#1555 = ORIENTED_EDGE('',*,*,#1556,.T.);
#1556 = EDGE_CURVE('',#1548,#1118,#1557,.T.);
#1557 = CIRCLE('',#1558,0.6);
#1558 = AXIS2_PLACEMENT_3D('',#1559,#1560,#1561);
#1559 = CARTESIAN_POINT('',(-12.49943192049,3.13,5.3));
#1560 = DIRECTION('',(-1.,2.775557561563E-17,0.));
#1561 = DIRECTION('',(2.775557561563E-17,1.,0.));
#1562 = ORIENTED_EDGE('',*,*,#1125,.F.);
#1563 = TOROIDAL_SURFACE('',#1564,1.6,0.6);
#1564 = AXIS2_PLACEMENT_3D('',#1565,#1566,#1567);
#1565 = CARTESIAN_POINT('',(-12.49943192049,1.53,5.3));
#1566 = DIRECTION('',(-0.,-0.,-1.));
#1567 = DIRECTION('',(-0.984977493808,-0.172682763155,0.));
#1568 = ADVANCED_FACE('',(#1569),#1588,.F.);
#1569 = FACE_BOUND('',#1570,.F.);
#1570 = EDGE_LOOP('',(#1571,#1579,#1586,#1587));
#1571 = ORIENTED_EDGE('',*,*,#1572,.T.);
#1572 = EDGE_CURVE('',#1548,#1573,#1575,.T.);
#1573 = VERTEX_POINT('',#1574);
#1574 = CARTESIAN_POINT('',(1.419431920499,3.13,4.7));
#1575 = LINE('',#1576,#1577);
#1576 = CARTESIAN_POINT('',(-12.49943192049,3.13,4.7));
#1577 = VECTOR('',#1578,1.);
#1578 = DIRECTION('',(1.,0.,0.));
#1579 = ORIENTED_EDGE('',*,*,#1580,.T.);
#1580 = EDGE_CURVE('',#1573,#1152,#1581,.T.);
#1581 = CIRCLE('',#1582,0.6);
#1582 = AXIS2_PLACEMENT_3D('',#1583,#1584,#1585);
#1583 = CARTESIAN_POINT('',(1.419431920499,3.13,5.3));
#1584 = DIRECTION('',(-1.,-0.,-0.));
#1585 = DIRECTION('',(0.,0.,-1.));
#1586 = ORIENTED_EDGE('',*,*,#1159,.F.);
#1587 = ORIENTED_EDGE('',*,*,#1556,.F.);
#1588 = CYLINDRICAL_SURFACE('',#1589,0.6);
#1589 = AXIS2_PLACEMENT_3D('',#1590,#1591,#1592);
#1590 = CARTESIAN_POINT('',(-12.49943192049,3.13,5.3));
#1591 = DIRECTION('',(1.,0.,0.));
#1592 = DIRECTION('',(0.,0.,-1.));
#1593 = ADVANCED_FACE('',(#1594),#1613,.F.);
#1594 = FACE_BOUND('',#1595,.F.);
#1595 = EDGE_LOOP('',(#1596,#1604,#1605,#1606));
#1596 = ORIENTED_EDGE('',*,*,#1597,.T.);
#1597 = EDGE_CURVE('',#1598,#1539,#1600,.T.);
#1598 = VERTEX_POINT('',#1599);
#1599 = CARTESIAN_POINT('',(-13.04102882198,-4.646292421048,4.7));
#1600 = LINE('',#1601,#1602);
#1601 = CARTESIAN_POINT('',(-13.04102882198,-4.646292421048,4.7));
#1602 = VECTOR('',#1603,1.);
#1603 = DIRECTION('',(-0.172682763155,0.984977493808,0.));
#1604 = ORIENTED_EDGE('',*,*,#1538,.T.);
#1605 = ORIENTED_EDGE('',*,*,#1183,.F.);
#1606 = ORIENTED_EDGE('',*,*,#1607,.F.);
#1607 = EDGE_CURVE('',#1598,#1174,#1608,.T.);
#1608 = CIRCLE('',#1609,0.6);
#1609 = AXIS2_PLACEMENT_3D('',#1610,#1611,#1612);
#1610 = CARTESIAN_POINT('',(-13.04102882198,-4.646292421048,5.3));
#1611 = DIRECTION('',(0.172682763155,-0.984977493808,0.));
#1612 = DIRECTION('',(-0.984977493808,-0.172682763155,0.));
#1613 = CYLINDRICAL_SURFACE('',#1614,0.6);
#1614 = AXIS2_PLACEMENT_3D('',#1615,#1616,#1617);
#1615 = CARTESIAN_POINT('',(-13.04102882198,-4.646292421048,5.3));
#1616 = DIRECTION('',(-0.172682763155,0.984977493808,0.));
#1617 = DIRECTION('',(0.,0.,-1.));
#1618 = ADVANCED_FACE('',(#1619),#1639,.F.);
#1619 = FACE_BOUND('',#1620,.F.);
#1620 = EDGE_LOOP('',(#1621,#1622,#1631,#1638));
#1621 = ORIENTED_EDGE('',*,*,#1580,.F.);
#1622 = ORIENTED_EDGE('',*,*,#1623,.T.);
#1623 = EDGE_CURVE('',#1573,#1624,#1626,.T.);
#1624 = VERTEX_POINT('',#1625);
#1625 = CARTESIAN_POINT('',(2.995395910593,1.253707578952,4.7));
#1626 = CIRCLE('',#1627,1.6);
#1627 = AXIS2_PLACEMENT_3D('',#1628,#1629,#1630);
#1628 = CARTESIAN_POINT('',(1.419431920499,1.53,4.7));
#1629 = DIRECTION('',(0.,0.,-1.));
#1630 = DIRECTION('',(0.,1.,0.));
#1631 = ORIENTED_EDGE('',*,*,#1632,.T.);
#1632 = EDGE_CURVE('',#1624,#1199,#1633,.T.);
#1633 = CIRCLE('',#1634,0.6);
#1634 = AXIS2_PLACEMENT_3D('',#1635,#1636,#1637);
#1635 = CARTESIAN_POINT('',(2.995395910593,1.253707578952,5.3));
#1636 = DIRECTION('',(0.172682763155,0.984977493808,0.));
#1637 = DIRECTION('',(0.,0.,-1.));
#1638 = ORIENTED_EDGE('',*,*,#1206,.F.);
#1639 = TOROIDAL_SURFACE('',#1640,1.6,0.6);
#1640 = AXIS2_PLACEMENT_3D('',#1641,#1642,#1643);
#1641 = CARTESIAN_POINT('',(1.419431920499,1.53,5.3));
#1642 = DIRECTION('',(-0.,-0.,-1.));
#1643 = DIRECTION('',(0.,1.,-0.));
#1644 = ADVANCED_FACE('',(#1645),#1665,.F.);
#1645 = FACE_BOUND('',#1646,.F.);
#1646 = EDGE_LOOP('',(#1647,#1656,#1663,#1664));
#1647 = ORIENTED_EDGE('',*,*,#1648,.F.);
#1648 = EDGE_CURVE('',#1649,#1225,#1651,.T.);
#1649 = VERTEX_POINT('',#1650);
#1650 = CARTESIAN_POINT('',(-11.46506483189,-5.97,4.7));
#1651 = CIRCLE('',#1652,0.6);
#1652 = AXIS2_PLACEMENT_3D('',#1653,#1654,#1655);
#1653 = CARTESIAN_POINT('',(-11.46506483189,-5.97,5.3));
#1654 = DIRECTION('',(1.,-0.,0.));
#1655 = DIRECTION('',(0.,0.,-1.));
#1656 = ORIENTED_EDGE('',*,*,#1657,.T.);
#1657 = EDGE_CURVE('',#1649,#1598,#1658,.T.);
#1658 = CIRCLE('',#1659,1.6);
#1659 = AXIS2_PLACEMENT_3D('',#1660,#1661,#1662);
#1660 = CARTESIAN_POINT('',(-11.46506483189,-4.37,4.7));
#1661 = DIRECTION('',(-0.,-0.,-1.));
#1662 = DIRECTION('',(0.,-1.,0.));
#1663 = ORIENTED_EDGE('',*,*,#1607,.T.);
#1664 = ORIENTED_EDGE('',*,*,#1224,.F.);
#1665 = TOROIDAL_SURFACE('',#1666,1.6,0.6);
#1666 = AXIS2_PLACEMENT_3D('',#1667,#1668,#1669);
#1667 = CARTESIAN_POINT('',(-11.46506483189,-4.37,5.3));
#1668 = DIRECTION('',(-0.,-0.,-1.));
#1669 = DIRECTION('',(0.,-1.,0.));
#1670 = ADVANCED_FACE('',(#1671),#1690,.F.);
#1671 = FACE_BOUND('',#1672,.F.);
#1672 = EDGE_LOOP('',(#1673,#1681,#1688,#1689));
#1673 = ORIENTED_EDGE('',*,*,#1674,.T.);
#1674 = EDGE_CURVE('',#1624,#1675,#1677,.T.);
#1675 = VERTEX_POINT('',#1676);
#1676 = CARTESIAN_POINT('',(1.961028821985,-4.646292421048,4.7));
#1677 = LINE('',#1678,#1679);
#1678 = CARTESIAN_POINT('',(2.995395910593,1.253707578952,4.7));
#1679 = VECTOR('',#1680,1.);
#1680 = DIRECTION('',(-0.172682763155,-0.984977493808,0.));
#1681 = ORIENTED_EDGE('',*,*,#1682,.T.);
#1682 = EDGE_CURVE('',#1675,#1248,#1683,.T.);
#1683 = CIRCLE('',#1684,0.6);
#1684 = AXIS2_PLACEMENT_3D('',#1685,#1686,#1687);
#1685 = CARTESIAN_POINT('',(1.961028821985,-4.646292421048,5.3));
#1686 = DIRECTION('',(0.172682763155,0.984977493808,0.));
#1687 = DIRECTION('',(0.,0.,-1.));
#1688 = ORIENTED_EDGE('',*,*,#1255,.F.);
#1689 = ORIENTED_EDGE('',*,*,#1632,.F.);
#1690 = CYLINDRICAL_SURFACE('',#1691,0.6);
#1691 = AXIS2_PLACEMENT_3D('',#1692,#1693,#1694);
#1692 = CARTESIAN_POINT('',(2.995395910593,1.253707578952,5.3));
#1693 = DIRECTION('',(-0.172682763155,-0.984977493808,0.));
#1694 = DIRECTION('',(-0.,0.,-1.));
#1695 = ADVANCED_FACE('',(#1696),#1715,.F.);
#1696 = FACE_BOUND('',#1697,.F.);
#1697 = EDGE_LOOP('',(#1698,#1706,#1707,#1708));
#1698 = ORIENTED_EDGE('',*,*,#1699,.T.);
#1699 = EDGE_CURVE('',#1700,#1649,#1702,.T.);
#1700 = VERTEX_POINT('',#1701);
#1701 = CARTESIAN_POINT('',(0.385064831892,-5.97,4.7));
#1702 = LINE('',#1703,#1704);
#1703 = CARTESIAN_POINT('',(0.385064831892,-5.97,4.7));
#1704 = VECTOR('',#1705,1.);
#1705 = DIRECTION('',(-1.,0.,0.));
#1706 = ORIENTED_EDGE('',*,*,#1648,.T.);
#1707 = ORIENTED_EDGE('',*,*,#1272,.F.);
#1708 = ORIENTED_EDGE('',*,*,#1709,.F.);
#1709 = EDGE_CURVE('',#1700,#1273,#1710,.T.);
#1710 = CIRCLE('',#1711,0.6);
#1711 = AXIS2_PLACEMENT_3D('',#1712,#1713,#1714);
#1712 = CARTESIAN_POINT('',(0.385064831892,-5.97,5.3));
#1713 = DIRECTION('',(1.,2.22044604925E-16,0.));
#1714 = DIRECTION('',(2.22044604925E-16,-1.,0.));
#1715 = CYLINDRICAL_SURFACE('',#1716,0.6);
#1716 = AXIS2_PLACEMENT_3D('',#1717,#1718,#1719);
#1717 = CARTESIAN_POINT('',(0.385064831892,-5.97,5.3));
#1718 = DIRECTION('',(-1.,0.,0.));
#1719 = DIRECTION('',(0.,0.,-1.));
#1720 = ADVANCED_FACE('',(#1721),#1733,.F.);
#1721 = FACE_BOUND('',#1722,.F.);
#1722 = EDGE_LOOP('',(#1723,#1724,#1731,#1732));
#1723 = ORIENTED_EDGE('',*,*,#1682,.F.);
#1724 = ORIENTED_EDGE('',*,*,#1725,.T.);
#1725 = EDGE_CURVE('',#1675,#1700,#1726,.T.);
#1726 = CIRCLE('',#1727,1.6);
#1727 = AXIS2_PLACEMENT_3D('',#1728,#1729,#1730);
#1728 = CARTESIAN_POINT('',(0.385064831892,-4.37,4.7));
#1729 = DIRECTION('',(0.,-0.,-1.));
#1730 = DIRECTION('',(0.984977493808,-0.172682763155,0.));
#1731 = ORIENTED_EDGE('',*,*,#1709,.T.);
#1732 = ORIENTED_EDGE('',*,*,#1297,.F.);
#1733 = TOROIDAL_SURFACE('',#1734,1.6,0.6);
#1734 = AXIS2_PLACEMENT_3D('',#1735,#1736,#1737);
#1735 = CARTESIAN_POINT('',(0.385064831892,-4.37,5.3));
#1736 = DIRECTION('',(-0.,-0.,-1.));
#1737 = DIRECTION('',(0.984977493808,-0.172682763155,0.));
#1738 = ADVANCED_FACE('',(#1739,#1915,#1918,#1921,#1924,#1927,#1930,
    #1933,#1936,#1939),#1942,.T.);
#1739 = FACE_BOUND('',#1740,.T.);
#1740 = EDGE_LOOP('',(#1741,#1766,#1774,#1838,#1846,#1878,#1886,#1909));
#1741 = ORIENTED_EDGE('',*,*,#1742,.F.);
#1742 = EDGE_CURVE('',#1743,#1745,#1747,.T.);
#1743 = VERTEX_POINT('',#1744);
#1744 = CARTESIAN_POINT('',(-9.422162569365E-02,-4.601662479036,4.8));
#1745 = VERTEX_POINT('',#1746);
#1746 = CARTESIAN_POINT('',(0.623132322557,-4.013990611352,4.8));
#1747 = B_SPLINE_CURVE_WITH_KNOTS('',5,(#1748,#1749,#1750,#1751,#1752,
    #1753,#1754,#1755,#1756,#1757,#1758,#1759,#1760,#1761,#1762,#1763,
    #1764,#1765),.UNSPECIFIED.,.F.,.F.,(6,4,4,4,6),(0.,0.261999905964,
    0.521999843393,0.793999573802,1.),.UNSPECIFIED.);
#1748 = CARTESIAN_POINT('',(-9.422162569365E-02,-4.601662479036,4.8));
#1749 = CARTESIAN_POINT('',(-4.159357539919E-02,-4.601662479036,4.8));
#1750 = CARTESIAN_POINT('',(1.103541580628E-02,-4.596930545633,4.8));
#1751 = CARTESIAN_POINT('',(6.309534524345E-02,-4.587466677703,4.8));
#1752 = CARTESIAN_POINT('',(0.114022546485,-4.573373343012,4.8));
#1753 = CARTESIAN_POINT('',(0.212168392947,-4.536470350241,4.8));
#1754 = CARTESIAN_POINT('',(0.259414095507,-4.513727405709,4.8));
#1755 = CARTESIAN_POINT('',(0.304499221427,-4.486818354332,4.8));
#1756 = CARTESIAN_POINT('',(0.346943079776,-4.456030096429,4.8));
#1757 = CARTESIAN_POINT('',(0.427525835838,-4.385843717401,4.8));
#1758 = CARTESIAN_POINT('',(0.465377231504,-4.346112403625,4.8));
#1759 = CARTESIAN_POINT('',(0.499398710744,-4.302953574914,4.8));
#1760 = CARTESIAN_POINT('',(0.529193117662,-4.256871053665,4.8));
#1761 = CARTESIAN_POINT('',(0.573605381334,-4.171743810627,4.8));
#1762 = CARTESIAN_POINT('',(0.590152133915,-4.133703421464,4.8));
#1763 = CARTESIAN_POINT('',(0.603977188047,-4.094555903561,4.8));
#1764 = CARTESIAN_POINT('',(0.61498888715,-4.054560794966,4.8));
#1765 = CARTESIAN_POINT('',(0.623132322557,-4.013990611352,4.8));
#1766 = ORIENTED_EDGE('',*,*,#1767,.T.);
#1767 = EDGE_CURVE('',#1743,#1768,#1770,.T.);
#1768 = VERTEX_POINT('',#1769);
#1769 = CARTESIAN_POINT('',(-10.9857783743,-4.601662479036,4.8));
#1770 = LINE('',#1771,#1772);
#1771 = CARTESIAN_POINT('',(-9.422162569365E-02,-4.601662479036,4.8));
#1772 = VECTOR('',#1773,1.);
#1773 = DIRECTION('',(-1.,0.,0.));
#1774 = ORIENTED_EDGE('',*,*,#1775,.F.);
#1775 = EDGE_CURVE('',#1776,#1768,#1778,.T.);
#1776 = VERTEX_POINT('',#1777);
#1777 = CARTESIAN_POINT('',(-11.70313232255,-4.013990611352,4.8));
#1778 = B_SPLINE_CURVE_WITH_KNOTS('',4,(#1779,#1780,#1781,#1782,#1783,
    #1784,#1785,#1786,#1787,#1788,#1789,#1790,#1791,#1792,#1793,#1794,
    #1795,#1796,#1797,#1798,#1799,#1800,#1801,#1802,#1803,#1804,#1805,
    #1806,#1807,#1808,#1809,#1810,#1811,#1812,#1813,#1814,#1815,#1816,
    #1817,#1818,#1819,#1820,#1821,#1822,#1823,#1824,#1825,#1826,#1827,
    #1828,#1829,#1830,#1831,#1832,#1833,#1834,#1835,#1836,#1837),
  .UNSPECIFIED.,.F.,.F.,(5,3,3,3,3,3,3,3,3,3,3,3,3,3,3,3,3,3,3,5),(0.,
    3.800001034003E-02,7.800002120795E-02,0.105000028591,0.120000032699,
    0.189000050255,0.214000057094,0.23800006366,0.289000077333,
    0.316000084716,0.34900009372,0.385000103529,0.413000111183,
    0.433000116658,0.456000122953,0.497000134083,0.681999999948,
    0.778000019247,0.844000036249,1.),.UNSPECIFIED.);
#1779 = CARTESIAN_POINT('',(-11.70313232255,-4.013990611352,4.8));
#1780 = CARTESIAN_POINT('',(-11.70125458579,-4.023345401022,4.8));
#1781 = CARTESIAN_POINT('',(-11.69921419177,-4.032667541609,4.8));
#1782 = CARTESIAN_POINT('',(-11.69701199229,-4.041952789605,4.8));
#1783 = CARTESIAN_POINT('',(-11.69216176124,-4.060927648591,4.8));
#1784 = CARTESIAN_POINT('',(-11.68949636496,-4.07061282147,4.8));
#1785 = CARTESIAN_POINT('',(-11.6866541206,-4.080247579282,4.8));
#1786 = CARTESIAN_POINT('',(-11.6815996813,-4.096293288155,4.8));
#1787 = CARTESIAN_POINT('',(-11.67948293231,-4.10273430529,4.8));
#1788 = CARTESIAN_POINT('',(-11.67728676432,-4.109148677761,4.8));
#1789 = CARTESIAN_POINT('',(-11.67374777268,-4.119082868539,4.8));
#1790 = CARTESIAN_POINT('',(-11.67245949584,-4.122622118841,4.8));
#1791 = CARTESIAN_POINT('',(-11.67114695705,-4.126152443451,4.8));
#1792 = CARTESIAN_POINT('',(-11.66366140205,-4.145870883684,4.8));
#1793 = CARTESIAN_POINT('',(-11.65700116759,-4.161874045372,4.8));
#1794 = CARTESIAN_POINT('',(-11.64983875034,-4.177658838252,4.8));
#1795 = CARTESIAN_POINT('',(-11.6394127238,-4.198833580923,4.8));
#1796 = CARTESIAN_POINT('',(-11.63657542357,-4.204433442,4.8));
#1797 = CARTESIAN_POINT('',(-11.63367424688,-4.210000478061,4.8));
#1798 = CARTESIAN_POINT('',(-11.62786388333,-4.220845402777,4.8));
#1799 = CARTESIAN_POINT('',(-11.62495965873,-4.226125950113,4.8));
#1800 = CARTESIAN_POINT('',(-11.62199761674,-4.231374283943,4.8));
#1801 = CARTESIAN_POINT('',(-11.61256226326,-4.247671711451,4.8));
#1802 = CARTESIAN_POINT('',(-11.60588760731,-4.258604238471,4.8));
#1803 = CARTESIAN_POINT('',(-11.59895957946,-4.269377984768,4.8));
#1804 = CARTESIAN_POINT('',(-11.58798523098,-4.285599380783,4.8));
#1805 = CARTESIAN_POINT('',(-11.58411704719,-4.291167547643,4.8));
#1806 = CARTESIAN_POINT('',(-11.58018036239,-4.296687496996,4.8));
#1807 = CARTESIAN_POINT('',(-11.57128198703,-4.308844117507,4.8));
#1808 = CARTESIAN_POINT('',(-11.56628692149,-4.315456359118,4.8));
#1809 = CARTESIAN_POINT('',(-11.56119257101,-4.321992413899,4.8));
#1810 = CARTESIAN_POINT('',(-11.55033686496,-4.335494791674,4.8));
#1811 = CARTESIAN_POINT('',(-11.54455697444,-4.342446213222,4.8));
#1812 = CARTESIAN_POINT('',(-11.53866334589,-4.34930146948,4.8));
#1813 = CARTESIAN_POINT('',(-11.52798792915,-4.361312741224,4.8));
#1814 = CARTESIAN_POINT('',(-11.5232501086,-4.366507834717,4.8));
#1815 = CARTESIAN_POINT('',(-11.51844611248,-4.371641796261,4.8));
#1816 = CARTESIAN_POINT('',(-11.51009930214,-4.380335934592,4.8));
#1817 = CARTESIAN_POINT('',(-11.50658831316,-4.383926665291,4.8));
#1818 = CARTESIAN_POINT('',(-11.50304460977,-4.387485113945,4.8));
#1819 = CARTESIAN_POINT('',(-11.49535627737,-4.395065419834,4.8));
#1820 = CARTESIAN_POINT('',(-11.49120124283,-4.399076723284,4.8));
#1821 = CARTESIAN_POINT('',(-11.48700422087,-4.403044074291,4.8));
#1822 = CARTESIAN_POINT('',(-11.475210676,-4.413959543622,4.8));
#1823 = CARTESIAN_POINT('',(-11.46752425058,-4.420810527898,4.8));
#1824 = CARTESIAN_POINT('',(-11.45971062931,-4.42751608112,4.8));
#1825 = CARTESIAN_POINT('',(-11.41596243473,-4.463657638731,4.8));
#1826 = CARTESIAN_POINT('',(-11.37764598548,-4.490211443922,4.8));
#1827 = CARTESIAN_POINT('',(-11.33721228943,-4.513414268704,4.8));
#1828 = CARTESIAN_POINT('',(-11.27327246216,-4.543244503675,4.8));
#1829 = CARTESIAN_POINT('',(-11.25098055501,-4.552476090271,4.8));
#1830 = CARTESIAN_POINT('',(-11.22830430453,-4.560718600767,4.8));
#1831 = CARTESIAN_POINT('',(-11.18950205515,-4.57292337572,4.8));
#1832 = CARTESIAN_POINT('',(-11.17354356589,-4.577418289264,4.8));
#1833 = CARTESIAN_POINT('',(-11.15745655615,-4.581428993049,4.8));
#1834 = CARTESIAN_POINT('',(-11.10298800406,-4.593274612047,4.8));
#1835 = CARTESIAN_POINT('',(-11.06411837684,-4.598866491308,4.8));
#1836 = CARTESIAN_POINT('',(-11.0249482417,-4.601662479036,4.8));
#1837 = CARTESIAN_POINT('',(-10.9857783743,-4.601662479036,4.8));
#1838 = ORIENTED_EDGE('',*,*,#1839,.T.);
#1839 = EDGE_CURVE('',#1776,#1840,#1842,.T.);
#1840 = VERTEX_POINT('',#1841);
#1841 = CARTESIAN_POINT('',(-12.68668304719,0.886009388648,4.8));
#1842 = LINE('',#1843,#1844);
#1843 = CARTESIAN_POINT('',(-11.70313232255,-4.013990611352,4.8));
#1844 = VECTOR('',#1845,1.);
#1845 = DIRECTION('',(-0.196799228439,0.98044380955,0.));
#1846 = ORIENTED_EDGE('',*,*,#1847,.F.);
#1847 = EDGE_CURVE('',#1848,#1840,#1850,.T.);
#1848 = VERTEX_POINT('',#1849);
#1849 = CARTESIAN_POINT('',(-11.96932909894,1.761662479036,4.8));
#1850 = B_SPLINE_CURVE_WITH_KNOTS('',6,(#1851,#1852,#1853,#1854,#1855,
    #1856,#1857,#1858,#1859,#1860,#1861,#1862,#1863,#1864,#1865,#1866,
    #1867,#1868,#1869,#1870,#1871,#1872,#1873,#1874,#1875,#1876,#1877),
  .UNSPECIFIED.,.F.,.F.,(7,5,5,5,5,7),(0.,0.321005045393,0.746990062242,
    0.85599433554,0.959998418736,1.),.UNSPECIFIED.);
#1851 = CARTESIAN_POINT('',(-11.96932909894,1.761662479036,4.8));
#1852 = CARTESIAN_POINT('',(-12.03856872185,1.761662479036,4.8));
#1853 = CARTESIAN_POINT('',(-12.10781433465,1.753799114476,4.8));
#1854 = CARTESIAN_POINT('',(-12.17593663374,1.738072322982,4.8));
#1855 = CARTESIAN_POINT('',(-12.24182682119,1.714695779156,4.8));
#1856 = CARTESIAN_POINT('',(-12.30443518075,1.684085638541,4.8));
#1857 = CARTESIAN_POINT('',(-12.44027463832,1.597435322607,4.8));
#1858 = CARTESIAN_POINT('',(-12.51031492587,1.536333354864,4.8));
#1859 = CARTESIAN_POINT('',(-12.57067323845,1.464967643801,4.8));
#1860 = CARTESIAN_POINT('',(-12.61955877945,1.385303382711,4.8));
#1861 = CARTESIAN_POINT('',(-12.6556656812,1.299656526443,4.8));
#1862 = CARTESIAN_POINT('',(-12.68415192247,1.187832569977,4.8));
#1863 = CARTESIAN_POINT('',(-12.6890774188,1.164824517776,4.8));
#1864 = CARTESIAN_POINT('',(-12.69311350919,1.141635101985,4.8));
#1865 = CARTESIAN_POINT('',(-12.6962521495,1.118307265236,4.8));
#1866 = CARTESIAN_POINT('',(-12.69848807108,1.094884378249,4.8));
#1867 = CARTESIAN_POINT('',(-12.70108844881,1.049012895475,4.8));
#1868 = CARTESIAN_POINT('',(-12.70153405386,1.026568786128,4.8));
#1869 = CARTESIAN_POINT('',(-12.70115344771,1.004115943497,4.8));
#1870 = CARTESIAN_POINT('',(-12.69994680814,0.981692317023,4.8));
#1871 = CARTESIAN_POINT('',(-12.69791663896,0.95933577388,4.8));
#1872 = CARTESIAN_POINT('',(-12.69397205077,0.928525760155,4.8));
#1873 = CARTESIAN_POINT('',(-12.69275522157,0.919982926562,4.8));
#1874 = CARTESIAN_POINT('',(-12.69141755678,0.911457741591,4.8));
#1875 = CARTESIAN_POINT('',(-12.68995938109,0.902952340393,4.8));
#1876 = CARTESIAN_POINT('',(-12.68838106948,0.894468849863,4.8));
#1877 = CARTESIAN_POINT('',(-12.68668304719,0.886009388648,4.8));
#1878 = ORIENTED_EDGE('',*,*,#1879,.T.);
#1879 = EDGE_CURVE('',#1848,#1880,#1882,.T.);
#1880 = VERTEX_POINT('',#1881);
#1881 = CARTESIAN_POINT('',(0.889329098944,1.761662479036,4.8));
#1882 = LINE('',#1883,#1884);
#1883 = CARTESIAN_POINT('',(-11.96932909894,1.761662479036,4.8));
#1884 = VECTOR('',#1885,1.);
#1885 = DIRECTION('',(1.,0.,0.));
#1886 = ORIENTED_EDGE('',*,*,#1887,.F.);
#1887 = EDGE_CURVE('',#1888,#1880,#1890,.T.);
#1888 = VERTEX_POINT('',#1889);
#1889 = CARTESIAN_POINT('',(1.606683047195,0.886009388648,4.8));
#1890 = B_SPLINE_CURVE_WITH_KNOTS('',5,(#1891,#1892,#1893,#1894,#1895,
    #1896,#1897,#1898,#1899,#1900,#1901,#1902,#1903,#1904,#1905,#1906,
    #1907,#1908),.UNSPECIFIED.,.F.,.F.,(6,4,4,4,6),(0.,0.25,0.5,0.75,1.)
  ,.UNSPECIFIED.);
#1891 = CARTESIAN_POINT('',(1.606683047195,0.886009388648,4.8));
#1892 = CARTESIAN_POINT('',(1.619418100429,0.949454780212,4.8));
#1893 = CARTESIAN_POINT('',(1.625139317487,1.014310693352,4.8));
#1894 = CARTESIAN_POINT('',(1.623637647955,1.079535713437,4.8));
#1895 = CARTESIAN_POINT('',(1.614937731643,1.144059610173,4.8));
#1896 = CARTESIAN_POINT('',(1.583654918052,1.269643776134,4.8));
#1897 = CARTESIAN_POINT('',(1.561070754396,1.330709129205,4.8));
#1898 = CARTESIAN_POINT('',(1.53180056574,1.389017055875,4.8));
#1899 = CARTESIAN_POINT('',(1.496324625493,1.443610823444,4.8));
#1900 = CARTESIAN_POINT('',(1.414307521643,1.543726715502,4.8));
#1901 = CARTESIAN_POINT('',(1.367763037859,1.58925289284,4.8));
#1902 = CARTESIAN_POINT('',(1.316355742651,1.629425623093,4.8));
#1903 = CARTESIAN_POINT('',(1.260929141237,1.663585740912,4.8));
#1904 = CARTESIAN_POINT('',(1.143957356721,1.718971648808,4.8));
#1905 = CARTESIAN_POINT('',(1.082407438416,1.740199680993,4.8));
#1906 = CARTESIAN_POINT('',(1.018753498651,1.754508217218,4.8));
#1907 = CARTESIAN_POINT('',(0.954039988998,1.761662479036,4.8));
#1908 = CARTESIAN_POINT('',(0.889329098944,1.761662479036,4.8));
#1909 = ORIENTED_EDGE('',*,*,#1910,.T.);
#1910 = EDGE_CURVE('',#1888,#1745,#1911,.T.);
#1911 = LINE('',#1912,#1913);
#1912 = CARTESIAN_POINT('',(1.606683047195,0.886009388648,4.8));
#1913 = VECTOR('',#1914,1.);
#1914 = DIRECTION('',(-0.196799228439,-0.98044380955,0.));
#1915 = FACE_BOUND('',#1916,.T.);
#1916 = EDGE_LOOP('',(#1917));
#1917 = ORIENTED_EDGE('',*,*,#1322,.F.);
#1918 = FACE_BOUND('',#1919,.T.);
#1919 = EDGE_LOOP('',(#1920));
#1920 = ORIENTED_EDGE('',*,*,#1347,.F.);
#1921 = FACE_BOUND('',#1922,.T.);
#1922 = EDGE_LOOP('',(#1923));
#1923 = ORIENTED_EDGE('',*,*,#1372,.F.);
#1924 = FACE_BOUND('',#1925,.T.);
#1925 = EDGE_LOOP('',(#1926));
#1926 = ORIENTED_EDGE('',*,*,#1397,.F.);
#1927 = FACE_BOUND('',#1928,.T.);
#1928 = EDGE_LOOP('',(#1929));
#1929 = ORIENTED_EDGE('',*,*,#1422,.F.);
#1930 = FACE_BOUND('',#1931,.T.);
#1931 = EDGE_LOOP('',(#1932));
#1932 = ORIENTED_EDGE('',*,*,#1447,.F.);
#1933 = FACE_BOUND('',#1934,.T.);
#1934 = EDGE_LOOP('',(#1935));
#1935 = ORIENTED_EDGE('',*,*,#1472,.F.);
#1936 = FACE_BOUND('',#1937,.T.);
#1937 = EDGE_LOOP('',(#1938));
#1938 = ORIENTED_EDGE('',*,*,#1497,.F.);
#1939 = FACE_BOUND('',#1940,.T.);
#1940 = EDGE_LOOP('',(#1941));
#1941 = ORIENTED_EDGE('',*,*,#1522,.F.);
#1942 = PLANE('',#1943);
#1943 = AXIS2_PLACEMENT_3D('',#1944,#1945,#1946);
#1944 = CARTESIAN_POINT('',(-5.54,-1.183416652393,4.8));
#1945 = DIRECTION('',(-0.,-0.,-1.));
#1946 = DIRECTION('',(-1.,0.,0.));
#1947 = ADVANCED_FACE('',(#1948,#1958,#2028,#2039),#2050,.T.);
#1948 = FACE_BOUND('',#1949,.T.);
#1949 = EDGE_LOOP('',(#1950,#1951,#1952,#1953,#1954,#1955,#1956,#1957));
#1950 = ORIENTED_EDGE('',*,*,#1674,.T.);
#1951 = ORIENTED_EDGE('',*,*,#1725,.T.);
#1952 = ORIENTED_EDGE('',*,*,#1699,.T.);
#1953 = ORIENTED_EDGE('',*,*,#1657,.T.);
#1954 = ORIENTED_EDGE('',*,*,#1597,.T.);
#1955 = ORIENTED_EDGE('',*,*,#1547,.T.);
#1956 = ORIENTED_EDGE('',*,*,#1572,.T.);
#1957 = ORIENTED_EDGE('',*,*,#1623,.T.);
#1958 = FACE_BOUND('',#1959,.T.);
#1959 = EDGE_LOOP('',(#1960,#1970,#1979,#1987,#1996,#2004,#2013,#2021));
#1960 = ORIENTED_EDGE('',*,*,#1961,.T.);
#1961 = EDGE_CURVE('',#1962,#1964,#1966,.T.);
#1962 = VERTEX_POINT('',#1963);
#1963 = CARTESIAN_POINT('',(8.86,4.73,4.7));
#1964 = VERTEX_POINT('',#1965);
#1965 = CARTESIAN_POINT('',(-19.94,4.73,4.7));
#1966 = LINE('',#1967,#1968);
#1967 = CARTESIAN_POINT('',(8.86,4.73,4.7));
#1968 = VECTOR('',#1969,1.);
#1969 = DIRECTION('',(-1.,0.,0.));
#1970 = ORIENTED_EDGE('',*,*,#1971,.T.);
#1971 = EDGE_CURVE('',#1964,#1972,#1974,.T.);
#1972 = VERTEX_POINT('',#1973);
#1973 = CARTESIAN_POINT('',(-20.84,3.83,4.7));
#1974 = CIRCLE('',#1975,0.9);
#1975 = AXIS2_PLACEMENT_3D('',#1976,#1977,#1978);
#1976 = CARTESIAN_POINT('',(-19.94,3.83,4.7));
#1977 = DIRECTION('',(0.,-0.,1.));
#1978 = DIRECTION('',(0.,1.,0.));
#1979 = ORIENTED_EDGE('',*,*,#1980,.T.);
#1980 = EDGE_CURVE('',#1972,#1981,#1983,.T.);
#1981 = VERTEX_POINT('',#1982);
#1982 = CARTESIAN_POINT('',(-20.84,-6.67,4.7));
#1983 = LINE('',#1984,#1985);
#1984 = CARTESIAN_POINT('',(-20.84,3.83,4.7));
#1985 = VECTOR('',#1986,1.);
#1986 = DIRECTION('',(0.,-1.,0.));
#1987 = ORIENTED_EDGE('',*,*,#1988,.T.);
#1988 = EDGE_CURVE('',#1981,#1989,#1991,.T.);
#1989 = VERTEX_POINT('',#1990);
#1990 = CARTESIAN_POINT('',(-19.94,-7.57,4.7));
#1991 = CIRCLE('',#1992,0.9);
#1992 = AXIS2_PLACEMENT_3D('',#1993,#1994,#1995);
#1993 = CARTESIAN_POINT('',(-19.94,-6.67,4.7));
#1994 = DIRECTION('',(0.,0.,1.));
#1995 = DIRECTION('',(-1.,0.,0.));
#1996 = ORIENTED_EDGE('',*,*,#1997,.T.);
#1997 = EDGE_CURVE('',#1989,#1998,#2000,.T.);
#1998 = VERTEX_POINT('',#1999);
#1999 = CARTESIAN_POINT('',(8.86,-7.57,4.7));
#2000 = LINE('',#2001,#2002);
#2001 = CARTESIAN_POINT('',(-19.94,-7.57,4.7));
#2002 = VECTOR('',#2003,1.);
#2003 = DIRECTION('',(1.,0.,0.));
#2004 = ORIENTED_EDGE('',*,*,#2005,.T.);
#2005 = EDGE_CURVE('',#1998,#2006,#2008,.T.);
#2006 = VERTEX_POINT('',#2007);
#2007 = CARTESIAN_POINT('',(9.76,-6.67,4.7));
#2008 = CIRCLE('',#2009,0.9);
#2009 = AXIS2_PLACEMENT_3D('',#2010,#2011,#2012);
#2010 = CARTESIAN_POINT('',(8.86,-6.67,4.7));
#2011 = DIRECTION('',(-0.,0.,1.));
#2012 = DIRECTION('',(0.,-1.,0.));
#2013 = ORIENTED_EDGE('',*,*,#2014,.T.);
#2014 = EDGE_CURVE('',#2006,#2015,#2017,.T.);
#2015 = VERTEX_POINT('',#2016);
#2016 = CARTESIAN_POINT('',(9.76,3.83,4.7));
#2017 = LINE('',#2018,#2019);
#2018 = CARTESIAN_POINT('',(9.76,-6.67,4.7));
#2019 = VECTOR('',#2020,1.);
#2020 = DIRECTION('',(0.,1.,0.));
#2021 = ORIENTED_EDGE('',*,*,#2022,.T.);
#2022 = EDGE_CURVE('',#2015,#1962,#2023,.T.);
#2023 = CIRCLE('',#2024,0.9);
#2024 = AXIS2_PLACEMENT_3D('',#2025,#2026,#2027);
#2025 = CARTESIAN_POINT('',(8.86,3.83,4.7));
#2026 = DIRECTION('',(0.,0.,1.));
#2027 = DIRECTION('',(1.,0.,-0.));
#2028 = FACE_BOUND('',#2029,.T.);
#2029 = EDGE_LOOP('',(#2030));
#2030 = ORIENTED_EDGE('',*,*,#2031,.F.);
#2031 = EDGE_CURVE('',#2032,#2032,#2034,.T.);
#2032 = VERTEX_POINT('',#2033);
#2033 = CARTESIAN_POINT('',(-16.34,-1.42,4.7));
#2034 = CIRCLE('',#2035,1.7);
#2035 = AXIS2_PLACEMENT_3D('',#2036,#2037,#2038);
#2036 = CARTESIAN_POINT('',(-18.04,-1.42,4.7));
#2037 = DIRECTION('',(0.,0.,1.));
#2038 = DIRECTION('',(1.,0.,-0.));
#2039 = FACE_BOUND('',#2040,.T.);
#2040 = EDGE_LOOP('',(#2041));
#2041 = ORIENTED_EDGE('',*,*,#2042,.F.);
#2042 = EDGE_CURVE('',#2043,#2043,#2045,.T.);
#2043 = VERTEX_POINT('',#2044);
#2044 = CARTESIAN_POINT('',(8.66,-1.42,4.7));
#2045 = CIRCLE('',#2046,1.7);
#2046 = AXIS2_PLACEMENT_3D('',#2047,#2048,#2049);
#2047 = CARTESIAN_POINT('',(6.96,-1.42,4.7));
#2048 = DIRECTION('',(0.,0.,1.));
#2049 = DIRECTION('',(1.,0.,-0.));
#2050 = PLANE('',#2051);
#2051 = AXIS2_PLACEMENT_3D('',#2052,#2053,#2054);
#2052 = CARTESIAN_POINT('',(-5.54,-1.42,4.7));
#2053 = DIRECTION('',(0.,0.,1.));
#2054 = DIRECTION('',(1.,0.,-0.));
#2055 = ADVANCED_FACE('',(#2056),#2084,.F.);
#2056 = FACE_BOUND('',#2057,.F.);
#2057 = EDGE_LOOP('',(#2058,#2067,#2068,#2077));
#2058 = ORIENTED_EDGE('',*,*,#2059,.F.);
#2059 = EDGE_CURVE('',#1745,#2060,#2062,.T.);
#2060 = VERTEX_POINT('',#2061);
#2061 = CARTESIAN_POINT('',(0.297955898127,-3.948719691376,4.7));
#2062 = CIRCLE('',#2063,0.6);
#2063 = AXIS2_PLACEMENT_3D('',#2064,#2065,#2066);
#2064 = CARTESIAN_POINT('',(0.297955898127,-3.948719691376,5.3));
#2065 = DIRECTION('',(0.196799228439,0.98044380955,0.));
#2066 = DIRECTION('',(0.98044380955,-0.196799228439,0.));
#2067 = ORIENTED_EDGE('',*,*,#1742,.F.);
#2068 = ORIENTED_EDGE('',*,*,#2069,.T.);
#2069 = EDGE_CURVE('',#1743,#2070,#2072,.T.);
#2070 = VERTEX_POINT('',#2071);
#2071 = CARTESIAN_POINT('',(-9.422162569365E-02,-4.27,4.7));
#2072 = CIRCLE('',#2073,0.6);
#2073 = AXIS2_PLACEMENT_3D('',#2074,#2075,#2076);
#2074 = CARTESIAN_POINT('',(-9.422162569365E-02,-4.27,5.3));
#2075 = DIRECTION('',(1.,-4.718447854657E-16,0.));
#2076 = DIRECTION('',(-4.718447854657E-16,-1.,0.));
#2077 = ORIENTED_EDGE('',*,*,#2078,.F.);
#2078 = EDGE_CURVE('',#2060,#2070,#2079,.T.);
#2079 = CIRCLE('',#2080,0.4);
#2080 = AXIS2_PLACEMENT_3D('',#2081,#2082,#2083);
#2081 = CARTESIAN_POINT('',(-9.422162569365E-02,-3.87,4.7));
#2082 = DIRECTION('',(0.,-0.,-1.));
#2083 = DIRECTION('',(0.98044380955,-0.196799228439,0.));
#2084 = SURFACE_OF_REVOLUTION('',#2085,#2092);
#2085 = B_SPLINE_CURVE_WITH_KNOTS('',5,(#2086,#2087,#2088,#2089,#2090,
    #2091),.UNSPECIFIED.,.F.,.F.,(6,6),(0.985110783338,1.570796326795),
  .PIECEWISE_BEZIER_KNOTS.);
#2086 = CARTESIAN_POINT('',(0.623132322557,-4.013990611352,4.8));
#2087 = CARTESIAN_POINT('',(0.565709146015,-4.002464365046,
    4.761150016144));
#2088 = CARTESIAN_POINT('',(0.50270898642,-3.989818680837,4.730875000496
    ));
#2089 = CARTESIAN_POINT('',(0.43577171187,-3.976382720656,4.710290090423
    ));
#2090 = CARTESIAN_POINT('',(0.366863709978,-3.962551186943,4.7));
#2091 = CARTESIAN_POINT('',(0.297955898127,-3.948719691376,4.7));
#2092 = AXIS1_PLACEMENT('',#2093,#2094);
#2093 = CARTESIAN_POINT('',(-9.422162569365E-02,-3.87,5.3));
#2094 = DIRECTION('',(-0.,-0.,-1.));
#2095 = ADVANCED_FACE('',(#2096),#2115,.F.);
#2096 = FACE_BOUND('',#2097,.F.);
#2097 = EDGE_LOOP('',(#2098,#2099,#2107,#2114));
#2098 = ORIENTED_EDGE('',*,*,#2059,.T.);
#2099 = ORIENTED_EDGE('',*,*,#2100,.F.);
#2100 = EDGE_CURVE('',#2101,#2060,#2103,.T.);
#2101 = VERTEX_POINT('',#2102);
#2102 = CARTESIAN_POINT('',(1.281506622764,0.951280308624,4.7));
#2103 = LINE('',#2104,#2105);
#2104 = CARTESIAN_POINT('',(1.281506622764,0.951280308624,4.7));
#2105 = VECTOR('',#2106,1.);
#2106 = DIRECTION('',(-0.196799228439,-0.98044380955,0.));
#2107 = ORIENTED_EDGE('',*,*,#2108,.F.);
#2108 = EDGE_CURVE('',#1888,#2101,#2109,.T.);
#2109 = CIRCLE('',#2110,0.6);
#2110 = AXIS2_PLACEMENT_3D('',#2111,#2112,#2113);
#2111 = CARTESIAN_POINT('',(1.281506622764,0.951280308624,5.3));
#2112 = DIRECTION('',(0.196799228439,0.98044380955,0.));
#2113 = DIRECTION('',(0.98044380955,-0.196799228439,0.));
#2114 = ORIENTED_EDGE('',*,*,#1910,.T.);
#2115 = CYLINDRICAL_SURFACE('',#2116,0.6);
#2116 = AXIS2_PLACEMENT_3D('',#2117,#2118,#2119);
#2117 = CARTESIAN_POINT('',(1.281506622764,0.951280308624,5.3));
#2118 = DIRECTION('',(-0.196799228439,-0.98044380955,0.));
#2119 = DIRECTION('',(0.98044380955,-0.196799228439,0.));
#2120 = ADVANCED_FACE('',(#2121),#2141,.F.);
#2121 = FACE_BOUND('',#2122,.F.);
#2122 = EDGE_LOOP('',(#2123,#2132,#2133,#2134));
#2123 = ORIENTED_EDGE('',*,*,#2124,.F.);
#2124 = EDGE_CURVE('',#1880,#2125,#2127,.T.);
#2125 = VERTEX_POINT('',#2126);
#2126 = CARTESIAN_POINT('',(0.889329098944,1.43,4.7));
#2127 = CIRCLE('',#2128,0.6);
#2128 = AXIS2_PLACEMENT_3D('',#2129,#2130,#2131);
#2129 = CARTESIAN_POINT('',(0.889329098944,1.43,5.3));
#2130 = DIRECTION('',(-1.,0.,0.));
#2131 = DIRECTION('',(0.,1.,0.));
#2132 = ORIENTED_EDGE('',*,*,#1887,.F.);
#2133 = ORIENTED_EDGE('',*,*,#2108,.T.);
#2134 = ORIENTED_EDGE('',*,*,#2135,.F.);
#2135 = EDGE_CURVE('',#2125,#2101,#2136,.T.);
#2136 = CIRCLE('',#2137,0.4);
#2137 = AXIS2_PLACEMENT_3D('',#2138,#2139,#2140);
#2138 = CARTESIAN_POINT('',(0.889329098944,1.03,4.7));
#2139 = DIRECTION('',(0.,0.,-1.));
#2140 = DIRECTION('',(0.,1.,0.));
#2141 = SURFACE_OF_REVOLUTION('',#2142,#2149);
#2142 = B_SPLINE_CURVE_WITH_KNOTS('',5,(#2143,#2144,#2145,#2146,#2147,
    #2148),.UNSPECIFIED.,.F.,.F.,(6,6),(0.985110783338,1.570796326795),
  .PIECEWISE_BEZIER_KNOTS.);
#2143 = CARTESIAN_POINT('',(0.889329098944,1.761662479036,4.8));
#2144 = CARTESIAN_POINT('',(0.889329098944,1.70309392469,4.761150016144)
  );
#2145 = CARTESIAN_POINT('',(0.889329098944,1.638837147319,4.730875000496
    ));
#2146 = CARTESIAN_POINT('',(0.889329098944,1.570564724262,4.710290090423
    ));
#2147 = CARTESIAN_POINT('',(0.889329098944,1.500282265215,4.7));
#2148 = CARTESIAN_POINT('',(0.889329098944,1.43,4.7));
#2149 = AXIS1_PLACEMENT('',#2150,#2151);
#2150 = CARTESIAN_POINT('',(0.889329098944,1.03,5.3));
#2151 = DIRECTION('',(-0.,-0.,-1.));
#2152 = ADVANCED_FACE('',(#2153),#2172,.F.);
#2153 = FACE_BOUND('',#2154,.F.);
#2154 = EDGE_LOOP('',(#2155,#2156,#2164,#2171));
#2155 = ORIENTED_EDGE('',*,*,#2124,.T.);
#2156 = ORIENTED_EDGE('',*,*,#2157,.F.);
#2157 = EDGE_CURVE('',#2158,#2125,#2160,.T.);
#2158 = VERTEX_POINT('',#2159);
#2159 = CARTESIAN_POINT('',(-11.96932909894,1.43,4.7));
#2160 = LINE('',#2161,#2162);
#2161 = CARTESIAN_POINT('',(-11.96932909894,1.43,4.7));
#2162 = VECTOR('',#2163,1.);
#2163 = DIRECTION('',(1.,0.,0.));
#2164 = ORIENTED_EDGE('',*,*,#2165,.F.);
#2165 = EDGE_CURVE('',#1848,#2158,#2166,.T.);
#2166 = CIRCLE('',#2167,0.6);
#2167 = AXIS2_PLACEMENT_3D('',#2168,#2169,#2170);
#2168 = CARTESIAN_POINT('',(-11.96932909894,1.43,5.3));
#2169 = DIRECTION('',(-1.,8.326672684689E-17,0.));
#2170 = DIRECTION('',(8.326672684689E-17,1.,0.));
#2171 = ORIENTED_EDGE('',*,*,#1879,.T.);
#2172 = CYLINDRICAL_SURFACE('',#2173,0.6);
#2173 = AXIS2_PLACEMENT_3D('',#2174,#2175,#2176);
#2174 = CARTESIAN_POINT('',(-11.96932909894,1.43,5.3));
#2175 = DIRECTION('',(1.,0.,0.));
#2176 = DIRECTION('',(-0.,1.,0.));
#2177 = ADVANCED_FACE('',(#2178),#2198,.F.);
#2178 = FACE_BOUND('',#2179,.F.);
#2179 = EDGE_LOOP('',(#2180,#2189,#2190,#2191));
#2180 = ORIENTED_EDGE('',*,*,#2181,.F.);
#2181 = EDGE_CURVE('',#1840,#2182,#2184,.T.);
#2182 = VERTEX_POINT('',#2183);
#2183 = CARTESIAN_POINT('',(-12.36150662276,0.951280308624,4.7));
#2184 = CIRCLE('',#2185,0.6);
#2185 = AXIS2_PLACEMENT_3D('',#2186,#2187,#2188);
#2186 = CARTESIAN_POINT('',(-12.36150662276,0.951280308624,5.3));
#2187 = DIRECTION('',(0.196799228439,-0.98044380955,0.));
#2188 = DIRECTION('',(-0.98044380955,-0.196799228439,0.));
#2189 = ORIENTED_EDGE('',*,*,#1847,.F.);
#2190 = ORIENTED_EDGE('',*,*,#2165,.T.);
#2191 = ORIENTED_EDGE('',*,*,#2192,.F.);
#2192 = EDGE_CURVE('',#2182,#2158,#2193,.T.);
#2193 = CIRCLE('',#2194,0.4);
#2194 = AXIS2_PLACEMENT_3D('',#2195,#2196,#2197);
#2195 = CARTESIAN_POINT('',(-11.96932909894,1.03,4.7));
#2196 = DIRECTION('',(-0.,0.,-1.));
#2197 = DIRECTION('',(-0.98044380955,-0.196799228439,0.));
#2198 = SURFACE_OF_REVOLUTION('',#2199,#2206);
#2199 = B_SPLINE_CURVE_WITH_KNOTS('',5,(#2200,#2201,#2202,#2203,#2204,
    #2205),.UNSPECIFIED.,.F.,.F.,(6,6),(0.985110783338,1.570796326795),
  .PIECEWISE_BEZIER_KNOTS.);
#2200 = CARTESIAN_POINT('',(-12.68668304719,0.886009388648,4.8));
#2201 = CARTESIAN_POINT('',(-12.62925987065,0.897535634954,
    4.761150016144));
#2202 = CARTESIAN_POINT('',(-12.56625971105,0.910181319163,
    4.730875000496));
#2203 = CARTESIAN_POINT('',(-12.4993224365,0.923617279344,4.710290090423
    ));
#2204 = CARTESIAN_POINT('',(-12.43041443461,0.937448813057,4.7));
#2205 = CARTESIAN_POINT('',(-12.36150662276,0.951280308624,4.7));
#2206 = AXIS1_PLACEMENT('',#2207,#2208);
#2207 = CARTESIAN_POINT('',(-11.96932909894,1.03,5.3));
#2208 = DIRECTION('',(-0.,-0.,-1.));
#2209 = ADVANCED_FACE('',(#2210),#2229,.F.);
#2210 = FACE_BOUND('',#2211,.F.);
#2211 = EDGE_LOOP('',(#2212,#2213,#2221,#2228));
#2212 = ORIENTED_EDGE('',*,*,#2181,.T.);
#2213 = ORIENTED_EDGE('',*,*,#2214,.F.);
#2214 = EDGE_CURVE('',#2215,#2182,#2217,.T.);
#2215 = VERTEX_POINT('',#2216);
#2216 = CARTESIAN_POINT('',(-11.37795589812,-3.948719691376,4.7));
#2217 = LINE('',#2218,#2219);
#2218 = CARTESIAN_POINT('',(-11.37795589812,-3.948719691376,4.7));
#2219 = VECTOR('',#2220,1.);
#2220 = DIRECTION('',(-0.196799228439,0.98044380955,0.));
#2221 = ORIENTED_EDGE('',*,*,#2222,.F.);
#2222 = EDGE_CURVE('',#1776,#2215,#2223,.T.);
#2223 = CIRCLE('',#2224,0.6);
#2224 = AXIS2_PLACEMENT_3D('',#2225,#2226,#2227);
#2225 = CARTESIAN_POINT('',(-11.37795589812,-3.948719691376,5.3));
#2226 = DIRECTION('',(0.196799228439,-0.98044380955,0.));
#2227 = DIRECTION('',(-0.98044380955,-0.196799228439,0.));
#2228 = ORIENTED_EDGE('',*,*,#1839,.T.);
#2229 = CYLINDRICAL_SURFACE('',#2230,0.6);
#2230 = AXIS2_PLACEMENT_3D('',#2231,#2232,#2233);
#2231 = CARTESIAN_POINT('',(-11.37795589812,-3.948719691376,5.3));
#2232 = DIRECTION('',(-0.196799228439,0.98044380955,0.));
#2233 = DIRECTION('',(-0.98044380955,-0.196799228439,0.));
#2234 = ADVANCED_FACE('',(#2235),#2255,.F.);
#2235 = FACE_BOUND('',#2236,.F.);
#2236 = EDGE_LOOP('',(#2237,#2246,#2247,#2248));
#2237 = ORIENTED_EDGE('',*,*,#2238,.F.);
#2238 = EDGE_CURVE('',#1768,#2239,#2241,.T.);
#2239 = VERTEX_POINT('',#2240);
#2240 = CARTESIAN_POINT('',(-10.9857783743,-4.27,4.7));
#2241 = CIRCLE('',#2242,0.6);
#2242 = AXIS2_PLACEMENT_3D('',#2243,#2244,#2245);
#2243 = CARTESIAN_POINT('',(-10.9857783743,-4.27,5.3));
#2244 = DIRECTION('',(1.,0.,0.));
#2245 = DIRECTION('',(0.,-1.,0.));
#2246 = ORIENTED_EDGE('',*,*,#1775,.F.);
#2247 = ORIENTED_EDGE('',*,*,#2222,.T.);
#2248 = ORIENTED_EDGE('',*,*,#2249,.F.);
#2249 = EDGE_CURVE('',#2239,#2215,#2250,.T.);
#2250 = CIRCLE('',#2251,0.4);
#2251 = AXIS2_PLACEMENT_3D('',#2252,#2253,#2254);
#2252 = CARTESIAN_POINT('',(-10.9857783743,-3.87,4.7));
#2253 = DIRECTION('',(-0.,-0.,-1.));
#2254 = DIRECTION('',(0.,-1.,0.));
#2255 = SURFACE_OF_REVOLUTION('',#2256,#2263);
#2256 = B_SPLINE_CURVE_WITH_KNOTS('',5,(#2257,#2258,#2259,#2260,#2261,
    #2262),.UNSPECIFIED.,.F.,.F.,(6,6),(0.985110783338,1.570796326795),
  .PIECEWISE_BEZIER_KNOTS.);
#2257 = CARTESIAN_POINT('',(-10.9857783743,-4.601662479036,4.8));
#2258 = CARTESIAN_POINT('',(-10.9857783743,-4.54309392469,4.761150016144
    ));
#2259 = CARTESIAN_POINT('',(-10.9857783743,-4.478837147319,
    4.730875000496));
#2260 = CARTESIAN_POINT('',(-10.9857783743,-4.410564724262,
    4.710290090423));
#2261 = CARTESIAN_POINT('',(-10.9857783743,-4.340282265215,4.7));
#2262 = CARTESIAN_POINT('',(-10.9857783743,-4.27,4.7));
#2263 = AXIS1_PLACEMENT('',#2264,#2265);
#2264 = CARTESIAN_POINT('',(-10.9857783743,-3.87,5.3));
#2265 = DIRECTION('',(-0.,-0.,-1.));
#2266 = ADVANCED_FACE('',(#2267),#2278,.F.);
#2267 = FACE_BOUND('',#2268,.F.);
#2268 = EDGE_LOOP('',(#2269,#2270,#2276,#2277));
#2269 = ORIENTED_EDGE('',*,*,#2238,.T.);
#2270 = ORIENTED_EDGE('',*,*,#2271,.F.);
#2271 = EDGE_CURVE('',#2070,#2239,#2272,.T.);
#2272 = LINE('',#2273,#2274);
#2273 = CARTESIAN_POINT('',(-9.422162569365E-02,-4.27,4.7));
#2274 = VECTOR('',#2275,1.);
#2275 = DIRECTION('',(-1.,0.,0.));
#2276 = ORIENTED_EDGE('',*,*,#2069,.F.);
#2277 = ORIENTED_EDGE('',*,*,#1767,.T.);
#2278 = CYLINDRICAL_SURFACE('',#2279,0.6);
#2279 = AXIS2_PLACEMENT_3D('',#2280,#2281,#2282);
#2280 = CARTESIAN_POINT('',(-9.422162569365E-02,-4.27,5.3));
#2281 = DIRECTION('',(-1.,0.,0.));
#2282 = DIRECTION('',(0.,-1.,0.));
#2283 = ADVANCED_FACE('',(#2284),#2311,.T.);
#2284 = FACE_BOUND('',#2285,.T.);
#2285 = EDGE_LOOP('',(#2286,#2296,#2303,#2304));
#2286 = ORIENTED_EDGE('',*,*,#2287,.T.);
#2287 = EDGE_CURVE('',#2288,#2290,#2292,.T.);
#2288 = VERTEX_POINT('',#2289);
#2289 = CARTESIAN_POINT('',(8.86,4.83,4.6));
#2290 = VERTEX_POINT('',#2291);
#2291 = CARTESIAN_POINT('',(-19.94,4.83,4.6));
#2292 = LINE('',#2293,#2294);
#2293 = CARTESIAN_POINT('',(8.86,4.83,4.6));
#2294 = VECTOR('',#2295,1.);
#2295 = DIRECTION('',(-1.,0.,0.));
#2296 = ORIENTED_EDGE('',*,*,#2297,.T.);
#2297 = EDGE_CURVE('',#2290,#1964,#2298,.T.);
#2298 = CIRCLE('',#2299,0.1);
#2299 = AXIS2_PLACEMENT_3D('',#2300,#2301,#2302);
#2300 = CARTESIAN_POINT('',(-19.94,4.73,4.6));
#2301 = DIRECTION('',(1.,0.,0.));
#2302 = DIRECTION('',(-0.,1.,0.));
#2303 = ORIENTED_EDGE('',*,*,#1961,.F.);
#2304 = ORIENTED_EDGE('',*,*,#2305,.F.);
#2305 = EDGE_CURVE('',#2288,#1962,#2306,.T.);
#2306 = CIRCLE('',#2307,0.1);
#2307 = AXIS2_PLACEMENT_3D('',#2308,#2309,#2310);
#2308 = CARTESIAN_POINT('',(8.86,4.73,4.6));
#2309 = DIRECTION('',(1.,0.,0.));
#2310 = DIRECTION('',(-0.,1.,0.));
#2311 = CYLINDRICAL_SURFACE('',#2312,0.1);
#2312 = AXIS2_PLACEMENT_3D('',#2313,#2314,#2315);
#2313 = CARTESIAN_POINT('',(8.86,4.73,4.6));
#2314 = DIRECTION('',(-1.,0.,0.));
#2315 = DIRECTION('',(0.,1.,0.));
#2316 = ADVANCED_FACE('',(#2317),#2337,.T.);
#2317 = FACE_BOUND('',#2318,.T.);
#2318 = EDGE_LOOP('',(#2319,#2328,#2335,#2336));
#2319 = ORIENTED_EDGE('',*,*,#2320,.F.);
#2320 = EDGE_CURVE('',#2321,#2015,#2323,.T.);
#2321 = VERTEX_POINT('',#2322);
#2322 = CARTESIAN_POINT('',(9.86,3.83,4.6));
#2323 = CIRCLE('',#2324,0.1);
#2324 = AXIS2_PLACEMENT_3D('',#2325,#2326,#2327);
#2325 = CARTESIAN_POINT('',(9.76,3.83,4.6));
#2326 = DIRECTION('',(0.,-1.,0.));
#2327 = DIRECTION('',(1.,0.,0.));
#2328 = ORIENTED_EDGE('',*,*,#2329,.T.);
#2329 = EDGE_CURVE('',#2321,#2288,#2330,.T.);
#2330 = CIRCLE('',#2331,1.);
#2331 = AXIS2_PLACEMENT_3D('',#2332,#2333,#2334);
#2332 = CARTESIAN_POINT('',(8.86,3.83,4.6));
#2333 = DIRECTION('',(0.,0.,1.));
#2334 = DIRECTION('',(1.,0.,-0.));
#2335 = ORIENTED_EDGE('',*,*,#2305,.T.);
#2336 = ORIENTED_EDGE('',*,*,#2022,.F.);
#2337 = TOROIDAL_SURFACE('',#2338,0.9,0.1);
#2338 = AXIS2_PLACEMENT_3D('',#2339,#2340,#2341);
#2339 = CARTESIAN_POINT('',(8.86,3.83,4.6));
#2340 = DIRECTION('',(0.,0.,1.));
#2341 = DIRECTION('',(1.,0.,-0.));
#2342 = ADVANCED_FACE('',(#2343),#2363,.T.);
#2343 = FACE_BOUND('',#2344,.T.);
#2344 = EDGE_LOOP('',(#2345,#2346,#2355,#2362));
#2345 = ORIENTED_EDGE('',*,*,#2297,.F.);
#2346 = ORIENTED_EDGE('',*,*,#2347,.T.);
#2347 = EDGE_CURVE('',#2290,#2348,#2350,.T.);
#2348 = VERTEX_POINT('',#2349);
#2349 = CARTESIAN_POINT('',(-20.94,3.83,4.6));
#2350 = CIRCLE('',#2351,1.);
#2351 = AXIS2_PLACEMENT_3D('',#2352,#2353,#2354);
#2352 = CARTESIAN_POINT('',(-19.94,3.83,4.6));
#2353 = DIRECTION('',(0.,-0.,1.));
#2354 = DIRECTION('',(0.,1.,0.));
#2355 = ORIENTED_EDGE('',*,*,#2356,.T.);
#2356 = EDGE_CURVE('',#2348,#1972,#2357,.T.);
#2357 = CIRCLE('',#2358,0.1);
#2358 = AXIS2_PLACEMENT_3D('',#2359,#2360,#2361);
#2359 = CARTESIAN_POINT('',(-20.84,3.83,4.6));
#2360 = DIRECTION('',(6.123233995737E-17,1.,-0.));
#2361 = DIRECTION('',(-1.,6.123233995737E-17,0.));
#2362 = ORIENTED_EDGE('',*,*,#1971,.F.);
#2363 = TOROIDAL_SURFACE('',#2364,0.9,0.1);
#2364 = AXIS2_PLACEMENT_3D('',#2365,#2366,#2367);
#2365 = CARTESIAN_POINT('',(-19.94,3.83,4.6));
#2366 = DIRECTION('',(0.,0.,1.));
#2367 = DIRECTION('',(0.,1.,0.));
#2368 = ADVANCED_FACE('',(#2369),#2388,.T.);
#2369 = FACE_BOUND('',#2370,.T.);
#2370 = EDGE_LOOP('',(#2371,#2379,#2380,#2381));
#2371 = ORIENTED_EDGE('',*,*,#2372,.T.);
#2372 = EDGE_CURVE('',#2373,#2321,#2375,.T.);
#2373 = VERTEX_POINT('',#2374);
#2374 = CARTESIAN_POINT('',(9.86,-6.67,4.6));
#2375 = LINE('',#2376,#2377);
#2376 = CARTESIAN_POINT('',(9.86,-6.67,4.6));
#2377 = VECTOR('',#2378,1.);
#2378 = DIRECTION('',(0.,1.,0.));
#2379 = ORIENTED_EDGE('',*,*,#2320,.T.);
#2380 = ORIENTED_EDGE('',*,*,#2014,.F.);
#2381 = ORIENTED_EDGE('',*,*,#2382,.F.);
#2382 = EDGE_CURVE('',#2373,#2006,#2383,.T.);
#2383 = CIRCLE('',#2384,0.1);
#2384 = AXIS2_PLACEMENT_3D('',#2385,#2386,#2387);
#2385 = CARTESIAN_POINT('',(9.76,-6.67,4.6));
#2386 = DIRECTION('',(-6.123233995737E-17,-1.,0.));
#2387 = DIRECTION('',(1.,-6.123233995737E-17,0.));
#2388 = CYLINDRICAL_SURFACE('',#2389,0.1);
#2389 = AXIS2_PLACEMENT_3D('',#2390,#2391,#2392);
#2390 = CARTESIAN_POINT('',(9.76,-6.67,4.6));
#2391 = DIRECTION('',(0.,1.,0.));
#2392 = DIRECTION('',(1.,0.,0.));
#2393 = ADVANCED_FACE('',(#2394),#2413,.T.);
#2394 = FACE_BOUND('',#2395,.T.);
#2395 = EDGE_LOOP('',(#2396,#2404,#2411,#2412));
#2396 = ORIENTED_EDGE('',*,*,#2397,.T.);
#2397 = EDGE_CURVE('',#2348,#2398,#2400,.T.);
#2398 = VERTEX_POINT('',#2399);
#2399 = CARTESIAN_POINT('',(-20.94,-6.67,4.6));
#2400 = LINE('',#2401,#2402);
#2401 = CARTESIAN_POINT('',(-20.94,3.83,4.6));
#2402 = VECTOR('',#2403,1.);
#2403 = DIRECTION('',(0.,-1.,0.));
#2404 = ORIENTED_EDGE('',*,*,#2405,.T.);
#2405 = EDGE_CURVE('',#2398,#1981,#2406,.T.);
#2406 = CIRCLE('',#2407,0.1);
#2407 = AXIS2_PLACEMENT_3D('',#2408,#2409,#2410);
#2408 = CARTESIAN_POINT('',(-20.84,-6.67,4.6));
#2409 = DIRECTION('',(0.,1.,-0.));
#2410 = DIRECTION('',(-1.,0.,0.));
#2411 = ORIENTED_EDGE('',*,*,#1980,.F.);
#2412 = ORIENTED_EDGE('',*,*,#2356,.F.);
#2413 = CYLINDRICAL_SURFACE('',#2414,0.1);
#2414 = AXIS2_PLACEMENT_3D('',#2415,#2416,#2417);
#2415 = CARTESIAN_POINT('',(-20.84,3.83,4.6));
#2416 = DIRECTION('',(0.,-1.,0.));
#2417 = DIRECTION('',(-1.,0.,0.));
#2418 = ADVANCED_FACE('',(#2419),#2439,.T.);
#2419 = FACE_BOUND('',#2420,.T.);
#2420 = EDGE_LOOP('',(#2421,#2430,#2437,#2438));
#2421 = ORIENTED_EDGE('',*,*,#2422,.F.);
#2422 = EDGE_CURVE('',#2423,#1998,#2425,.T.);
#2423 = VERTEX_POINT('',#2424);
#2424 = CARTESIAN_POINT('',(8.86,-7.67,4.6));
#2425 = CIRCLE('',#2426,0.1);
#2426 = AXIS2_PLACEMENT_3D('',#2427,#2428,#2429);
#2427 = CARTESIAN_POINT('',(8.86,-7.57,4.6));
#2428 = DIRECTION('',(-1.,0.,0.));
#2429 = DIRECTION('',(0.,-1.,0.));
#2430 = ORIENTED_EDGE('',*,*,#2431,.T.);
#2431 = EDGE_CURVE('',#2423,#2373,#2432,.T.);
#2432 = CIRCLE('',#2433,1.);
#2433 = AXIS2_PLACEMENT_3D('',#2434,#2435,#2436);
#2434 = CARTESIAN_POINT('',(8.86,-6.67,4.6));
#2435 = DIRECTION('',(-0.,0.,1.));
#2436 = DIRECTION('',(0.,-1.,0.));
#2437 = ORIENTED_EDGE('',*,*,#2382,.T.);
#2438 = ORIENTED_EDGE('',*,*,#2005,.F.);
#2439 = TOROIDAL_SURFACE('',#2440,0.9,0.1);
#2440 = AXIS2_PLACEMENT_3D('',#2441,#2442,#2443);
#2441 = CARTESIAN_POINT('',(8.86,-6.67,4.6));
#2442 = DIRECTION('',(0.,0.,1.));
#2443 = DIRECTION('',(0.,-1.,0.));
#2444 = ADVANCED_FACE('',(#2445),#2465,.T.);
#2445 = FACE_BOUND('',#2446,.T.);
#2446 = EDGE_LOOP('',(#2447,#2448,#2457,#2464));
#2447 = ORIENTED_EDGE('',*,*,#2405,.F.);
#2448 = ORIENTED_EDGE('',*,*,#2449,.T.);
#2449 = EDGE_CURVE('',#2398,#2450,#2452,.T.);
#2450 = VERTEX_POINT('',#2451);
#2451 = CARTESIAN_POINT('',(-19.94,-7.67,4.6));
#2452 = CIRCLE('',#2453,1.);
#2453 = AXIS2_PLACEMENT_3D('',#2454,#2455,#2456);
#2454 = CARTESIAN_POINT('',(-19.94,-6.67,4.6));
#2455 = DIRECTION('',(0.,0.,1.));
#2456 = DIRECTION('',(-1.,0.,0.));
#2457 = ORIENTED_EDGE('',*,*,#2458,.T.);
#2458 = EDGE_CURVE('',#2450,#1989,#2459,.T.);
#2459 = CIRCLE('',#2460,0.1);
#2460 = AXIS2_PLACEMENT_3D('',#2461,#2462,#2463);
#2461 = CARTESIAN_POINT('',(-19.94,-7.57,4.6));
#2462 = DIRECTION('',(-1.,6.123233995737E-17,0.));
#2463 = DIRECTION('',(-6.123233995737E-17,-1.,0.));
#2464 = ORIENTED_EDGE('',*,*,#1988,.F.);
#2465 = TOROIDAL_SURFACE('',#2466,0.9,0.1);
#2466 = AXIS2_PLACEMENT_3D('',#2467,#2468,#2469);
#2467 = CARTESIAN_POINT('',(-19.94,-6.67,4.6));
#2468 = DIRECTION('',(0.,0.,1.));
#2469 = DIRECTION('',(-1.,0.,0.));
#2470 = ADVANCED_FACE('',(#2471),#2482,.T.);
#2471 = FACE_BOUND('',#2472,.T.);
#2472 = EDGE_LOOP('',(#2473,#2479,#2480,#2481));
#2473 = ORIENTED_EDGE('',*,*,#2474,.T.);
#2474 = EDGE_CURVE('',#2450,#2423,#2475,.T.);
#2475 = LINE('',#2476,#2477);
#2476 = CARTESIAN_POINT('',(-19.94,-7.67,4.6));
#2477 = VECTOR('',#2478,1.);
#2478 = DIRECTION('',(1.,0.,0.));
#2479 = ORIENTED_EDGE('',*,*,#2422,.T.);
#2480 = ORIENTED_EDGE('',*,*,#1997,.F.);
#2481 = ORIENTED_EDGE('',*,*,#2458,.F.);
#2482 = CYLINDRICAL_SURFACE('',#2483,0.1);
#2483 = AXIS2_PLACEMENT_3D('',#2484,#2485,#2486);
#2484 = CARTESIAN_POINT('',(-19.94,-7.57,4.6));
#2485 = DIRECTION('',(1.,0.,0.));
#2486 = DIRECTION('',(0.,-1.,0.));
#2487 = ADVANCED_FACE('',(#2488),#2508,.T.);
#2488 = FACE_BOUND('',#2489,.T.);
#2489 = EDGE_LOOP('',(#2490,#2499,#2506,#2507));
#2490 = ORIENTED_EDGE('',*,*,#2491,.F.);
#2491 = EDGE_CURVE('',#2492,#2032,#2494,.T.);
#2492 = VERTEX_POINT('',#2493);
#2493 = CARTESIAN_POINT('',(-16.44,-1.42,4.6));
#2494 = CIRCLE('',#2495,0.1);
#2495 = AXIS2_PLACEMENT_3D('',#2496,#2497,#2498);
#2496 = CARTESIAN_POINT('',(-16.34,-1.42,4.6));
#2497 = DIRECTION('',(-0.,1.,0.));
#2498 = DIRECTION('',(1.,0.,0.));
#2499 = ORIENTED_EDGE('',*,*,#2500,.F.);
#2500 = EDGE_CURVE('',#2492,#2492,#2501,.T.);
#2501 = CIRCLE('',#2502,1.6);
#2502 = AXIS2_PLACEMENT_3D('',#2503,#2504,#2505);
#2503 = CARTESIAN_POINT('',(-18.04,-1.42,4.6));
#2504 = DIRECTION('',(0.,0.,1.));
#2505 = DIRECTION('',(1.,0.,-0.));
#2506 = ORIENTED_EDGE('',*,*,#2491,.T.);
#2507 = ORIENTED_EDGE('',*,*,#2031,.T.);
#2508 = TOROIDAL_SURFACE('',#2509,1.7,0.1);
#2509 = AXIS2_PLACEMENT_3D('',#2510,#2511,#2512);
#2510 = CARTESIAN_POINT('',(-18.04,-1.42,4.6));
#2511 = DIRECTION('',(-0.,-0.,-1.));
#2512 = DIRECTION('',(1.,0.,0.));
#2513 = ADVANCED_FACE('',(#2514),#2534,.T.);
#2514 = FACE_BOUND('',#2515,.T.);
#2515 = EDGE_LOOP('',(#2516,#2525,#2532,#2533));
#2516 = ORIENTED_EDGE('',*,*,#2517,.F.);
#2517 = EDGE_CURVE('',#2518,#2043,#2520,.T.);
#2518 = VERTEX_POINT('',#2519);
#2519 = CARTESIAN_POINT('',(8.56,-1.42,4.6));
#2520 = CIRCLE('',#2521,0.1);
#2521 = AXIS2_PLACEMENT_3D('',#2522,#2523,#2524);
#2522 = CARTESIAN_POINT('',(8.66,-1.42,4.6));
#2523 = DIRECTION('',(-0.,1.,0.));
#2524 = DIRECTION('',(1.,0.,0.));
#2525 = ORIENTED_EDGE('',*,*,#2526,.F.);
#2526 = EDGE_CURVE('',#2518,#2518,#2527,.T.);
#2527 = CIRCLE('',#2528,1.6);
#2528 = AXIS2_PLACEMENT_3D('',#2529,#2530,#2531);
#2529 = CARTESIAN_POINT('',(6.96,-1.42,4.6));
#2530 = DIRECTION('',(0.,0.,1.));
#2531 = DIRECTION('',(1.,0.,-0.));
#2532 = ORIENTED_EDGE('',*,*,#2517,.T.);
#2533 = ORIENTED_EDGE('',*,*,#2042,.T.);
#2534 = TOROIDAL_SURFACE('',#2535,1.7,0.1);
#2535 = AXIS2_PLACEMENT_3D('',#2536,#2537,#2538);
#2536 = CARTESIAN_POINT('',(6.96,-1.42,4.6));
#2537 = DIRECTION('',(-0.,-0.,-1.));
#2538 = DIRECTION('',(1.,0.,0.));
#2539 = ADVANCED_FACE('',(#2540),#2550,.T.);
#2540 = FACE_BOUND('',#2541,.T.);
#2541 = EDGE_LOOP('',(#2542,#2543,#2544,#2545,#2546,#2547,#2548,#2549));
#2542 = ORIENTED_EDGE('',*,*,#2078,.F.);
#2543 = ORIENTED_EDGE('',*,*,#2100,.F.);
#2544 = ORIENTED_EDGE('',*,*,#2135,.F.);
#2545 = ORIENTED_EDGE('',*,*,#2157,.F.);
#2546 = ORIENTED_EDGE('',*,*,#2192,.F.);
#2547 = ORIENTED_EDGE('',*,*,#2214,.F.);
#2548 = ORIENTED_EDGE('',*,*,#2249,.F.);
#2549 = ORIENTED_EDGE('',*,*,#2271,.F.);
#2550 = PLANE('',#2551);
#2551 = AXIS2_PLACEMENT_3D('',#2552,#2553,#2554);
#2552 = CARTESIAN_POINT('',(-5.54,-1.42,4.7));
#2553 = DIRECTION('',(0.,0.,1.));
#2554 = DIRECTION('',(1.,0.,-0.));
#2555 = ADVANCED_FACE('',(#2556),#2581,.F.);
#2556 = FACE_BOUND('',#2557,.F.);
#2557 = EDGE_LOOP('',(#2558,#2566,#2574,#2580));
#2558 = ORIENTED_EDGE('',*,*,#2559,.F.);
#2559 = EDGE_CURVE('',#2560,#2290,#2562,.T.);
#2560 = VERTEX_POINT('',#2561);
#2561 = CARTESIAN_POINT('',(-19.94,4.83,4.4));
#2562 = LINE('',#2563,#2564);
#2563 = CARTESIAN_POINT('',(-19.94,4.83,4.3));
#2564 = VECTOR('',#2565,1.);
#2565 = DIRECTION('',(0.,0.,1.));
#2566 = ORIENTED_EDGE('',*,*,#2567,.F.);
#2567 = EDGE_CURVE('',#2568,#2560,#2570,.T.);
#2568 = VERTEX_POINT('',#2569);
#2569 = CARTESIAN_POINT('',(8.86,4.83,4.4));
#2570 = LINE('',#2571,#2572);
#2571 = CARTESIAN_POINT('',(8.86,4.83,4.4));
#2572 = VECTOR('',#2573,1.);
#2573 = DIRECTION('',(-1.,0.,0.));
#2574 = ORIENTED_EDGE('',*,*,#2575,.T.);
#2575 = EDGE_CURVE('',#2568,#2288,#2576,.T.);
#2576 = LINE('',#2577,#2578);
#2577 = CARTESIAN_POINT('',(8.86,4.83,4.3));
#2578 = VECTOR('',#2579,1.);
#2579 = DIRECTION('',(0.,0.,1.));
#2580 = ORIENTED_EDGE('',*,*,#2287,.T.);
#2581 = PLANE('',#2582);
#2582 = AXIS2_PLACEMENT_3D('',#2583,#2584,#2585);
#2583 = CARTESIAN_POINT('',(9.86,4.83,4.3));
#2584 = DIRECTION('',(0.,-1.,0.));
#2585 = DIRECTION('',(-1.,0.,0.));
#2586 = ADVANCED_FACE('',(#2587),#2606,.T.);
#2587 = FACE_BOUND('',#2588,.T.);
#2588 = EDGE_LOOP('',(#2589,#2597,#2604,#2605));
#2589 = ORIENTED_EDGE('',*,*,#2590,.F.);
#2590 = EDGE_CURVE('',#2591,#2321,#2593,.T.);
#2591 = VERTEX_POINT('',#2592);
#2592 = CARTESIAN_POINT('',(9.86,3.83,4.4));
#2593 = LINE('',#2594,#2595);
#2594 = CARTESIAN_POINT('',(9.86,3.83,4.3));
#2595 = VECTOR('',#2596,1.);
#2596 = DIRECTION('',(0.,0.,1.));
#2597 = ORIENTED_EDGE('',*,*,#2598,.T.);
#2598 = EDGE_CURVE('',#2591,#2568,#2599,.T.);
#2599 = CIRCLE('',#2600,1.);
#2600 = AXIS2_PLACEMENT_3D('',#2601,#2602,#2603);
#2601 = CARTESIAN_POINT('',(8.86,3.83,4.4));
#2602 = DIRECTION('',(0.,0.,1.));
#2603 = DIRECTION('',(1.,0.,-0.));
#2604 = ORIENTED_EDGE('',*,*,#2575,.T.);
#2605 = ORIENTED_EDGE('',*,*,#2329,.F.);
#2606 = CYLINDRICAL_SURFACE('',#2607,1.);
#2607 = AXIS2_PLACEMENT_3D('',#2608,#2609,#2610);
#2608 = CARTESIAN_POINT('',(8.86,3.83,4.3));
#2609 = DIRECTION('',(0.,0.,1.));
#2610 = DIRECTION('',(1.,0.,-0.));
#2611 = ADVANCED_FACE('',(#2612),#2631,.T.);
#2612 = FACE_BOUND('',#2613,.T.);
#2613 = EDGE_LOOP('',(#2614,#2615,#2624,#2630));
#2614 = ORIENTED_EDGE('',*,*,#2559,.F.);
#2615 = ORIENTED_EDGE('',*,*,#2616,.T.);
#2616 = EDGE_CURVE('',#2560,#2617,#2619,.T.);
#2617 = VERTEX_POINT('',#2618);
#2618 = CARTESIAN_POINT('',(-20.94,3.83,4.4));
#2619 = CIRCLE('',#2620,1.);
#2620 = AXIS2_PLACEMENT_3D('',#2621,#2622,#2623);
#2621 = CARTESIAN_POINT('',(-19.94,3.83,4.4));
#2622 = DIRECTION('',(0.,-0.,1.));
#2623 = DIRECTION('',(0.,1.,0.));
#2624 = ORIENTED_EDGE('',*,*,#2625,.T.);
#2625 = EDGE_CURVE('',#2617,#2348,#2626,.T.);
#2626 = LINE('',#2627,#2628);
#2627 = CARTESIAN_POINT('',(-20.94,3.83,4.3));
#2628 = VECTOR('',#2629,1.);
#2629 = DIRECTION('',(0.,0.,1.));
#2630 = ORIENTED_EDGE('',*,*,#2347,.F.);
#2631 = CYLINDRICAL_SURFACE('',#2632,1.);
#2632 = AXIS2_PLACEMENT_3D('',#2633,#2634,#2635);
#2633 = CARTESIAN_POINT('',(-19.94,3.83,4.3));
#2634 = DIRECTION('',(0.,0.,1.));
#2635 = DIRECTION('',(0.,1.,0.));
#2636 = ADVANCED_FACE('',(#2637),#2655,.F.);
#2637 = FACE_BOUND('',#2638,.F.);
#2638 = EDGE_LOOP('',(#2639,#2640,#2648,#2654));
#2639 = ORIENTED_EDGE('',*,*,#2590,.F.);
#2640 = ORIENTED_EDGE('',*,*,#2641,.F.);
#2641 = EDGE_CURVE('',#2642,#2591,#2644,.T.);
#2642 = VERTEX_POINT('',#2643);
#2643 = CARTESIAN_POINT('',(9.86,-6.67,4.4));
#2644 = LINE('',#2645,#2646);
#2645 = CARTESIAN_POINT('',(9.86,-6.67,4.4));
#2646 = VECTOR('',#2647,1.);
#2647 = DIRECTION('',(0.,1.,0.));
#2648 = ORIENTED_EDGE('',*,*,#2649,.T.);
#2649 = EDGE_CURVE('',#2642,#2373,#2650,.T.);
#2650 = LINE('',#2651,#2652);
#2651 = CARTESIAN_POINT('',(9.86,-6.67,4.3));
#2652 = VECTOR('',#2653,1.);
#2653 = DIRECTION('',(0.,0.,1.));
#2654 = ORIENTED_EDGE('',*,*,#2372,.T.);
#2655 = PLANE('',#2656);
#2656 = AXIS2_PLACEMENT_3D('',#2657,#2658,#2659);
#2657 = CARTESIAN_POINT('',(9.86,-7.67,4.3));
#2658 = DIRECTION('',(-1.,0.,0.));
#2659 = DIRECTION('',(0.,1.,0.));
#2660 = ADVANCED_FACE('',(#2661),#2679,.F.);
#2661 = FACE_BOUND('',#2662,.F.);
#2662 = EDGE_LOOP('',(#2663,#2664,#2665,#2673));
#2663 = ORIENTED_EDGE('',*,*,#2625,.T.);
#2664 = ORIENTED_EDGE('',*,*,#2397,.T.);
#2665 = ORIENTED_EDGE('',*,*,#2666,.F.);
#2666 = EDGE_CURVE('',#2667,#2398,#2669,.T.);
#2667 = VERTEX_POINT('',#2668);
#2668 = CARTESIAN_POINT('',(-20.94,-6.67,4.4));
#2669 = LINE('',#2670,#2671);
#2670 = CARTESIAN_POINT('',(-20.94,-6.67,4.3));
#2671 = VECTOR('',#2672,1.);
#2672 = DIRECTION('',(0.,0.,1.));
#2673 = ORIENTED_EDGE('',*,*,#2674,.F.);
#2674 = EDGE_CURVE('',#2617,#2667,#2675,.T.);
#2675 = LINE('',#2676,#2677);
#2676 = CARTESIAN_POINT('',(-20.94,3.83,4.4));
#2677 = VECTOR('',#2678,1.);
#2678 = DIRECTION('',(0.,-1.,0.));
#2679 = PLANE('',#2680);
#2680 = AXIS2_PLACEMENT_3D('',#2681,#2682,#2683);
#2681 = CARTESIAN_POINT('',(-20.94,4.83,4.3));
#2682 = DIRECTION('',(1.,0.,0.));
#2683 = DIRECTION('',(0.,-1.,0.));
#2684 = ADVANCED_FACE('',(#2685),#2704,.T.);
#2685 = FACE_BOUND('',#2686,.T.);
#2686 = EDGE_LOOP('',(#2687,#2695,#2702,#2703));
#2687 = ORIENTED_EDGE('',*,*,#2688,.F.);
#2688 = EDGE_CURVE('',#2689,#2423,#2691,.T.);
#2689 = VERTEX_POINT('',#2690);
#2690 = CARTESIAN_POINT('',(8.86,-7.67,4.4));
#2691 = LINE('',#2692,#2693);
#2692 = CARTESIAN_POINT('',(8.86,-7.67,4.3));
#2693 = VECTOR('',#2694,1.);
#2694 = DIRECTION('',(0.,0.,1.));
#2695 = ORIENTED_EDGE('',*,*,#2696,.T.);
#2696 = EDGE_CURVE('',#2689,#2642,#2697,.T.);
#2697 = CIRCLE('',#2698,1.);
#2698 = AXIS2_PLACEMENT_3D('',#2699,#2700,#2701);
#2699 = CARTESIAN_POINT('',(8.86,-6.67,4.4));
#2700 = DIRECTION('',(-0.,0.,1.));
#2701 = DIRECTION('',(0.,-1.,0.));
#2702 = ORIENTED_EDGE('',*,*,#2649,.T.);
#2703 = ORIENTED_EDGE('',*,*,#2431,.F.);
#2704 = CYLINDRICAL_SURFACE('',#2705,1.);
#2705 = AXIS2_PLACEMENT_3D('',#2706,#2707,#2708);
#2706 = CARTESIAN_POINT('',(8.86,-6.67,4.3));
#2707 = DIRECTION('',(0.,0.,1.));
#2708 = DIRECTION('',(0.,-1.,0.));
#2709 = ADVANCED_FACE('',(#2710),#2729,.T.);
#2710 = FACE_BOUND('',#2711,.T.);
#2711 = EDGE_LOOP('',(#2712,#2713,#2714,#2723));
#2712 = ORIENTED_EDGE('',*,*,#2449,.F.);
#2713 = ORIENTED_EDGE('',*,*,#2666,.F.);
#2714 = ORIENTED_EDGE('',*,*,#2715,.T.);
#2715 = EDGE_CURVE('',#2667,#2716,#2718,.T.);
#2716 = VERTEX_POINT('',#2717);
#2717 = CARTESIAN_POINT('',(-19.94,-7.67,4.4));
#2718 = CIRCLE('',#2719,1.);
#2719 = AXIS2_PLACEMENT_3D('',#2720,#2721,#2722);
#2720 = CARTESIAN_POINT('',(-19.94,-6.67,4.4));
#2721 = DIRECTION('',(0.,0.,1.));
#2722 = DIRECTION('',(-1.,0.,0.));
#2723 = ORIENTED_EDGE('',*,*,#2724,.T.);
#2724 = EDGE_CURVE('',#2716,#2450,#2725,.T.);
#2725 = LINE('',#2726,#2727);
#2726 = CARTESIAN_POINT('',(-19.94,-7.67,4.3));
#2727 = VECTOR('',#2728,1.);
#2728 = DIRECTION('',(0.,0.,1.));
#2729 = CYLINDRICAL_SURFACE('',#2730,1.);
#2730 = AXIS2_PLACEMENT_3D('',#2731,#2732,#2733);
#2731 = CARTESIAN_POINT('',(-19.94,-6.67,4.3));
#2732 = DIRECTION('',(0.,0.,1.));
#2733 = DIRECTION('',(0.,-1.,0.));
#2734 = ADVANCED_FACE('',(#2735),#2746,.F.);
#2735 = FACE_BOUND('',#2736,.F.);
#2736 = EDGE_LOOP('',(#2737,#2738,#2744,#2745));
#2737 = ORIENTED_EDGE('',*,*,#2688,.F.);
#2738 = ORIENTED_EDGE('',*,*,#2739,.F.);
#2739 = EDGE_CURVE('',#2716,#2689,#2740,.T.);
#2740 = LINE('',#2741,#2742);
#2741 = CARTESIAN_POINT('',(-19.94,-7.67,4.4));
#2742 = VECTOR('',#2743,1.);
#2743 = DIRECTION('',(1.,0.,0.));
#2744 = ORIENTED_EDGE('',*,*,#2724,.T.);
#2745 = ORIENTED_EDGE('',*,*,#2474,.T.);
#2746 = PLANE('',#2747);
#2747 = AXIS2_PLACEMENT_3D('',#2748,#2749,#2750);
#2748 = CARTESIAN_POINT('',(-20.94,-7.67,4.3));
#2749 = DIRECTION('',(0.,1.,0.));
#2750 = DIRECTION('',(1.,0.,0.));
#2751 = ADVANCED_FACE('',(#2752),#2771,.F.);
#2752 = FACE_BOUND('',#2753,.F.);
#2753 = EDGE_LOOP('',(#2754,#2762,#2763,#2764));
#2754 = ORIENTED_EDGE('',*,*,#2755,.F.);
#2755 = EDGE_CURVE('',#2492,#2756,#2758,.T.);
#2756 = VERTEX_POINT('',#2757);
#2757 = CARTESIAN_POINT('',(-16.44,-1.42,4.4));
#2758 = LINE('',#2759,#2760);
#2759 = CARTESIAN_POINT('',(-16.44,-1.42,4.8));
#2760 = VECTOR('',#2761,1.);
#2761 = DIRECTION('',(-0.,-0.,-1.));
#2762 = ORIENTED_EDGE('',*,*,#2500,.F.);
#2763 = ORIENTED_EDGE('',*,*,#2755,.T.);
#2764 = ORIENTED_EDGE('',*,*,#2765,.T.);
#2765 = EDGE_CURVE('',#2756,#2756,#2766,.T.);
#2766 = CIRCLE('',#2767,1.6);
#2767 = AXIS2_PLACEMENT_3D('',#2768,#2769,#2770);
#2768 = CARTESIAN_POINT('',(-18.04,-1.42,4.4));
#2769 = DIRECTION('',(0.,0.,1.));
#2770 = DIRECTION('',(1.,0.,-0.));
#2771 = CYLINDRICAL_SURFACE('',#2772,1.6);
#2772 = AXIS2_PLACEMENT_3D('',#2773,#2774,#2775);
#2773 = CARTESIAN_POINT('',(-18.04,-1.42,4.8));
#2774 = DIRECTION('',(0.,0.,1.));
#2775 = DIRECTION('',(1.,0.,-0.));
#2776 = ADVANCED_FACE('',(#2777),#2796,.F.);
#2777 = FACE_BOUND('',#2778,.F.);
#2778 = EDGE_LOOP('',(#2779,#2787,#2788,#2789));
#2779 = ORIENTED_EDGE('',*,*,#2780,.F.);
#2780 = EDGE_CURVE('',#2518,#2781,#2783,.T.);
#2781 = VERTEX_POINT('',#2782);
#2782 = CARTESIAN_POINT('',(8.56,-1.42,4.4));
#2783 = LINE('',#2784,#2785);
#2784 = CARTESIAN_POINT('',(8.56,-1.42,4.8));
#2785 = VECTOR('',#2786,1.);
#2786 = DIRECTION('',(-0.,-0.,-1.));
#2787 = ORIENTED_EDGE('',*,*,#2526,.F.);
#2788 = ORIENTED_EDGE('',*,*,#2780,.T.);
#2789 = ORIENTED_EDGE('',*,*,#2790,.T.);
#2790 = EDGE_CURVE('',#2781,#2781,#2791,.T.);
#2791 = CIRCLE('',#2792,1.6);
#2792 = AXIS2_PLACEMENT_3D('',#2793,#2794,#2795);
#2793 = CARTESIAN_POINT('',(6.96,-1.42,4.4));
#2794 = DIRECTION('',(0.,0.,1.));
#2795 = DIRECTION('',(1.,0.,-0.));
#2796 = CYLINDRICAL_SURFACE('',#2797,1.6);
#2797 = AXIS2_PLACEMENT_3D('',#2798,#2799,#2800);
#2798 = CARTESIAN_POINT('',(6.96,-1.42,4.8));
#2799 = DIRECTION('',(0.,0.,1.));
#2800 = DIRECTION('',(1.,0.,-0.));
#2801 = ADVANCED_FACE('',(#2802),#2829,.T.);
#2802 = FACE_BOUND('',#2803,.T.);
#2803 = EDGE_LOOP('',(#2804,#2813,#2821,#2828));
#2804 = ORIENTED_EDGE('',*,*,#2805,.T.);
#2805 = EDGE_CURVE('',#2568,#2806,#2808,.T.);
#2806 = VERTEX_POINT('',#2807);
#2807 = CARTESIAN_POINT('',(8.86,4.73,4.3));
#2808 = CIRCLE('',#2809,0.1);
#2809 = AXIS2_PLACEMENT_3D('',#2810,#2811,#2812);
#2810 = CARTESIAN_POINT('',(8.86,4.73,4.4));
#2811 = DIRECTION('',(-1.,0.,0.));
#2812 = DIRECTION('',(0.,1.,0.));
#2813 = ORIENTED_EDGE('',*,*,#2814,.T.);
#2814 = EDGE_CURVE('',#2806,#2815,#2817,.T.);
#2815 = VERTEX_POINT('',#2816);
#2816 = CARTESIAN_POINT('',(-19.94,4.73,4.3));
#2817 = LINE('',#2818,#2819);
#2818 = CARTESIAN_POINT('',(8.86,4.73,4.3));
#2819 = VECTOR('',#2820,1.);
#2820 = DIRECTION('',(-1.,0.,0.));
#2821 = ORIENTED_EDGE('',*,*,#2822,.F.);
#2822 = EDGE_CURVE('',#2560,#2815,#2823,.T.);
#2823 = CIRCLE('',#2824,0.1);
#2824 = AXIS2_PLACEMENT_3D('',#2825,#2826,#2827);
#2825 = CARTESIAN_POINT('',(-19.94,4.73,4.4));
#2826 = DIRECTION('',(-1.,0.,0.));
#2827 = DIRECTION('',(0.,1.,0.));
#2828 = ORIENTED_EDGE('',*,*,#2567,.F.);
#2829 = CYLINDRICAL_SURFACE('',#2830,0.1);
#2830 = AXIS2_PLACEMENT_3D('',#2831,#2832,#2833);
#2831 = CARTESIAN_POINT('',(8.86,4.73,4.4));
#2832 = DIRECTION('',(-1.,0.,0.));
#2833 = DIRECTION('',(0.,1.,0.));
#2834 = ADVANCED_FACE('',(#2835),#2855,.T.);
#2835 = FACE_BOUND('',#2836,.T.);
#2836 = EDGE_LOOP('',(#2837,#2846,#2847,#2848));
#2837 = ORIENTED_EDGE('',*,*,#2838,.T.);
#2838 = EDGE_CURVE('',#2839,#2806,#2841,.T.);
#2839 = VERTEX_POINT('',#2840);
#2840 = CARTESIAN_POINT('',(9.76,3.83,4.3));
#2841 = CIRCLE('',#2842,0.9);
#2842 = AXIS2_PLACEMENT_3D('',#2843,#2844,#2845);
#2843 = CARTESIAN_POINT('',(8.86,3.83,4.3));
#2844 = DIRECTION('',(0.,0.,1.));
#2845 = DIRECTION('',(1.,0.,-0.));
#2846 = ORIENTED_EDGE('',*,*,#2805,.F.);
#2847 = ORIENTED_EDGE('',*,*,#2598,.F.);
#2848 = ORIENTED_EDGE('',*,*,#2849,.T.);
#2849 = EDGE_CURVE('',#2591,#2839,#2850,.T.);
#2850 = CIRCLE('',#2851,0.1);
#2851 = AXIS2_PLACEMENT_3D('',#2852,#2853,#2854);
#2852 = CARTESIAN_POINT('',(9.76,3.83,4.4));
#2853 = DIRECTION('',(-0.,1.,0.));
#2854 = DIRECTION('',(1.,0.,0.));
#2855 = TOROIDAL_SURFACE('',#2856,0.9,0.1);
#2856 = AXIS2_PLACEMENT_3D('',#2857,#2858,#2859);
#2857 = CARTESIAN_POINT('',(8.86,3.83,4.4));
#2858 = DIRECTION('',(-0.,-0.,-1.));
#2859 = DIRECTION('',(1.,0.,0.));
#2860 = ADVANCED_FACE('',(#2861),#2881,.T.);
#2861 = FACE_BOUND('',#2862,.T.);
#2862 = EDGE_LOOP('',(#2863,#2872,#2879,#2880));
#2863 = ORIENTED_EDGE('',*,*,#2864,.T.);
#2864 = EDGE_CURVE('',#2815,#2865,#2867,.T.);
#2865 = VERTEX_POINT('',#2866);
#2866 = CARTESIAN_POINT('',(-20.84,3.83,4.3));
#2867 = CIRCLE('',#2868,0.9);
#2868 = AXIS2_PLACEMENT_3D('',#2869,#2870,#2871);
#2869 = CARTESIAN_POINT('',(-19.94,3.83,4.3));
#2870 = DIRECTION('',(0.,-0.,1.));
#2871 = DIRECTION('',(0.,1.,0.));
#2872 = ORIENTED_EDGE('',*,*,#2873,.F.);
#2873 = EDGE_CURVE('',#2617,#2865,#2874,.T.);
#2874 = CIRCLE('',#2875,0.1);
#2875 = AXIS2_PLACEMENT_3D('',#2876,#2877,#2878);
#2876 = CARTESIAN_POINT('',(-20.84,3.83,4.4));
#2877 = DIRECTION('',(-6.123233995737E-17,-1.,-0.));
#2878 = DIRECTION('',(-1.,6.123233995737E-17,0.));
#2879 = ORIENTED_EDGE('',*,*,#2616,.F.);
#2880 = ORIENTED_EDGE('',*,*,#2822,.T.);
#2881 = TOROIDAL_SURFACE('',#2882,0.9,0.1);
#2882 = AXIS2_PLACEMENT_3D('',#2883,#2884,#2885);
#2883 = CARTESIAN_POINT('',(-19.94,3.83,4.4));
#2884 = DIRECTION('',(-0.,-0.,-1.));
#2885 = DIRECTION('',(0.,1.,-0.));
#2886 = ADVANCED_FACE('',(#2887),#2906,.T.);
#2887 = FACE_BOUND('',#2888,.T.);
#2888 = EDGE_LOOP('',(#2889,#2898,#2904,#2905));
#2889 = ORIENTED_EDGE('',*,*,#2890,.T.);
#2890 = EDGE_CURVE('',#2642,#2891,#2893,.T.);
#2891 = VERTEX_POINT('',#2892);
#2892 = CARTESIAN_POINT('',(9.76,-6.67,4.3));
#2893 = CIRCLE('',#2894,0.1);
#2894 = AXIS2_PLACEMENT_3D('',#2895,#2896,#2897);
#2895 = CARTESIAN_POINT('',(9.76,-6.67,4.4));
#2896 = DIRECTION('',(6.123233995737E-17,1.,0.));
#2897 = DIRECTION('',(1.,-6.123233995737E-17,0.));
#2898 = ORIENTED_EDGE('',*,*,#2899,.T.);
#2899 = EDGE_CURVE('',#2891,#2839,#2900,.T.);
#2900 = LINE('',#2901,#2902);
#2901 = CARTESIAN_POINT('',(9.76,-6.67,4.3));
#2902 = VECTOR('',#2903,1.);
#2903 = DIRECTION('',(0.,1.,0.));
#2904 = ORIENTED_EDGE('',*,*,#2849,.F.);
#2905 = ORIENTED_EDGE('',*,*,#2641,.F.);
#2906 = CYLINDRICAL_SURFACE('',#2907,0.1);
#2907 = AXIS2_PLACEMENT_3D('',#2908,#2909,#2910);
#2908 = CARTESIAN_POINT('',(9.76,-6.67,4.4));
#2909 = DIRECTION('',(0.,1.,0.));
#2910 = DIRECTION('',(1.,0.,0.));
#2911 = ADVANCED_FACE('',(#2912),#2931,.T.);
#2912 = FACE_BOUND('',#2913,.T.);
#2913 = EDGE_LOOP('',(#2914,#2915,#2923,#2930));
#2914 = ORIENTED_EDGE('',*,*,#2873,.T.);
#2915 = ORIENTED_EDGE('',*,*,#2916,.T.);
#2916 = EDGE_CURVE('',#2865,#2917,#2919,.T.);
#2917 = VERTEX_POINT('',#2918);
#2918 = CARTESIAN_POINT('',(-20.84,-6.67,4.3));
#2919 = LINE('',#2920,#2921);
#2920 = CARTESIAN_POINT('',(-20.84,3.83,4.3));
#2921 = VECTOR('',#2922,1.);
#2922 = DIRECTION('',(0.,-1.,0.));
#2923 = ORIENTED_EDGE('',*,*,#2924,.F.);
#2924 = EDGE_CURVE('',#2667,#2917,#2925,.T.);
#2925 = CIRCLE('',#2926,0.1);
#2926 = AXIS2_PLACEMENT_3D('',#2927,#2928,#2929);
#2927 = CARTESIAN_POINT('',(-20.84,-6.67,4.4));
#2928 = DIRECTION('',(0.,-1.,0.));
#2929 = DIRECTION('',(-1.,0.,0.));
#2930 = ORIENTED_EDGE('',*,*,#2674,.F.);
#2931 = CYLINDRICAL_SURFACE('',#2932,0.1);
#2932 = AXIS2_PLACEMENT_3D('',#2933,#2934,#2935);
#2933 = CARTESIAN_POINT('',(-20.84,3.83,4.4));
#2934 = DIRECTION('',(0.,-1.,0.));
#2935 = DIRECTION('',(-1.,0.,0.));
#2936 = ADVANCED_FACE('',(#2937),#2957,.T.);
#2937 = FACE_BOUND('',#2938,.T.);
#2938 = EDGE_LOOP('',(#2939,#2948,#2949,#2950));
#2939 = ORIENTED_EDGE('',*,*,#2940,.T.);
#2940 = EDGE_CURVE('',#2941,#2891,#2943,.T.);
#2941 = VERTEX_POINT('',#2942);
#2942 = CARTESIAN_POINT('',(8.86,-7.57,4.3));
#2943 = CIRCLE('',#2944,0.9);
#2944 = AXIS2_PLACEMENT_3D('',#2945,#2946,#2947);
#2945 = CARTESIAN_POINT('',(8.86,-6.67,4.3));
#2946 = DIRECTION('',(-0.,0.,1.));
#2947 = DIRECTION('',(0.,-1.,0.));
#2948 = ORIENTED_EDGE('',*,*,#2890,.F.);
#2949 = ORIENTED_EDGE('',*,*,#2696,.F.);
#2950 = ORIENTED_EDGE('',*,*,#2951,.T.);
#2951 = EDGE_CURVE('',#2689,#2941,#2952,.T.);
#2952 = CIRCLE('',#2953,0.1);
#2953 = AXIS2_PLACEMENT_3D('',#2954,#2955,#2956);
#2954 = CARTESIAN_POINT('',(8.86,-7.57,4.4));
#2955 = DIRECTION('',(1.,0.,0.));
#2956 = DIRECTION('',(0.,-1.,0.));
#2957 = TOROIDAL_SURFACE('',#2958,0.9,0.1);
#2958 = AXIS2_PLACEMENT_3D('',#2959,#2960,#2961);
#2959 = CARTESIAN_POINT('',(8.86,-6.67,4.4));
#2960 = DIRECTION('',(-0.,-0.,-1.));
#2961 = DIRECTION('',(0.,-1.,0.));
#2962 = ADVANCED_FACE('',(#2963),#2983,.T.);
#2963 = FACE_BOUND('',#2964,.T.);
#2964 = EDGE_LOOP('',(#2965,#2974,#2981,#2982));
#2965 = ORIENTED_EDGE('',*,*,#2966,.T.);
#2966 = EDGE_CURVE('',#2917,#2967,#2969,.T.);
#2967 = VERTEX_POINT('',#2968);
#2968 = CARTESIAN_POINT('',(-19.94,-7.57,4.3));
#2969 = CIRCLE('',#2970,0.9);
#2970 = AXIS2_PLACEMENT_3D('',#2971,#2972,#2973);
#2971 = CARTESIAN_POINT('',(-19.94,-6.67,4.3));
#2972 = DIRECTION('',(0.,0.,1.));
#2973 = DIRECTION('',(-1.,0.,0.));
#2974 = ORIENTED_EDGE('',*,*,#2975,.F.);
#2975 = EDGE_CURVE('',#2716,#2967,#2976,.T.);
#2976 = CIRCLE('',#2977,0.1);
#2977 = AXIS2_PLACEMENT_3D('',#2978,#2979,#2980);
#2978 = CARTESIAN_POINT('',(-19.94,-7.57,4.4));
#2979 = DIRECTION('',(1.,-6.123233995737E-17,0.));
#2980 = DIRECTION('',(-6.123233995737E-17,-1.,0.));
#2981 = ORIENTED_EDGE('',*,*,#2715,.F.);
#2982 = ORIENTED_EDGE('',*,*,#2924,.T.);
#2983 = TOROIDAL_SURFACE('',#2984,0.9,0.1);
#2984 = AXIS2_PLACEMENT_3D('',#2985,#2986,#2987);
#2985 = CARTESIAN_POINT('',(-19.94,-6.67,4.4));
#2986 = DIRECTION('',(-0.,-0.,-1.));
#2987 = DIRECTION('',(-1.,0.,0.));
#2988 = ADVANCED_FACE('',(#2989),#3000,.T.);
#2989 = FACE_BOUND('',#2990,.T.);
#2990 = EDGE_LOOP('',(#2991,#2992,#2998,#2999));
#2991 = ORIENTED_EDGE('',*,*,#2975,.T.);
#2992 = ORIENTED_EDGE('',*,*,#2993,.T.);
#2993 = EDGE_CURVE('',#2967,#2941,#2994,.T.);
#2994 = LINE('',#2995,#2996);
#2995 = CARTESIAN_POINT('',(-19.94,-7.57,4.3));
#2996 = VECTOR('',#2997,1.);
#2997 = DIRECTION('',(1.,0.,0.));
#2998 = ORIENTED_EDGE('',*,*,#2951,.F.);
#2999 = ORIENTED_EDGE('',*,*,#2739,.F.);
#3000 = CYLINDRICAL_SURFACE('',#3001,0.1);
#3001 = AXIS2_PLACEMENT_3D('',#3002,#3003,#3004);
#3002 = CARTESIAN_POINT('',(-19.94,-7.57,4.4));
#3003 = DIRECTION('',(1.,0.,0.));
#3004 = DIRECTION('',(0.,-1.,0.));
#3005 = ADVANCED_FACE('',(#3006),#3026,.T.);
#3006 = FACE_BOUND('',#3007,.T.);
#3007 = EDGE_LOOP('',(#3008,#3017,#3024,#3025));
#3008 = ORIENTED_EDGE('',*,*,#3009,.F.);
#3009 = EDGE_CURVE('',#3010,#2756,#3012,.T.);
#3010 = VERTEX_POINT('',#3011);
#3011 = CARTESIAN_POINT('',(-16.34,-1.42,4.3));
#3012 = CIRCLE('',#3013,0.1);
#3013 = AXIS2_PLACEMENT_3D('',#3014,#3015,#3016);
#3014 = CARTESIAN_POINT('',(-16.34,-1.42,4.4));
#3015 = DIRECTION('',(-0.,1.,0.));
#3016 = DIRECTION('',(1.,0.,0.));
#3017 = ORIENTED_EDGE('',*,*,#3018,.F.);
#3018 = EDGE_CURVE('',#3010,#3010,#3019,.T.);
#3019 = CIRCLE('',#3020,1.7);
#3020 = AXIS2_PLACEMENT_3D('',#3021,#3022,#3023);
#3021 = CARTESIAN_POINT('',(-18.04,-1.42,4.3));
#3022 = DIRECTION('',(0.,0.,1.));
#3023 = DIRECTION('',(1.,0.,-0.));
#3024 = ORIENTED_EDGE('',*,*,#3009,.T.);
#3025 = ORIENTED_EDGE('',*,*,#2765,.T.);
#3026 = TOROIDAL_SURFACE('',#3027,1.7,0.1);
#3027 = AXIS2_PLACEMENT_3D('',#3028,#3029,#3030);
#3028 = CARTESIAN_POINT('',(-18.04,-1.42,4.4));
#3029 = DIRECTION('',(-0.,-0.,-1.));
#3030 = DIRECTION('',(1.,0.,0.));
#3031 = ADVANCED_FACE('',(#3032),#3052,.T.);
#3032 = FACE_BOUND('',#3033,.T.);
#3033 = EDGE_LOOP('',(#3034,#3043,#3050,#3051));
#3034 = ORIENTED_EDGE('',*,*,#3035,.F.);
#3035 = EDGE_CURVE('',#3036,#2781,#3038,.T.);
#3036 = VERTEX_POINT('',#3037);
#3037 = CARTESIAN_POINT('',(8.66,-1.42,4.3));
#3038 = CIRCLE('',#3039,0.1);
#3039 = AXIS2_PLACEMENT_3D('',#3040,#3041,#3042);
#3040 = CARTESIAN_POINT('',(8.66,-1.42,4.4));
#3041 = DIRECTION('',(-0.,1.,0.));
#3042 = DIRECTION('',(1.,0.,0.));
#3043 = ORIENTED_EDGE('',*,*,#3044,.F.);
#3044 = EDGE_CURVE('',#3036,#3036,#3045,.T.);
#3045 = CIRCLE('',#3046,1.7);
#3046 = AXIS2_PLACEMENT_3D('',#3047,#3048,#3049);
#3047 = CARTESIAN_POINT('',(6.96,-1.42,4.3));
#3048 = DIRECTION('',(0.,0.,1.));
#3049 = DIRECTION('',(1.,0.,-0.));
#3050 = ORIENTED_EDGE('',*,*,#3035,.T.);
#3051 = ORIENTED_EDGE('',*,*,#2790,.T.);
#3052 = TOROIDAL_SURFACE('',#3053,1.7,0.1);
#3053 = AXIS2_PLACEMENT_3D('',#3054,#3055,#3056);
#3054 = CARTESIAN_POINT('',(6.96,-1.42,4.4));
#3055 = DIRECTION('',(-0.,-0.,-1.));
#3056 = DIRECTION('',(1.,0.,0.));
#3057 = ADVANCED_FACE('',(#3058,#3068,#3071,#3141),#3144,.F.);
#3058 = FACE_BOUND('',#3059,.F.);
#3059 = EDGE_LOOP('',(#3060,#3061,#3062,#3063,#3064,#3065,#3066,#3067));
#3060 = ORIENTED_EDGE('',*,*,#2814,.T.);
#3061 = ORIENTED_EDGE('',*,*,#2864,.T.);
#3062 = ORIENTED_EDGE('',*,*,#2916,.T.);
#3063 = ORIENTED_EDGE('',*,*,#2966,.T.);
#3064 = ORIENTED_EDGE('',*,*,#2993,.T.);
#3065 = ORIENTED_EDGE('',*,*,#2940,.T.);
#3066 = ORIENTED_EDGE('',*,*,#2899,.T.);
#3067 = ORIENTED_EDGE('',*,*,#2838,.T.);
#3068 = FACE_BOUND('',#3069,.F.);
#3069 = EDGE_LOOP('',(#3070));
#3070 = ORIENTED_EDGE('',*,*,#3018,.F.);
#3071 = FACE_BOUND('',#3072,.F.);
#3072 = EDGE_LOOP('',(#3073,#3083,#3092,#3100,#3109,#3117,#3126,#3134));
#3073 = ORIENTED_EDGE('',*,*,#3074,.F.);
#3074 = EDGE_CURVE('',#3075,#3077,#3079,.T.);
#3075 = VERTEX_POINT('',#3076);
#3076 = CARTESIAN_POINT('',(3.06,3.53,4.3));
#3077 = VERTEX_POINT('',#3078);
#3078 = CARTESIAN_POINT('',(-14.14,3.53,4.3));
#3079 = LINE('',#3080,#3081);
#3080 = CARTESIAN_POINT('',(4.06,3.53,4.3));
#3081 = VECTOR('',#3082,1.);
#3082 = DIRECTION('',(-1.,0.,0.));
#3083 = ORIENTED_EDGE('',*,*,#3084,.T.);
#3084 = EDGE_CURVE('',#3075,#3085,#3087,.T.);
#3085 = VERTEX_POINT('',#3086);
#3086 = CARTESIAN_POINT('',(4.06,2.53,4.3));
#3087 = CIRCLE('',#3088,1.);
#3088 = AXIS2_PLACEMENT_3D('',#3089,#3090,#3091);
#3089 = CARTESIAN_POINT('',(3.06,2.53,4.3));
#3090 = DIRECTION('',(-0.,-0.,-1.));
#3091 = DIRECTION('',(0.,-1.,0.));
#3092 = ORIENTED_EDGE('',*,*,#3093,.F.);
#3093 = EDGE_CURVE('',#3094,#3085,#3096,.T.);
#3094 = VERTEX_POINT('',#3095);
#3095 = CARTESIAN_POINT('',(4.06,-5.37,4.3));
#3096 = LINE('',#3097,#3098);
#3097 = CARTESIAN_POINT('',(4.06,-6.37,4.3));
#3098 = VECTOR('',#3099,1.);
#3099 = DIRECTION('',(0.,1.,0.));
#3100 = ORIENTED_EDGE('',*,*,#3101,.F.);
#3101 = EDGE_CURVE('',#3102,#3094,#3104,.T.);
#3102 = VERTEX_POINT('',#3103);
#3103 = CARTESIAN_POINT('',(3.06,-6.37,4.3));
#3104 = CIRCLE('',#3105,1.);
#3105 = AXIS2_PLACEMENT_3D('',#3106,#3107,#3108);
#3106 = CARTESIAN_POINT('',(3.06,-5.37,4.3));
#3107 = DIRECTION('',(-0.,0.,1.));
#3108 = DIRECTION('',(0.,-1.,0.));
#3109 = ORIENTED_EDGE('',*,*,#3110,.F.);
#3110 = EDGE_CURVE('',#3111,#3102,#3113,.T.);
#3111 = VERTEX_POINT('',#3112);
#3112 = CARTESIAN_POINT('',(-14.14,-6.37,4.3));
#3113 = LINE('',#3114,#3115);
#3114 = CARTESIAN_POINT('',(-15.14,-6.37,4.3));
#3115 = VECTOR('',#3116,1.);
#3116 = DIRECTION('',(1.,0.,0.));
#3117 = ORIENTED_EDGE('',*,*,#3118,.T.);
#3118 = EDGE_CURVE('',#3111,#3119,#3121,.T.);
#3119 = VERTEX_POINT('',#3120);
#3120 = CARTESIAN_POINT('',(-15.14,-5.37,4.3));
#3121 = CIRCLE('',#3122,1.);
#3122 = AXIS2_PLACEMENT_3D('',#3123,#3124,#3125);
#3123 = CARTESIAN_POINT('',(-14.14,-5.37,4.3));
#3124 = DIRECTION('',(-0.,-0.,-1.));
#3125 = DIRECTION('',(0.,-1.,0.));
#3126 = ORIENTED_EDGE('',*,*,#3127,.F.);
#3127 = EDGE_CURVE('',#3128,#3119,#3130,.T.);
#3128 = VERTEX_POINT('',#3129);
#3129 = CARTESIAN_POINT('',(-15.14,2.53,4.3));
#3130 = LINE('',#3131,#3132);
#3131 = CARTESIAN_POINT('',(-15.14,3.53,4.3));
#3132 = VECTOR('',#3133,1.);
#3133 = DIRECTION('',(0.,-1.,0.));
#3134 = ORIENTED_EDGE('',*,*,#3135,.T.);
#3135 = EDGE_CURVE('',#3128,#3077,#3136,.T.);
#3136 = CIRCLE('',#3137,1.);
#3137 = AXIS2_PLACEMENT_3D('',#3138,#3139,#3140);
#3138 = CARTESIAN_POINT('',(-14.14,2.53,4.3));
#3139 = DIRECTION('',(-0.,-0.,-1.));
#3140 = DIRECTION('',(0.,-1.,0.));
#3141 = FACE_BOUND('',#3142,.F.);
#3142 = EDGE_LOOP('',(#3143));
#3143 = ORIENTED_EDGE('',*,*,#3044,.F.);
#3144 = PLANE('',#3145);
#3145 = AXIS2_PLACEMENT_3D('',#3146,#3147,#3148);
#3146 = CARTESIAN_POINT('',(-5.54,-1.42,4.3));
#3147 = DIRECTION('',(0.,0.,1.));
#3148 = DIRECTION('',(1.,0.,-0.));
#3149 = ADVANCED_FACE('',(#3150),#3175,.F.);
#3150 = FACE_BOUND('',#3151,.F.);
#3151 = EDGE_LOOP('',(#3152,#3160,#3161,#3169));
#3152 = ORIENTED_EDGE('',*,*,#3153,.T.);
#3153 = EDGE_CURVE('',#3154,#3075,#3156,.T.);
#3154 = VERTEX_POINT('',#3155);
#3155 = CARTESIAN_POINT('',(3.06,3.53,1.3));
#3156 = LINE('',#3157,#3158);
#3157 = CARTESIAN_POINT('',(3.06,3.53,0.3));
#3158 = VECTOR('',#3159,1.);
#3159 = DIRECTION('',(0.,0.,1.));
#3160 = ORIENTED_EDGE('',*,*,#3074,.T.);
#3161 = ORIENTED_EDGE('',*,*,#3162,.F.);
#3162 = EDGE_CURVE('',#3163,#3077,#3165,.T.);
#3163 = VERTEX_POINT('',#3164);
#3164 = CARTESIAN_POINT('',(-14.14,3.53,1.3));
#3165 = LINE('',#3166,#3167);
#3166 = CARTESIAN_POINT('',(-14.14,3.53,0.3));
#3167 = VECTOR('',#3168,1.);
#3168 = DIRECTION('',(0.,0.,1.));
#3169 = ORIENTED_EDGE('',*,*,#3170,.F.);
#3170 = EDGE_CURVE('',#3154,#3163,#3171,.T.);
#3171 = LINE('',#3172,#3173);
#3172 = CARTESIAN_POINT('',(3.06,3.53,1.3));
#3173 = VECTOR('',#3174,1.);
#3174 = DIRECTION('',(-1.,0.,0.));
#3175 = PLANE('',#3176);
#3176 = AXIS2_PLACEMENT_3D('',#3177,#3178,#3179);
#3177 = CARTESIAN_POINT('',(4.06,3.53,0.3));
#3178 = DIRECTION('',(0.,-1.,0.));
#3179 = DIRECTION('',(-1.,0.,0.));
#3180 = ADVANCED_FACE('',(#3181),#3200,.T.);
#3181 = FACE_BOUND('',#3182,.T.);
#3182 = EDGE_LOOP('',(#3183,#3184,#3185,#3194));
#3183 = ORIENTED_EDGE('',*,*,#3135,.T.);
#3184 = ORIENTED_EDGE('',*,*,#3162,.F.);
#3185 = ORIENTED_EDGE('',*,*,#3186,.T.);
#3186 = EDGE_CURVE('',#3163,#3187,#3189,.T.);
#3187 = VERTEX_POINT('',#3188);
#3188 = CARTESIAN_POINT('',(-15.14,2.53,1.3));
#3189 = CIRCLE('',#3190,1.);
#3190 = AXIS2_PLACEMENT_3D('',#3191,#3192,#3193);
#3191 = CARTESIAN_POINT('',(-14.14,2.53,1.3));
#3192 = DIRECTION('',(0.,-0.,1.));
#3193 = DIRECTION('',(0.,1.,0.));
#3194 = ORIENTED_EDGE('',*,*,#3195,.T.);
#3195 = EDGE_CURVE('',#3187,#3128,#3196,.T.);
#3196 = LINE('',#3197,#3198);
#3197 = CARTESIAN_POINT('',(-15.14,2.53,0.3));
#3198 = VECTOR('',#3199,1.);
#3199 = DIRECTION('',(0.,0.,1.));
#3200 = CYLINDRICAL_SURFACE('',#3201,1.);
#3201 = AXIS2_PLACEMENT_3D('',#3202,#3203,#3204);
#3202 = CARTESIAN_POINT('',(-14.14,2.53,0.3));
#3203 = DIRECTION('',(0.,0.,1.));
#3204 = DIRECTION('',(-1.,0.,0.));
#3205 = ADVANCED_FACE('',(#3206),#3224,.F.);
#3206 = FACE_BOUND('',#3207,.F.);
#3207 = EDGE_LOOP('',(#3208,#3209,#3210,#3218));
#3208 = ORIENTED_EDGE('',*,*,#3195,.T.);
#3209 = ORIENTED_EDGE('',*,*,#3127,.T.);
#3210 = ORIENTED_EDGE('',*,*,#3211,.F.);
#3211 = EDGE_CURVE('',#3212,#3119,#3214,.T.);
#3212 = VERTEX_POINT('',#3213);
#3213 = CARTESIAN_POINT('',(-15.14,-5.37,1.3));
#3214 = LINE('',#3215,#3216);
#3215 = CARTESIAN_POINT('',(-15.14,-5.37,0.3));
#3216 = VECTOR('',#3217,1.);
#3217 = DIRECTION('',(0.,0.,1.));
#3218 = ORIENTED_EDGE('',*,*,#3219,.F.);
#3219 = EDGE_CURVE('',#3187,#3212,#3220,.T.);
#3220 = LINE('',#3221,#3222);
#3221 = CARTESIAN_POINT('',(-15.14,2.53,1.3));
#3222 = VECTOR('',#3223,1.);
#3223 = DIRECTION('',(0.,-1.,0.));
#3224 = PLANE('',#3225);
#3225 = AXIS2_PLACEMENT_3D('',#3226,#3227,#3228);
#3226 = CARTESIAN_POINT('',(-15.14,3.53,0.3));
#3227 = DIRECTION('',(1.,0.,0.));
#3228 = DIRECTION('',(0.,-1.,0.));
#3229 = ADVANCED_FACE('',(#3230),#3249,.T.);
#3230 = FACE_BOUND('',#3231,.T.);
#3231 = EDGE_LOOP('',(#3232,#3233,#3234,#3243));
#3232 = ORIENTED_EDGE('',*,*,#3118,.T.);
#3233 = ORIENTED_EDGE('',*,*,#3211,.F.);
#3234 = ORIENTED_EDGE('',*,*,#3235,.T.);
#3235 = EDGE_CURVE('',#3212,#3236,#3238,.T.);
#3236 = VERTEX_POINT('',#3237);
#3237 = CARTESIAN_POINT('',(-14.14,-6.37,1.3));
#3238 = CIRCLE('',#3239,1.);
#3239 = AXIS2_PLACEMENT_3D('',#3240,#3241,#3242);
#3240 = CARTESIAN_POINT('',(-14.14,-5.37,1.3));
#3241 = DIRECTION('',(0.,0.,1.));
#3242 = DIRECTION('',(-1.,0.,0.));
#3243 = ORIENTED_EDGE('',*,*,#3244,.T.);
#3244 = EDGE_CURVE('',#3236,#3111,#3245,.T.);
#3245 = LINE('',#3246,#3247);
#3246 = CARTESIAN_POINT('',(-14.14,-6.37,0.3));
#3247 = VECTOR('',#3248,1.);
#3248 = DIRECTION('',(0.,0.,1.));
#3249 = CYLINDRICAL_SURFACE('',#3250,1.);
#3250 = AXIS2_PLACEMENT_3D('',#3251,#3252,#3253);
#3251 = CARTESIAN_POINT('',(-14.14,-5.37,0.3));
#3252 = DIRECTION('',(0.,0.,1.));
#3253 = DIRECTION('',(0.,-1.,0.));
#3254 = ADVANCED_FACE('',(#3255),#3273,.F.);
#3255 = FACE_BOUND('',#3256,.F.);
#3256 = EDGE_LOOP('',(#3257,#3265,#3271,#3272));
#3257 = ORIENTED_EDGE('',*,*,#3258,.F.);
#3258 = EDGE_CURVE('',#3259,#3102,#3261,.T.);
#3259 = VERTEX_POINT('',#3260);
#3260 = CARTESIAN_POINT('',(3.06,-6.37,1.3));
#3261 = LINE('',#3262,#3263);
#3262 = CARTESIAN_POINT('',(3.06,-6.37,0.3));
#3263 = VECTOR('',#3264,1.);
#3264 = DIRECTION('',(0.,0.,1.));
#3265 = ORIENTED_EDGE('',*,*,#3266,.F.);
#3266 = EDGE_CURVE('',#3236,#3259,#3267,.T.);
#3267 = LINE('',#3268,#3269);
#3268 = CARTESIAN_POINT('',(-14.14,-6.37,1.3));
#3269 = VECTOR('',#3270,1.);
#3270 = DIRECTION('',(1.,0.,0.));
#3271 = ORIENTED_EDGE('',*,*,#3244,.T.);
#3272 = ORIENTED_EDGE('',*,*,#3110,.T.);
#3273 = PLANE('',#3274);
#3274 = AXIS2_PLACEMENT_3D('',#3275,#3276,#3277);
#3275 = CARTESIAN_POINT('',(-15.14,-6.37,0.3));
#3276 = DIRECTION('',(0.,1.,0.));
#3277 = DIRECTION('',(1.,0.,0.));
#3278 = ADVANCED_FACE('',(#3279),#3298,.T.);
#3279 = FACE_BOUND('',#3280,.T.);
#3280 = EDGE_LOOP('',(#3281,#3282,#3291,#3297));
#3281 = ORIENTED_EDGE('',*,*,#3258,.F.);
#3282 = ORIENTED_EDGE('',*,*,#3283,.T.);
#3283 = EDGE_CURVE('',#3259,#3284,#3286,.T.);
#3284 = VERTEX_POINT('',#3285);
#3285 = CARTESIAN_POINT('',(4.06,-5.37,1.3));
#3286 = CIRCLE('',#3287,1.);
#3287 = AXIS2_PLACEMENT_3D('',#3288,#3289,#3290);
#3288 = CARTESIAN_POINT('',(3.06,-5.37,1.3));
#3289 = DIRECTION('',(-0.,0.,1.));
#3290 = DIRECTION('',(0.,-1.,0.));
#3291 = ORIENTED_EDGE('',*,*,#3292,.T.);
#3292 = EDGE_CURVE('',#3284,#3094,#3293,.T.);
#3293 = LINE('',#3294,#3295);
#3294 = CARTESIAN_POINT('',(4.06,-5.37,0.3));
#3295 = VECTOR('',#3296,1.);
#3296 = DIRECTION('',(0.,0.,1.));
#3297 = ORIENTED_EDGE('',*,*,#3101,.F.);
#3298 = CYLINDRICAL_SURFACE('',#3299,1.);
#3299 = AXIS2_PLACEMENT_3D('',#3300,#3301,#3302);
#3300 = CARTESIAN_POINT('',(3.06,-5.37,0.3));
#3301 = DIRECTION('',(0.,0.,1.));
#3302 = DIRECTION('',(0.,-1.,0.));
#3303 = ADVANCED_FACE('',(#3304),#3322,.F.);
#3304 = FACE_BOUND('',#3305,.F.);
#3305 = EDGE_LOOP('',(#3306,#3314,#3320,#3321));
#3306 = ORIENTED_EDGE('',*,*,#3307,.F.);
#3307 = EDGE_CURVE('',#3308,#3085,#3310,.T.);
#3308 = VERTEX_POINT('',#3309);
#3309 = CARTESIAN_POINT('',(4.06,2.53,1.3));
#3310 = LINE('',#3311,#3312);
#3311 = CARTESIAN_POINT('',(4.06,2.53,0.3));
#3312 = VECTOR('',#3313,1.);
#3313 = DIRECTION('',(0.,0.,1.));
#3314 = ORIENTED_EDGE('',*,*,#3315,.F.);
#3315 = EDGE_CURVE('',#3284,#3308,#3316,.T.);
#3316 = LINE('',#3317,#3318);
#3317 = CARTESIAN_POINT('',(4.06,-5.37,1.3));
#3318 = VECTOR('',#3319,1.);
#3319 = DIRECTION('',(0.,1.,0.));
#3320 = ORIENTED_EDGE('',*,*,#3292,.T.);
#3321 = ORIENTED_EDGE('',*,*,#3093,.T.);
#3322 = PLANE('',#3323);
#3323 = AXIS2_PLACEMENT_3D('',#3324,#3325,#3326);
#3324 = CARTESIAN_POINT('',(4.06,-6.37,0.3));
#3325 = DIRECTION('',(-1.,0.,0.));
#3326 = DIRECTION('',(0.,1.,0.));
#3327 = ADVANCED_FACE('',(#3328),#3340,.T.);
#3328 = FACE_BOUND('',#3329,.T.);
#3329 = EDGE_LOOP('',(#3330,#3331,#3332,#3339));
#3330 = ORIENTED_EDGE('',*,*,#3084,.T.);
#3331 = ORIENTED_EDGE('',*,*,#3307,.F.);
#3332 = ORIENTED_EDGE('',*,*,#3333,.T.);
#3333 = EDGE_CURVE('',#3308,#3154,#3334,.T.);
#3334 = CIRCLE('',#3335,1.);
#3335 = AXIS2_PLACEMENT_3D('',#3336,#3337,#3338);
#3336 = CARTESIAN_POINT('',(3.06,2.53,1.3));
#3337 = DIRECTION('',(0.,0.,1.));
#3338 = DIRECTION('',(1.,0.,-0.));
#3339 = ORIENTED_EDGE('',*,*,#3153,.T.);
#3340 = CYLINDRICAL_SURFACE('',#3341,1.);
#3341 = AXIS2_PLACEMENT_3D('',#3342,#3343,#3344);
#3342 = CARTESIAN_POINT('',(3.06,2.53,0.3));
#3343 = DIRECTION('',(0.,0.,1.));
#3344 = DIRECTION('',(0.,1.,0.));
#3345 = ADVANCED_FACE('',(#3346),#3373,.T.);
#3346 = FACE_BOUND('',#3347,.T.);
#3347 = EDGE_LOOP('',(#3348,#3358,#3365,#3366));
#3348 = ORIENTED_EDGE('',*,*,#3349,.T.);
#3349 = EDGE_CURVE('',#3350,#3352,#3354,.T.);
#3350 = VERTEX_POINT('',#3351);
#3351 = CARTESIAN_POINT('',(3.06,2.53,0.3));
#3352 = VERTEX_POINT('',#3353);
#3353 = CARTESIAN_POINT('',(-14.14,2.53,0.3));
#3354 = LINE('',#3355,#3356);
#3355 = CARTESIAN_POINT('',(3.06,2.53,0.3));
#3356 = VECTOR('',#3357,1.);
#3357 = DIRECTION('',(-1.,0.,0.));
#3358 = ORIENTED_EDGE('',*,*,#3359,.T.);
#3359 = EDGE_CURVE('',#3352,#3163,#3360,.T.);
#3360 = CIRCLE('',#3361,1.);
#3361 = AXIS2_PLACEMENT_3D('',#3362,#3363,#3364);
#3362 = CARTESIAN_POINT('',(-14.14,2.53,1.3));
#3363 = DIRECTION('',(1.,-0.,0.));
#3364 = DIRECTION('',(0.,0.,-1.));
#3365 = ORIENTED_EDGE('',*,*,#3170,.F.);
#3366 = ORIENTED_EDGE('',*,*,#3367,.F.);
#3367 = EDGE_CURVE('',#3350,#3154,#3368,.T.);
#3368 = CIRCLE('',#3369,1.);
#3369 = AXIS2_PLACEMENT_3D('',#3370,#3371,#3372);
#3370 = CARTESIAN_POINT('',(3.06,2.53,1.3));
#3371 = DIRECTION('',(1.,-0.,0.));
#3372 = DIRECTION('',(0.,0.,-1.));
#3373 = CYLINDRICAL_SURFACE('',#3374,1.);
#3374 = AXIS2_PLACEMENT_3D('',#3375,#3376,#3377);
#3375 = CARTESIAN_POINT('',(3.06,2.53,1.3));
#3376 = DIRECTION('',(-1.,0.,0.));
#3377 = DIRECTION('',(0.,0.,-1.));
#3378 = ADVANCED_FACE('',(#3379),#3390,.T.);
#3379 = FACE_BOUND('',#3380,.T.);
#3380 = EDGE_LOOP('',(#3381,#3382,#3389));
#3381 = ORIENTED_EDGE('',*,*,#3359,.F.);
#3382 = ORIENTED_EDGE('',*,*,#3383,.T.);
#3383 = EDGE_CURVE('',#3352,#3187,#3384,.T.);
#3384 = CIRCLE('',#3385,1.);
#3385 = AXIS2_PLACEMENT_3D('',#3386,#3387,#3388);
#3386 = CARTESIAN_POINT('',(-14.14,2.53,1.3));
#3387 = DIRECTION('',(6.123233995737E-17,1.,-0.));
#3388 = DIRECTION('',(-1.,6.123233995737E-17,0.));
#3389 = ORIENTED_EDGE('',*,*,#3186,.F.);
#3390 = SPHERICAL_SURFACE('',#3391,1.);
#3391 = AXIS2_PLACEMENT_3D('',#3392,#3393,#3394);
#3392 = CARTESIAN_POINT('',(-14.14,2.53,1.3));
#3393 = DIRECTION('',(0.,0.,1.));
#3394 = DIRECTION('',(0.,1.,0.));
#3395 = ADVANCED_FACE('',(#3396),#3415,.T.);
#3396 = FACE_BOUND('',#3397,.T.);
#3397 = EDGE_LOOP('',(#3398,#3406,#3413,#3414));
#3398 = ORIENTED_EDGE('',*,*,#3399,.T.);
#3399 = EDGE_CURVE('',#3352,#3400,#3402,.T.);
#3400 = VERTEX_POINT('',#3401);
#3401 = CARTESIAN_POINT('',(-14.14,-5.37,0.3));
#3402 = LINE('',#3403,#3404);
#3403 = CARTESIAN_POINT('',(-14.14,2.53,0.3));
#3404 = VECTOR('',#3405,1.);
#3405 = DIRECTION('',(0.,-1.,0.));
#3406 = ORIENTED_EDGE('',*,*,#3407,.T.);
#3407 = EDGE_CURVE('',#3400,#3212,#3408,.T.);
#3408 = CIRCLE('',#3409,1.);
#3409 = AXIS2_PLACEMENT_3D('',#3410,#3411,#3412);
#3410 = CARTESIAN_POINT('',(-14.14,-5.37,1.3));
#3411 = DIRECTION('',(0.,1.,0.));
#3412 = DIRECTION('',(0.,0.,-1.));
#3413 = ORIENTED_EDGE('',*,*,#3219,.F.);
#3414 = ORIENTED_EDGE('',*,*,#3383,.F.);
#3415 = CYLINDRICAL_SURFACE('',#3416,1.);
#3416 = AXIS2_PLACEMENT_3D('',#3417,#3418,#3419);
#3417 = CARTESIAN_POINT('',(-14.14,2.53,1.3));
#3418 = DIRECTION('',(0.,-1.,0.));
#3419 = DIRECTION('',(-0.,-0.,-1.));
#3420 = ADVANCED_FACE('',(#3421),#3432,.T.);
#3421 = FACE_BOUND('',#3422,.T.);
#3422 = EDGE_LOOP('',(#3423,#3424,#3431));
#3423 = ORIENTED_EDGE('',*,*,#3407,.F.);
#3424 = ORIENTED_EDGE('',*,*,#3425,.T.);
#3425 = EDGE_CURVE('',#3400,#3236,#3426,.T.);
#3426 = CIRCLE('',#3427,1.);
#3427 = AXIS2_PLACEMENT_3D('',#3428,#3429,#3430);
#3428 = CARTESIAN_POINT('',(-14.14,-5.37,1.3));
#3429 = DIRECTION('',(-1.,6.123233995737E-17,0.));
#3430 = DIRECTION('',(-6.123233995737E-17,-1.,0.));
#3431 = ORIENTED_EDGE('',*,*,#3235,.F.);
#3432 = SPHERICAL_SURFACE('',#3433,1.);
#3433 = AXIS2_PLACEMENT_3D('',#3434,#3435,#3436);
#3434 = CARTESIAN_POINT('',(-14.14,-5.37,1.3));
#3435 = DIRECTION('',(0.,0.,1.));
#3436 = DIRECTION('',(-1.,0.,0.));
#3437 = ADVANCED_FACE('',(#3438),#3457,.T.);
#3438 = FACE_BOUND('',#3439,.T.);
#3439 = EDGE_LOOP('',(#3440,#3448,#3455,#3456));
#3440 = ORIENTED_EDGE('',*,*,#3441,.T.);
#3441 = EDGE_CURVE('',#3400,#3442,#3444,.T.);
#3442 = VERTEX_POINT('',#3443);
#3443 = CARTESIAN_POINT('',(3.06,-5.37,0.3));
#3444 = LINE('',#3445,#3446);
#3445 = CARTESIAN_POINT('',(-14.14,-5.37,0.3));
#3446 = VECTOR('',#3447,1.);
#3447 = DIRECTION('',(1.,0.,0.));
#3448 = ORIENTED_EDGE('',*,*,#3449,.T.);
#3449 = EDGE_CURVE('',#3442,#3259,#3450,.T.);
#3450 = CIRCLE('',#3451,1.);
#3451 = AXIS2_PLACEMENT_3D('',#3452,#3453,#3454);
#3452 = CARTESIAN_POINT('',(3.06,-5.37,1.3));
#3453 = DIRECTION('',(-1.,-0.,-0.));
#3454 = DIRECTION('',(0.,0.,-1.));
#3455 = ORIENTED_EDGE('',*,*,#3266,.F.);
#3456 = ORIENTED_EDGE('',*,*,#3425,.F.);
#3457 = CYLINDRICAL_SURFACE('',#3458,1.);
#3458 = AXIS2_PLACEMENT_3D('',#3459,#3460,#3461);
#3459 = CARTESIAN_POINT('',(-14.14,-5.37,1.3));
#3460 = DIRECTION('',(1.,0.,0.));
#3461 = DIRECTION('',(0.,0.,-1.));
#3462 = ADVANCED_FACE('',(#3463),#3474,.T.);
#3463 = FACE_BOUND('',#3464,.T.);
#3464 = EDGE_LOOP('',(#3465,#3466,#3473));
#3465 = ORIENTED_EDGE('',*,*,#3449,.F.);
#3466 = ORIENTED_EDGE('',*,*,#3467,.T.);
#3467 = EDGE_CURVE('',#3442,#3284,#3468,.T.);
#3468 = CIRCLE('',#3469,1.);
#3469 = AXIS2_PLACEMENT_3D('',#3470,#3471,#3472);
#3470 = CARTESIAN_POINT('',(3.06,-5.37,1.3));
#3471 = DIRECTION('',(-6.123233995737E-17,-1.,0.));
#3472 = DIRECTION('',(1.,-6.123233995737E-17,0.));
#3473 = ORIENTED_EDGE('',*,*,#3283,.F.);
#3474 = SPHERICAL_SURFACE('',#3475,1.);
#3475 = AXIS2_PLACEMENT_3D('',#3476,#3477,#3478);
#3476 = CARTESIAN_POINT('',(3.06,-5.37,1.3));
#3477 = DIRECTION('',(0.,0.,1.));
#3478 = DIRECTION('',(0.,-1.,0.));
#3479 = ADVANCED_FACE('',(#3480),#3497,.T.);
#3480 = FACE_BOUND('',#3481,.T.);
#3481 = EDGE_LOOP('',(#3482,#3488,#3495,#3496));
#3482 = ORIENTED_EDGE('',*,*,#3483,.T.);
#3483 = EDGE_CURVE('',#3442,#3350,#3484,.T.);
#3484 = LINE('',#3485,#3486);
#3485 = CARTESIAN_POINT('',(3.06,-5.37,0.3));
#3486 = VECTOR('',#3487,1.);
#3487 = DIRECTION('',(0.,1.,0.));
#3488 = ORIENTED_EDGE('',*,*,#3489,.T.);
#3489 = EDGE_CURVE('',#3350,#3308,#3490,.T.);
#3490 = CIRCLE('',#3491,1.);
#3491 = AXIS2_PLACEMENT_3D('',#3492,#3493,#3494);
#3492 = CARTESIAN_POINT('',(3.06,2.53,1.3));
#3493 = DIRECTION('',(0.,-1.,0.));
#3494 = DIRECTION('',(0.,0.,-1.));
#3495 = ORIENTED_EDGE('',*,*,#3315,.F.);
#3496 = ORIENTED_EDGE('',*,*,#3467,.F.);
#3497 = CYLINDRICAL_SURFACE('',#3498,1.);
#3498 = AXIS2_PLACEMENT_3D('',#3499,#3500,#3501);
#3499 = CARTESIAN_POINT('',(3.06,-5.37,1.3));
#3500 = DIRECTION('',(0.,1.,0.));
#3501 = DIRECTION('',(0.,0.,-1.));
#3502 = ADVANCED_FACE('',(#3503),#3508,.T.);
#3503 = FACE_BOUND('',#3504,.T.);
#3504 = EDGE_LOOP('',(#3505,#3506,#3507));
#3505 = ORIENTED_EDGE('',*,*,#3489,.F.);
#3506 = ORIENTED_EDGE('',*,*,#3367,.T.);
#3507 = ORIENTED_EDGE('',*,*,#3333,.F.);
#3508 = SPHERICAL_SURFACE('',#3509,1.);
#3509 = AXIS2_PLACEMENT_3D('',#3510,#3511,#3512);
#3510 = CARTESIAN_POINT('',(3.06,2.53,1.3));
#3511 = DIRECTION('',(0.,0.,1.));
#3512 = DIRECTION('',(1.,0.,-0.));
#3513 = ADVANCED_FACE('',(#3514,#3520),#3554,.F.);
#3514 = FACE_BOUND('',#3515,.F.);
#3515 = EDGE_LOOP('',(#3516,#3517,#3518,#3519));
#3516 = ORIENTED_EDGE('',*,*,#3349,.T.);
#3517 = ORIENTED_EDGE('',*,*,#3399,.T.);
#3518 = ORIENTED_EDGE('',*,*,#3441,.T.);
#3519 = ORIENTED_EDGE('',*,*,#3483,.T.);
#3520 = FACE_BOUND('',#3521,.F.);
#3521 = EDGE_LOOP('',(#3522,#3532,#3540,#3548));
#3522 = ORIENTED_EDGE('',*,*,#3523,.F.);
#3523 = EDGE_CURVE('',#3524,#3526,#3528,.T.);
#3524 = VERTEX_POINT('',#3525);
#3525 = CARTESIAN_POINT('',(-13.64,-4.87,0.3));
#3526 = VERTEX_POINT('',#3527);
#3527 = CARTESIAN_POINT('',(2.56,-4.87,0.3));
#3528 = LINE('',#3529,#3530);
#3529 = CARTESIAN_POINT('',(-9.59,-4.87,0.3));
#3530 = VECTOR('',#3531,1.);
#3531 = DIRECTION('',(1.,0.,0.));
#3532 = ORIENTED_EDGE('',*,*,#3533,.F.);
#3533 = EDGE_CURVE('',#3534,#3524,#3536,.T.);
#3534 = VERTEX_POINT('',#3535);
#3535 = CARTESIAN_POINT('',(-13.64,2.03,0.3));
#3536 = LINE('',#3537,#3538);
#3537 = CARTESIAN_POINT('',(-13.64,0.305,0.3));
#3538 = VECTOR('',#3539,1.);
#3539 = DIRECTION('',(0.,-1.,0.));
#3540 = ORIENTED_EDGE('',*,*,#3541,.F.);
#3541 = EDGE_CURVE('',#3542,#3534,#3544,.T.);
#3542 = VERTEX_POINT('',#3543);
#3543 = CARTESIAN_POINT('',(2.56,2.03,0.3));
#3544 = LINE('',#3545,#3546);
#3545 = CARTESIAN_POINT('',(-1.49,2.03,0.3));
#3546 = VECTOR('',#3547,1.);
#3547 = DIRECTION('',(-1.,0.,0.));
#3548 = ORIENTED_EDGE('',*,*,#3549,.F.);
#3549 = EDGE_CURVE('',#3526,#3542,#3550,.T.);
#3550 = LINE('',#3551,#3552);
#3551 = CARTESIAN_POINT('',(2.56,-3.145,0.3));
#3552 = VECTOR('',#3553,1.);
#3553 = DIRECTION('',(0.,1.,-0.));
#3554 = PLANE('',#3555);
#3555 = AXIS2_PLACEMENT_3D('',#3556,#3557,#3558);
#3556 = CARTESIAN_POINT('',(-5.54,-1.42,0.3));
#3557 = DIRECTION('',(0.,0.,1.));
#3558 = DIRECTION('',(1.,0.,-0.));
#3559 = ADVANCED_FACE('',(#3560),#3585,.F.);
#3560 = FACE_BOUND('',#3561,.F.);
#3561 = EDGE_LOOP('',(#3562,#3572,#3578,#3579));
#3562 = ORIENTED_EDGE('',*,*,#3563,.F.);
#3563 = EDGE_CURVE('',#3564,#3566,#3568,.T.);
#3564 = VERTEX_POINT('',#3565);
#3565 = CARTESIAN_POINT('',(-13.64,-4.87,0.));
#3566 = VERTEX_POINT('',#3567);
#3567 = CARTESIAN_POINT('',(2.56,-4.87,0.));
#3568 = LINE('',#3569,#3570);
#3569 = CARTESIAN_POINT('',(-13.64,-4.87,0.));
#3570 = VECTOR('',#3571,1.);
#3571 = DIRECTION('',(1.,0.,0.));
#3572 = ORIENTED_EDGE('',*,*,#3573,.T.);
#3573 = EDGE_CURVE('',#3564,#3524,#3574,.T.);
#3574 = LINE('',#3575,#3576);
#3575 = CARTESIAN_POINT('',(-13.64,-4.87,0.));
#3576 = VECTOR('',#3577,1.);
#3577 = DIRECTION('',(0.,0.,1.));
#3578 = ORIENTED_EDGE('',*,*,#3523,.T.);
#3579 = ORIENTED_EDGE('',*,*,#3580,.F.);
#3580 = EDGE_CURVE('',#3566,#3526,#3581,.T.);
#3581 = LINE('',#3582,#3583);
#3582 = CARTESIAN_POINT('',(2.56,-4.87,0.));
#3583 = VECTOR('',#3584,1.);
#3584 = DIRECTION('',(0.,0.,1.));
#3585 = PLANE('',#3586);
#3586 = AXIS2_PLACEMENT_3D('',#3587,#3588,#3589);
#3587 = CARTESIAN_POINT('',(-13.64,-4.87,0.));
#3588 = DIRECTION('',(0.,1.,0.));
#3589 = DIRECTION('',(1.,0.,0.));
#3590 = ADVANCED_FACE('',(#3591),#3609,.F.);
#3591 = FACE_BOUND('',#3592,.F.);
#3592 = EDGE_LOOP('',(#3593,#3601,#3602,#3603));
#3593 = ORIENTED_EDGE('',*,*,#3594,.F.);
#3594 = EDGE_CURVE('',#3566,#3595,#3597,.T.);
#3595 = VERTEX_POINT('',#3596);
#3596 = CARTESIAN_POINT('',(2.56,2.03,0.));
#3597 = LINE('',#3598,#3599);
#3598 = CARTESIAN_POINT('',(2.56,-4.87,0.));
#3599 = VECTOR('',#3600,1.);
#3600 = DIRECTION('',(0.,1.,0.));
#3601 = ORIENTED_EDGE('',*,*,#3580,.T.);
#3602 = ORIENTED_EDGE('',*,*,#3549,.T.);
#3603 = ORIENTED_EDGE('',*,*,#3604,.F.);
#3604 = EDGE_CURVE('',#3595,#3542,#3605,.T.);
#3605 = LINE('',#3606,#3607);
#3606 = CARTESIAN_POINT('',(2.56,2.03,0.));
#3607 = VECTOR('',#3608,1.);
#3608 = DIRECTION('',(0.,0.,1.));
#3609 = PLANE('',#3610);
#3610 = AXIS2_PLACEMENT_3D('',#3611,#3612,#3613);
#3611 = CARTESIAN_POINT('',(2.56,-4.87,0.));
#3612 = DIRECTION('',(-1.,0.,0.));
#3613 = DIRECTION('',(0.,1.,0.));
#3614 = ADVANCED_FACE('',(#3615),#3633,.F.);
#3615 = FACE_BOUND('',#3616,.F.);
#3616 = EDGE_LOOP('',(#3617,#3625,#3626,#3627));
#3617 = ORIENTED_EDGE('',*,*,#3618,.F.);
#3618 = EDGE_CURVE('',#3595,#3619,#3621,.T.);
#3619 = VERTEX_POINT('',#3620);
#3620 = CARTESIAN_POINT('',(-13.64,2.03,0.));
#3621 = LINE('',#3622,#3623);
#3622 = CARTESIAN_POINT('',(2.56,2.03,0.));
#3623 = VECTOR('',#3624,1.);
#3624 = DIRECTION('',(-1.,0.,0.));
#3625 = ORIENTED_EDGE('',*,*,#3604,.T.);
#3626 = ORIENTED_EDGE('',*,*,#3541,.T.);
#3627 = ORIENTED_EDGE('',*,*,#3628,.F.);
#3628 = EDGE_CURVE('',#3619,#3534,#3629,.T.);
#3629 = LINE('',#3630,#3631);
#3630 = CARTESIAN_POINT('',(-13.64,2.03,0.));
#3631 = VECTOR('',#3632,1.);
#3632 = DIRECTION('',(0.,0.,1.));
#3633 = PLANE('',#3634);
#3634 = AXIS2_PLACEMENT_3D('',#3635,#3636,#3637);
#3635 = CARTESIAN_POINT('',(2.56,2.03,0.));
#3636 = DIRECTION('',(0.,-1.,0.));
#3637 = DIRECTION('',(-1.,0.,0.));
#3638 = ADVANCED_FACE('',(#3639),#3650,.F.);
#3639 = FACE_BOUND('',#3640,.F.);
#3640 = EDGE_LOOP('',(#3641,#3647,#3648,#3649));
#3641 = ORIENTED_EDGE('',*,*,#3642,.F.);
#3642 = EDGE_CURVE('',#3619,#3564,#3643,.T.);
#3643 = LINE('',#3644,#3645);
#3644 = CARTESIAN_POINT('',(-13.64,2.03,0.));
#3645 = VECTOR('',#3646,1.);
#3646 = DIRECTION('',(0.,-1.,0.));
#3647 = ORIENTED_EDGE('',*,*,#3628,.T.);
#3648 = ORIENTED_EDGE('',*,*,#3533,.T.);
#3649 = ORIENTED_EDGE('',*,*,#3573,.F.);
#3650 = PLANE('',#3651);
#3651 = AXIS2_PLACEMENT_3D('',#3652,#3653,#3654);
#3652 = CARTESIAN_POINT('',(-13.64,2.03,0.));
#3653 = DIRECTION('',(1.,0.,0.));
#3654 = DIRECTION('',(0.,-1.,0.));
#3655 = ADVANCED_FACE('',(#3656,#3662,#3673,#3684,#3695,#3706,#3717,
    #3728,#3739,#3750),#3761,.F.);
#3656 = FACE_BOUND('',#3657,.F.);
#3657 = EDGE_LOOP('',(#3658,#3659,#3660,#3661));
#3658 = ORIENTED_EDGE('',*,*,#3563,.T.);
#3659 = ORIENTED_EDGE('',*,*,#3594,.T.);
#3660 = ORIENTED_EDGE('',*,*,#3618,.T.);
#3661 = ORIENTED_EDGE('',*,*,#3642,.T.);
#3662 = FACE_BOUND('',#3663,.F.);
#3663 = EDGE_LOOP('',(#3664));
#3664 = ORIENTED_EDGE('',*,*,#3665,.F.);
#3665 = EDGE_CURVE('',#3666,#3666,#3668,.T.);
#3666 = VERTEX_POINT('',#3667);
#3667 = CARTESIAN_POINT('',(-9.375,-2.84,0.));
#3668 = CIRCLE('',#3669,0.32);
#3669 = AXIS2_PLACEMENT_3D('',#3670,#3671,#3672);
#3670 = CARTESIAN_POINT('',(-9.695,-2.84,0.));
#3671 = DIRECTION('',(0.,0.,1.));
#3672 = DIRECTION('',(1.,0.,-0.));
#3673 = FACE_BOUND('',#3674,.F.);
#3674 = EDGE_LOOP('',(#3675));
#3675 = ORIENTED_EDGE('',*,*,#3676,.F.);
#3676 = EDGE_CURVE('',#3677,#3677,#3679,.T.);
#3677 = VERTEX_POINT('',#3678);
#3678 = CARTESIAN_POINT('',(-6.605,-2.84,0.));
#3679 = CIRCLE('',#3680,0.32);
#3680 = AXIS2_PLACEMENT_3D('',#3681,#3682,#3683);
#3681 = CARTESIAN_POINT('',(-6.925,-2.84,0.));
#3682 = DIRECTION('',(0.,0.,1.));
#3683 = DIRECTION('',(1.,0.,-0.));
#3684 = FACE_BOUND('',#3685,.F.);
#3685 = EDGE_LOOP('',(#3686));
#3686 = ORIENTED_EDGE('',*,*,#3687,.F.);
#3687 = EDGE_CURVE('',#3688,#3688,#3690,.T.);
#3688 = VERTEX_POINT('',#3689);
#3689 = CARTESIAN_POINT('',(-3.835,-2.84,0.));
#3690 = CIRCLE('',#3691,0.32);
#3691 = AXIS2_PLACEMENT_3D('',#3692,#3693,#3694);
#3692 = CARTESIAN_POINT('',(-4.155,-2.84,0.));
#3693 = DIRECTION('',(0.,0.,1.));
#3694 = DIRECTION('',(1.,0.,-0.));
#3695 = FACE_BOUND('',#3696,.F.);
#3696 = EDGE_LOOP('',(#3697));
#3697 = ORIENTED_EDGE('',*,*,#3698,.F.);
#3698 = EDGE_CURVE('',#3699,#3699,#3701,.T.);
#3699 = VERTEX_POINT('',#3700);
#3700 = CARTESIAN_POINT('',(-1.065,-2.84,0.));
#3701 = CIRCLE('',#3702,0.32);
#3702 = AXIS2_PLACEMENT_3D('',#3703,#3704,#3705);
#3703 = CARTESIAN_POINT('',(-1.385,-2.84,0.));
#3704 = DIRECTION('',(0.,0.,1.));
#3705 = DIRECTION('',(1.,0.,-0.));
#3706 = FACE_BOUND('',#3707,.F.);
#3707 = EDGE_LOOP('',(#3708));
#3708 = ORIENTED_EDGE('',*,*,#3709,.F.);
#3709 = EDGE_CURVE('',#3710,#3710,#3712,.T.);
#3710 = VERTEX_POINT('',#3711);
#3711 = CARTESIAN_POINT('',(-10.76,0.,0.));
#3712 = CIRCLE('',#3713,0.32);
#3713 = AXIS2_PLACEMENT_3D('',#3714,#3715,#3716);
#3714 = CARTESIAN_POINT('',(-11.08,0.,0.));
#3715 = DIRECTION('',(0.,0.,1.));
#3716 = DIRECTION('',(1.,0.,-0.));
#3717 = FACE_BOUND('',#3718,.F.);
#3718 = EDGE_LOOP('',(#3719));
#3719 = ORIENTED_EDGE('',*,*,#3720,.F.);
#3720 = EDGE_CURVE('',#3721,#3721,#3723,.T.);
#3721 = VERTEX_POINT('',#3722);
#3722 = CARTESIAN_POINT('',(-7.99,0.,0.));
#3723 = CIRCLE('',#3724,0.32);
#3724 = AXIS2_PLACEMENT_3D('',#3725,#3726,#3727);
#3725 = CARTESIAN_POINT('',(-8.31,0.,0.));
#3726 = DIRECTION('',(0.,0.,1.));
#3727 = DIRECTION('',(1.,0.,-0.));
#3728 = FACE_BOUND('',#3729,.F.);
#3729 = EDGE_LOOP('',(#3730));
#3730 = ORIENTED_EDGE('',*,*,#3731,.F.);
#3731 = EDGE_CURVE('',#3732,#3732,#3734,.T.);
#3732 = VERTEX_POINT('',#3733);
#3733 = CARTESIAN_POINT('',(-5.22,0.,0.));
#3734 = CIRCLE('',#3735,0.32);
#3735 = AXIS2_PLACEMENT_3D('',#3736,#3737,#3738);
#3736 = CARTESIAN_POINT('',(-5.54,0.,0.));
#3737 = DIRECTION('',(0.,0.,1.));
#3738 = DIRECTION('',(1.,0.,-0.));
#3739 = FACE_BOUND('',#3740,.F.);
#3740 = EDGE_LOOP('',(#3741));
#3741 = ORIENTED_EDGE('',*,*,#3742,.F.);
#3742 = EDGE_CURVE('',#3743,#3743,#3745,.T.);
#3743 = VERTEX_POINT('',#3744);
#3744 = CARTESIAN_POINT('',(-2.45,0.,0.));
#3745 = CIRCLE('',#3746,0.32);
#3746 = AXIS2_PLACEMENT_3D('',#3747,#3748,#3749);
#3747 = CARTESIAN_POINT('',(-2.77,0.,0.));
#3748 = DIRECTION('',(0.,0.,1.));
#3749 = DIRECTION('',(1.,0.,-0.));
#3750 = FACE_BOUND('',#3751,.F.);
#3751 = EDGE_LOOP('',(#3752));
#3752 = ORIENTED_EDGE('',*,*,#3753,.F.);
#3753 = EDGE_CURVE('',#3754,#3754,#3756,.T.);
#3754 = VERTEX_POINT('',#3755);
#3755 = CARTESIAN_POINT('',(0.32,0.,0.));
#3756 = CIRCLE('',#3757,0.32);
#3757 = AXIS2_PLACEMENT_3D('',#3758,#3759,#3760);
#3758 = CARTESIAN_POINT('',(0.,0.,0.));
#3759 = DIRECTION('',(0.,0.,1.));
#3760 = DIRECTION('',(1.,0.,-0.));
#3761 = PLANE('',#3762);
#3762 = AXIS2_PLACEMENT_3D('',#3763,#3764,#3765);
#3763 = CARTESIAN_POINT('',(-5.54,-1.42,0.));
#3764 = DIRECTION('',(0.,0.,1.));
#3765 = DIRECTION('',(1.,0.,-0.));
#3766 = ADVANCED_FACE('',(#3767),#3786,.T.);
#3767 = FACE_BOUND('',#3768,.T.);
#3768 = EDGE_LOOP('',(#3769,#3770,#3778,#3785));
#3769 = ORIENTED_EDGE('',*,*,#3665,.F.);
#3770 = ORIENTED_EDGE('',*,*,#3771,.T.);
#3771 = EDGE_CURVE('',#3666,#3772,#3774,.T.);
#3772 = VERTEX_POINT('',#3773);
#3773 = CARTESIAN_POINT('',(-9.375,-2.84,-3.74));
#3774 = LINE('',#3775,#3776);
#3775 = CARTESIAN_POINT('',(-9.375,-2.84,0.4));
#3776 = VECTOR('',#3777,1.);
#3777 = DIRECTION('',(-0.,-0.,-1.));
#3778 = ORIENTED_EDGE('',*,*,#3779,.T.);
#3779 = EDGE_CURVE('',#3772,#3772,#3780,.T.);
#3780 = CIRCLE('',#3781,0.32);
#3781 = AXIS2_PLACEMENT_3D('',#3782,#3783,#3784);
#3782 = CARTESIAN_POINT('',(-9.695,-2.84,-3.74));
#3783 = DIRECTION('',(0.,0.,1.));
#3784 = DIRECTION('',(1.,0.,-0.));
#3785 = ORIENTED_EDGE('',*,*,#3771,.F.);
#3786 = CYLINDRICAL_SURFACE('',#3787,0.32);
#3787 = AXIS2_PLACEMENT_3D('',#3788,#3789,#3790);
#3788 = CARTESIAN_POINT('',(-9.695,-2.84,0.4));
#3789 = DIRECTION('',(0.,0.,1.));
#3790 = DIRECTION('',(1.,0.,-0.));
#3791 = ADVANCED_FACE('',(#3792),#3811,.T.);
#3792 = FACE_BOUND('',#3793,.T.);
#3793 = EDGE_LOOP('',(#3794,#3795,#3803,#3810));
#3794 = ORIENTED_EDGE('',*,*,#3676,.F.);
#3795 = ORIENTED_EDGE('',*,*,#3796,.T.);
#3796 = EDGE_CURVE('',#3677,#3797,#3799,.T.);
#3797 = VERTEX_POINT('',#3798);
#3798 = CARTESIAN_POINT('',(-6.605,-2.84,-3.74));
#3799 = LINE('',#3800,#3801);
#3800 = CARTESIAN_POINT('',(-6.605,-2.84,0.4));
#3801 = VECTOR('',#3802,1.);
#3802 = DIRECTION('',(-0.,-0.,-1.));
#3803 = ORIENTED_EDGE('',*,*,#3804,.T.);
#3804 = EDGE_CURVE('',#3797,#3797,#3805,.T.);
#3805 = CIRCLE('',#3806,0.32);
#3806 = AXIS2_PLACEMENT_3D('',#3807,#3808,#3809);
#3807 = CARTESIAN_POINT('',(-6.925,-2.84,-3.74));
#3808 = DIRECTION('',(0.,0.,1.));
#3809 = DIRECTION('',(1.,0.,-0.));
#3810 = ORIENTED_EDGE('',*,*,#3796,.F.);
#3811 = CYLINDRICAL_SURFACE('',#3812,0.32);
#3812 = AXIS2_PLACEMENT_3D('',#3813,#3814,#3815);
#3813 = CARTESIAN_POINT('',(-6.925,-2.84,0.4));
#3814 = DIRECTION('',(0.,0.,1.));
#3815 = DIRECTION('',(1.,0.,-0.));
#3816 = ADVANCED_FACE('',(#3817),#3836,.T.);
#3817 = FACE_BOUND('',#3818,.T.);
#3818 = EDGE_LOOP('',(#3819,#3820,#3828,#3835));
#3819 = ORIENTED_EDGE('',*,*,#3687,.F.);
#3820 = ORIENTED_EDGE('',*,*,#3821,.T.);
#3821 = EDGE_CURVE('',#3688,#3822,#3824,.T.);
#3822 = VERTEX_POINT('',#3823);
#3823 = CARTESIAN_POINT('',(-3.835,-2.84,-3.74));
#3824 = LINE('',#3825,#3826);
#3825 = CARTESIAN_POINT('',(-3.835,-2.84,0.4));
#3826 = VECTOR('',#3827,1.);
#3827 = DIRECTION('',(-0.,-0.,-1.));
#3828 = ORIENTED_EDGE('',*,*,#3829,.T.);
#3829 = EDGE_CURVE('',#3822,#3822,#3830,.T.);
#3830 = CIRCLE('',#3831,0.32);
#3831 = AXIS2_PLACEMENT_3D('',#3832,#3833,#3834);
#3832 = CARTESIAN_POINT('',(-4.155,-2.84,-3.74));
#3833 = DIRECTION('',(0.,0.,1.));
#3834 = DIRECTION('',(1.,0.,-0.));
#3835 = ORIENTED_EDGE('',*,*,#3821,.F.);
#3836 = CYLINDRICAL_SURFACE('',#3837,0.32);
#3837 = AXIS2_PLACEMENT_3D('',#3838,#3839,#3840);
#3838 = CARTESIAN_POINT('',(-4.155,-2.84,0.4));
#3839 = DIRECTION('',(0.,0.,1.));
#3840 = DIRECTION('',(1.,0.,-0.));
#3841 = ADVANCED_FACE('',(#3842),#3861,.T.);
#3842 = FACE_BOUND('',#3843,.T.);
#3843 = EDGE_LOOP('',(#3844,#3845,#3853,#3860));
#3844 = ORIENTED_EDGE('',*,*,#3698,.F.);
#3845 = ORIENTED_EDGE('',*,*,#3846,.T.);
#3846 = EDGE_CURVE('',#3699,#3847,#3849,.T.);
#3847 = VERTEX_POINT('',#3848);
#3848 = CARTESIAN_POINT('',(-1.065,-2.84,-3.74));
#3849 = LINE('',#3850,#3851);
#3850 = CARTESIAN_POINT('',(-1.065,-2.84,0.4));
#3851 = VECTOR('',#3852,1.);
#3852 = DIRECTION('',(-0.,-0.,-1.));
#3853 = ORIENTED_EDGE('',*,*,#3854,.T.);
#3854 = EDGE_CURVE('',#3847,#3847,#3855,.T.);
#3855 = CIRCLE('',#3856,0.32);
#3856 = AXIS2_PLACEMENT_3D('',#3857,#3858,#3859);
#3857 = CARTESIAN_POINT('',(-1.385,-2.84,-3.74));
#3858 = DIRECTION('',(0.,0.,1.));
#3859 = DIRECTION('',(1.,0.,-0.));
#3860 = ORIENTED_EDGE('',*,*,#3846,.F.);
#3861 = CYLINDRICAL_SURFACE('',#3862,0.32);
#3862 = AXIS2_PLACEMENT_3D('',#3863,#3864,#3865);
#3863 = CARTESIAN_POINT('',(-1.385,-2.84,0.4));
#3864 = DIRECTION('',(0.,0.,1.));
#3865 = DIRECTION('',(1.,0.,-0.));
#3866 = ADVANCED_FACE('',(#3867),#3886,.T.);
#3867 = FACE_BOUND('',#3868,.T.);
#3868 = EDGE_LOOP('',(#3869,#3870,#3878,#3885));
#3869 = ORIENTED_EDGE('',*,*,#3709,.F.);
#3870 = ORIENTED_EDGE('',*,*,#3871,.T.);
#3871 = EDGE_CURVE('',#3710,#3872,#3874,.T.);
#3872 = VERTEX_POINT('',#3873);
#3873 = CARTESIAN_POINT('',(-10.76,0.,-3.74));
#3874 = LINE('',#3875,#3876);
#3875 = CARTESIAN_POINT('',(-10.76,0.,0.4));
#3876 = VECTOR('',#3877,1.);
#3877 = DIRECTION('',(-0.,-0.,-1.));
#3878 = ORIENTED_EDGE('',*,*,#3879,.T.);
#3879 = EDGE_CURVE('',#3872,#3872,#3880,.T.);
#3880 = CIRCLE('',#3881,0.32);
#3881 = AXIS2_PLACEMENT_3D('',#3882,#3883,#3884);
#3882 = CARTESIAN_POINT('',(-11.08,0.,-3.74));
#3883 = DIRECTION('',(0.,0.,1.));
#3884 = DIRECTION('',(1.,0.,-0.));
#3885 = ORIENTED_EDGE('',*,*,#3871,.F.);
#3886 = CYLINDRICAL_SURFACE('',#3887,0.32);
#3887 = AXIS2_PLACEMENT_3D('',#3888,#3889,#3890);
#3888 = CARTESIAN_POINT('',(-11.08,0.,0.4));
#3889 = DIRECTION('',(0.,0.,1.));
#3890 = DIRECTION('',(1.,0.,-0.));
#3891 = ADVANCED_FACE('',(#3892),#3911,.T.);
#3892 = FACE_BOUND('',#3893,.T.);
#3893 = EDGE_LOOP('',(#3894,#3895,#3903,#3910));
#3894 = ORIENTED_EDGE('',*,*,#3720,.F.);
#3895 = ORIENTED_EDGE('',*,*,#3896,.T.);
#3896 = EDGE_CURVE('',#3721,#3897,#3899,.T.);
#3897 = VERTEX_POINT('',#3898);
#3898 = CARTESIAN_POINT('',(-7.99,0.,-3.74));
#3899 = LINE('',#3900,#3901);
#3900 = CARTESIAN_POINT('',(-7.99,0.,0.4));
#3901 = VECTOR('',#3902,1.);
#3902 = DIRECTION('',(-0.,-0.,-1.));
#3903 = ORIENTED_EDGE('',*,*,#3904,.T.);
#3904 = EDGE_CURVE('',#3897,#3897,#3905,.T.);
#3905 = CIRCLE('',#3906,0.32);
#3906 = AXIS2_PLACEMENT_3D('',#3907,#3908,#3909);
#3907 = CARTESIAN_POINT('',(-8.31,0.,-3.74));
#3908 = DIRECTION('',(0.,0.,1.));
#3909 = DIRECTION('',(1.,0.,-0.));
#3910 = ORIENTED_EDGE('',*,*,#3896,.F.);
#3911 = CYLINDRICAL_SURFACE('',#3912,0.32);
#3912 = AXIS2_PLACEMENT_3D('',#3913,#3914,#3915);
#3913 = CARTESIAN_POINT('',(-8.31,0.,0.4));
#3914 = DIRECTION('',(0.,0.,1.));
#3915 = DIRECTION('',(1.,0.,-0.));
#3916 = ADVANCED_FACE('',(#3917),#3936,.T.);
#3917 = FACE_BOUND('',#3918,.T.);
#3918 = EDGE_LOOP('',(#3919,#3920,#3928,#3935));
#3919 = ORIENTED_EDGE('',*,*,#3731,.F.);
#3920 = ORIENTED_EDGE('',*,*,#3921,.T.);
#3921 = EDGE_CURVE('',#3732,#3922,#3924,.T.);
#3922 = VERTEX_POINT('',#3923);
#3923 = CARTESIAN_POINT('',(-5.22,0.,-3.74));
#3924 = LINE('',#3925,#3926);
#3925 = CARTESIAN_POINT('',(-5.22,0.,0.4));
#3926 = VECTOR('',#3927,1.);
#3927 = DIRECTION('',(-0.,-0.,-1.));
#3928 = ORIENTED_EDGE('',*,*,#3929,.T.);
#3929 = EDGE_CURVE('',#3922,#3922,#3930,.T.);
#3930 = CIRCLE('',#3931,0.32);
#3931 = AXIS2_PLACEMENT_3D('',#3932,#3933,#3934);
#3932 = CARTESIAN_POINT('',(-5.54,0.,-3.74));
#3933 = DIRECTION('',(0.,0.,1.));
#3934 = DIRECTION('',(1.,0.,-0.));
#3935 = ORIENTED_EDGE('',*,*,#3921,.F.);
#3936 = CYLINDRICAL_SURFACE('',#3937,0.32);
#3937 = AXIS2_PLACEMENT_3D('',#3938,#3939,#3940);
#3938 = CARTESIAN_POINT('',(-5.54,0.,0.4));
#3939 = DIRECTION('',(0.,0.,1.));
#3940 = DIRECTION('',(1.,0.,-0.));
#3941 = ADVANCED_FACE('',(#3942),#3961,.T.);
#3942 = FACE_BOUND('',#3943,.T.);
#3943 = EDGE_LOOP('',(#3944,#3945,#3953,#3960));
#3944 = ORIENTED_EDGE('',*,*,#3742,.F.);
#3945 = ORIENTED_EDGE('',*,*,#3946,.T.);
#3946 = EDGE_CURVE('',#3743,#3947,#3949,.T.);
#3947 = VERTEX_POINT('',#3948);
#3948 = CARTESIAN_POINT('',(-2.45,0.,-3.74));
#3949 = LINE('',#3950,#3951);
#3950 = CARTESIAN_POINT('',(-2.45,0.,0.4));
#3951 = VECTOR('',#3952,1.);
#3952 = DIRECTION('',(-0.,-0.,-1.));
#3953 = ORIENTED_EDGE('',*,*,#3954,.T.);
#3954 = EDGE_CURVE('',#3947,#3947,#3955,.T.);
#3955 = CIRCLE('',#3956,0.32);
#3956 = AXIS2_PLACEMENT_3D('',#3957,#3958,#3959);
#3957 = CARTESIAN_POINT('',(-2.77,0.,-3.74));
#3958 = DIRECTION('',(0.,0.,1.));
#3959 = DIRECTION('',(1.,0.,-0.));
#3960 = ORIENTED_EDGE('',*,*,#3946,.F.);
#3961 = CYLINDRICAL_SURFACE('',#3962,0.32);
#3962 = AXIS2_PLACEMENT_3D('',#3963,#3964,#3965);
#3963 = CARTESIAN_POINT('',(-2.77,0.,0.4));
#3964 = DIRECTION('',(0.,0.,1.));
#3965 = DIRECTION('',(1.,0.,-0.));
#3966 = ADVANCED_FACE('',(#3967),#3986,.T.);
#3967 = FACE_BOUND('',#3968,.T.);
#3968 = EDGE_LOOP('',(#3969,#3970,#3978,#3985));
#3969 = ORIENTED_EDGE('',*,*,#3753,.F.);
#3970 = ORIENTED_EDGE('',*,*,#3971,.T.);
#3971 = EDGE_CURVE('',#3754,#3972,#3974,.T.);
#3972 = VERTEX_POINT('',#3973);
#3973 = CARTESIAN_POINT('',(0.32,0.,-3.74));
#3974 = LINE('',#3975,#3976);
#3975 = CARTESIAN_POINT('',(0.32,0.,0.4));
#3976 = VECTOR('',#3977,1.);
#3977 = DIRECTION('',(-0.,-0.,-1.));
#3978 = ORIENTED_EDGE('',*,*,#3979,.T.);
#3979 = EDGE_CURVE('',#3972,#3972,#3980,.T.);
#3980 = CIRCLE('',#3981,0.32);
#3981 = AXIS2_PLACEMENT_3D('',#3982,#3983,#3984);
#3982 = CARTESIAN_POINT('',(0.,0.,-3.74));
#3983 = DIRECTION('',(0.,0.,1.));
#3984 = DIRECTION('',(1.,0.,-0.));
#3985 = ORIENTED_EDGE('',*,*,#3971,.F.);
#3986 = CYLINDRICAL_SURFACE('',#3987,0.32);
#3987 = AXIS2_PLACEMENT_3D('',#3988,#3989,#3990);
#3988 = CARTESIAN_POINT('',(0.,0.,0.4));
#3989 = DIRECTION('',(0.,0.,1.));
#3990 = DIRECTION('',(1.,0.,-0.));
#3991 = ADVANCED_FACE('',(#3992),#4012,.T.);
#3992 = FACE_BOUND('',#3993,.T.);
#3993 = EDGE_LOOP('',(#3994,#4003,#4004,#4005));
#3994 = ORIENTED_EDGE('',*,*,#3995,.F.);
#3995 = EDGE_CURVE('',#3772,#3996,#3998,.T.);
#3996 = VERTEX_POINT('',#3997);
#3997 = CARTESIAN_POINT('',(-9.535,-2.84,-3.9));
#3998 = CIRCLE('',#3999,0.16);
#3999 = AXIS2_PLACEMENT_3D('',#4000,#4001,#4002);
#4000 = CARTESIAN_POINT('',(-9.535,-2.84,-3.74));
#4001 = DIRECTION('',(-0.,1.,0.));
#4002 = DIRECTION('',(1.,0.,0.));
#4003 = ORIENTED_EDGE('',*,*,#3779,.F.);
#4004 = ORIENTED_EDGE('',*,*,#3995,.T.);
#4005 = ORIENTED_EDGE('',*,*,#4006,.T.);
#4006 = EDGE_CURVE('',#3996,#3996,#4007,.T.);
#4007 = CIRCLE('',#4008,0.16);
#4008 = AXIS2_PLACEMENT_3D('',#4009,#4010,#4011);
#4009 = CARTESIAN_POINT('',(-9.695,-2.84,-3.9));
#4010 = DIRECTION('',(0.,0.,1.));
#4011 = DIRECTION('',(1.,0.,-0.));
#4012 = TOROIDAL_SURFACE('',#4013,0.16,0.16);
#4013 = AXIS2_PLACEMENT_3D('',#4014,#4015,#4016);
#4014 = CARTESIAN_POINT('',(-9.695,-2.84,-3.74));
#4015 = DIRECTION('',(-0.,-0.,-1.));
#4016 = DIRECTION('',(1.,0.,0.));
#4017 = ADVANCED_FACE('',(#4018),#4038,.T.);
#4018 = FACE_BOUND('',#4019,.T.);
#4019 = EDGE_LOOP('',(#4020,#4029,#4030,#4031));
#4020 = ORIENTED_EDGE('',*,*,#4021,.F.);
#4021 = EDGE_CURVE('',#3797,#4022,#4024,.T.);
#4022 = VERTEX_POINT('',#4023);
#4023 = CARTESIAN_POINT('',(-6.765,-2.84,-3.9));
#4024 = CIRCLE('',#4025,0.16);
#4025 = AXIS2_PLACEMENT_3D('',#4026,#4027,#4028);
#4026 = CARTESIAN_POINT('',(-6.765,-2.84,-3.74));
#4027 = DIRECTION('',(-0.,1.,0.));
#4028 = DIRECTION('',(1.,0.,0.));
#4029 = ORIENTED_EDGE('',*,*,#3804,.F.);
#4030 = ORIENTED_EDGE('',*,*,#4021,.T.);
#4031 = ORIENTED_EDGE('',*,*,#4032,.T.);
#4032 = EDGE_CURVE('',#4022,#4022,#4033,.T.);
#4033 = CIRCLE('',#4034,0.16);
#4034 = AXIS2_PLACEMENT_3D('',#4035,#4036,#4037);
#4035 = CARTESIAN_POINT('',(-6.925,-2.84,-3.9));
#4036 = DIRECTION('',(0.,0.,1.));
#4037 = DIRECTION('',(1.,0.,-0.));
#4038 = TOROIDAL_SURFACE('',#4039,0.16,0.16);
#4039 = AXIS2_PLACEMENT_3D('',#4040,#4041,#4042);
#4040 = CARTESIAN_POINT('',(-6.925,-2.84,-3.74));
#4041 = DIRECTION('',(-0.,-0.,-1.));
#4042 = DIRECTION('',(1.,0.,0.));
#4043 = ADVANCED_FACE('',(#4044),#4064,.T.);
#4044 = FACE_BOUND('',#4045,.T.);
#4045 = EDGE_LOOP('',(#4046,#4055,#4056,#4057));
#4046 = ORIENTED_EDGE('',*,*,#4047,.F.);
#4047 = EDGE_CURVE('',#3822,#4048,#4050,.T.);
#4048 = VERTEX_POINT('',#4049);
#4049 = CARTESIAN_POINT('',(-3.995,-2.84,-3.9));
#4050 = CIRCLE('',#4051,0.16);
#4051 = AXIS2_PLACEMENT_3D('',#4052,#4053,#4054);
#4052 = CARTESIAN_POINT('',(-3.995,-2.84,-3.74));
#4053 = DIRECTION('',(-0.,1.,0.));
#4054 = DIRECTION('',(1.,0.,0.));
#4055 = ORIENTED_EDGE('',*,*,#3829,.F.);
#4056 = ORIENTED_EDGE('',*,*,#4047,.T.);
#4057 = ORIENTED_EDGE('',*,*,#4058,.T.);
#4058 = EDGE_CURVE('',#4048,#4048,#4059,.T.);
#4059 = CIRCLE('',#4060,0.16);
#4060 = AXIS2_PLACEMENT_3D('',#4061,#4062,#4063);
#4061 = CARTESIAN_POINT('',(-4.155,-2.84,-3.9));
#4062 = DIRECTION('',(0.,0.,1.));
#4063 = DIRECTION('',(1.,0.,-0.));
#4064 = TOROIDAL_SURFACE('',#4065,0.16,0.16);
#4065 = AXIS2_PLACEMENT_3D('',#4066,#4067,#4068);
#4066 = CARTESIAN_POINT('',(-4.155,-2.84,-3.74));
#4067 = DIRECTION('',(-0.,-0.,-1.));
#4068 = DIRECTION('',(1.,0.,0.));
#4069 = ADVANCED_FACE('',(#4070),#4090,.T.);
#4070 = FACE_BOUND('',#4071,.T.);
#4071 = EDGE_LOOP('',(#4072,#4081,#4082,#4083));
#4072 = ORIENTED_EDGE('',*,*,#4073,.F.);
#4073 = EDGE_CURVE('',#3847,#4074,#4076,.T.);
#4074 = VERTEX_POINT('',#4075);
#4075 = CARTESIAN_POINT('',(-1.225,-2.84,-3.9));
#4076 = CIRCLE('',#4077,0.16);
#4077 = AXIS2_PLACEMENT_3D('',#4078,#4079,#4080);
#4078 = CARTESIAN_POINT('',(-1.225,-2.84,-3.74));
#4079 = DIRECTION('',(-0.,1.,0.));
#4080 = DIRECTION('',(1.,0.,0.));
#4081 = ORIENTED_EDGE('',*,*,#3854,.F.);
#4082 = ORIENTED_EDGE('',*,*,#4073,.T.);
#4083 = ORIENTED_EDGE('',*,*,#4084,.T.);
#4084 = EDGE_CURVE('',#4074,#4074,#4085,.T.);
#4085 = CIRCLE('',#4086,0.16);
#4086 = AXIS2_PLACEMENT_3D('',#4087,#4088,#4089);
#4087 = CARTESIAN_POINT('',(-1.385,-2.84,-3.9));
#4088 = DIRECTION('',(0.,0.,1.));
#4089 = DIRECTION('',(1.,0.,-0.));
#4090 = TOROIDAL_SURFACE('',#4091,0.16,0.16);
#4091 = AXIS2_PLACEMENT_3D('',#4092,#4093,#4094);
#4092 = CARTESIAN_POINT('',(-1.385,-2.84,-3.74));
#4093 = DIRECTION('',(-0.,-0.,-1.));
#4094 = DIRECTION('',(1.,0.,0.));
#4095 = ADVANCED_FACE('',(#4096),#4116,.T.);
#4096 = FACE_BOUND('',#4097,.T.);
#4097 = EDGE_LOOP('',(#4098,#4107,#4108,#4109));
#4098 = ORIENTED_EDGE('',*,*,#4099,.F.);
#4099 = EDGE_CURVE('',#3872,#4100,#4102,.T.);
#4100 = VERTEX_POINT('',#4101);
#4101 = CARTESIAN_POINT('',(-10.92,0.,-3.9));
#4102 = CIRCLE('',#4103,0.16);
#4103 = AXIS2_PLACEMENT_3D('',#4104,#4105,#4106);
#4104 = CARTESIAN_POINT('',(-10.92,0.,-3.74));
#4105 = DIRECTION('',(-0.,1.,0.));
#4106 = DIRECTION('',(1.,0.,0.));
#4107 = ORIENTED_EDGE('',*,*,#3879,.F.);
#4108 = ORIENTED_EDGE('',*,*,#4099,.T.);
#4109 = ORIENTED_EDGE('',*,*,#4110,.T.);
#4110 = EDGE_CURVE('',#4100,#4100,#4111,.T.);
#4111 = CIRCLE('',#4112,0.16);
#4112 = AXIS2_PLACEMENT_3D('',#4113,#4114,#4115);
#4113 = CARTESIAN_POINT('',(-11.08,0.,-3.9));
#4114 = DIRECTION('',(0.,0.,1.));
#4115 = DIRECTION('',(1.,0.,-0.));
#4116 = TOROIDAL_SURFACE('',#4117,0.16,0.16);
#4117 = AXIS2_PLACEMENT_3D('',#4118,#4119,#4120);
#4118 = CARTESIAN_POINT('',(-11.08,0.,-3.74));
#4119 = DIRECTION('',(-0.,-0.,-1.));
#4120 = DIRECTION('',(1.,0.,0.));
#4121 = ADVANCED_FACE('',(#4122),#4142,.T.);
#4122 = FACE_BOUND('',#4123,.T.);
#4123 = EDGE_LOOP('',(#4124,#4133,#4134,#4135));
#4124 = ORIENTED_EDGE('',*,*,#4125,.F.);
#4125 = EDGE_CURVE('',#3897,#4126,#4128,.T.);
#4126 = VERTEX_POINT('',#4127);
#4127 = CARTESIAN_POINT('',(-8.15,0.,-3.9));
#4128 = CIRCLE('',#4129,0.16);
#4129 = AXIS2_PLACEMENT_3D('',#4130,#4131,#4132);
#4130 = CARTESIAN_POINT('',(-8.15,0.,-3.74));
#4131 = DIRECTION('',(-0.,1.,0.));
#4132 = DIRECTION('',(1.,0.,0.));
#4133 = ORIENTED_EDGE('',*,*,#3904,.F.);
#4134 = ORIENTED_EDGE('',*,*,#4125,.T.);
#4135 = ORIENTED_EDGE('',*,*,#4136,.T.);
#4136 = EDGE_CURVE('',#4126,#4126,#4137,.T.);
#4137 = CIRCLE('',#4138,0.16);
#4138 = AXIS2_PLACEMENT_3D('',#4139,#4140,#4141);
#4139 = CARTESIAN_POINT('',(-8.31,0.,-3.9));
#4140 = DIRECTION('',(0.,0.,1.));
#4141 = DIRECTION('',(1.,0.,-0.));
#4142 = TOROIDAL_SURFACE('',#4143,0.16,0.16);
#4143 = AXIS2_PLACEMENT_3D('',#4144,#4145,#4146);
#4144 = CARTESIAN_POINT('',(-8.31,0.,-3.74));
#4145 = DIRECTION('',(-0.,-0.,-1.));
#4146 = DIRECTION('',(1.,0.,0.));
#4147 = ADVANCED_FACE('',(#4148),#4168,.T.);
#4148 = FACE_BOUND('',#4149,.T.);
#4149 = EDGE_LOOP('',(#4150,#4159,#4160,#4161));
#4150 = ORIENTED_EDGE('',*,*,#4151,.F.);
#4151 = EDGE_CURVE('',#3922,#4152,#4154,.T.);
#4152 = VERTEX_POINT('',#4153);
#4153 = CARTESIAN_POINT('',(-5.38,0.,-3.9));
#4154 = CIRCLE('',#4155,0.16);
#4155 = AXIS2_PLACEMENT_3D('',#4156,#4157,#4158);
#4156 = CARTESIAN_POINT('',(-5.38,0.,-3.74));
#4157 = DIRECTION('',(-0.,1.,0.));
#4158 = DIRECTION('',(1.,0.,0.));
#4159 = ORIENTED_EDGE('',*,*,#3929,.F.);
#4160 = ORIENTED_EDGE('',*,*,#4151,.T.);
#4161 = ORIENTED_EDGE('',*,*,#4162,.T.);
#4162 = EDGE_CURVE('',#4152,#4152,#4163,.T.);
#4163 = CIRCLE('',#4164,0.16);
#4164 = AXIS2_PLACEMENT_3D('',#4165,#4166,#4167);
#4165 = CARTESIAN_POINT('',(-5.54,0.,-3.9));
#4166 = DIRECTION('',(0.,0.,1.));
#4167 = DIRECTION('',(1.,0.,-0.));
#4168 = TOROIDAL_SURFACE('',#4169,0.16,0.16);
#4169 = AXIS2_PLACEMENT_3D('',#4170,#4171,#4172);
#4170 = CARTESIAN_POINT('',(-5.54,0.,-3.74));
#4171 = DIRECTION('',(-0.,-0.,-1.));
#4172 = DIRECTION('',(1.,0.,0.));
#4173 = ADVANCED_FACE('',(#4174),#4194,.T.);
#4174 = FACE_BOUND('',#4175,.T.);
#4175 = EDGE_LOOP('',(#4176,#4185,#4186,#4187));
#4176 = ORIENTED_EDGE('',*,*,#4177,.F.);
#4177 = EDGE_CURVE('',#3947,#4178,#4180,.T.);
#4178 = VERTEX_POINT('',#4179);
#4179 = CARTESIAN_POINT('',(-2.61,0.,-3.9));
#4180 = CIRCLE('',#4181,0.16);
#4181 = AXIS2_PLACEMENT_3D('',#4182,#4183,#4184);
#4182 = CARTESIAN_POINT('',(-2.61,0.,-3.74));
#4183 = DIRECTION('',(-0.,1.,0.));
#4184 = DIRECTION('',(1.,0.,0.));
#4185 = ORIENTED_EDGE('',*,*,#3954,.F.);
#4186 = ORIENTED_EDGE('',*,*,#4177,.T.);
#4187 = ORIENTED_EDGE('',*,*,#4188,.T.);
#4188 = EDGE_CURVE('',#4178,#4178,#4189,.T.);
#4189 = CIRCLE('',#4190,0.16);
#4190 = AXIS2_PLACEMENT_3D('',#4191,#4192,#4193);
#4191 = CARTESIAN_POINT('',(-2.77,0.,-3.9));
#4192 = DIRECTION('',(0.,0.,1.));
#4193 = DIRECTION('',(1.,0.,-0.));
#4194 = TOROIDAL_SURFACE('',#4195,0.16,0.16);
#4195 = AXIS2_PLACEMENT_3D('',#4196,#4197,#4198);
#4196 = CARTESIAN_POINT('',(-2.77,0.,-3.74));
#4197 = DIRECTION('',(-0.,-0.,-1.));
#4198 = DIRECTION('',(1.,0.,0.));
#4199 = ADVANCED_FACE('',(#4200),#4220,.T.);
#4200 = FACE_BOUND('',#4201,.T.);
#4201 = EDGE_LOOP('',(#4202,#4211,#4212,#4213));
#4202 = ORIENTED_EDGE('',*,*,#4203,.F.);
#4203 = EDGE_CURVE('',#3972,#4204,#4206,.T.);
#4204 = VERTEX_POINT('',#4205);
#4205 = CARTESIAN_POINT('',(0.16,0.,-3.9));
#4206 = CIRCLE('',#4207,0.16);
#4207 = AXIS2_PLACEMENT_3D('',#4208,#4209,#4210);
#4208 = CARTESIAN_POINT('',(0.16,0.,-3.74));
#4209 = DIRECTION('',(-0.,1.,0.));
#4210 = DIRECTION('',(1.,0.,0.));
#4211 = ORIENTED_EDGE('',*,*,#3979,.F.);
#4212 = ORIENTED_EDGE('',*,*,#4203,.T.);
#4213 = ORIENTED_EDGE('',*,*,#4214,.T.);
#4214 = EDGE_CURVE('',#4204,#4204,#4215,.T.);
#4215 = CIRCLE('',#4216,0.16);
#4216 = AXIS2_PLACEMENT_3D('',#4217,#4218,#4219);
#4217 = CARTESIAN_POINT('',(0.,0.,-3.9));
#4218 = DIRECTION('',(0.,0.,1.));
#4219 = DIRECTION('',(1.,0.,-0.));
#4220 = TOROIDAL_SURFACE('',#4221,0.16,0.16);
#4221 = AXIS2_PLACEMENT_3D('',#4222,#4223,#4224);
#4222 = CARTESIAN_POINT('',(0.,0.,-3.74));
#4223 = DIRECTION('',(-0.,-0.,-1.));
#4224 = DIRECTION('',(1.,0.,0.));
#4225 = ADVANCED_FACE('',(#4226),#4229,.F.);
#4226 = FACE_BOUND('',#4227,.F.);
#4227 = EDGE_LOOP('',(#4228));
#4228 = ORIENTED_EDGE('',*,*,#4006,.T.);
#4229 = PLANE('',#4230);
#4230 = AXIS2_PLACEMENT_3D('',#4231,#4232,#4233);
#4231 = CARTESIAN_POINT('',(-9.695,-2.84,-3.9));
#4232 = DIRECTION('',(0.,0.,1.));
#4233 = DIRECTION('',(1.,0.,-0.));
#4234 = ADVANCED_FACE('',(#4235),#4238,.F.);
#4235 = FACE_BOUND('',#4236,.F.);
#4236 = EDGE_LOOP('',(#4237));
#4237 = ORIENTED_EDGE('',*,*,#4032,.T.);
#4238 = PLANE('',#4239);
#4239 = AXIS2_PLACEMENT_3D('',#4240,#4241,#4242);
#4240 = CARTESIAN_POINT('',(-6.925,-2.84,-3.9));
#4241 = DIRECTION('',(0.,0.,1.));
#4242 = DIRECTION('',(1.,0.,-0.));
#4243 = ADVANCED_FACE('',(#4244),#4247,.F.);
#4244 = FACE_BOUND('',#4245,.F.);
#4245 = EDGE_LOOP('',(#4246));
#4246 = ORIENTED_EDGE('',*,*,#4058,.T.);
#4247 = PLANE('',#4248);
#4248 = AXIS2_PLACEMENT_3D('',#4249,#4250,#4251);
#4249 = CARTESIAN_POINT('',(-4.155,-2.84,-3.9));
#4250 = DIRECTION('',(0.,0.,1.));
#4251 = DIRECTION('',(1.,0.,-0.));
#4252 = ADVANCED_FACE('',(#4253),#4256,.F.);
#4253 = FACE_BOUND('',#4254,.F.);
#4254 = EDGE_LOOP('',(#4255));
#4255 = ORIENTED_EDGE('',*,*,#4084,.T.);
#4256 = PLANE('',#4257);
#4257 = AXIS2_PLACEMENT_3D('',#4258,#4259,#4260);
#4258 = CARTESIAN_POINT('',(-1.385,-2.84,-3.9));
#4259 = DIRECTION('',(0.,0.,1.));
#4260 = DIRECTION('',(1.,0.,-0.));
#4261 = ADVANCED_FACE('',(#4262),#4265,.F.);
#4262 = FACE_BOUND('',#4263,.F.);
#4263 = EDGE_LOOP('',(#4264));
#4264 = ORIENTED_EDGE('',*,*,#4110,.T.);
#4265 = PLANE('',#4266);
#4266 = AXIS2_PLACEMENT_3D('',#4267,#4268,#4269);
#4267 = CARTESIAN_POINT('',(-11.08,3.629485239508E-18,-3.9));
#4268 = DIRECTION('',(0.,0.,1.));
#4269 = DIRECTION('',(1.,0.,-0.));
#4270 = ADVANCED_FACE('',(#4271),#4274,.F.);
#4271 = FACE_BOUND('',#4272,.F.);
#4272 = EDGE_LOOP('',(#4273));
#4273 = ORIENTED_EDGE('',*,*,#4136,.T.);
#4274 = PLANE('',#4275);
#4275 = AXIS2_PLACEMENT_3D('',#4276,#4277,#4278);
#4276 = CARTESIAN_POINT('',(-8.31,3.629485239508E-18,-3.9));
#4277 = DIRECTION('',(0.,0.,1.));
#4278 = DIRECTION('',(1.,0.,-0.));
#4279 = ADVANCED_FACE('',(#4280),#4283,.F.);
#4280 = FACE_BOUND('',#4281,.F.);
#4281 = EDGE_LOOP('',(#4282));
#4282 = ORIENTED_EDGE('',*,*,#4162,.T.);
#4283 = PLANE('',#4284);
#4284 = AXIS2_PLACEMENT_3D('',#4285,#4286,#4287);
#4285 = CARTESIAN_POINT('',(-5.54,3.629485239508E-18,-3.9));
#4286 = DIRECTION('',(0.,0.,1.));
#4287 = DIRECTION('',(1.,0.,-0.));
#4288 = ADVANCED_FACE('',(#4289),#4292,.F.);
#4289 = FACE_BOUND('',#4290,.F.);
#4290 = EDGE_LOOP('',(#4291));
#4291 = ORIENTED_EDGE('',*,*,#4188,.T.);
#4292 = PLANE('',#4293);
#4293 = AXIS2_PLACEMENT_3D('',#4294,#4295,#4296);
#4294 = CARTESIAN_POINT('',(-2.77,-2.975528362132E-17,-3.9));
#4295 = DIRECTION('',(0.,0.,1.));
#4296 = DIRECTION('',(1.,0.,-0.));
#4297 = ADVANCED_FACE('',(#4298),#4301,.F.);
#4298 = FACE_BOUND('',#4299,.F.);
#4299 = EDGE_LOOP('',(#4300));
#4300 = ORIENTED_EDGE('',*,*,#4214,.T.);
#4301 = PLANE('',#4302);
#4302 = AXIS2_PLACEMENT_3D('',#4303,#4304,#4305);
#4303 = CARTESIAN_POINT('',(-2.503857664562E-17,2.032186966992E-17,-3.9)
  );
#4304 = DIRECTION('',(0.,0.,1.));
#4305 = DIRECTION('',(1.,0.,-0.));
#4306 = ( GEOMETRIC_REPRESENTATION_CONTEXT(3) 
GLOBAL_UNCERTAINTY_ASSIGNED_CONTEXT((#4310)) 
GLOBAL_UNIT_ASSIGNED_CONTEXT((#4307,#4308,#4309)) REPRESENTATION_CONTEXT
('Context #1','3D Context with UNIT and UNCERTAINTY') );
#4307 = ( LENGTH_UNIT() NAMED_UNIT(*) SI_UNIT(.MILLI.,.METRE.) );
#4308 = ( NAMED_UNIT(*) PLANE_ANGLE_UNIT() SI_UNIT($,.RADIAN.) );
#4309 = ( NAMED_UNIT(*) SI_UNIT($,.STERADIAN.) SOLID_ANGLE_UNIT() );
#4310 = UNCERTAINTY_MEASURE_WITH_UNIT(LENGTH_MEASURE(1.E-07),#4307,
  'distance_accuracy_value','confusion accuracy');
#4311 = CONTEXT_DEPENDENT_SHAPE_REPRESENTATION(#4312,#4314);
#4312 = ( REPRESENTATION_RELATIONSHIP('','',#36,#10) 
REPRESENTATION_RELATIONSHIP_WITH_TRANSFORMATION(#4313) 
SHAPE_REPRESENTATION_RELATIONSHIP() );
#4313 = ITEM_DEFINED_TRANSFORMATION('','',#11,#15);
#4314 = PRODUCT_DEFINITION_SHAPE('Placement','Placement of an item',
  #4315);
#4315 = NEXT_ASSEMBLY_USAGE_OCCURRENCE('1','VectorNavInput1','',#5,#31,$
  );
#4316 = PRODUCT_RELATED_PRODUCT_CATEGORY('part',$,(#33));
#4317 = SHAPE_DEFINITION_REPRESENTATION(#4318,#4324);
#4318 = PRODUCT_DEFINITION_SHAPE('','',#4319);
#4319 = PRODUCT_DEFINITION('design','',#4320,#4323);
#4320 = PRODUCT_DEFINITION_FORMATION('','',#4321);
#4321 = PRODUCT('ElectronicsPCB_PCB','ElectronicsPCB_PCB','',(#4322));
#4322 = PRODUCT_CONTEXT('',#2,'mechanical');
#4323 = PRODUCT_DEFINITION_CONTEXT('part definition',#2,'design');
#4324 = ADVANCED_BREP_SHAPE_REPRESENTATION('',(#11,#4325),#10582);
#4325 = MANIFOLD_SOLID_BREP('',#4326);
#4326 = CLOSED_SHELL('',(#4327,#4369,#4400,#4431,#6166,#7901,#7918,#7935
    ,#7952,#7969,#7981,#7998,#8015,#8032,#8049,#8066,#8083,#8100,#8117,
    #8134,#8151,#8168,#8185,#8202,#8219,#8236,#8253,#8270,#8287,#8304,
    #8321,#8338,#8355,#8372,#8389,#8406,#8423,#8440,#8457,#8474,#8491,
    #8508,#8525,#8542,#8559,#8576,#8593,#8610,#8627,#8644,#8661,#8678,
    #8695,#8712,#8729,#8746,#8763,#8780,#8797,#8814,#8831,#8848,#8865,
    #8882,#8899,#8916,#8933,#8950,#8967,#8984,#9001,#9018,#9035,#9052,
    #9069,#9086,#9103,#9120,#9137,#9154,#9171,#9188,#9205,#9222,#9239,
    #9256,#9273,#9290,#9307,#9324,#9341,#9358,#9375,#9392,#9409,#9426,
    #9443,#9460,#9477,#9494,#9511,#9528,#9545,#9562,#9579,#9596,#9613,
    #9630,#9647,#9664,#9681,#9698,#9715,#9732,#9749,#9766,#9783,#9800,
    #9817,#9834,#9851,#9868,#9885,#9902,#9919,#9936,#9953,#9970,#9987,
    #10004,#10021,#10038,#10055,#10072,#10089,#10106,#10123,#10140,
    #10157,#10174,#10191,#10208,#10225,#10242,#10259,#10276,#10293,
    #10310,#10327,#10344,#10361,#10378,#10395,#10412,#10429,#10446,
    #10463,#10480,#10497,#10514,#10531,#10548,#10565));
#4327 = ADVANCED_FACE('',(#4328),#4364,.T.);
#4328 = FACE_BOUND('',#4329,.T.);
#4329 = EDGE_LOOP('',(#4330,#4340,#4349,#4357));
#4330 = ORIENTED_EDGE('',*,*,#4331,.T.);
#4331 = EDGE_CURVE('',#4332,#4334,#4336,.T.);
#4332 = VERTEX_POINT('',#4333);
#4333 = CARTESIAN_POINT('',(160.,-37.,0.));
#4334 = VERTEX_POINT('',#4335);
#4335 = CARTESIAN_POINT('',(160.,-37.,1.510198));
#4336 = LINE('',#4337,#4338);
#4337 = CARTESIAN_POINT('',(160.,-37.,0.));
#4338 = VECTOR('',#4339,1.);
#4339 = DIRECTION('',(0.,0.,1.));
#4340 = ORIENTED_EDGE('',*,*,#4341,.T.);
#4341 = EDGE_CURVE('',#4334,#4342,#4344,.T.);
#4342 = VERTEX_POINT('',#4343);
#4343 = CARTESIAN_POINT('',(163.,-40.,1.510198));
#4344 = CIRCLE('',#4345,3.000001172987);
#4345 = AXIS2_PLACEMENT_3D('',#4346,#4347,#4348);
#4346 = CARTESIAN_POINT('',(159.99999882701,-40.00000117298,1.510198));
#4347 = DIRECTION('',(0.,0.,-1.));
#4348 = DIRECTION('',(3.909953710804E-07,1.,0.));
#4349 = ORIENTED_EDGE('',*,*,#4350,.F.);
#4350 = EDGE_CURVE('',#4351,#4342,#4353,.T.);
#4351 = VERTEX_POINT('',#4352);
#4352 = CARTESIAN_POINT('',(163.,-40.,0.));
#4353 = LINE('',#4354,#4355);
#4354 = CARTESIAN_POINT('',(163.,-40.,0.));
#4355 = VECTOR('',#4356,1.);
#4356 = DIRECTION('',(0.,0.,1.));
#4357 = ORIENTED_EDGE('',*,*,#4358,.F.);
#4358 = EDGE_CURVE('',#4332,#4351,#4359,.T.);
#4359 = CIRCLE('',#4360,3.000001172987);
#4360 = AXIS2_PLACEMENT_3D('',#4361,#4362,#4363);
#4361 = CARTESIAN_POINT('',(159.99999882701,-40.00000117298,0.));
#4362 = DIRECTION('',(0.,0.,-1.));
#4363 = DIRECTION('',(3.909953710804E-07,1.,0.));
#4364 = CYLINDRICAL_SURFACE('',#4365,3.000001172987);
#4365 = AXIS2_PLACEMENT_3D('',#4366,#4367,#4368);
#4366 = CARTESIAN_POINT('',(159.99999882701,-40.00000117298,0.));
#4367 = DIRECTION('',(0.,0.,-1.));
#4368 = DIRECTION('',(3.909953710804E-07,1.,0.));
#4369 = ADVANCED_FACE('',(#4370),#4395,.T.);
#4370 = FACE_BOUND('',#4371,.T.);
#4371 = EDGE_LOOP('',(#4372,#4382,#4388,#4389));
#4372 = ORIENTED_EDGE('',*,*,#4373,.T.);
#4373 = EDGE_CURVE('',#4374,#4376,#4378,.T.);
#4374 = VERTEX_POINT('',#4375);
#4375 = CARTESIAN_POINT('',(104.,-37.,0.));
#4376 = VERTEX_POINT('',#4377);
#4377 = CARTESIAN_POINT('',(104.,-37.,1.510198));
#4378 = LINE('',#4379,#4380);
#4379 = CARTESIAN_POINT('',(104.,-37.,0.));
#4380 = VECTOR('',#4381,1.);
#4381 = DIRECTION('',(0.,0.,1.));
#4382 = ORIENTED_EDGE('',*,*,#4383,.T.);
#4383 = EDGE_CURVE('',#4376,#4334,#4384,.T.);
#4384 = LINE('',#4385,#4386);
#4385 = CARTESIAN_POINT('',(104.,-37.,1.510198));
#4386 = VECTOR('',#4387,1.);
#4387 = DIRECTION('',(1.,0.,0.));
#4388 = ORIENTED_EDGE('',*,*,#4331,.F.);
#4389 = ORIENTED_EDGE('',*,*,#4390,.F.);
#4390 = EDGE_CURVE('',#4374,#4332,#4391,.T.);
#4391 = LINE('',#4392,#4393);
#4392 = CARTESIAN_POINT('',(104.,-37.,0.));
#4393 = VECTOR('',#4394,1.);
#4394 = DIRECTION('',(1.,0.,0.));
#4395 = PLANE('',#4396);
#4396 = AXIS2_PLACEMENT_3D('',#4397,#4398,#4399);
#4397 = CARTESIAN_POINT('',(104.,-37.,0.));
#4398 = DIRECTION('',(0.,1.,0.));
#4399 = DIRECTION('',(1.,0.,0.));
#4400 = ADVANCED_FACE('',(#4401),#4426,.T.);
#4401 = FACE_BOUND('',#4402,.T.);
#4402 = EDGE_LOOP('',(#4403,#4404,#4412,#4420));
#4403 = ORIENTED_EDGE('',*,*,#4350,.T.);
#4404 = ORIENTED_EDGE('',*,*,#4405,.T.);
#4405 = EDGE_CURVE('',#4342,#4406,#4408,.T.);
#4406 = VERTEX_POINT('',#4407);
#4407 = CARTESIAN_POINT('',(163.,-126.,1.510198));
#4408 = LINE('',#4409,#4410);
#4409 = CARTESIAN_POINT('',(163.,-40.,1.510198));
#4410 = VECTOR('',#4411,1.);
#4411 = DIRECTION('',(0.,-1.,0.));
#4412 = ORIENTED_EDGE('',*,*,#4413,.F.);
#4413 = EDGE_CURVE('',#4414,#4406,#4416,.T.);
#4414 = VERTEX_POINT('',#4415);
#4415 = CARTESIAN_POINT('',(163.,-126.,0.));
#4416 = LINE('',#4417,#4418);
#4417 = CARTESIAN_POINT('',(163.,-126.,0.));
#4418 = VECTOR('',#4419,1.);
#4419 = DIRECTION('',(0.,0.,1.));
#4420 = ORIENTED_EDGE('',*,*,#4421,.F.);
#4421 = EDGE_CURVE('',#4351,#4414,#4422,.T.);
#4422 = LINE('',#4423,#4424);
#4423 = CARTESIAN_POINT('',(163.,-40.,0.));
#4424 = VECTOR('',#4425,1.);
#4425 = DIRECTION('',(0.,-1.,0.));
#4426 = PLANE('',#4427);
#4427 = AXIS2_PLACEMENT_3D('',#4428,#4429,#4430);
#4428 = CARTESIAN_POINT('',(163.,-40.,0.));
#4429 = DIRECTION('',(1.,0.,-0.));
#4430 = DIRECTION('',(0.,-1.,0.));
#4431 = ADVANCED_FACE('',(#4432,#4478,#4489,#4500,#4511,#4522,#4533,
    #4544,#4555,#4566,#4577,#4588,#4599,#4610,#4621,#4632,#4643,#4654,
    #4665,#4676,#4687,#4698,#4709,#4720,#4731,#4742,#4753,#4764,#4775,
    #4786,#4797,#4808,#4819,#4830,#4841,#4852,#4863,#4874,#4885,#4896,
    #4907,#4918,#4929,#4940,#4951,#4962,#4973,#4984,#4995,#5006,#5017,
    #5028,#5039,#5050,#5061,#5072,#5083,#5094,#5105,#5116,#5127,#5138,
    #5149,#5160,#5171,#5182,#5193,#5204,#5215,#5226,#5237,#5248,#5259,
    #5270,#5281,#5292,#5303,#5314,#5325,#5336,#5347,#5358,#5369,#5380,
    #5391,#5402,#5413,#5424,#5435,#5446,#5457,#5468,#5479,#5490,#5501,
    #5512,#5523,#5534,#5545,#5556,#5567,#5578,#5589,#5600,#5611,#5622,
    #5633,#5644,#5655,#5666,#5677,#5688,#5699,#5710,#5721,#5732,#5743,
    #5754,#5765,#5776,#5787,#5798,#5809,#5820,#5831,#5842,#5853,#5864,
    #5875,#5886,#5897,#5908,#5919,#5930,#5941,#5952,#5963,#5974,#5985,
    #5996,#6007,#6018,#6029,#6040,#6051,#6062,#6073,#6084,#6095,#6106,
    #6117,#6128,#6139,#6150),#6161,.F.);
#4432 = FACE_BOUND('',#4433,.F.);
#4433 = EDGE_LOOP('',(#4434,#4435,#4436,#4445,#4453,#4462,#4470,#4477));
#4434 = ORIENTED_EDGE('',*,*,#4358,.F.);
#4435 = ORIENTED_EDGE('',*,*,#4390,.F.);
#4436 = ORIENTED_EDGE('',*,*,#4437,.F.);
#4437 = EDGE_CURVE('',#4438,#4374,#4440,.T.);
#4438 = VERTEX_POINT('',#4439);
#4439 = CARTESIAN_POINT('',(101.,-40.,0.));
#4440 = CIRCLE('',#4441,3.000001172987);
#4441 = AXIS2_PLACEMENT_3D('',#4442,#4443,#4444);
#4442 = CARTESIAN_POINT('',(104.00000117298,-40.00000117298,0.));
#4443 = DIRECTION('',(0.,0.,-1.));
#4444 = DIRECTION('',(-1.,3.909953663434E-07,0.));
#4445 = ORIENTED_EDGE('',*,*,#4446,.F.);
#4446 = EDGE_CURVE('',#4447,#4438,#4449,.T.);
#4447 = VERTEX_POINT('',#4448);
#4448 = CARTESIAN_POINT('',(101.,-126.,0.));
#4449 = LINE('',#4450,#4451);
#4450 = CARTESIAN_POINT('',(101.,-126.,0.));
#4451 = VECTOR('',#4452,1.);
#4452 = DIRECTION('',(0.,1.,0.));
#4453 = ORIENTED_EDGE('',*,*,#4454,.F.);
#4454 = EDGE_CURVE('',#4455,#4447,#4457,.T.);
#4455 = VERTEX_POINT('',#4456);
#4456 = CARTESIAN_POINT('',(104.,-129.,0.));
#4457 = CIRCLE('',#4458,3.000001172987);
#4458 = AXIS2_PLACEMENT_3D('',#4459,#4460,#4461);
#4459 = CARTESIAN_POINT('',(104.00000117298,-125.999998827,0.));
#4460 = DIRECTION('',(0.,0.,-1.));
#4461 = DIRECTION('',(-3.909953616065E-07,-1.,-0.));
#4462 = ORIENTED_EDGE('',*,*,#4463,.F.);
#4463 = EDGE_CURVE('',#4464,#4455,#4466,.T.);
#4464 = VERTEX_POINT('',#4465);
#4465 = CARTESIAN_POINT('',(160.,-129.,0.));
#4466 = LINE('',#4467,#4468);
#4467 = CARTESIAN_POINT('',(160.,-129.,0.));
#4468 = VECTOR('',#4469,1.);
#4469 = DIRECTION('',(-1.,0.,0.));
#4470 = ORIENTED_EDGE('',*,*,#4471,.F.);
#4471 = EDGE_CURVE('',#4414,#4464,#4472,.T.);
#4472 = CIRCLE('',#4473,3.000001172987);
#4473 = AXIS2_PLACEMENT_3D('',#4474,#4475,#4476);
#4474 = CARTESIAN_POINT('',(159.99999882701,-125.999998827,0.));
#4475 = DIRECTION('',(0.,0.,-1.));
#4476 = DIRECTION('',(1.,-3.909953663434E-07,0.));
#4477 = ORIENTED_EDGE('',*,*,#4421,.F.);
#4478 = FACE_BOUND('',#4479,.F.);
#4479 = EDGE_LOOP('',(#4480));
#4480 = ORIENTED_EDGE('',*,*,#4481,.T.);
#4481 = EDGE_CURVE('',#4482,#4482,#4484,.T.);
#4482 = VERTEX_POINT('',#4483);
#4483 = CARTESIAN_POINT('',(104.,-116.4,0.));
#4484 = CIRCLE('',#4485,0.4);
#4485 = AXIS2_PLACEMENT_3D('',#4486,#4487,#4488);
#4486 = CARTESIAN_POINT('',(104.,-116.,0.));
#4487 = DIRECTION('',(-0.,0.,-1.));
#4488 = DIRECTION('',(-0.,-1.,0.));
#4489 = FACE_BOUND('',#4490,.F.);
#4490 = EDGE_LOOP('',(#4491));
#4491 = ORIENTED_EDGE('',*,*,#4492,.T.);
#4492 = EDGE_CURVE('',#4493,#4493,#4495,.T.);
#4493 = VERTEX_POINT('',#4494);
#4494 = CARTESIAN_POINT('',(104.,-114.4,0.));
#4495 = CIRCLE('',#4496,0.4);
#4496 = AXIS2_PLACEMENT_3D('',#4497,#4498,#4499);
#4497 = CARTESIAN_POINT('',(104.,-114.,0.));
#4498 = DIRECTION('',(-0.,0.,-1.));
#4499 = DIRECTION('',(-0.,-1.,0.));
#4500 = FACE_BOUND('',#4501,.F.);
#4501 = EDGE_LOOP('',(#4502));
#4502 = ORIENTED_EDGE('',*,*,#4503,.T.);
#4503 = EDGE_CURVE('',#4504,#4504,#4506,.T.);
#4504 = VERTEX_POINT('',#4505);
#4505 = CARTESIAN_POINT('',(104.,-112.4,0.));
#4506 = CIRCLE('',#4507,0.4);
#4507 = AXIS2_PLACEMENT_3D('',#4508,#4509,#4510);
#4508 = CARTESIAN_POINT('',(104.,-112.,0.));
#4509 = DIRECTION('',(-0.,0.,-1.));
#4510 = DIRECTION('',(-0.,-1.,0.));
#4511 = FACE_BOUND('',#4512,.F.);
#4512 = EDGE_LOOP('',(#4513));
#4513 = ORIENTED_EDGE('',*,*,#4514,.T.);
#4514 = EDGE_CURVE('',#4515,#4515,#4517,.T.);
#4515 = VERTEX_POINT('',#4516);
#4516 = CARTESIAN_POINT('',(104.,-110.4,0.));
#4517 = CIRCLE('',#4518,0.4);
#4518 = AXIS2_PLACEMENT_3D('',#4519,#4520,#4521);
#4519 = CARTESIAN_POINT('',(104.,-110.,0.));
#4520 = DIRECTION('',(-0.,0.,-1.));
#4521 = DIRECTION('',(-0.,-1.,0.));
#4522 = FACE_BOUND('',#4523,.F.);
#4523 = EDGE_LOOP('',(#4524));
#4524 = ORIENTED_EDGE('',*,*,#4525,.T.);
#4525 = EDGE_CURVE('',#4526,#4526,#4528,.T.);
#4526 = VERTEX_POINT('',#4527);
#4527 = CARTESIAN_POINT('',(104.,-108.4,0.));
#4528 = CIRCLE('',#4529,0.4);
#4529 = AXIS2_PLACEMENT_3D('',#4530,#4531,#4532);
#4530 = CARTESIAN_POINT('',(104.,-108.,0.));
#4531 = DIRECTION('',(-0.,0.,-1.));
#4532 = DIRECTION('',(-0.,-1.,0.));
#4533 = FACE_BOUND('',#4534,.F.);
#4534 = EDGE_LOOP('',(#4535));
#4535 = ORIENTED_EDGE('',*,*,#4536,.T.);
#4536 = EDGE_CURVE('',#4537,#4537,#4539,.T.);
#4537 = VERTEX_POINT('',#4538);
#4538 = CARTESIAN_POINT('',(104.,-106.4,0.));
#4539 = CIRCLE('',#4540,0.4);
#4540 = AXIS2_PLACEMENT_3D('',#4541,#4542,#4543);
#4541 = CARTESIAN_POINT('',(104.,-106.,0.));
#4542 = DIRECTION('',(-0.,0.,-1.));
#4543 = DIRECTION('',(-0.,-1.,0.));
#4544 = FACE_BOUND('',#4545,.F.);
#4545 = EDGE_LOOP('',(#4546));
#4546 = ORIENTED_EDGE('',*,*,#4547,.T.);
#4547 = EDGE_CURVE('',#4548,#4548,#4550,.T.);
#4548 = VERTEX_POINT('',#4549);
#4549 = CARTESIAN_POINT('',(126.,-116.4,0.));
#4550 = CIRCLE('',#4551,0.4);
#4551 = AXIS2_PLACEMENT_3D('',#4552,#4553,#4554);
#4552 = CARTESIAN_POINT('',(126.,-116.,0.));
#4553 = DIRECTION('',(-0.,0.,-1.));
#4554 = DIRECTION('',(-0.,-1.,0.));
#4555 = FACE_BOUND('',#4556,.F.);
#4556 = EDGE_LOOP('',(#4557));
#4557 = ORIENTED_EDGE('',*,*,#4558,.T.);
#4558 = EDGE_CURVE('',#4559,#4559,#4561,.T.);
#4559 = VERTEX_POINT('',#4560);
#4560 = CARTESIAN_POINT('',(126.,-114.4,0.));
#4561 = CIRCLE('',#4562,0.4);
#4562 = AXIS2_PLACEMENT_3D('',#4563,#4564,#4565);
#4563 = CARTESIAN_POINT('',(126.,-114.,0.));
#4564 = DIRECTION('',(-0.,0.,-1.));
#4565 = DIRECTION('',(-0.,-1.,0.));
#4566 = FACE_BOUND('',#4567,.F.);
#4567 = EDGE_LOOP('',(#4568));
#4568 = ORIENTED_EDGE('',*,*,#4569,.T.);
#4569 = EDGE_CURVE('',#4570,#4570,#4572,.T.);
#4570 = VERTEX_POINT('',#4571);
#4571 = CARTESIAN_POINT('',(126.,-112.4,0.));
#4572 = CIRCLE('',#4573,0.4);
#4573 = AXIS2_PLACEMENT_3D('',#4574,#4575,#4576);
#4574 = CARTESIAN_POINT('',(126.,-112.,0.));
#4575 = DIRECTION('',(-0.,0.,-1.));
#4576 = DIRECTION('',(-0.,-1.,0.));
#4577 = FACE_BOUND('',#4578,.F.);
#4578 = EDGE_LOOP('',(#4579));
#4579 = ORIENTED_EDGE('',*,*,#4580,.T.);
#4580 = EDGE_CURVE('',#4581,#4581,#4583,.T.);
#4581 = VERTEX_POINT('',#4582);
#4582 = CARTESIAN_POINT('',(126.,-110.4,0.));
#4583 = CIRCLE('',#4584,0.4);
#4584 = AXIS2_PLACEMENT_3D('',#4585,#4586,#4587);
#4585 = CARTESIAN_POINT('',(126.,-110.,0.));
#4586 = DIRECTION('',(-0.,0.,-1.));
#4587 = DIRECTION('',(-0.,-1.,0.));
#4588 = FACE_BOUND('',#4589,.F.);
#4589 = EDGE_LOOP('',(#4590));
#4590 = ORIENTED_EDGE('',*,*,#4591,.T.);
#4591 = EDGE_CURVE('',#4592,#4592,#4594,.T.);
#4592 = VERTEX_POINT('',#4593);
#4593 = CARTESIAN_POINT('',(130.345,-111.0718,0.));
#4594 = CIRCLE('',#4595,0.4318);
#4595 = AXIS2_PLACEMENT_3D('',#4596,#4597,#4598);
#4596 = CARTESIAN_POINT('',(130.345,-110.64,0.));
#4597 = DIRECTION('',(-0.,0.,-1.));
#4598 = DIRECTION('',(-0.,-1.,0.));
#4599 = FACE_BOUND('',#4600,.F.);
#4600 = EDGE_LOOP('',(#4601));
#4601 = ORIENTED_EDGE('',*,*,#4602,.T.);
#4602 = EDGE_CURVE('',#4603,#4603,#4605,.T.);
#4603 = VERTEX_POINT('',#4604);
#4604 = CARTESIAN_POINT('',(126.,-108.4,0.));
#4605 = CIRCLE('',#4606,0.4);
#4606 = AXIS2_PLACEMENT_3D('',#4607,#4608,#4609);
#4607 = CARTESIAN_POINT('',(126.,-108.,0.));
#4608 = DIRECTION('',(-0.,0.,-1.));
#4609 = DIRECTION('',(-0.,-1.,0.));
#4610 = FACE_BOUND('',#4611,.F.);
#4611 = EDGE_LOOP('',(#4612));
#4612 = ORIENTED_EDGE('',*,*,#4613,.T.);
#4613 = EDGE_CURVE('',#4614,#4614,#4616,.T.);
#4614 = VERTEX_POINT('',#4615);
#4615 = CARTESIAN_POINT('',(126.,-106.4,0.));
#4616 = CIRCLE('',#4617,0.4);
#4617 = AXIS2_PLACEMENT_3D('',#4618,#4619,#4620);
#4618 = CARTESIAN_POINT('',(126.,-106.,0.));
#4619 = DIRECTION('',(-0.,0.,-1.));
#4620 = DIRECTION('',(-0.,-1.,0.));
#4621 = FACE_BOUND('',#4622,.F.);
#4622 = EDGE_LOOP('',(#4623));
#4623 = ORIENTED_EDGE('',*,*,#4624,.T.);
#4624 = EDGE_CURVE('',#4625,#4625,#4627,.T.);
#4625 = VERTEX_POINT('',#4626);
#4626 = CARTESIAN_POINT('',(130.345,-108.5318,0.));
#4627 = CIRCLE('',#4628,0.4318);
#4628 = AXIS2_PLACEMENT_3D('',#4629,#4630,#4631);
#4629 = CARTESIAN_POINT('',(130.345,-108.1,0.));
#4630 = DIRECTION('',(-0.,0.,-1.));
#4631 = DIRECTION('',(-0.,-1.,0.));
#4632 = FACE_BOUND('',#4633,.F.);
#4633 = EDGE_LOOP('',(#4634));
#4634 = ORIENTED_EDGE('',*,*,#4635,.T.);
#4635 = EDGE_CURVE('',#4636,#4636,#4638,.T.);
#4636 = VERTEX_POINT('',#4637);
#4637 = CARTESIAN_POINT('',(130.345,-105.9918,0.));
#4638 = CIRCLE('',#4639,0.4318);
#4639 = AXIS2_PLACEMENT_3D('',#4640,#4641,#4642);
#4640 = CARTESIAN_POINT('',(130.345,-105.56,0.));
#4641 = DIRECTION('',(-0.,0.,-1.));
#4642 = DIRECTION('',(-0.,-1.,0.));
#4643 = FACE_BOUND('',#4644,.F.);
#4644 = EDGE_LOOP('',(#4645));
#4645 = ORIENTED_EDGE('',*,*,#4646,.T.);
#4646 = EDGE_CURVE('',#4647,#4647,#4649,.T.);
#4647 = VERTEX_POINT('',#4648);
#4648 = CARTESIAN_POINT('',(104.,-104.4,0.));
#4649 = CIRCLE('',#4650,0.4);
#4650 = AXIS2_PLACEMENT_3D('',#4651,#4652,#4653);
#4651 = CARTESIAN_POINT('',(104.,-104.,0.));
#4652 = DIRECTION('',(-0.,0.,-1.));
#4653 = DIRECTION('',(-0.,-1.,0.));
#4654 = FACE_BOUND('',#4655,.F.);
#4655 = EDGE_LOOP('',(#4656));
#4656 = ORIENTED_EDGE('',*,*,#4657,.T.);
#4657 = EDGE_CURVE('',#4658,#4658,#4660,.T.);
#4658 = VERTEX_POINT('',#4659);
#4659 = CARTESIAN_POINT('',(104.,-102.4,0.));
#4660 = CIRCLE('',#4661,0.4);
#4661 = AXIS2_PLACEMENT_3D('',#4662,#4663,#4664);
#4662 = CARTESIAN_POINT('',(104.,-102.,0.));
#4663 = DIRECTION('',(-0.,0.,-1.));
#4664 = DIRECTION('',(-0.,-1.,0.));
#4665 = FACE_BOUND('',#4666,.F.);
#4666 = EDGE_LOOP('',(#4667));
#4667 = ORIENTED_EDGE('',*,*,#4668,.T.);
#4668 = EDGE_CURVE('',#4669,#4669,#4671,.T.);
#4669 = VERTEX_POINT('',#4670);
#4670 = CARTESIAN_POINT('',(104.,-100.4,0.));
#4671 = CIRCLE('',#4672,0.4);
#4672 = AXIS2_PLACEMENT_3D('',#4673,#4674,#4675);
#4673 = CARTESIAN_POINT('',(104.,-100.,0.));
#4674 = DIRECTION('',(-0.,0.,-1.));
#4675 = DIRECTION('',(-0.,-1.,0.));
#4676 = FACE_BOUND('',#4677,.F.);
#4677 = EDGE_LOOP('',(#4678));
#4678 = ORIENTED_EDGE('',*,*,#4679,.T.);
#4679 = EDGE_CURVE('',#4680,#4680,#4682,.T.);
#4680 = VERTEX_POINT('',#4681);
#4681 = CARTESIAN_POINT('',(104.,-98.4,0.));
#4682 = CIRCLE('',#4683,0.4);
#4683 = AXIS2_PLACEMENT_3D('',#4684,#4685,#4686);
#4684 = CARTESIAN_POINT('',(104.,-98.,0.));
#4685 = DIRECTION('',(-0.,0.,-1.));
#4686 = DIRECTION('',(-0.,-1.,0.));
#4687 = FACE_BOUND('',#4688,.F.);
#4688 = EDGE_LOOP('',(#4689));
#4689 = ORIENTED_EDGE('',*,*,#4690,.T.);
#4690 = EDGE_CURVE('',#4691,#4691,#4693,.T.);
#4691 = VERTEX_POINT('',#4692);
#4692 = CARTESIAN_POINT('',(104.18,-89.1,0.));
#4693 = CIRCLE('',#4694,0.5);
#4694 = AXIS2_PLACEMENT_3D('',#4695,#4696,#4697);
#4695 = CARTESIAN_POINT('',(104.18,-88.6,0.));
#4696 = DIRECTION('',(-0.,0.,-1.));
#4697 = DIRECTION('',(-0.,-1.,0.));
#4698 = FACE_BOUND('',#4699,.F.);
#4699 = EDGE_LOOP('',(#4700));
#4700 = ORIENTED_EDGE('',*,*,#4701,.T.);
#4701 = EDGE_CURVE('',#4702,#4702,#4704,.T.);
#4702 = VERTEX_POINT('',#4703);
#4703 = CARTESIAN_POINT('',(106.72,-89.1,0.));
#4704 = CIRCLE('',#4705,0.5);
#4705 = AXIS2_PLACEMENT_3D('',#4706,#4707,#4708);
#4706 = CARTESIAN_POINT('',(106.72,-88.6,0.));
#4707 = DIRECTION('',(-0.,0.,-1.));
#4708 = DIRECTION('',(-0.,-1.,0.));
#4709 = FACE_BOUND('',#4710,.F.);
#4710 = EDGE_LOOP('',(#4711));
#4711 = ORIENTED_EDGE('',*,*,#4712,.T.);
#4712 = EDGE_CURVE('',#4713,#4713,#4715,.T.);
#4713 = VERTEX_POINT('',#4714);
#4714 = CARTESIAN_POINT('',(104.18,-86.56,0.));
#4715 = CIRCLE('',#4716,0.5);
#4716 = AXIS2_PLACEMENT_3D('',#4717,#4718,#4719);
#4717 = CARTESIAN_POINT('',(104.18,-86.06,0.));
#4718 = DIRECTION('',(-0.,0.,-1.));
#4719 = DIRECTION('',(-0.,-1.,0.));
#4720 = FACE_BOUND('',#4721,.F.);
#4721 = EDGE_LOOP('',(#4722));
#4722 = ORIENTED_EDGE('',*,*,#4723,.T.);
#4723 = EDGE_CURVE('',#4724,#4724,#4726,.T.);
#4724 = VERTEX_POINT('',#4725);
#4725 = CARTESIAN_POINT('',(106.72,-86.56,0.));
#4726 = CIRCLE('',#4727,0.5);
#4727 = AXIS2_PLACEMENT_3D('',#4728,#4729,#4730);
#4728 = CARTESIAN_POINT('',(106.72,-86.06,0.));
#4729 = DIRECTION('',(-0.,0.,-1.));
#4730 = DIRECTION('',(-0.,-1.,0.));
#4731 = FACE_BOUND('',#4732,.F.);
#4732 = EDGE_LOOP('',(#4733));
#4733 = ORIENTED_EDGE('',*,*,#4734,.T.);
#4734 = EDGE_CURVE('',#4735,#4735,#4737,.T.);
#4735 = VERTEX_POINT('',#4736);
#4736 = CARTESIAN_POINT('',(109.26,-89.1,0.));
#4737 = CIRCLE('',#4738,0.5);
#4738 = AXIS2_PLACEMENT_3D('',#4739,#4740,#4741);
#4739 = CARTESIAN_POINT('',(109.26,-88.6,0.));
#4740 = DIRECTION('',(-0.,0.,-1.));
#4741 = DIRECTION('',(-0.,-1.,0.));
#4742 = FACE_BOUND('',#4743,.F.);
#4743 = EDGE_LOOP('',(#4744));
#4744 = ORIENTED_EDGE('',*,*,#4745,.T.);
#4745 = EDGE_CURVE('',#4746,#4746,#4748,.T.);
#4746 = VERTEX_POINT('',#4747);
#4747 = CARTESIAN_POINT('',(109.26,-86.56,0.));
#4748 = CIRCLE('',#4749,0.5);
#4749 = AXIS2_PLACEMENT_3D('',#4750,#4751,#4752);
#4750 = CARTESIAN_POINT('',(109.26,-86.06,0.));
#4751 = DIRECTION('',(-0.,0.,-1.));
#4752 = DIRECTION('',(-0.,-1.,0.));
#4753 = FACE_BOUND('',#4754,.F.);
#4754 = EDGE_LOOP('',(#4755));
#4755 = ORIENTED_EDGE('',*,*,#4756,.T.);
#4756 = EDGE_CURVE('',#4757,#4757,#4759,.T.);
#4757 = VERTEX_POINT('',#4758);
#4758 = CARTESIAN_POINT('',(111.8,-89.1,0.));
#4759 = CIRCLE('',#4760,0.5);
#4760 = AXIS2_PLACEMENT_3D('',#4761,#4762,#4763);
#4761 = CARTESIAN_POINT('',(111.8,-88.6,0.));
#4762 = DIRECTION('',(-0.,0.,-1.));
#4763 = DIRECTION('',(-0.,-1.,0.));
#4764 = FACE_BOUND('',#4765,.F.);
#4765 = EDGE_LOOP('',(#4766));
#4766 = ORIENTED_EDGE('',*,*,#4767,.T.);
#4767 = EDGE_CURVE('',#4768,#4768,#4770,.T.);
#4768 = VERTEX_POINT('',#4769);
#4769 = CARTESIAN_POINT('',(111.8,-86.56,0.));
#4770 = CIRCLE('',#4771,0.5);
#4771 = AXIS2_PLACEMENT_3D('',#4772,#4773,#4774);
#4772 = CARTESIAN_POINT('',(111.8,-86.06,0.));
#4773 = DIRECTION('',(-0.,0.,-1.));
#4774 = DIRECTION('',(-0.,-1.,0.));
#4775 = FACE_BOUND('',#4776,.F.);
#4776 = EDGE_LOOP('',(#4777));
#4777 = ORIENTED_EDGE('',*,*,#4778,.T.);
#4778 = EDGE_CURVE('',#4779,#4779,#4781,.T.);
#4779 = VERTEX_POINT('',#4780);
#4780 = CARTESIAN_POINT('',(114.34,-89.1,0.));
#4781 = CIRCLE('',#4782,0.5);
#4782 = AXIS2_PLACEMENT_3D('',#4783,#4784,#4785);
#4783 = CARTESIAN_POINT('',(114.34,-88.6,0.));
#4784 = DIRECTION('',(-0.,0.,-1.));
#4785 = DIRECTION('',(-0.,-1.,0.));
#4786 = FACE_BOUND('',#4787,.F.);
#4787 = EDGE_LOOP('',(#4788));
#4788 = ORIENTED_EDGE('',*,*,#4789,.T.);
#4789 = EDGE_CURVE('',#4790,#4790,#4792,.T.);
#4790 = VERTEX_POINT('',#4791);
#4791 = CARTESIAN_POINT('',(116.88,-89.1,0.));
#4792 = CIRCLE('',#4793,0.5);
#4793 = AXIS2_PLACEMENT_3D('',#4794,#4795,#4796);
#4794 = CARTESIAN_POINT('',(116.88,-88.6,0.));
#4795 = DIRECTION('',(-0.,0.,-1.));
#4796 = DIRECTION('',(-0.,-1.,0.));
#4797 = FACE_BOUND('',#4798,.F.);
#4798 = EDGE_LOOP('',(#4799));
#4799 = ORIENTED_EDGE('',*,*,#4800,.T.);
#4800 = EDGE_CURVE('',#4801,#4801,#4803,.T.);
#4801 = VERTEX_POINT('',#4802);
#4802 = CARTESIAN_POINT('',(114.34,-86.56,0.));
#4803 = CIRCLE('',#4804,0.5);
#4804 = AXIS2_PLACEMENT_3D('',#4805,#4806,#4807);
#4805 = CARTESIAN_POINT('',(114.34,-86.06,0.));
#4806 = DIRECTION('',(-0.,0.,-1.));
#4807 = DIRECTION('',(-0.,-1.,0.));
#4808 = FACE_BOUND('',#4809,.F.);
#4809 = EDGE_LOOP('',(#4810));
#4810 = ORIENTED_EDGE('',*,*,#4811,.T.);
#4811 = EDGE_CURVE('',#4812,#4812,#4814,.T.);
#4812 = VERTEX_POINT('',#4813);
#4813 = CARTESIAN_POINT('',(116.88,-86.56,0.));
#4814 = CIRCLE('',#4815,0.5);
#4815 = AXIS2_PLACEMENT_3D('',#4816,#4817,#4818);
#4816 = CARTESIAN_POINT('',(116.88,-86.06,0.));
#4817 = DIRECTION('',(-0.,0.,-1.));
#4818 = DIRECTION('',(-0.,-1.,0.));
#4819 = FACE_BOUND('',#4820,.F.);
#4820 = EDGE_LOOP('',(#4821));
#4821 = ORIENTED_EDGE('',*,*,#4822,.T.);
#4822 = EDGE_CURVE('',#4823,#4823,#4825,.T.);
#4823 = VERTEX_POINT('',#4824);
#4824 = CARTESIAN_POINT('',(126.,-104.4,0.));
#4825 = CIRCLE('',#4826,0.4);
#4826 = AXIS2_PLACEMENT_3D('',#4827,#4828,#4829);
#4827 = CARTESIAN_POINT('',(126.,-104.,0.));
#4828 = DIRECTION('',(-0.,0.,-1.));
#4829 = DIRECTION('',(-0.,-1.,0.));
#4830 = FACE_BOUND('',#4831,.F.);
#4831 = EDGE_LOOP('',(#4832));
#4832 = ORIENTED_EDGE('',*,*,#4833,.T.);
#4833 = EDGE_CURVE('',#4834,#4834,#4836,.T.);
#4834 = VERTEX_POINT('',#4835);
#4835 = CARTESIAN_POINT('',(126.,-102.4,0.));
#4836 = CIRCLE('',#4837,0.4);
#4837 = AXIS2_PLACEMENT_3D('',#4838,#4839,#4840);
#4838 = CARTESIAN_POINT('',(126.,-102.,0.));
#4839 = DIRECTION('',(-0.,0.,-1.));
#4840 = DIRECTION('',(-0.,-1.,0.));
#4841 = FACE_BOUND('',#4842,.F.);
#4842 = EDGE_LOOP('',(#4843));
#4843 = ORIENTED_EDGE('',*,*,#4844,.T.);
#4844 = EDGE_CURVE('',#4845,#4845,#4847,.T.);
#4845 = VERTEX_POINT('',#4846);
#4846 = CARTESIAN_POINT('',(126.,-100.4,0.));
#4847 = CIRCLE('',#4848,0.4);
#4848 = AXIS2_PLACEMENT_3D('',#4849,#4850,#4851);
#4849 = CARTESIAN_POINT('',(126.,-100.,0.));
#4850 = DIRECTION('',(-0.,0.,-1.));
#4851 = DIRECTION('',(-0.,-1.,0.));
#4852 = FACE_BOUND('',#4853,.F.);
#4853 = EDGE_LOOP('',(#4854));
#4854 = ORIENTED_EDGE('',*,*,#4855,.T.);
#4855 = EDGE_CURVE('',#4856,#4856,#4858,.T.);
#4856 = VERTEX_POINT('',#4857);
#4857 = CARTESIAN_POINT('',(130.345,-103.4518,0.));
#4858 = CIRCLE('',#4859,0.4318);
#4859 = AXIS2_PLACEMENT_3D('',#4860,#4861,#4862);
#4860 = CARTESIAN_POINT('',(130.345,-103.02,0.));
#4861 = DIRECTION('',(-0.,0.,-1.));
#4862 = DIRECTION('',(-0.,-1.,0.));
#4863 = FACE_BOUND('',#4864,.F.);
#4864 = EDGE_LOOP('',(#4865));
#4865 = ORIENTED_EDGE('',*,*,#4866,.T.);
#4866 = EDGE_CURVE('',#4867,#4867,#4869,.T.);
#4867 = VERTEX_POINT('',#4868);
#4868 = CARTESIAN_POINT('',(130.345,-100.9118,0.));
#4869 = CIRCLE('',#4870,0.4318);
#4870 = AXIS2_PLACEMENT_3D('',#4871,#4872,#4873);
#4871 = CARTESIAN_POINT('',(130.345,-100.48,0.));
#4872 = DIRECTION('',(-0.,0.,-1.));
#4873 = DIRECTION('',(-0.,-1.,0.));
#4874 = FACE_BOUND('',#4875,.F.);
#4875 = EDGE_LOOP('',(#4876));
#4876 = ORIENTED_EDGE('',*,*,#4877,.T.);
#4877 = EDGE_CURVE('',#4878,#4878,#4880,.T.);
#4878 = VERTEX_POINT('',#4879);
#4879 = CARTESIAN_POINT('',(126.,-98.4,0.));
#4880 = CIRCLE('',#4881,0.4);
#4881 = AXIS2_PLACEMENT_3D('',#4882,#4883,#4884);
#4882 = CARTESIAN_POINT('',(126.,-98.,0.));
#4883 = DIRECTION('',(-0.,0.,-1.));
#4884 = DIRECTION('',(-0.,-1.,0.));
#4885 = FACE_BOUND('',#4886,.F.);
#4886 = EDGE_LOOP('',(#4887));
#4887 = ORIENTED_EDGE('',*,*,#4888,.T.);
#4888 = EDGE_CURVE('',#4889,#4889,#4891,.T.);
#4889 = VERTEX_POINT('',#4890);
#4890 = CARTESIAN_POINT('',(130.345,-98.3718,0.));
#4891 = CIRCLE('',#4892,0.4318);
#4892 = AXIS2_PLACEMENT_3D('',#4893,#4894,#4895);
#4893 = CARTESIAN_POINT('',(130.345,-97.94,0.));
#4894 = DIRECTION('',(-0.,0.,-1.));
#4895 = DIRECTION('',(-0.,-1.,0.));
#4896 = FACE_BOUND('',#4897,.F.);
#4897 = EDGE_LOOP('',(#4898));
#4898 = ORIENTED_EDGE('',*,*,#4899,.T.);
#4899 = EDGE_CURVE('',#4900,#4900,#4902,.T.);
#4900 = VERTEX_POINT('',#4901);
#4901 = CARTESIAN_POINT('',(130.345,-95.8318,0.));
#4902 = CIRCLE('',#4903,0.4318);
#4903 = AXIS2_PLACEMENT_3D('',#4904,#4905,#4906);
#4904 = CARTESIAN_POINT('',(130.345,-95.4,0.));
#4905 = DIRECTION('',(-0.,0.,-1.));
#4906 = DIRECTION('',(-0.,-1.,0.));
#4907 = FACE_BOUND('',#4908,.F.);
#4908 = EDGE_LOOP('',(#4909));
#4909 = ORIENTED_EDGE('',*,*,#4910,.T.);
#4910 = EDGE_CURVE('',#4911,#4911,#4913,.T.);
#4911 = VERTEX_POINT('',#4912);
#4912 = CARTESIAN_POINT('',(119.42,-89.1,0.));
#4913 = CIRCLE('',#4914,0.5);
#4914 = AXIS2_PLACEMENT_3D('',#4915,#4916,#4917);
#4915 = CARTESIAN_POINT('',(119.42,-88.6,0.));
#4916 = DIRECTION('',(-0.,0.,-1.));
#4917 = DIRECTION('',(-0.,-1.,0.));
#4918 = FACE_BOUND('',#4919,.F.);
#4919 = EDGE_LOOP('',(#4920));
#4920 = ORIENTED_EDGE('',*,*,#4921,.T.);
#4921 = EDGE_CURVE('',#4922,#4922,#4924,.T.);
#4922 = VERTEX_POINT('',#4923);
#4923 = CARTESIAN_POINT('',(119.42,-86.56,0.));
#4924 = CIRCLE('',#4925,0.5);
#4925 = AXIS2_PLACEMENT_3D('',#4926,#4927,#4928);
#4926 = CARTESIAN_POINT('',(119.42,-86.06,0.));
#4927 = DIRECTION('',(-0.,0.,-1.));
#4928 = DIRECTION('',(-0.,-1.,0.));
#4929 = FACE_BOUND('',#4930,.F.);
#4930 = EDGE_LOOP('',(#4931));
#4931 = ORIENTED_EDGE('',*,*,#4932,.T.);
#4932 = EDGE_CURVE('',#4933,#4933,#4935,.T.);
#4933 = VERTEX_POINT('',#4934);
#4934 = CARTESIAN_POINT('',(121.96,-89.1,0.));
#4935 = CIRCLE('',#4936,0.5);
#4936 = AXIS2_PLACEMENT_3D('',#4937,#4938,#4939);
#4937 = CARTESIAN_POINT('',(121.96,-88.6,0.));
#4938 = DIRECTION('',(-0.,0.,-1.));
#4939 = DIRECTION('',(-0.,-1.,0.));
#4940 = FACE_BOUND('',#4941,.F.);
#4941 = EDGE_LOOP('',(#4942));
#4942 = ORIENTED_EDGE('',*,*,#4943,.T.);
#4943 = EDGE_CURVE('',#4944,#4944,#4946,.T.);
#4944 = VERTEX_POINT('',#4945);
#4945 = CARTESIAN_POINT('',(124.5,-89.1,0.));
#4946 = CIRCLE('',#4947,0.5);
#4947 = AXIS2_PLACEMENT_3D('',#4948,#4949,#4950);
#4948 = CARTESIAN_POINT('',(124.5,-88.6,0.));
#4949 = DIRECTION('',(-0.,0.,-1.));
#4950 = DIRECTION('',(-0.,-1.,0.));
#4951 = FACE_BOUND('',#4952,.F.);
#4952 = EDGE_LOOP('',(#4953));
#4953 = ORIENTED_EDGE('',*,*,#4954,.T.);
#4954 = EDGE_CURVE('',#4955,#4955,#4957,.T.);
#4955 = VERTEX_POINT('',#4956);
#4956 = CARTESIAN_POINT('',(121.96,-86.56,0.));
#4957 = CIRCLE('',#4958,0.5);
#4958 = AXIS2_PLACEMENT_3D('',#4959,#4960,#4961);
#4959 = CARTESIAN_POINT('',(121.96,-86.06,0.));
#4960 = DIRECTION('',(-0.,0.,-1.));
#4961 = DIRECTION('',(-0.,-1.,0.));
#4962 = FACE_BOUND('',#4963,.F.);
#4963 = EDGE_LOOP('',(#4964));
#4964 = ORIENTED_EDGE('',*,*,#4965,.T.);
#4965 = EDGE_CURVE('',#4966,#4966,#4968,.T.);
#4966 = VERTEX_POINT('',#4967);
#4967 = CARTESIAN_POINT('',(124.5,-86.56,0.));
#4968 = CIRCLE('',#4969,0.5);
#4969 = AXIS2_PLACEMENT_3D('',#4970,#4971,#4972);
#4970 = CARTESIAN_POINT('',(124.5,-86.06,0.));
#4971 = DIRECTION('',(-0.,0.,-1.));
#4972 = DIRECTION('',(-0.,-1.,0.));
#4973 = FACE_BOUND('',#4974,.F.);
#4974 = EDGE_LOOP('',(#4975));
#4975 = ORIENTED_EDGE('',*,*,#4976,.T.);
#4976 = EDGE_CURVE('',#4977,#4977,#4979,.T.);
#4977 = VERTEX_POINT('',#4978);
#4978 = CARTESIAN_POINT('',(130.345,-93.2918,0.));
#4979 = CIRCLE('',#4980,0.4318);
#4980 = AXIS2_PLACEMENT_3D('',#4981,#4982,#4983);
#4981 = CARTESIAN_POINT('',(130.345,-92.86,0.));
#4982 = DIRECTION('',(-0.,0.,-1.));
#4983 = DIRECTION('',(-0.,-1.,0.));
#4984 = FACE_BOUND('',#4985,.F.);
#4985 = EDGE_LOOP('',(#4986));
#4986 = ORIENTED_EDGE('',*,*,#4987,.T.);
#4987 = EDGE_CURVE('',#4988,#4988,#4990,.T.);
#4988 = VERTEX_POINT('',#4989);
#4989 = CARTESIAN_POINT('',(127.04,-89.1,0.));
#4990 = CIRCLE('',#4991,0.5);
#4991 = AXIS2_PLACEMENT_3D('',#4992,#4993,#4994);
#4992 = CARTESIAN_POINT('',(127.04,-88.6,0.));
#4993 = DIRECTION('',(-0.,0.,-1.));
#4994 = DIRECTION('',(-0.,-1.,0.));
#4995 = FACE_BOUND('',#4996,.F.);
#4996 = EDGE_LOOP('',(#4997));
#4997 = ORIENTED_EDGE('',*,*,#4998,.T.);
#4998 = EDGE_CURVE('',#4999,#4999,#5001,.T.);
#4999 = VERTEX_POINT('',#5000);
#5000 = CARTESIAN_POINT('',(127.04,-86.56,0.));
#5001 = CIRCLE('',#5002,0.5);
#5002 = AXIS2_PLACEMENT_3D('',#5003,#5004,#5005);
#5003 = CARTESIAN_POINT('',(127.04,-86.06,0.));
#5004 = DIRECTION('',(-0.,0.,-1.));
#5005 = DIRECTION('',(-0.,-1.,0.));
#5006 = FACE_BOUND('',#5007,.F.);
#5007 = EDGE_LOOP('',(#5008));
#5008 = ORIENTED_EDGE('',*,*,#5009,.T.);
#5009 = EDGE_CURVE('',#5010,#5010,#5012,.T.);
#5010 = VERTEX_POINT('',#5011);
#5011 = CARTESIAN_POINT('',(129.58,-89.1,0.));
#5012 = CIRCLE('',#5013,0.5);
#5013 = AXIS2_PLACEMENT_3D('',#5014,#5015,#5016);
#5014 = CARTESIAN_POINT('',(129.58,-88.6,0.));
#5015 = DIRECTION('',(-0.,0.,-1.));
#5016 = DIRECTION('',(-0.,-1.,0.));
#5017 = FACE_BOUND('',#5018,.F.);
#5018 = EDGE_LOOP('',(#5019));
#5019 = ORIENTED_EDGE('',*,*,#5020,.T.);
#5020 = EDGE_CURVE('',#5021,#5021,#5023,.T.);
#5021 = VERTEX_POINT('',#5022);
#5022 = CARTESIAN_POINT('',(129.58,-86.56,0.));
#5023 = CIRCLE('',#5024,0.5);
#5024 = AXIS2_PLACEMENT_3D('',#5025,#5026,#5027);
#5025 = CARTESIAN_POINT('',(129.58,-86.06,0.));
#5026 = DIRECTION('',(-0.,0.,-1.));
#5027 = DIRECTION('',(-0.,-1.,0.));
#5028 = FACE_BOUND('',#5029,.F.);
#5029 = EDGE_LOOP('',(#5030));
#5030 = ORIENTED_EDGE('',*,*,#5031,.T.);
#5031 = EDGE_CURVE('',#5032,#5032,#5034,.T.);
#5032 = VERTEX_POINT('',#5033);
#5033 = CARTESIAN_POINT('',(135.9,-125.25,0.));
#5034 = CIRCLE('',#5035,1.35);
#5035 = AXIS2_PLACEMENT_3D('',#5036,#5037,#5038);
#5036 = CARTESIAN_POINT('',(135.9,-123.9,0.));
#5037 = DIRECTION('',(-0.,0.,-1.));
#5038 = DIRECTION('',(-0.,-1.,0.));
#5039 = FACE_BOUND('',#5040,.F.);
#5040 = EDGE_LOOP('',(#5041));
#5041 = ORIENTED_EDGE('',*,*,#5042,.T.);
#5042 = EDGE_CURVE('',#5043,#5043,#5045,.T.);
#5043 = VERTEX_POINT('',#5044);
#5044 = CARTESIAN_POINT('',(137.965,-111.0718,0.));
#5045 = CIRCLE('',#5046,0.4318);
#5046 = AXIS2_PLACEMENT_3D('',#5047,#5048,#5049);
#5047 = CARTESIAN_POINT('',(137.965,-110.64,0.));
#5048 = DIRECTION('',(-0.,0.,-1.));
#5049 = DIRECTION('',(-0.,-1.,0.));
#5050 = FACE_BOUND('',#5051,.F.);
#5051 = EDGE_LOOP('',(#5052));
#5052 = ORIENTED_EDGE('',*,*,#5053,.T.);
#5053 = EDGE_CURVE('',#5054,#5054,#5056,.T.);
#5054 = VERTEX_POINT('',#5055);
#5055 = CARTESIAN_POINT('',(137.965,-108.5318,0.));
#5056 = CIRCLE('',#5057,0.4318);
#5057 = AXIS2_PLACEMENT_3D('',#5058,#5059,#5060);
#5058 = CARTESIAN_POINT('',(137.965,-108.1,0.));
#5059 = DIRECTION('',(-0.,0.,-1.));
#5060 = DIRECTION('',(-0.,-1.,0.));
#5061 = FACE_BOUND('',#5062,.F.);
#5062 = EDGE_LOOP('',(#5063));
#5063 = ORIENTED_EDGE('',*,*,#5064,.T.);
#5064 = EDGE_CURVE('',#5065,#5065,#5067,.T.);
#5065 = VERTEX_POINT('',#5066);
#5066 = CARTESIAN_POINT('',(137.965,-105.9918,0.));
#5067 = CIRCLE('',#5068,0.4318);
#5068 = AXIS2_PLACEMENT_3D('',#5069,#5070,#5071);
#5069 = CARTESIAN_POINT('',(137.965,-105.56,0.));
#5070 = DIRECTION('',(-0.,0.,-1.));
#5071 = DIRECTION('',(-0.,-1.,0.));
#5072 = FACE_BOUND('',#5073,.F.);
#5073 = EDGE_LOOP('',(#5074));
#5074 = ORIENTED_EDGE('',*,*,#5075,.T.);
#5075 = EDGE_CURVE('',#5076,#5076,#5078,.T.);
#5076 = VERTEX_POINT('',#5077);
#5077 = CARTESIAN_POINT('',(152.66,-115.445,0.));
#5078 = CIRCLE('',#5079,0.5);
#5079 = AXIS2_PLACEMENT_3D('',#5080,#5081,#5082);
#5080 = CARTESIAN_POINT('',(152.66,-114.945,0.));
#5081 = DIRECTION('',(-0.,0.,-1.));
#5082 = DIRECTION('',(-0.,-1.,0.));
#5083 = FACE_BOUND('',#5084,.F.);
#5084 = EDGE_LOOP('',(#5085));
#5085 = ORIENTED_EDGE('',*,*,#5086,.T.);
#5086 = EDGE_CURVE('',#5087,#5087,#5089,.T.);
#5087 = VERTEX_POINT('',#5088);
#5088 = CARTESIAN_POINT('',(154.08,-123.505,0.));
#5089 = CIRCLE('',#5090,1.6);
#5090 = AXIS2_PLACEMENT_3D('',#5091,#5092,#5093);
#5091 = CARTESIAN_POINT('',(154.08,-121.905,0.));
#5092 = DIRECTION('',(-0.,0.,-1.));
#5093 = DIRECTION('',(1.7763568394E-14,-1.,-0.));
#5094 = FACE_BOUND('',#5095,.F.);
#5095 = EDGE_LOOP('',(#5096));
#5096 = ORIENTED_EDGE('',*,*,#5097,.T.);
#5097 = EDGE_CURVE('',#5098,#5098,#5100,.T.);
#5098 = VERTEX_POINT('',#5099);
#5099 = CARTESIAN_POINT('',(152.66,-112.675,0.));
#5100 = CIRCLE('',#5101,0.5);
#5101 = AXIS2_PLACEMENT_3D('',#5102,#5103,#5104);
#5102 = CARTESIAN_POINT('',(152.66,-112.175,0.));
#5103 = DIRECTION('',(-0.,0.,-1.));
#5104 = DIRECTION('',(-0.,-1.,0.));
#5105 = FACE_BOUND('',#5106,.F.);
#5106 = EDGE_LOOP('',(#5107));
#5107 = ORIENTED_EDGE('',*,*,#5108,.T.);
#5108 = EDGE_CURVE('',#5109,#5109,#5111,.T.);
#5109 = VERTEX_POINT('',#5110);
#5110 = CARTESIAN_POINT('',(152.66,-109.905,0.));
#5111 = CIRCLE('',#5112,0.5);
#5112 = AXIS2_PLACEMENT_3D('',#5113,#5114,#5115);
#5113 = CARTESIAN_POINT('',(152.66,-109.405,0.));
#5114 = DIRECTION('',(-0.,0.,-1.));
#5115 = DIRECTION('',(-0.,-1.,0.));
#5116 = FACE_BOUND('',#5117,.F.);
#5117 = EDGE_LOOP('',(#5118));
#5118 = ORIENTED_EDGE('',*,*,#5119,.T.);
#5119 = EDGE_CURVE('',#5120,#5120,#5122,.T.);
#5120 = VERTEX_POINT('',#5121);
#5121 = CARTESIAN_POINT('',(152.66,-107.135,0.));
#5122 = CIRCLE('',#5123,0.5);
#5123 = AXIS2_PLACEMENT_3D('',#5124,#5125,#5126);
#5124 = CARTESIAN_POINT('',(152.66,-106.635,0.));
#5125 = DIRECTION('',(-0.,0.,-1.));
#5126 = DIRECTION('',(-0.,-1.,0.));
#5127 = FACE_BOUND('',#5128,.F.);
#5128 = EDGE_LOOP('',(#5129));
#5129 = ORIENTED_EDGE('',*,*,#5130,.T.);
#5130 = EDGE_CURVE('',#5131,#5131,#5133,.T.);
#5131 = VERTEX_POINT('',#5132);
#5132 = CARTESIAN_POINT('',(155.5,-114.06,0.));
#5133 = CIRCLE('',#5134,0.5);
#5134 = AXIS2_PLACEMENT_3D('',#5135,#5136,#5137);
#5135 = CARTESIAN_POINT('',(155.5,-113.56,0.));
#5136 = DIRECTION('',(-0.,0.,-1.));
#5137 = DIRECTION('',(-0.,-1.,0.));
#5138 = FACE_BOUND('',#5139,.F.);
#5139 = EDGE_LOOP('',(#5140));
#5140 = ORIENTED_EDGE('',*,*,#5141,.T.);
#5141 = EDGE_CURVE('',#5142,#5142,#5144,.T.);
#5142 = VERTEX_POINT('',#5143);
#5143 = CARTESIAN_POINT('',(155.5,-111.29,0.));
#5144 = CIRCLE('',#5145,0.5);
#5145 = AXIS2_PLACEMENT_3D('',#5146,#5147,#5148);
#5146 = CARTESIAN_POINT('',(155.5,-110.79,0.));
#5147 = DIRECTION('',(-0.,0.,-1.));
#5148 = DIRECTION('',(-0.,-1.,0.));
#5149 = FACE_BOUND('',#5150,.F.);
#5150 = EDGE_LOOP('',(#5151));
#5151 = ORIENTED_EDGE('',*,*,#5152,.T.);
#5152 = EDGE_CURVE('',#5153,#5153,#5155,.T.);
#5153 = VERTEX_POINT('',#5154);
#5154 = CARTESIAN_POINT('',(155.5,-108.52,0.));
#5155 = CIRCLE('',#5156,0.5);
#5156 = AXIS2_PLACEMENT_3D('',#5157,#5158,#5159);
#5157 = CARTESIAN_POINT('',(155.5,-108.02,0.));
#5158 = DIRECTION('',(-0.,0.,-1.));
#5159 = DIRECTION('',(-0.,-1.,0.));
#5160 = FACE_BOUND('',#5161,.F.);
#5161 = EDGE_LOOP('',(#5162));
#5162 = ORIENTED_EDGE('',*,*,#5163,.T.);
#5163 = EDGE_CURVE('',#5164,#5164,#5166,.T.);
#5164 = VERTEX_POINT('',#5165);
#5165 = CARTESIAN_POINT('',(155.5,-105.75,0.));
#5166 = CIRCLE('',#5167,0.5);
#5167 = AXIS2_PLACEMENT_3D('',#5168,#5169,#5170);
#5168 = CARTESIAN_POINT('',(155.5,-105.25,0.));
#5169 = DIRECTION('',(-0.,0.,-1.));
#5170 = DIRECTION('',(-0.,-1.,0.));
#5171 = FACE_BOUND('',#5172,.F.);
#5172 = EDGE_LOOP('',(#5173));
#5173 = ORIENTED_EDGE('',*,*,#5174,.T.);
#5174 = EDGE_CURVE('',#5175,#5175,#5177,.T.);
#5175 = VERTEX_POINT('',#5176);
#5176 = CARTESIAN_POINT('',(137.965,-103.4518,0.));
#5177 = CIRCLE('',#5178,0.4318);
#5178 = AXIS2_PLACEMENT_3D('',#5179,#5180,#5181);
#5179 = CARTESIAN_POINT('',(137.965,-103.02,0.));
#5180 = DIRECTION('',(-0.,0.,-1.));
#5181 = DIRECTION('',(-0.,-1.,0.));
#5182 = FACE_BOUND('',#5183,.F.);
#5183 = EDGE_LOOP('',(#5184));
#5184 = ORIENTED_EDGE('',*,*,#5185,.T.);
#5185 = EDGE_CURVE('',#5186,#5186,#5188,.T.);
#5186 = VERTEX_POINT('',#5187);
#5187 = CARTESIAN_POINT('',(137.965,-100.9118,0.));
#5188 = CIRCLE('',#5189,0.4318);
#5189 = AXIS2_PLACEMENT_3D('',#5190,#5191,#5192);
#5190 = CARTESIAN_POINT('',(137.965,-100.48,0.));
#5191 = DIRECTION('',(-0.,0.,-1.));
#5192 = DIRECTION('',(-0.,-1.,0.));
#5193 = FACE_BOUND('',#5194,.F.);
#5194 = EDGE_LOOP('',(#5195));
#5195 = ORIENTED_EDGE('',*,*,#5196,.T.);
#5196 = EDGE_CURVE('',#5197,#5197,#5199,.T.);
#5197 = VERTEX_POINT('',#5198);
#5198 = CARTESIAN_POINT('',(137.965,-98.3718,0.));
#5199 = CIRCLE('',#5200,0.4318);
#5200 = AXIS2_PLACEMENT_3D('',#5201,#5202,#5203);
#5201 = CARTESIAN_POINT('',(137.965,-97.94,0.));
#5202 = DIRECTION('',(-0.,0.,-1.));
#5203 = DIRECTION('',(-0.,-1.,0.));
#5204 = FACE_BOUND('',#5205,.F.);
#5205 = EDGE_LOOP('',(#5206));
#5206 = ORIENTED_EDGE('',*,*,#5207,.T.);
#5207 = EDGE_CURVE('',#5208,#5208,#5210,.T.);
#5208 = VERTEX_POINT('',#5209);
#5209 = CARTESIAN_POINT('',(137.965,-95.8318,0.));
#5210 = CIRCLE('',#5211,0.4318);
#5211 = AXIS2_PLACEMENT_3D('',#5212,#5213,#5214);
#5212 = CARTESIAN_POINT('',(137.965,-95.4,0.));
#5213 = DIRECTION('',(-0.,0.,-1.));
#5214 = DIRECTION('',(-0.,-1.,0.));
#5215 = FACE_BOUND('',#5216,.F.);
#5216 = EDGE_LOOP('',(#5217));
#5217 = ORIENTED_EDGE('',*,*,#5218,.T.);
#5218 = EDGE_CURVE('',#5219,#5219,#5221,.T.);
#5219 = VERTEX_POINT('',#5220);
#5220 = CARTESIAN_POINT('',(137.965,-93.2918,0.));
#5221 = CIRCLE('',#5222,0.4318);
#5222 = AXIS2_PLACEMENT_3D('',#5223,#5224,#5225);
#5223 = CARTESIAN_POINT('',(137.965,-92.86,0.));
#5224 = DIRECTION('',(-0.,0.,-1.));
#5225 = DIRECTION('',(-0.,-1.,0.));
#5226 = FACE_BOUND('',#5227,.F.);
#5227 = EDGE_LOOP('',(#5228));
#5228 = ORIENTED_EDGE('',*,*,#5229,.T.);
#5229 = EDGE_CURVE('',#5230,#5230,#5232,.T.);
#5230 = VERTEX_POINT('',#5231);
#5231 = CARTESIAN_POINT('',(132.12,-89.1,0.));
#5232 = CIRCLE('',#5233,0.5);
#5233 = AXIS2_PLACEMENT_3D('',#5234,#5235,#5236);
#5234 = CARTESIAN_POINT('',(132.12,-88.6,0.));
#5235 = DIRECTION('',(-0.,0.,-1.));
#5236 = DIRECTION('',(-0.,-1.,0.));
#5237 = FACE_BOUND('',#5238,.F.);
#5238 = EDGE_LOOP('',(#5239));
#5239 = ORIENTED_EDGE('',*,*,#5240,.T.);
#5240 = EDGE_CURVE('',#5241,#5241,#5243,.T.);
#5241 = VERTEX_POINT('',#5242);
#5242 = CARTESIAN_POINT('',(134.66,-89.1,0.));
#5243 = CIRCLE('',#5244,0.5);
#5244 = AXIS2_PLACEMENT_3D('',#5245,#5246,#5247);
#5245 = CARTESIAN_POINT('',(134.66,-88.6,0.));
#5246 = DIRECTION('',(-0.,0.,-1.));
#5247 = DIRECTION('',(-0.,-1.,0.));
#5248 = FACE_BOUND('',#5249,.F.);
#5249 = EDGE_LOOP('',(#5250));
#5250 = ORIENTED_EDGE('',*,*,#5251,.T.);
#5251 = EDGE_CURVE('',#5252,#5252,#5254,.T.);
#5252 = VERTEX_POINT('',#5253);
#5253 = CARTESIAN_POINT('',(132.12,-86.56,0.));
#5254 = CIRCLE('',#5255,0.5);
#5255 = AXIS2_PLACEMENT_3D('',#5256,#5257,#5258);
#5256 = CARTESIAN_POINT('',(132.12,-86.06,0.));
#5257 = DIRECTION('',(-0.,0.,-1.));
#5258 = DIRECTION('',(-0.,-1.,0.));
#5259 = FACE_BOUND('',#5260,.F.);
#5260 = EDGE_LOOP('',(#5261));
#5261 = ORIENTED_EDGE('',*,*,#5262,.T.);
#5262 = EDGE_CURVE('',#5263,#5263,#5265,.T.);
#5263 = VERTEX_POINT('',#5264);
#5264 = CARTESIAN_POINT('',(134.66,-86.56,0.));
#5265 = CIRCLE('',#5266,0.5);
#5266 = AXIS2_PLACEMENT_3D('',#5267,#5268,#5269);
#5267 = CARTESIAN_POINT('',(134.66,-86.06,0.));
#5268 = DIRECTION('',(-0.,0.,-1.));
#5269 = DIRECTION('',(-0.,-1.,0.));
#5270 = FACE_BOUND('',#5271,.F.);
#5271 = EDGE_LOOP('',(#5272));
#5272 = ORIENTED_EDGE('',*,*,#5273,.T.);
#5273 = EDGE_CURVE('',#5274,#5274,#5276,.T.);
#5274 = VERTEX_POINT('',#5275);
#5275 = CARTESIAN_POINT('',(137.2,-89.1,0.));
#5276 = CIRCLE('',#5277,0.5);
#5277 = AXIS2_PLACEMENT_3D('',#5278,#5279,#5280);
#5278 = CARTESIAN_POINT('',(137.2,-88.6,0.));
#5279 = DIRECTION('',(-0.,0.,-1.));
#5280 = DIRECTION('',(-0.,-1.,0.));
#5281 = FACE_BOUND('',#5282,.F.);
#5282 = EDGE_LOOP('',(#5283));
#5283 = ORIENTED_EDGE('',*,*,#5284,.T.);
#5284 = EDGE_CURVE('',#5285,#5285,#5287,.T.);
#5285 = VERTEX_POINT('',#5286);
#5286 = CARTESIAN_POINT('',(137.2,-86.56,0.));
#5287 = CIRCLE('',#5288,0.5);
#5288 = AXIS2_PLACEMENT_3D('',#5289,#5290,#5291);
#5289 = CARTESIAN_POINT('',(137.2,-86.06,0.));
#5290 = DIRECTION('',(-0.,0.,-1.));
#5291 = DIRECTION('',(-0.,-1.,0.));
#5292 = FACE_BOUND('',#5293,.F.);
#5293 = EDGE_LOOP('',(#5294));
#5294 = ORIENTED_EDGE('',*,*,#5295,.T.);
#5295 = EDGE_CURVE('',#5296,#5296,#5298,.T.);
#5296 = VERTEX_POINT('',#5297);
#5297 = CARTESIAN_POINT('',(139.74,-89.1,0.));
#5298 = CIRCLE('',#5299,0.5);
#5299 = AXIS2_PLACEMENT_3D('',#5300,#5301,#5302);
#5300 = CARTESIAN_POINT('',(139.74,-88.6,0.));
#5301 = DIRECTION('',(-0.,0.,-1.));
#5302 = DIRECTION('',(-0.,-1.,0.));
#5303 = FACE_BOUND('',#5304,.F.);
#5304 = EDGE_LOOP('',(#5305));
#5305 = ORIENTED_EDGE('',*,*,#5306,.T.);
#5306 = EDGE_CURVE('',#5307,#5307,#5309,.T.);
#5307 = VERTEX_POINT('',#5308);
#5308 = CARTESIAN_POINT('',(139.74,-86.56,0.));
#5309 = CIRCLE('',#5310,0.5);
#5310 = AXIS2_PLACEMENT_3D('',#5311,#5312,#5313);
#5311 = CARTESIAN_POINT('',(139.74,-86.06,0.));
#5312 = DIRECTION('',(-0.,0.,-1.));
#5313 = DIRECTION('',(-0.,-1.,0.));
#5314 = FACE_BOUND('',#5315,.F.);
#5315 = EDGE_LOOP('',(#5316));
#5316 = ORIENTED_EDGE('',*,*,#5317,.T.);
#5317 = EDGE_CURVE('',#5318,#5318,#5320,.T.);
#5318 = VERTEX_POINT('',#5319);
#5319 = CARTESIAN_POINT('',(142.28,-89.1,0.));
#5320 = CIRCLE('',#5321,0.5);
#5321 = AXIS2_PLACEMENT_3D('',#5322,#5323,#5324);
#5322 = CARTESIAN_POINT('',(142.28,-88.6,0.));
#5323 = DIRECTION('',(-0.,0.,-1.));
#5324 = DIRECTION('',(-0.,-1.,0.));
#5325 = FACE_BOUND('',#5326,.F.);
#5326 = EDGE_LOOP('',(#5327));
#5327 = ORIENTED_EDGE('',*,*,#5328,.T.);
#5328 = EDGE_CURVE('',#5329,#5329,#5331,.T.);
#5329 = VERTEX_POINT('',#5330);
#5330 = CARTESIAN_POINT('',(144.82,-89.1,0.));
#5331 = CIRCLE('',#5332,0.5);
#5332 = AXIS2_PLACEMENT_3D('',#5333,#5334,#5335);
#5333 = CARTESIAN_POINT('',(144.82,-88.6,0.));
#5334 = DIRECTION('',(-0.,0.,-1.));
#5335 = DIRECTION('',(-0.,-1.,0.));
#5336 = FACE_BOUND('',#5337,.F.);
#5337 = EDGE_LOOP('',(#5338));
#5338 = ORIENTED_EDGE('',*,*,#5339,.T.);
#5339 = EDGE_CURVE('',#5340,#5340,#5342,.T.);
#5340 = VERTEX_POINT('',#5341);
#5341 = CARTESIAN_POINT('',(142.28,-86.56,0.));
#5342 = CIRCLE('',#5343,0.5);
#5343 = AXIS2_PLACEMENT_3D('',#5344,#5345,#5346);
#5344 = CARTESIAN_POINT('',(142.28,-86.06,0.));
#5345 = DIRECTION('',(-0.,0.,-1.));
#5346 = DIRECTION('',(-0.,-1.,0.));
#5347 = FACE_BOUND('',#5348,.F.);
#5348 = EDGE_LOOP('',(#5349));
#5349 = ORIENTED_EDGE('',*,*,#5350,.T.);
#5350 = EDGE_CURVE('',#5351,#5351,#5353,.T.);
#5351 = VERTEX_POINT('',#5352);
#5352 = CARTESIAN_POINT('',(144.82,-86.56,0.));
#5353 = CIRCLE('',#5354,0.5);
#5354 = AXIS2_PLACEMENT_3D('',#5355,#5356,#5357);
#5355 = CARTESIAN_POINT('',(144.82,-86.06,0.));
#5356 = DIRECTION('',(-0.,0.,-1.));
#5357 = DIRECTION('',(-0.,-1.,0.));
#5358 = FACE_BOUND('',#5359,.F.);
#5359 = EDGE_LOOP('',(#5360));
#5360 = ORIENTED_EDGE('',*,*,#5361,.T.);
#5361 = EDGE_CURVE('',#5362,#5362,#5364,.T.);
#5362 = VERTEX_POINT('',#5363);
#5363 = CARTESIAN_POINT('',(152.66,-104.365,0.));
#5364 = CIRCLE('',#5365,0.5);
#5365 = AXIS2_PLACEMENT_3D('',#5366,#5367,#5368);
#5366 = CARTESIAN_POINT('',(152.66,-103.865,0.));
#5367 = DIRECTION('',(-0.,0.,-1.));
#5368 = DIRECTION('',(-0.,-1.,0.));
#5369 = FACE_BOUND('',#5370,.F.);
#5370 = EDGE_LOOP('',(#5371));
#5371 = ORIENTED_EDGE('',*,*,#5372,.T.);
#5372 = EDGE_CURVE('',#5373,#5373,#5375,.T.);
#5373 = VERTEX_POINT('',#5374);
#5374 = CARTESIAN_POINT('',(154.08,-98.505,0.));
#5375 = CIRCLE('',#5376,1.6);
#5376 = AXIS2_PLACEMENT_3D('',#5377,#5378,#5379);
#5377 = CARTESIAN_POINT('',(154.08,-96.905,0.));
#5378 = DIRECTION('',(-0.,0.,-1.));
#5379 = DIRECTION('',(1.7763568394E-14,-1.,-0.));
#5380 = FACE_BOUND('',#5381,.F.);
#5381 = EDGE_LOOP('',(#5382));
#5382 = ORIENTED_EDGE('',*,*,#5383,.T.);
#5383 = EDGE_CURVE('',#5384,#5384,#5386,.T.);
#5384 = VERTEX_POINT('',#5385);
#5385 = CARTESIAN_POINT('',(147.36,-89.1,0.));
#5386 = CIRCLE('',#5387,0.5);
#5387 = AXIS2_PLACEMENT_3D('',#5388,#5389,#5390);
#5388 = CARTESIAN_POINT('',(147.36,-88.6,0.));
#5389 = DIRECTION('',(-0.,0.,-1.));
#5390 = DIRECTION('',(-0.,-1.,0.));
#5391 = FACE_BOUND('',#5392,.F.);
#5392 = EDGE_LOOP('',(#5393));
#5393 = ORIENTED_EDGE('',*,*,#5394,.T.);
#5394 = EDGE_CURVE('',#5395,#5395,#5397,.T.);
#5395 = VERTEX_POINT('',#5396);
#5396 = CARTESIAN_POINT('',(147.36,-86.56,0.));
#5397 = CIRCLE('',#5398,0.5);
#5398 = AXIS2_PLACEMENT_3D('',#5399,#5400,#5401);
#5399 = CARTESIAN_POINT('',(147.36,-86.06,0.));
#5400 = DIRECTION('',(-0.,0.,-1.));
#5401 = DIRECTION('',(-0.,-1.,0.));
#5402 = FACE_BOUND('',#5403,.F.);
#5403 = EDGE_LOOP('',(#5404));
#5404 = ORIENTED_EDGE('',*,*,#5405,.T.);
#5405 = EDGE_CURVE('',#5406,#5406,#5408,.T.);
#5406 = VERTEX_POINT('',#5407);
#5407 = CARTESIAN_POINT('',(149.9,-89.1,0.));
#5408 = CIRCLE('',#5409,0.5);
#5409 = AXIS2_PLACEMENT_3D('',#5410,#5411,#5412);
#5410 = CARTESIAN_POINT('',(149.9,-88.6,0.));
#5411 = DIRECTION('',(-0.,0.,-1.));
#5412 = DIRECTION('',(-0.,-1.,0.));
#5413 = FACE_BOUND('',#5414,.F.);
#5414 = EDGE_LOOP('',(#5415));
#5415 = ORIENTED_EDGE('',*,*,#5416,.T.);
#5416 = EDGE_CURVE('',#5417,#5417,#5419,.T.);
#5417 = VERTEX_POINT('',#5418);
#5418 = CARTESIAN_POINT('',(152.44,-89.1,0.));
#5419 = CIRCLE('',#5420,0.5);
#5420 = AXIS2_PLACEMENT_3D('',#5421,#5422,#5423);
#5421 = CARTESIAN_POINT('',(152.44,-88.6,0.));
#5422 = DIRECTION('',(-0.,0.,-1.));
#5423 = DIRECTION('',(-0.,-1.,0.));
#5424 = FACE_BOUND('',#5425,.F.);
#5425 = EDGE_LOOP('',(#5426));
#5426 = ORIENTED_EDGE('',*,*,#5427,.T.);
#5427 = EDGE_CURVE('',#5428,#5428,#5430,.T.);
#5428 = VERTEX_POINT('',#5429);
#5429 = CARTESIAN_POINT('',(149.9,-86.56,0.));
#5430 = CIRCLE('',#5431,0.5);
#5431 = AXIS2_PLACEMENT_3D('',#5432,#5433,#5434);
#5432 = CARTESIAN_POINT('',(149.9,-86.06,0.));
#5433 = DIRECTION('',(-0.,0.,-1.));
#5434 = DIRECTION('',(-0.,-1.,0.));
#5435 = FACE_BOUND('',#5436,.F.);
#5436 = EDGE_LOOP('',(#5437));
#5437 = ORIENTED_EDGE('',*,*,#5438,.T.);
#5438 = EDGE_CURVE('',#5439,#5439,#5441,.T.);
#5439 = VERTEX_POINT('',#5440);
#5440 = CARTESIAN_POINT('',(152.44,-86.56,0.));
#5441 = CIRCLE('',#5442,0.5);
#5442 = AXIS2_PLACEMENT_3D('',#5443,#5444,#5445);
#5443 = CARTESIAN_POINT('',(152.44,-86.06,0.));
#5444 = DIRECTION('',(-0.,0.,-1.));
#5445 = DIRECTION('',(-0.,-1.,0.));
#5446 = FACE_BOUND('',#5447,.F.);
#5447 = EDGE_LOOP('',(#5448));
#5448 = ORIENTED_EDGE('',*,*,#5449,.T.);
#5449 = EDGE_CURVE('',#5450,#5450,#5452,.T.);
#5450 = VERTEX_POINT('',#5451);
#5451 = CARTESIAN_POINT('',(158.4,-89.75,0.));
#5452 = CIRCLE('',#5453,1.35);
#5453 = AXIS2_PLACEMENT_3D('',#5454,#5455,#5456);
#5454 = CARTESIAN_POINT('',(158.4,-88.4,0.));
#5455 = DIRECTION('',(-0.,0.,-1.));
#5456 = DIRECTION('',(-0.,-1.,0.));
#5457 = FACE_BOUND('',#5458,.F.);
#5458 = EDGE_LOOP('',(#5459));
#5459 = ORIENTED_EDGE('',*,*,#5460,.T.);
#5460 = EDGE_CURVE('',#5461,#5461,#5463,.T.);
#5461 = VERTEX_POINT('',#5462);
#5462 = CARTESIAN_POINT('',(105.8875,-79.525,0.));
#5463 = CIRCLE('',#5464,0.5);
#5464 = AXIS2_PLACEMENT_3D('',#5465,#5466,#5467);
#5465 = CARTESIAN_POINT('',(105.8875,-79.025,0.));
#5466 = DIRECTION('',(-0.,0.,-1.));
#5467 = DIRECTION('',(-0.,-1.,0.));
#5468 = FACE_BOUND('',#5469,.F.);
#5469 = EDGE_LOOP('',(#5470));
#5470 = ORIENTED_EDGE('',*,*,#5471,.T.);
#5471 = EDGE_CURVE('',#5472,#5472,#5474,.T.);
#5472 = VERTEX_POINT('',#5473);
#5473 = CARTESIAN_POINT('',(108.3875,-79.525,0.));
#5474 = CIRCLE('',#5475,0.5);
#5475 = AXIS2_PLACEMENT_3D('',#5476,#5477,#5478);
#5476 = CARTESIAN_POINT('',(108.3875,-79.025,0.));
#5477 = DIRECTION('',(-0.,0.,-1.));
#5478 = DIRECTION('',(-0.,-1.,0.));
#5479 = FACE_BOUND('',#5480,.F.);
#5480 = EDGE_LOOP('',(#5481));
#5481 = ORIENTED_EDGE('',*,*,#5482,.T.);
#5482 = EDGE_CURVE('',#5483,#5483,#5485,.T.);
#5483 = VERTEX_POINT('',#5484);
#5484 = CARTESIAN_POINT('',(110.8875,-79.525,0.));
#5485 = CIRCLE('',#5486,0.5);
#5486 = AXIS2_PLACEMENT_3D('',#5487,#5488,#5489);
#5487 = CARTESIAN_POINT('',(110.8875,-79.025,0.));
#5488 = DIRECTION('',(-0.,0.,-1.));
#5489 = DIRECTION('',(-0.,-1.,0.));
#5490 = FACE_BOUND('',#5491,.F.);
#5491 = EDGE_LOOP('',(#5492));
#5492 = ORIENTED_EDGE('',*,*,#5493,.T.);
#5493 = EDGE_CURVE('',#5494,#5494,#5496,.T.);
#5494 = VERTEX_POINT('',#5495);
#5495 = CARTESIAN_POINT('',(113.3875,-79.525,0.));
#5496 = CIRCLE('',#5497,0.5);
#5497 = AXIS2_PLACEMENT_3D('',#5498,#5499,#5500);
#5498 = CARTESIAN_POINT('',(113.3875,-79.025,0.));
#5499 = DIRECTION('',(-0.,0.,-1.));
#5500 = DIRECTION('',(-0.,-1.,0.));
#5501 = FACE_BOUND('',#5502,.F.);
#5502 = EDGE_LOOP('',(#5503));
#5503 = ORIENTED_EDGE('',*,*,#5504,.T.);
#5504 = EDGE_CURVE('',#5505,#5505,#5507,.T.);
#5505 = VERTEX_POINT('',#5506);
#5506 = CARTESIAN_POINT('',(106.2875,-69.775,0.));
#5507 = CIRCLE('',#5508,0.5);
#5508 = AXIS2_PLACEMENT_3D('',#5509,#5510,#5511);
#5509 = CARTESIAN_POINT('',(106.2875,-69.275,0.));
#5510 = DIRECTION('',(-0.,0.,-1.));
#5511 = DIRECTION('',(-0.,-1.,0.));
#5512 = FACE_BOUND('',#5513,.F.);
#5513 = EDGE_LOOP('',(#5514));
#5514 = ORIENTED_EDGE('',*,*,#5515,.T.);
#5515 = EDGE_CURVE('',#5516,#5516,#5518,.T.);
#5516 = VERTEX_POINT('',#5517);
#5517 = CARTESIAN_POINT('',(108.7875,-69.775,0.));
#5518 = CIRCLE('',#5519,0.5);
#5519 = AXIS2_PLACEMENT_3D('',#5520,#5521,#5522);
#5520 = CARTESIAN_POINT('',(108.7875,-69.275,0.));
#5521 = DIRECTION('',(-0.,0.,-1.));
#5522 = DIRECTION('',(-0.,-1.,0.));
#5523 = FACE_BOUND('',#5524,.F.);
#5524 = EDGE_LOOP('',(#5525));
#5525 = ORIENTED_EDGE('',*,*,#5526,.T.);
#5526 = EDGE_CURVE('',#5527,#5527,#5529,.T.);
#5527 = VERTEX_POINT('',#5528);
#5528 = CARTESIAN_POINT('',(111.2875,-69.775,0.));
#5529 = CIRCLE('',#5530,0.5);
#5530 = AXIS2_PLACEMENT_3D('',#5531,#5532,#5533);
#5531 = CARTESIAN_POINT('',(111.2875,-69.275,0.));
#5532 = DIRECTION('',(-0.,0.,-1.));
#5533 = DIRECTION('',(-0.,-1.,0.));
#5534 = FACE_BOUND('',#5535,.F.);
#5535 = EDGE_LOOP('',(#5536));
#5536 = ORIENTED_EDGE('',*,*,#5537,.T.);
#5537 = EDGE_CURVE('',#5538,#5538,#5540,.T.);
#5538 = VERTEX_POINT('',#5539);
#5539 = CARTESIAN_POINT('',(113.7875,-69.775,0.));
#5540 = CIRCLE('',#5541,0.5);
#5541 = AXIS2_PLACEMENT_3D('',#5542,#5543,#5544);
#5542 = CARTESIAN_POINT('',(113.7875,-69.275,0.));
#5543 = DIRECTION('',(-0.,0.,-1.));
#5544 = DIRECTION('',(-0.,-1.,0.));
#5545 = FACE_BOUND('',#5546,.F.);
#5546 = EDGE_LOOP('',(#5547));
#5547 = ORIENTED_EDGE('',*,*,#5548,.T.);
#5548 = EDGE_CURVE('',#5549,#5549,#5551,.T.);
#5549 = VERTEX_POINT('',#5550);
#5550 = CARTESIAN_POINT('',(126.14,-81.91,0.));
#5551 = CIRCLE('',#5552,0.51);
#5552 = AXIS2_PLACEMENT_3D('',#5553,#5554,#5555);
#5553 = CARTESIAN_POINT('',(126.14,-81.4,0.));
#5554 = DIRECTION('',(-0.,0.,-1.));
#5555 = DIRECTION('',(-0.,-1.,0.));
#5556 = FACE_BOUND('',#5557,.F.);
#5557 = EDGE_LOOP('',(#5558));
#5558 = ORIENTED_EDGE('',*,*,#5559,.T.);
#5559 = EDGE_CURVE('',#5560,#5560,#5562,.T.);
#5560 = VERTEX_POINT('',#5561);
#5561 = CARTESIAN_POINT('',(126.14,-79.37,0.));
#5562 = CIRCLE('',#5563,0.51);
#5563 = AXIS2_PLACEMENT_3D('',#5564,#5565,#5566);
#5564 = CARTESIAN_POINT('',(126.14,-78.86,0.));
#5565 = DIRECTION('',(-0.,0.,-1.));
#5566 = DIRECTION('',(-0.,-1.,0.));
#5567 = FACE_BOUND('',#5568,.F.);
#5568 = EDGE_LOOP('',(#5569));
#5569 = ORIENTED_EDGE('',*,*,#5570,.T.);
#5570 = EDGE_CURVE('',#5571,#5571,#5573,.T.);
#5571 = VERTEX_POINT('',#5572);
#5572 = CARTESIAN_POINT('',(128.68,-81.91,0.));
#5573 = CIRCLE('',#5574,0.51);
#5574 = AXIS2_PLACEMENT_3D('',#5575,#5576,#5577);
#5575 = CARTESIAN_POINT('',(128.68,-81.4,0.));
#5576 = DIRECTION('',(-0.,0.,-1.));
#5577 = DIRECTION('',(-0.,-1.,0.));
#5578 = FACE_BOUND('',#5579,.F.);
#5579 = EDGE_LOOP('',(#5580));
#5580 = ORIENTED_EDGE('',*,*,#5581,.T.);
#5581 = EDGE_CURVE('',#5582,#5582,#5584,.T.);
#5582 = VERTEX_POINT('',#5583);
#5583 = CARTESIAN_POINT('',(131.22,-81.91,0.));
#5584 = CIRCLE('',#5585,0.51);
#5585 = AXIS2_PLACEMENT_3D('',#5586,#5587,#5588);
#5586 = CARTESIAN_POINT('',(131.22,-81.4,0.));
#5587 = DIRECTION('',(-0.,0.,-1.));
#5588 = DIRECTION('',(-0.,-1.,0.));
#5589 = FACE_BOUND('',#5590,.F.);
#5590 = EDGE_LOOP('',(#5591));
#5591 = ORIENTED_EDGE('',*,*,#5592,.T.);
#5592 = EDGE_CURVE('',#5593,#5593,#5595,.T.);
#5593 = VERTEX_POINT('',#5594);
#5594 = CARTESIAN_POINT('',(126.14,-76.83,0.));
#5595 = CIRCLE('',#5596,0.51);
#5596 = AXIS2_PLACEMENT_3D('',#5597,#5598,#5599);
#5597 = CARTESIAN_POINT('',(126.14,-76.32,0.));
#5598 = DIRECTION('',(-0.,0.,-1.));
#5599 = DIRECTION('',(-0.,-1.,0.));
#5600 = FACE_BOUND('',#5601,.F.);
#5601 = EDGE_LOOP('',(#5602));
#5602 = ORIENTED_EDGE('',*,*,#5603,.T.);
#5603 = EDGE_CURVE('',#5604,#5604,#5606,.T.);
#5604 = VERTEX_POINT('',#5605);
#5605 = CARTESIAN_POINT('',(126.14,-74.29,0.));
#5606 = CIRCLE('',#5607,0.51);
#5607 = AXIS2_PLACEMENT_3D('',#5608,#5609,#5610);
#5608 = CARTESIAN_POINT('',(126.14,-73.78,0.));
#5609 = DIRECTION('',(-0.,0.,-1.));
#5610 = DIRECTION('',(-0.,-1.,0.));
#5611 = FACE_BOUND('',#5612,.F.);
#5612 = EDGE_LOOP('',(#5613));
#5613 = ORIENTED_EDGE('',*,*,#5614,.T.);
#5614 = EDGE_CURVE('',#5615,#5615,#5617,.T.);
#5615 = VERTEX_POINT('',#5616);
#5616 = CARTESIAN_POINT('',(121.5,-74.35,0.));
#5617 = CIRCLE('',#5618,1.35);
#5618 = AXIS2_PLACEMENT_3D('',#5619,#5620,#5621);
#5619 = CARTESIAN_POINT('',(121.5,-73.,0.));
#5620 = DIRECTION('',(-0.,0.,-1.));
#5621 = DIRECTION('',(-0.,-1.,0.));
#5622 = FACE_BOUND('',#5623,.F.);
#5623 = EDGE_LOOP('',(#5624));
#5624 = ORIENTED_EDGE('',*,*,#5625,.T.);
#5625 = EDGE_CURVE('',#5626,#5626,#5628,.T.);
#5626 = VERTEX_POINT('',#5627);
#5627 = CARTESIAN_POINT('',(126.14,-71.75,0.));
#5628 = CIRCLE('',#5629,0.51);
#5629 = AXIS2_PLACEMENT_3D('',#5630,#5631,#5632);
#5630 = CARTESIAN_POINT('',(126.14,-71.24,0.));
#5631 = DIRECTION('',(-0.,0.,-1.));
#5632 = DIRECTION('',(-0.,-1.,0.));
#5633 = FACE_BOUND('',#5634,.F.);
#5634 = EDGE_LOOP('',(#5635));
#5635 = ORIENTED_EDGE('',*,*,#5636,.T.);
#5636 = EDGE_CURVE('',#5637,#5637,#5639,.T.);
#5637 = VERTEX_POINT('',#5638);
#5638 = CARTESIAN_POINT('',(126.14,-69.21,0.));
#5639 = CIRCLE('',#5640,0.51);
#5640 = AXIS2_PLACEMENT_3D('',#5641,#5642,#5643);
#5641 = CARTESIAN_POINT('',(126.14,-68.7,0.));
#5642 = DIRECTION('',(-0.,0.,-1.));
#5643 = DIRECTION('',(-0.,-1.,0.));
#5644 = FACE_BOUND('',#5645,.F.);
#5645 = EDGE_LOOP('',(#5646));
#5646 = ORIENTED_EDGE('',*,*,#5647,.T.);
#5647 = EDGE_CURVE('',#5648,#5648,#5650,.T.);
#5648 = VERTEX_POINT('',#5649);
#5649 = CARTESIAN_POINT('',(126.14,-66.67,0.));
#5650 = CIRCLE('',#5651,0.51);
#5651 = AXIS2_PLACEMENT_3D('',#5652,#5653,#5654);
#5652 = CARTESIAN_POINT('',(126.14,-66.16,0.));
#5653 = DIRECTION('',(-0.,0.,-1.));
#5654 = DIRECTION('',(-0.,-1.,0.));
#5655 = FACE_BOUND('',#5656,.F.);
#5656 = EDGE_LOOP('',(#5657));
#5657 = ORIENTED_EDGE('',*,*,#5658,.T.);
#5658 = EDGE_CURVE('',#5659,#5659,#5661,.T.);
#5659 = VERTEX_POINT('',#5660);
#5660 = CARTESIAN_POINT('',(128.68,-66.67,0.));
#5661 = CIRCLE('',#5662,0.51);
#5662 = AXIS2_PLACEMENT_3D('',#5663,#5664,#5665);
#5663 = CARTESIAN_POINT('',(128.68,-66.16,0.));
#5664 = DIRECTION('',(-0.,0.,-1.));
#5665 = DIRECTION('',(-0.,-1.,0.));
#5666 = FACE_BOUND('',#5667,.F.);
#5667 = EDGE_LOOP('',(#5668));
#5668 = ORIENTED_EDGE('',*,*,#5669,.T.);
#5669 = EDGE_CURVE('',#5670,#5670,#5672,.T.);
#5670 = VERTEX_POINT('',#5671);
#5671 = CARTESIAN_POINT('',(131.22,-66.67,0.));
#5672 = CIRCLE('',#5673,0.51);
#5673 = AXIS2_PLACEMENT_3D('',#5674,#5675,#5676);
#5674 = CARTESIAN_POINT('',(131.22,-66.16,0.));
#5675 = DIRECTION('',(-0.,0.,-1.));
#5676 = DIRECTION('',(-0.,-1.,0.));
#5677 = FACE_BOUND('',#5678,.F.);
#5678 = EDGE_LOOP('',(#5679));
#5679 = ORIENTED_EDGE('',*,*,#5680,.T.);
#5680 = EDGE_CURVE('',#5681,#5681,#5683,.T.);
#5681 = VERTEX_POINT('',#5682);
#5682 = CARTESIAN_POINT('',(112.5,-59.9,0.));
#5683 = CIRCLE('',#5684,0.5);
#5684 = AXIS2_PLACEMENT_3D('',#5685,#5686,#5687);
#5685 = CARTESIAN_POINT('',(112.5,-59.4,0.));
#5686 = DIRECTION('',(-0.,0.,-1.));
#5687 = DIRECTION('',(-0.,-1.,0.));
#5688 = FACE_BOUND('',#5689,.F.);
#5689 = EDGE_LOOP('',(#5690));
#5690 = ORIENTED_EDGE('',*,*,#5691,.T.);
#5691 = EDGE_CURVE('',#5692,#5692,#5694,.T.);
#5692 = VERTEX_POINT('',#5693);
#5693 = CARTESIAN_POINT('',(112.5,-57.4,0.));
#5694 = CIRCLE('',#5695,0.5);
#5695 = AXIS2_PLACEMENT_3D('',#5696,#5697,#5698);
#5696 = CARTESIAN_POINT('',(112.5,-56.9,0.));
#5697 = DIRECTION('',(-0.,0.,-1.));
#5698 = DIRECTION('',(-0.,-1.,0.));
#5699 = FACE_BOUND('',#5700,.F.);
#5700 = EDGE_LOOP('',(#5701));
#5701 = ORIENTED_EDGE('',*,*,#5702,.T.);
#5702 = EDGE_CURVE('',#5703,#5703,#5705,.T.);
#5703 = VERTEX_POINT('',#5704);
#5704 = CARTESIAN_POINT('',(112.5,-54.9,0.));
#5705 = CIRCLE('',#5706,0.5);
#5706 = AXIS2_PLACEMENT_3D('',#5707,#5708,#5709);
#5707 = CARTESIAN_POINT('',(112.5,-54.4,0.));
#5708 = DIRECTION('',(-0.,0.,-1.));
#5709 = DIRECTION('',(-0.,-1.,0.));
#5710 = FACE_BOUND('',#5711,.F.);
#5711 = EDGE_LOOP('',(#5712));
#5712 = ORIENTED_EDGE('',*,*,#5713,.T.);
#5713 = EDGE_CURVE('',#5714,#5714,#5716,.T.);
#5714 = VERTEX_POINT('',#5715);
#5715 = CARTESIAN_POINT('',(106.805,-48.55,0.));
#5716 = CIRCLE('',#5717,0.7);
#5717 = AXIS2_PLACEMENT_3D('',#5718,#5719,#5720);
#5718 = CARTESIAN_POINT('',(106.805,-47.85,0.));
#5719 = DIRECTION('',(-0.,0.,-1.));
#5720 = DIRECTION('',(-0.,-1.,0.));
#5721 = FACE_BOUND('',#5722,.F.);
#5722 = EDGE_LOOP('',(#5723));
#5723 = ORIENTED_EDGE('',*,*,#5724,.T.);
#5724 = EDGE_CURVE('',#5725,#5725,#5727,.T.);
#5725 = VERTEX_POINT('',#5726);
#5726 = CARTESIAN_POINT('',(106.805,-43.05,0.));
#5727 = CIRCLE('',#5728,0.7);
#5728 = AXIS2_PLACEMENT_3D('',#5729,#5730,#5731);
#5729 = CARTESIAN_POINT('',(106.805,-42.35,0.));
#5730 = DIRECTION('',(-0.,0.,-1.));
#5731 = DIRECTION('',(-0.,-1.,0.));
#5732 = FACE_BOUND('',#5733,.F.);
#5733 = EDGE_LOOP('',(#5734));
#5734 = ORIENTED_EDGE('',*,*,#5735,.T.);
#5735 = EDGE_CURVE('',#5736,#5736,#5738,.T.);
#5736 = VERTEX_POINT('',#5737);
#5737 = CARTESIAN_POINT('',(111.005,-48.55,0.));
#5738 = CIRCLE('',#5739,0.7);
#5739 = AXIS2_PLACEMENT_3D('',#5740,#5741,#5742);
#5740 = CARTESIAN_POINT('',(111.005,-47.85,0.));
#5741 = DIRECTION('',(-0.,0.,-1.));
#5742 = DIRECTION('',(-0.,-1.,0.));
#5743 = FACE_BOUND('',#5744,.F.);
#5744 = EDGE_LOOP('',(#5745));
#5745 = ORIENTED_EDGE('',*,*,#5746,.T.);
#5746 = EDGE_CURVE('',#5747,#5747,#5749,.T.);
#5747 = VERTEX_POINT('',#5748);
#5748 = CARTESIAN_POINT('',(115.205,-48.55,0.));
#5749 = CIRCLE('',#5750,0.7);
#5750 = AXIS2_PLACEMENT_3D('',#5751,#5752,#5753);
#5751 = CARTESIAN_POINT('',(115.205,-47.85,0.));
#5752 = DIRECTION('',(-0.,0.,-1.));
#5753 = DIRECTION('',(-0.,-1.,0.));
#5754 = FACE_BOUND('',#5755,.F.);
#5755 = EDGE_LOOP('',(#5756));
#5756 = ORIENTED_EDGE('',*,*,#5757,.T.);
#5757 = EDGE_CURVE('',#5758,#5758,#5760,.T.);
#5758 = VERTEX_POINT('',#5759);
#5759 = CARTESIAN_POINT('',(111.005,-43.05,0.));
#5760 = CIRCLE('',#5761,0.7);
#5761 = AXIS2_PLACEMENT_3D('',#5762,#5763,#5764);
#5762 = CARTESIAN_POINT('',(111.005,-42.35,0.));
#5763 = DIRECTION('',(-0.,0.,-1.));
#5764 = DIRECTION('',(-0.,-1.,0.));
#5765 = FACE_BOUND('',#5766,.F.);
#5766 = EDGE_LOOP('',(#5767));
#5767 = ORIENTED_EDGE('',*,*,#5768,.T.);
#5768 = EDGE_CURVE('',#5769,#5769,#5771,.T.);
#5769 = VERTEX_POINT('',#5770);
#5770 = CARTESIAN_POINT('',(115.205,-43.05,0.));
#5771 = CIRCLE('',#5772,0.7);
#5772 = AXIS2_PLACEMENT_3D('',#5773,#5774,#5775);
#5773 = CARTESIAN_POINT('',(115.205,-42.35,0.));
#5774 = DIRECTION('',(-0.,0.,-1.));
#5775 = DIRECTION('',(-0.,-1.,0.));
#5776 = FACE_BOUND('',#5777,.F.);
#5777 = EDGE_LOOP('',(#5778));
#5778 = ORIENTED_EDGE('',*,*,#5779,.T.);
#5779 = EDGE_CURVE('',#5780,#5780,#5782,.T.);
#5780 = VERTEX_POINT('',#5781);
#5781 = CARTESIAN_POINT('',(122.275,-59.8625,0.));
#5782 = CIRCLE('',#5783,0.5);
#5783 = AXIS2_PLACEMENT_3D('',#5784,#5785,#5786);
#5784 = CARTESIAN_POINT('',(122.275,-59.3625,0.));
#5785 = DIRECTION('',(-0.,0.,-1.));
#5786 = DIRECTION('',(-0.,-1.,0.));
#5787 = FACE_BOUND('',#5788,.F.);
#5788 = EDGE_LOOP('',(#5789));
#5789 = ORIENTED_EDGE('',*,*,#5790,.T.);
#5790 = EDGE_CURVE('',#5791,#5791,#5793,.T.);
#5791 = VERTEX_POINT('',#5792);
#5792 = CARTESIAN_POINT('',(122.275,-57.3625,0.));
#5793 = CIRCLE('',#5794,0.5);
#5794 = AXIS2_PLACEMENT_3D('',#5795,#5796,#5797);
#5795 = CARTESIAN_POINT('',(122.275,-56.8625,0.));
#5796 = DIRECTION('',(-0.,0.,-1.));
#5797 = DIRECTION('',(-0.,-1.,0.));
#5798 = FACE_BOUND('',#5799,.F.);
#5799 = EDGE_LOOP('',(#5800));
#5800 = ORIENTED_EDGE('',*,*,#5801,.T.);
#5801 = EDGE_CURVE('',#5802,#5802,#5804,.T.);
#5802 = VERTEX_POINT('',#5803);
#5803 = CARTESIAN_POINT('',(122.275,-54.8625,0.));
#5804 = CIRCLE('',#5805,0.5);
#5805 = AXIS2_PLACEMENT_3D('',#5806,#5807,#5808);
#5806 = CARTESIAN_POINT('',(122.275,-54.3625,0.));
#5807 = DIRECTION('',(-0.,0.,-1.));
#5808 = DIRECTION('',(-0.,-1.,0.));
#5809 = FACE_BOUND('',#5810,.F.);
#5810 = EDGE_LOOP('',(#5811));
#5811 = ORIENTED_EDGE('',*,*,#5812,.T.);
#5812 = EDGE_CURVE('',#5813,#5813,#5815,.T.);
#5813 = VERTEX_POINT('',#5814);
#5814 = CARTESIAN_POINT('',(131.375,-59.9375,0.));
#5815 = CIRCLE('',#5816,0.5);
#5816 = AXIS2_PLACEMENT_3D('',#5817,#5818,#5819);
#5817 = CARTESIAN_POINT('',(131.375,-59.4375,0.));
#5818 = DIRECTION('',(-0.,0.,-1.));
#5819 = DIRECTION('',(-0.,-1.,0.));
#5820 = FACE_BOUND('',#5821,.F.);
#5821 = EDGE_LOOP('',(#5822));
#5822 = ORIENTED_EDGE('',*,*,#5823,.T.);
#5823 = EDGE_CURVE('',#5824,#5824,#5826,.T.);
#5824 = VERTEX_POINT('',#5825);
#5825 = CARTESIAN_POINT('',(131.375,-57.4375,0.));
#5826 = CIRCLE('',#5827,0.5);
#5827 = AXIS2_PLACEMENT_3D('',#5828,#5829,#5830);
#5828 = CARTESIAN_POINT('',(131.375,-56.9375,0.));
#5829 = DIRECTION('',(-0.,0.,-1.));
#5830 = DIRECTION('',(-0.,-1.,0.));
#5831 = FACE_BOUND('',#5832,.F.);
#5832 = EDGE_LOOP('',(#5833));
#5833 = ORIENTED_EDGE('',*,*,#5834,.T.);
#5834 = EDGE_CURVE('',#5835,#5835,#5837,.T.);
#5835 = VERTEX_POINT('',#5836);
#5836 = CARTESIAN_POINT('',(131.375,-54.9375,0.));
#5837 = CIRCLE('',#5838,0.5);
#5838 = AXIS2_PLACEMENT_3D('',#5839,#5840,#5841);
#5839 = CARTESIAN_POINT('',(131.375,-54.4375,0.));
#5840 = DIRECTION('',(-0.,0.,-1.));
#5841 = DIRECTION('',(-0.,-1.,0.));
#5842 = FACE_BOUND('',#5843,.F.);
#5843 = EDGE_LOOP('',(#5844));
#5844 = ORIENTED_EDGE('',*,*,#5845,.T.);
#5845 = EDGE_CURVE('',#5846,#5846,#5848,.T.);
#5846 = VERTEX_POINT('',#5847);
#5847 = CARTESIAN_POINT('',(133.76,-81.91,0.));
#5848 = CIRCLE('',#5849,0.51);
#5849 = AXIS2_PLACEMENT_3D('',#5850,#5851,#5852);
#5850 = CARTESIAN_POINT('',(133.76,-81.4,0.));
#5851 = DIRECTION('',(-0.,0.,-1.));
#5852 = DIRECTION('',(-0.,-1.,0.));
#5853 = FACE_BOUND('',#5854,.F.);
#5854 = EDGE_LOOP('',(#5855));
#5855 = ORIENTED_EDGE('',*,*,#5856,.T.);
#5856 = EDGE_CURVE('',#5857,#5857,#5859,.T.);
#5857 = VERTEX_POINT('',#5858);
#5858 = CARTESIAN_POINT('',(136.3,-81.91,0.));
#5859 = CIRCLE('',#5860,0.51);
#5860 = AXIS2_PLACEMENT_3D('',#5861,#5862,#5863);
#5861 = CARTESIAN_POINT('',(136.3,-81.4,0.));
#5862 = DIRECTION('',(-0.,0.,-1.));
#5863 = DIRECTION('',(-0.,-1.,0.));
#5864 = FACE_BOUND('',#5865,.F.);
#5865 = EDGE_LOOP('',(#5866));
#5866 = ORIENTED_EDGE('',*,*,#5867,.T.);
#5867 = EDGE_CURVE('',#5868,#5868,#5870,.T.);
#5868 = VERTEX_POINT('',#5869);
#5869 = CARTESIAN_POINT('',(138.84,-81.91,0.));
#5870 = CIRCLE('',#5871,0.51);
#5871 = AXIS2_PLACEMENT_3D('',#5872,#5873,#5874);
#5872 = CARTESIAN_POINT('',(138.84,-81.4,0.));
#5873 = DIRECTION('',(-0.,0.,-1.));
#5874 = DIRECTION('',(-0.,-1.,0.));
#5875 = FACE_BOUND('',#5876,.F.);
#5876 = EDGE_LOOP('',(#5877));
#5877 = ORIENTED_EDGE('',*,*,#5878,.T.);
#5878 = EDGE_CURVE('',#5879,#5879,#5881,.T.);
#5879 = VERTEX_POINT('',#5880);
#5880 = CARTESIAN_POINT('',(141.38,-81.91,0.));
#5881 = CIRCLE('',#5882,0.51);
#5882 = AXIS2_PLACEMENT_3D('',#5883,#5884,#5885);
#5883 = CARTESIAN_POINT('',(141.38,-81.4,0.));
#5884 = DIRECTION('',(-0.,0.,-1.));
#5885 = DIRECTION('',(-0.,-1.,0.));
#5886 = FACE_BOUND('',#5887,.F.);
#5887 = EDGE_LOOP('',(#5888));
#5888 = ORIENTED_EDGE('',*,*,#5889,.T.);
#5889 = EDGE_CURVE('',#5890,#5890,#5892,.T.);
#5890 = VERTEX_POINT('',#5891);
#5891 = CARTESIAN_POINT('',(143.92,-81.91,0.));
#5892 = CIRCLE('',#5893,0.51);
#5893 = AXIS2_PLACEMENT_3D('',#5894,#5895,#5896);
#5894 = CARTESIAN_POINT('',(143.92,-81.4,0.));
#5895 = DIRECTION('',(-0.,0.,-1.));
#5896 = DIRECTION('',(-5.57288420204E-14,-1.,0.));
#5897 = FACE_BOUND('',#5898,.F.);
#5898 = EDGE_LOOP('',(#5899));
#5899 = ORIENTED_EDGE('',*,*,#5900,.T.);
#5900 = EDGE_CURVE('',#5901,#5901,#5903,.T.);
#5901 = VERTEX_POINT('',#5902);
#5902 = CARTESIAN_POINT('',(133.76,-66.67,0.));
#5903 = CIRCLE('',#5904,0.51);
#5904 = AXIS2_PLACEMENT_3D('',#5905,#5906,#5907);
#5905 = CARTESIAN_POINT('',(133.76,-66.16,0.));
#5906 = DIRECTION('',(-0.,0.,-1.));
#5907 = DIRECTION('',(-0.,-1.,0.));
#5908 = FACE_BOUND('',#5909,.F.);
#5909 = EDGE_LOOP('',(#5910));
#5910 = ORIENTED_EDGE('',*,*,#5911,.T.);
#5911 = EDGE_CURVE('',#5912,#5912,#5914,.T.);
#5912 = VERTEX_POINT('',#5913);
#5913 = CARTESIAN_POINT('',(136.3,-66.67,0.));
#5914 = CIRCLE('',#5915,0.51);
#5915 = AXIS2_PLACEMENT_3D('',#5916,#5917,#5918);
#5916 = CARTESIAN_POINT('',(136.3,-66.16,0.));
#5917 = DIRECTION('',(-0.,0.,-1.));
#5918 = DIRECTION('',(-0.,-1.,0.));
#5919 = FACE_BOUND('',#5920,.F.);
#5920 = EDGE_LOOP('',(#5921));
#5921 = ORIENTED_EDGE('',*,*,#5922,.T.);
#5922 = EDGE_CURVE('',#5923,#5923,#5925,.T.);
#5923 = VERTEX_POINT('',#5924);
#5924 = CARTESIAN_POINT('',(138.84,-66.67,0.));
#5925 = CIRCLE('',#5926,0.51);
#5926 = AXIS2_PLACEMENT_3D('',#5927,#5928,#5929);
#5927 = CARTESIAN_POINT('',(138.84,-66.16,0.));
#5928 = DIRECTION('',(-0.,0.,-1.));
#5929 = DIRECTION('',(-0.,-1.,0.));
#5930 = FACE_BOUND('',#5931,.F.);
#5931 = EDGE_LOOP('',(#5932));
#5932 = ORIENTED_EDGE('',*,*,#5933,.T.);
#5933 = EDGE_CURVE('',#5934,#5934,#5936,.T.);
#5934 = VERTEX_POINT('',#5935);
#5935 = CARTESIAN_POINT('',(141.38,-66.67,0.));
#5936 = CIRCLE('',#5937,0.51);
#5937 = AXIS2_PLACEMENT_3D('',#5938,#5939,#5940);
#5938 = CARTESIAN_POINT('',(141.38,-66.16,0.));
#5939 = DIRECTION('',(-0.,0.,-1.));
#5940 = DIRECTION('',(-0.,-1.,0.));
#5941 = FACE_BOUND('',#5942,.F.);
#5942 = EDGE_LOOP('',(#5943));
#5943 = ORIENTED_EDGE('',*,*,#5944,.T.);
#5944 = EDGE_CURVE('',#5945,#5945,#5947,.T.);
#5945 = VERTEX_POINT('',#5946);
#5946 = CARTESIAN_POINT('',(143.92,-66.67,0.));
#5947 = CIRCLE('',#5948,0.51);
#5948 = AXIS2_PLACEMENT_3D('',#5949,#5950,#5951);
#5949 = CARTESIAN_POINT('',(143.92,-66.16,0.));
#5950 = DIRECTION('',(-0.,0.,-1.));
#5951 = DIRECTION('',(-5.57288420204E-14,-1.,0.));
#5952 = FACE_BOUND('',#5953,.F.);
#5953 = EDGE_LOOP('',(#5954));
#5954 = ORIENTED_EDGE('',*,*,#5955,.T.);
#5955 = EDGE_CURVE('',#5956,#5956,#5958,.T.);
#5956 = VERTEX_POINT('',#5957);
#5957 = CARTESIAN_POINT('',(146.46,-81.91,0.));
#5958 = CIRCLE('',#5959,0.51);
#5959 = AXIS2_PLACEMENT_3D('',#5960,#5961,#5962);
#5960 = CARTESIAN_POINT('',(146.46,-81.4,0.));
#5961 = DIRECTION('',(-0.,0.,-1.));
#5962 = DIRECTION('',(5.57288420204E-14,-1.,-0.));
#5963 = FACE_BOUND('',#5964,.F.);
#5964 = EDGE_LOOP('',(#5965));
#5965 = ORIENTED_EDGE('',*,*,#5966,.T.);
#5966 = EDGE_CURVE('',#5967,#5967,#5969,.T.);
#5967 = VERTEX_POINT('',#5968);
#5968 = CARTESIAN_POINT('',(149.,-81.91,0.));
#5969 = CIRCLE('',#5970,0.51);
#5970 = AXIS2_PLACEMENT_3D('',#5971,#5972,#5973);
#5971 = CARTESIAN_POINT('',(149.,-81.4,0.));
#5972 = DIRECTION('',(-0.,0.,-1.));
#5973 = DIRECTION('',(-0.,-1.,0.));
#5974 = FACE_BOUND('',#5975,.F.);
#5975 = EDGE_LOOP('',(#5976));
#5976 = ORIENTED_EDGE('',*,*,#5977,.T.);
#5977 = EDGE_CURVE('',#5978,#5978,#5980,.T.);
#5978 = VERTEX_POINT('',#5979);
#5979 = CARTESIAN_POINT('',(151.54,-81.91,0.));
#5980 = CIRCLE('',#5981,0.51);
#5981 = AXIS2_PLACEMENT_3D('',#5982,#5983,#5984);
#5982 = CARTESIAN_POINT('',(151.54,-81.4,0.));
#5983 = DIRECTION('',(-0.,0.,-1.));
#5984 = DIRECTION('',(-5.57288420204E-14,-1.,0.));
#5985 = FACE_BOUND('',#5986,.F.);
#5986 = EDGE_LOOP('',(#5987));
#5987 = ORIENTED_EDGE('',*,*,#5988,.T.);
#5988 = EDGE_CURVE('',#5989,#5989,#5991,.T.);
#5989 = VERTEX_POINT('',#5990);
#5990 = CARTESIAN_POINT('',(154.08,-81.91,0.));
#5991 = CIRCLE('',#5992,0.51);
#5992 = AXIS2_PLACEMENT_3D('',#5993,#5994,#5995);
#5993 = CARTESIAN_POINT('',(154.08,-81.4,0.));
#5994 = DIRECTION('',(-0.,0.,-1.));
#5995 = DIRECTION('',(5.57288420204E-14,-1.,-0.));
#5996 = FACE_BOUND('',#5997,.F.);
#5997 = EDGE_LOOP('',(#5998));
#5998 = ORIENTED_EDGE('',*,*,#5999,.T.);
#5999 = EDGE_CURVE('',#6000,#6000,#6002,.T.);
#6000 = VERTEX_POINT('',#6001);
#6001 = CARTESIAN_POINT('',(156.62,-81.91,0.));
#6002 = CIRCLE('',#6003,0.51);
#6003 = AXIS2_PLACEMENT_3D('',#6004,#6005,#6006);
#6004 = CARTESIAN_POINT('',(156.62,-81.4,0.));
#6005 = DIRECTION('',(-0.,0.,-1.));
#6006 = DIRECTION('',(-0.,-1.,0.));
#6007 = FACE_BOUND('',#6008,.F.);
#6008 = EDGE_LOOP('',(#6009));
#6009 = ORIENTED_EDGE('',*,*,#6010,.T.);
#6010 = EDGE_CURVE('',#6011,#6011,#6013,.T.);
#6011 = VERTEX_POINT('',#6012);
#6012 = CARTESIAN_POINT('',(159.16,-81.91,0.));
#6013 = CIRCLE('',#6014,0.51);
#6014 = AXIS2_PLACEMENT_3D('',#6015,#6016,#6017);
#6015 = CARTESIAN_POINT('',(159.16,-81.4,0.));
#6016 = DIRECTION('',(-0.,0.,-1.));
#6017 = DIRECTION('',(-0.,-1.,0.));
#6018 = FACE_BOUND('',#6019,.F.);
#6019 = EDGE_LOOP('',(#6020));
#6020 = ORIENTED_EDGE('',*,*,#6021,.T.);
#6021 = EDGE_CURVE('',#6022,#6022,#6024,.T.);
#6022 = VERTEX_POINT('',#6023);
#6023 = CARTESIAN_POINT('',(146.46,-66.67,0.));
#6024 = CIRCLE('',#6025,0.51);
#6025 = AXIS2_PLACEMENT_3D('',#6026,#6027,#6028);
#6026 = CARTESIAN_POINT('',(146.46,-66.16,0.));
#6027 = DIRECTION('',(-0.,0.,-1.));
#6028 = DIRECTION('',(5.57288420204E-14,-1.,-0.));
#6029 = FACE_BOUND('',#6030,.F.);
#6030 = EDGE_LOOP('',(#6031));
#6031 = ORIENTED_EDGE('',*,*,#6032,.T.);
#6032 = EDGE_CURVE('',#6033,#6033,#6035,.T.);
#6033 = VERTEX_POINT('',#6034);
#6034 = CARTESIAN_POINT('',(149.,-66.67,0.));
#6035 = CIRCLE('',#6036,0.51);
#6036 = AXIS2_PLACEMENT_3D('',#6037,#6038,#6039);
#6037 = CARTESIAN_POINT('',(149.,-66.16,0.));
#6038 = DIRECTION('',(-0.,0.,-1.));
#6039 = DIRECTION('',(-0.,-1.,0.));
#6040 = FACE_BOUND('',#6041,.F.);
#6041 = EDGE_LOOP('',(#6042));
#6042 = ORIENTED_EDGE('',*,*,#6043,.T.);
#6043 = EDGE_CURVE('',#6044,#6044,#6046,.T.);
#6044 = VERTEX_POINT('',#6045);
#6045 = CARTESIAN_POINT('',(151.54,-66.67,0.));
#6046 = CIRCLE('',#6047,0.51);
#6047 = AXIS2_PLACEMENT_3D('',#6048,#6049,#6050);
#6048 = CARTESIAN_POINT('',(151.54,-66.16,0.));
#6049 = DIRECTION('',(-0.,0.,-1.));
#6050 = DIRECTION('',(-5.57288420204E-14,-1.,0.));
#6051 = FACE_BOUND('',#6052,.F.);
#6052 = EDGE_LOOP('',(#6053));
#6053 = ORIENTED_EDGE('',*,*,#6054,.T.);
#6054 = EDGE_CURVE('',#6055,#6055,#6057,.T.);
#6055 = VERTEX_POINT('',#6056);
#6056 = CARTESIAN_POINT('',(154.08,-66.67,0.));
#6057 = CIRCLE('',#6058,0.51);
#6058 = AXIS2_PLACEMENT_3D('',#6059,#6060,#6061);
#6059 = CARTESIAN_POINT('',(154.08,-66.16,0.));
#6060 = DIRECTION('',(-0.,0.,-1.));
#6061 = DIRECTION('',(5.57288420204E-14,-1.,-0.));
#6062 = FACE_BOUND('',#6063,.F.);
#6063 = EDGE_LOOP('',(#6064));
#6064 = ORIENTED_EDGE('',*,*,#6065,.T.);
#6065 = EDGE_CURVE('',#6066,#6066,#6068,.T.);
#6066 = VERTEX_POINT('',#6067);
#6067 = CARTESIAN_POINT('',(156.62,-66.67,0.));
#6068 = CIRCLE('',#6069,0.51);
#6069 = AXIS2_PLACEMENT_3D('',#6070,#6071,#6072);
#6070 = CARTESIAN_POINT('',(156.62,-66.16,0.));
#6071 = DIRECTION('',(-0.,0.,-1.));
#6072 = DIRECTION('',(-0.,-1.,0.));
#6073 = FACE_BOUND('',#6074,.F.);
#6074 = EDGE_LOOP('',(#6075));
#6075 = ORIENTED_EDGE('',*,*,#6076,.T.);
#6076 = EDGE_CURVE('',#6077,#6077,#6079,.T.);
#6077 = VERTEX_POINT('',#6078);
#6078 = CARTESIAN_POINT('',(159.16,-66.67,0.));
#6079 = CIRCLE('',#6080,0.51);
#6080 = AXIS2_PLACEMENT_3D('',#6081,#6082,#6083);
#6081 = CARTESIAN_POINT('',(159.16,-66.16,0.));
#6082 = DIRECTION('',(-0.,0.,-1.));
#6083 = DIRECTION('',(-0.,-1.,0.));
#6084 = FACE_BOUND('',#6085,.F.);
#6085 = EDGE_LOOP('',(#6086));
#6086 = ORIENTED_EDGE('',*,*,#6087,.T.);
#6087 = EDGE_CURVE('',#6088,#6088,#6090,.T.);
#6088 = VERTEX_POINT('',#6089);
#6089 = CARTESIAN_POINT('',(140.375,-59.7375,0.));
#6090 = CIRCLE('',#6091,0.5);
#6091 = AXIS2_PLACEMENT_3D('',#6092,#6093,#6094);
#6092 = CARTESIAN_POINT('',(140.375,-59.2375,0.));
#6093 = DIRECTION('',(-0.,0.,-1.));
#6094 = DIRECTION('',(-0.,-1.,0.));
#6095 = FACE_BOUND('',#6096,.F.);
#6096 = EDGE_LOOP('',(#6097));
#6097 = ORIENTED_EDGE('',*,*,#6098,.T.);
#6098 = EDGE_CURVE('',#6099,#6099,#6101,.T.);
#6099 = VERTEX_POINT('',#6100);
#6100 = CARTESIAN_POINT('',(140.375,-57.2375,0.));
#6101 = CIRCLE('',#6102,0.5);
#6102 = AXIS2_PLACEMENT_3D('',#6103,#6104,#6105);
#6103 = CARTESIAN_POINT('',(140.375,-56.7375,0.));
#6104 = DIRECTION('',(-0.,0.,-1.));
#6105 = DIRECTION('',(-0.,-1.,0.));
#6106 = FACE_BOUND('',#6107,.F.);
#6107 = EDGE_LOOP('',(#6108));
#6108 = ORIENTED_EDGE('',*,*,#6109,.T.);
#6109 = EDGE_CURVE('',#6110,#6110,#6112,.T.);
#6110 = VERTEX_POINT('',#6111);
#6111 = CARTESIAN_POINT('',(140.375,-54.7375,0.));
#6112 = CIRCLE('',#6113,0.5);
#6113 = AXIS2_PLACEMENT_3D('',#6114,#6115,#6116);
#6114 = CARTESIAN_POINT('',(140.375,-54.2375,0.));
#6115 = DIRECTION('',(-0.,0.,-1.));
#6116 = DIRECTION('',(-0.,-1.,0.));
#6117 = FACE_BOUND('',#6118,.F.);
#6118 = EDGE_LOOP('',(#6119));
#6119 = ORIENTED_EDGE('',*,*,#6120,.T.);
#6120 = EDGE_CURVE('',#6121,#6121,#6123,.T.);
#6121 = VERTEX_POINT('',#6122);
#6122 = CARTESIAN_POINT('',(152.25,-59.7,0.));
#6123 = CIRCLE('',#6124,0.7);
#6124 = AXIS2_PLACEMENT_3D('',#6125,#6126,#6127);
#6125 = CARTESIAN_POINT('',(152.25,-59.,0.));
#6126 = DIRECTION('',(-0.,0.,-1.));
#6127 = DIRECTION('',(-0.,-1.,0.));
#6128 = FACE_BOUND('',#6129,.F.);
#6129 = EDGE_LOOP('',(#6130));
#6130 = ORIENTED_EDGE('',*,*,#6131,.T.);
#6131 = EDGE_CURVE('',#6132,#6132,#6134,.T.);
#6132 = VERTEX_POINT('',#6133);
#6133 = CARTESIAN_POINT('',(152.25,-55.5,0.));
#6134 = CIRCLE('',#6135,0.7);
#6135 = AXIS2_PLACEMENT_3D('',#6136,#6137,#6138);
#6136 = CARTESIAN_POINT('',(152.25,-54.8,0.));
#6137 = DIRECTION('',(-0.,0.,-1.));
#6138 = DIRECTION('',(-0.,-1.,0.));
#6139 = FACE_BOUND('',#6140,.F.);
#6140 = EDGE_LOOP('',(#6141));
#6141 = ORIENTED_EDGE('',*,*,#6142,.T.);
#6142 = EDGE_CURVE('',#6143,#6143,#6145,.T.);
#6143 = VERTEX_POINT('',#6144);
#6144 = CARTESIAN_POINT('',(157.75,-59.7,0.));
#6145 = CIRCLE('',#6146,0.7);
#6146 = AXIS2_PLACEMENT_3D('',#6147,#6148,#6149);
#6147 = CARTESIAN_POINT('',(157.75,-59.,0.));
#6148 = DIRECTION('',(-0.,0.,-1.));
#6149 = DIRECTION('',(-0.,-1.,0.));
#6150 = FACE_BOUND('',#6151,.F.);
#6151 = EDGE_LOOP('',(#6152));
#6152 = ORIENTED_EDGE('',*,*,#6153,.T.);
#6153 = EDGE_CURVE('',#6154,#6154,#6156,.T.);
#6154 = VERTEX_POINT('',#6155);
#6155 = CARTESIAN_POINT('',(157.75,-55.5,0.));
#6156 = CIRCLE('',#6157,0.7);
#6157 = AXIS2_PLACEMENT_3D('',#6158,#6159,#6160);
#6158 = CARTESIAN_POINT('',(157.75,-54.8,0.));
#6159 = DIRECTION('',(-0.,0.,-1.));
#6160 = DIRECTION('',(-0.,-1.,0.));
#6161 = PLANE('',#6162);
#6162 = AXIS2_PLACEMENT_3D('',#6163,#6164,#6165);
#6163 = CARTESIAN_POINT('',(0.,0.,0.));
#6164 = DIRECTION('',(0.,0.,1.));
#6165 = DIRECTION('',(1.,0.,-0.));
#6166 = ADVANCED_FACE('',(#6167,#6213,#6224,#6235,#6246,#6257,#6268,
    #6279,#6290,#6301,#6312,#6323,#6334,#6345,#6356,#6367,#6378,#6389,
    #6400,#6411,#6422,#6433,#6444,#6455,#6466,#6477,#6488,#6499,#6510,
    #6521,#6532,#6543,#6554,#6565,#6576,#6587,#6598,#6609,#6620,#6631,
    #6642,#6653,#6664,#6675,#6686,#6697,#6708,#6719,#6730,#6741,#6752,
    #6763,#6774,#6785,#6796,#6807,#6818,#6829,#6840,#6851,#6862,#6873,
    #6884,#6895,#6906,#6917,#6928,#6939,#6950,#6961,#6972,#6983,#6994,
    #7005,#7016,#7027,#7038,#7049,#7060,#7071,#7082,#7093,#7104,#7115,
    #7126,#7137,#7148,#7159,#7170,#7181,#7192,#7203,#7214,#7225,#7236,
    #7247,#7258,#7269,#7280,#7291,#7302,#7313,#7324,#7335,#7346,#7357,
    #7368,#7379,#7390,#7401,#7412,#7423,#7434,#7445,#7456,#7467,#7478,
    #7489,#7500,#7511,#7522,#7533,#7544,#7555,#7566,#7577,#7588,#7599,
    #7610,#7621,#7632,#7643,#7654,#7665,#7676,#7687,#7698,#7709,#7720,
    #7731,#7742,#7753,#7764,#7775,#7786,#7797,#7808,#7819,#7830,#7841,
    #7852,#7863,#7874,#7885),#7896,.T.);
#6167 = FACE_BOUND('',#6168,.T.);
#6168 = EDGE_LOOP('',(#6169,#6170,#6171,#6180,#6188,#6197,#6205,#6212));
#6169 = ORIENTED_EDGE('',*,*,#4341,.F.);
#6170 = ORIENTED_EDGE('',*,*,#4383,.F.);
#6171 = ORIENTED_EDGE('',*,*,#6172,.F.);
#6172 = EDGE_CURVE('',#6173,#4376,#6175,.T.);
#6173 = VERTEX_POINT('',#6174);
#6174 = CARTESIAN_POINT('',(101.,-40.,1.510198));
#6175 = CIRCLE('',#6176,3.000001172987);
#6176 = AXIS2_PLACEMENT_3D('',#6177,#6178,#6179);
#6177 = CARTESIAN_POINT('',(104.00000117298,-40.00000117298,1.510198));
#6178 = DIRECTION('',(0.,0.,-1.));
#6179 = DIRECTION('',(-1.,3.909953663434E-07,0.));
#6180 = ORIENTED_EDGE('',*,*,#6181,.F.);
#6181 = EDGE_CURVE('',#6182,#6173,#6184,.T.);
#6182 = VERTEX_POINT('',#6183);
#6183 = CARTESIAN_POINT('',(101.,-126.,1.510198));
#6184 = LINE('',#6185,#6186);
#6185 = CARTESIAN_POINT('',(101.,-126.,1.510198));
#6186 = VECTOR('',#6187,1.);
#6187 = DIRECTION('',(0.,1.,0.));
#6188 = ORIENTED_EDGE('',*,*,#6189,.F.);
#6189 = EDGE_CURVE('',#6190,#6182,#6192,.T.);
#6190 = VERTEX_POINT('',#6191);
#6191 = CARTESIAN_POINT('',(104.,-129.,1.510198));
#6192 = CIRCLE('',#6193,3.000001172987);
#6193 = AXIS2_PLACEMENT_3D('',#6194,#6195,#6196);
#6194 = CARTESIAN_POINT('',(104.00000117298,-125.999998827,1.510198));
#6195 = DIRECTION('',(0.,0.,-1.));
#6196 = DIRECTION('',(-3.909953616065E-07,-1.,-0.));
#6197 = ORIENTED_EDGE('',*,*,#6198,.F.);
#6198 = EDGE_CURVE('',#6199,#6190,#6201,.T.);
#6199 = VERTEX_POINT('',#6200);
#6200 = CARTESIAN_POINT('',(160.,-129.,1.510198));
#6201 = LINE('',#6202,#6203);
#6202 = CARTESIAN_POINT('',(160.,-129.,1.510198));
#6203 = VECTOR('',#6204,1.);
#6204 = DIRECTION('',(-1.,0.,0.));
#6205 = ORIENTED_EDGE('',*,*,#6206,.F.);
#6206 = EDGE_CURVE('',#4406,#6199,#6207,.T.);
#6207 = CIRCLE('',#6208,3.000001172987);
#6208 = AXIS2_PLACEMENT_3D('',#6209,#6210,#6211);
#6209 = CARTESIAN_POINT('',(159.99999882701,-125.999998827,1.510198));
#6210 = DIRECTION('',(0.,0.,-1.));
#6211 = DIRECTION('',(1.,-3.909953663434E-07,0.));
#6212 = ORIENTED_EDGE('',*,*,#4405,.F.);
#6213 = FACE_BOUND('',#6214,.T.);
#6214 = EDGE_LOOP('',(#6215));
#6215 = ORIENTED_EDGE('',*,*,#6216,.T.);
#6216 = EDGE_CURVE('',#6217,#6217,#6219,.T.);
#6217 = VERTEX_POINT('',#6218);
#6218 = CARTESIAN_POINT('',(104.,-116.4,1.510198));
#6219 = CIRCLE('',#6220,0.4);
#6220 = AXIS2_PLACEMENT_3D('',#6221,#6222,#6223);
#6221 = CARTESIAN_POINT('',(104.,-116.,1.510198));
#6222 = DIRECTION('',(-0.,0.,-1.));
#6223 = DIRECTION('',(-0.,-1.,0.));
#6224 = FACE_BOUND('',#6225,.T.);
#6225 = EDGE_LOOP('',(#6226));
#6226 = ORIENTED_EDGE('',*,*,#6227,.T.);
#6227 = EDGE_CURVE('',#6228,#6228,#6230,.T.);
#6228 = VERTEX_POINT('',#6229);
#6229 = CARTESIAN_POINT('',(104.,-114.4,1.510198));
#6230 = CIRCLE('',#6231,0.4);
#6231 = AXIS2_PLACEMENT_3D('',#6232,#6233,#6234);
#6232 = CARTESIAN_POINT('',(104.,-114.,1.510198));
#6233 = DIRECTION('',(-0.,0.,-1.));
#6234 = DIRECTION('',(-0.,-1.,0.));
#6235 = FACE_BOUND('',#6236,.T.);
#6236 = EDGE_LOOP('',(#6237));
#6237 = ORIENTED_EDGE('',*,*,#6238,.T.);
#6238 = EDGE_CURVE('',#6239,#6239,#6241,.T.);
#6239 = VERTEX_POINT('',#6240);
#6240 = CARTESIAN_POINT('',(104.,-112.4,1.510198));
#6241 = CIRCLE('',#6242,0.4);
#6242 = AXIS2_PLACEMENT_3D('',#6243,#6244,#6245);
#6243 = CARTESIAN_POINT('',(104.,-112.,1.510198));
#6244 = DIRECTION('',(-0.,0.,-1.));
#6245 = DIRECTION('',(-0.,-1.,0.));
#6246 = FACE_BOUND('',#6247,.T.);
#6247 = EDGE_LOOP('',(#6248));
#6248 = ORIENTED_EDGE('',*,*,#6249,.T.);
#6249 = EDGE_CURVE('',#6250,#6250,#6252,.T.);
#6250 = VERTEX_POINT('',#6251);
#6251 = CARTESIAN_POINT('',(104.,-110.4,1.510198));
#6252 = CIRCLE('',#6253,0.4);
#6253 = AXIS2_PLACEMENT_3D('',#6254,#6255,#6256);
#6254 = CARTESIAN_POINT('',(104.,-110.,1.510198));
#6255 = DIRECTION('',(-0.,0.,-1.));
#6256 = DIRECTION('',(-0.,-1.,0.));
#6257 = FACE_BOUND('',#6258,.T.);
#6258 = EDGE_LOOP('',(#6259));
#6259 = ORIENTED_EDGE('',*,*,#6260,.T.);
#6260 = EDGE_CURVE('',#6261,#6261,#6263,.T.);
#6261 = VERTEX_POINT('',#6262);
#6262 = CARTESIAN_POINT('',(104.,-108.4,1.510198));
#6263 = CIRCLE('',#6264,0.4);
#6264 = AXIS2_PLACEMENT_3D('',#6265,#6266,#6267);
#6265 = CARTESIAN_POINT('',(104.,-108.,1.510198));
#6266 = DIRECTION('',(-0.,0.,-1.));
#6267 = DIRECTION('',(-0.,-1.,0.));
#6268 = FACE_BOUND('',#6269,.T.);
#6269 = EDGE_LOOP('',(#6270));
#6270 = ORIENTED_EDGE('',*,*,#6271,.T.);
#6271 = EDGE_CURVE('',#6272,#6272,#6274,.T.);
#6272 = VERTEX_POINT('',#6273);
#6273 = CARTESIAN_POINT('',(104.,-106.4,1.510198));
#6274 = CIRCLE('',#6275,0.4);
#6275 = AXIS2_PLACEMENT_3D('',#6276,#6277,#6278);
#6276 = CARTESIAN_POINT('',(104.,-106.,1.510198));
#6277 = DIRECTION('',(-0.,0.,-1.));
#6278 = DIRECTION('',(-0.,-1.,0.));
#6279 = FACE_BOUND('',#6280,.T.);
#6280 = EDGE_LOOP('',(#6281));
#6281 = ORIENTED_EDGE('',*,*,#6282,.T.);
#6282 = EDGE_CURVE('',#6283,#6283,#6285,.T.);
#6283 = VERTEX_POINT('',#6284);
#6284 = CARTESIAN_POINT('',(126.,-116.4,1.510198));
#6285 = CIRCLE('',#6286,0.4);
#6286 = AXIS2_PLACEMENT_3D('',#6287,#6288,#6289);
#6287 = CARTESIAN_POINT('',(126.,-116.,1.510198));
#6288 = DIRECTION('',(-0.,0.,-1.));
#6289 = DIRECTION('',(-0.,-1.,0.));
#6290 = FACE_BOUND('',#6291,.T.);
#6291 = EDGE_LOOP('',(#6292));
#6292 = ORIENTED_EDGE('',*,*,#6293,.T.);
#6293 = EDGE_CURVE('',#6294,#6294,#6296,.T.);
#6294 = VERTEX_POINT('',#6295);
#6295 = CARTESIAN_POINT('',(126.,-114.4,1.510198));
#6296 = CIRCLE('',#6297,0.4);
#6297 = AXIS2_PLACEMENT_3D('',#6298,#6299,#6300);
#6298 = CARTESIAN_POINT('',(126.,-114.,1.510198));
#6299 = DIRECTION('',(-0.,0.,-1.));
#6300 = DIRECTION('',(-0.,-1.,0.));
#6301 = FACE_BOUND('',#6302,.T.);
#6302 = EDGE_LOOP('',(#6303));
#6303 = ORIENTED_EDGE('',*,*,#6304,.T.);
#6304 = EDGE_CURVE('',#6305,#6305,#6307,.T.);
#6305 = VERTEX_POINT('',#6306);
#6306 = CARTESIAN_POINT('',(126.,-112.4,1.510198));
#6307 = CIRCLE('',#6308,0.4);
#6308 = AXIS2_PLACEMENT_3D('',#6309,#6310,#6311);
#6309 = CARTESIAN_POINT('',(126.,-112.,1.510198));
#6310 = DIRECTION('',(-0.,0.,-1.));
#6311 = DIRECTION('',(-0.,-1.,0.));
#6312 = FACE_BOUND('',#6313,.T.);
#6313 = EDGE_LOOP('',(#6314));
#6314 = ORIENTED_EDGE('',*,*,#6315,.T.);
#6315 = EDGE_CURVE('',#6316,#6316,#6318,.T.);
#6316 = VERTEX_POINT('',#6317);
#6317 = CARTESIAN_POINT('',(126.,-110.4,1.510198));
#6318 = CIRCLE('',#6319,0.4);
#6319 = AXIS2_PLACEMENT_3D('',#6320,#6321,#6322);
#6320 = CARTESIAN_POINT('',(126.,-110.,1.510198));
#6321 = DIRECTION('',(-0.,0.,-1.));
#6322 = DIRECTION('',(-0.,-1.,0.));
#6323 = FACE_BOUND('',#6324,.T.);
#6324 = EDGE_LOOP('',(#6325));
#6325 = ORIENTED_EDGE('',*,*,#6326,.T.);
#6326 = EDGE_CURVE('',#6327,#6327,#6329,.T.);
#6327 = VERTEX_POINT('',#6328);
#6328 = CARTESIAN_POINT('',(130.345,-111.0718,1.510198));
#6329 = CIRCLE('',#6330,0.4318);
#6330 = AXIS2_PLACEMENT_3D('',#6331,#6332,#6333);
#6331 = CARTESIAN_POINT('',(130.345,-110.64,1.510198));
#6332 = DIRECTION('',(-0.,0.,-1.));
#6333 = DIRECTION('',(-0.,-1.,0.));
#6334 = FACE_BOUND('',#6335,.T.);
#6335 = EDGE_LOOP('',(#6336));
#6336 = ORIENTED_EDGE('',*,*,#6337,.T.);
#6337 = EDGE_CURVE('',#6338,#6338,#6340,.T.);
#6338 = VERTEX_POINT('',#6339);
#6339 = CARTESIAN_POINT('',(126.,-108.4,1.510198));
#6340 = CIRCLE('',#6341,0.4);
#6341 = AXIS2_PLACEMENT_3D('',#6342,#6343,#6344);
#6342 = CARTESIAN_POINT('',(126.,-108.,1.510198));
#6343 = DIRECTION('',(-0.,0.,-1.));
#6344 = DIRECTION('',(-0.,-1.,0.));
#6345 = FACE_BOUND('',#6346,.T.);
#6346 = EDGE_LOOP('',(#6347));
#6347 = ORIENTED_EDGE('',*,*,#6348,.T.);
#6348 = EDGE_CURVE('',#6349,#6349,#6351,.T.);
#6349 = VERTEX_POINT('',#6350);
#6350 = CARTESIAN_POINT('',(126.,-106.4,1.510198));
#6351 = CIRCLE('',#6352,0.4);
#6352 = AXIS2_PLACEMENT_3D('',#6353,#6354,#6355);
#6353 = CARTESIAN_POINT('',(126.,-106.,1.510198));
#6354 = DIRECTION('',(-0.,0.,-1.));
#6355 = DIRECTION('',(-0.,-1.,0.));
#6356 = FACE_BOUND('',#6357,.T.);
#6357 = EDGE_LOOP('',(#6358));
#6358 = ORIENTED_EDGE('',*,*,#6359,.T.);
#6359 = EDGE_CURVE('',#6360,#6360,#6362,.T.);
#6360 = VERTEX_POINT('',#6361);
#6361 = CARTESIAN_POINT('',(130.345,-108.5318,1.510198));
#6362 = CIRCLE('',#6363,0.4318);
#6363 = AXIS2_PLACEMENT_3D('',#6364,#6365,#6366);
#6364 = CARTESIAN_POINT('',(130.345,-108.1,1.510198));
#6365 = DIRECTION('',(-0.,0.,-1.));
#6366 = DIRECTION('',(-0.,-1.,0.));
#6367 = FACE_BOUND('',#6368,.T.);
#6368 = EDGE_LOOP('',(#6369));
#6369 = ORIENTED_EDGE('',*,*,#6370,.T.);
#6370 = EDGE_CURVE('',#6371,#6371,#6373,.T.);
#6371 = VERTEX_POINT('',#6372);
#6372 = CARTESIAN_POINT('',(130.345,-105.9918,1.510198));
#6373 = CIRCLE('',#6374,0.4318);
#6374 = AXIS2_PLACEMENT_3D('',#6375,#6376,#6377);
#6375 = CARTESIAN_POINT('',(130.345,-105.56,1.510198));
#6376 = DIRECTION('',(-0.,0.,-1.));
#6377 = DIRECTION('',(-0.,-1.,0.));
#6378 = FACE_BOUND('',#6379,.T.);
#6379 = EDGE_LOOP('',(#6380));
#6380 = ORIENTED_EDGE('',*,*,#6381,.T.);
#6381 = EDGE_CURVE('',#6382,#6382,#6384,.T.);
#6382 = VERTEX_POINT('',#6383);
#6383 = CARTESIAN_POINT('',(104.,-104.4,1.510198));
#6384 = CIRCLE('',#6385,0.4);
#6385 = AXIS2_PLACEMENT_3D('',#6386,#6387,#6388);
#6386 = CARTESIAN_POINT('',(104.,-104.,1.510198));
#6387 = DIRECTION('',(-0.,0.,-1.));
#6388 = DIRECTION('',(-0.,-1.,0.));
#6389 = FACE_BOUND('',#6390,.T.);
#6390 = EDGE_LOOP('',(#6391));
#6391 = ORIENTED_EDGE('',*,*,#6392,.T.);
#6392 = EDGE_CURVE('',#6393,#6393,#6395,.T.);
#6393 = VERTEX_POINT('',#6394);
#6394 = CARTESIAN_POINT('',(104.,-102.4,1.510198));
#6395 = CIRCLE('',#6396,0.4);
#6396 = AXIS2_PLACEMENT_3D('',#6397,#6398,#6399);
#6397 = CARTESIAN_POINT('',(104.,-102.,1.510198));
#6398 = DIRECTION('',(-0.,0.,-1.));
#6399 = DIRECTION('',(-0.,-1.,0.));
#6400 = FACE_BOUND('',#6401,.T.);
#6401 = EDGE_LOOP('',(#6402));
#6402 = ORIENTED_EDGE('',*,*,#6403,.T.);
#6403 = EDGE_CURVE('',#6404,#6404,#6406,.T.);
#6404 = VERTEX_POINT('',#6405);
#6405 = CARTESIAN_POINT('',(104.,-100.4,1.510198));
#6406 = CIRCLE('',#6407,0.4);
#6407 = AXIS2_PLACEMENT_3D('',#6408,#6409,#6410);
#6408 = CARTESIAN_POINT('',(104.,-100.,1.510198));
#6409 = DIRECTION('',(-0.,0.,-1.));
#6410 = DIRECTION('',(-0.,-1.,0.));
#6411 = FACE_BOUND('',#6412,.T.);
#6412 = EDGE_LOOP('',(#6413));
#6413 = ORIENTED_EDGE('',*,*,#6414,.T.);
#6414 = EDGE_CURVE('',#6415,#6415,#6417,.T.);
#6415 = VERTEX_POINT('',#6416);
#6416 = CARTESIAN_POINT('',(104.,-98.4,1.510198));
#6417 = CIRCLE('',#6418,0.4);
#6418 = AXIS2_PLACEMENT_3D('',#6419,#6420,#6421);
#6419 = CARTESIAN_POINT('',(104.,-98.,1.510198));
#6420 = DIRECTION('',(-0.,0.,-1.));
#6421 = DIRECTION('',(-0.,-1.,0.));
#6422 = FACE_BOUND('',#6423,.T.);
#6423 = EDGE_LOOP('',(#6424));
#6424 = ORIENTED_EDGE('',*,*,#6425,.T.);
#6425 = EDGE_CURVE('',#6426,#6426,#6428,.T.);
#6426 = VERTEX_POINT('',#6427);
#6427 = CARTESIAN_POINT('',(104.18,-89.1,1.510198));
#6428 = CIRCLE('',#6429,0.5);
#6429 = AXIS2_PLACEMENT_3D('',#6430,#6431,#6432);
#6430 = CARTESIAN_POINT('',(104.18,-88.6,1.510198));
#6431 = DIRECTION('',(-0.,0.,-1.));
#6432 = DIRECTION('',(-0.,-1.,0.));
#6433 = FACE_BOUND('',#6434,.T.);
#6434 = EDGE_LOOP('',(#6435));
#6435 = ORIENTED_EDGE('',*,*,#6436,.T.);
#6436 = EDGE_CURVE('',#6437,#6437,#6439,.T.);
#6437 = VERTEX_POINT('',#6438);
#6438 = CARTESIAN_POINT('',(106.72,-89.1,1.510198));
#6439 = CIRCLE('',#6440,0.5);
#6440 = AXIS2_PLACEMENT_3D('',#6441,#6442,#6443);
#6441 = CARTESIAN_POINT('',(106.72,-88.6,1.510198));
#6442 = DIRECTION('',(-0.,0.,-1.));
#6443 = DIRECTION('',(-0.,-1.,0.));
#6444 = FACE_BOUND('',#6445,.T.);
#6445 = EDGE_LOOP('',(#6446));
#6446 = ORIENTED_EDGE('',*,*,#6447,.T.);
#6447 = EDGE_CURVE('',#6448,#6448,#6450,.T.);
#6448 = VERTEX_POINT('',#6449);
#6449 = CARTESIAN_POINT('',(104.18,-86.56,1.510198));
#6450 = CIRCLE('',#6451,0.5);
#6451 = AXIS2_PLACEMENT_3D('',#6452,#6453,#6454);
#6452 = CARTESIAN_POINT('',(104.18,-86.06,1.510198));
#6453 = DIRECTION('',(-0.,0.,-1.));
#6454 = DIRECTION('',(-0.,-1.,0.));
#6455 = FACE_BOUND('',#6456,.T.);
#6456 = EDGE_LOOP('',(#6457));
#6457 = ORIENTED_EDGE('',*,*,#6458,.T.);
#6458 = EDGE_CURVE('',#6459,#6459,#6461,.T.);
#6459 = VERTEX_POINT('',#6460);
#6460 = CARTESIAN_POINT('',(106.72,-86.56,1.510198));
#6461 = CIRCLE('',#6462,0.5);
#6462 = AXIS2_PLACEMENT_3D('',#6463,#6464,#6465);
#6463 = CARTESIAN_POINT('',(106.72,-86.06,1.510198));
#6464 = DIRECTION('',(-0.,0.,-1.));
#6465 = DIRECTION('',(-0.,-1.,0.));
#6466 = FACE_BOUND('',#6467,.T.);
#6467 = EDGE_LOOP('',(#6468));
#6468 = ORIENTED_EDGE('',*,*,#6469,.T.);
#6469 = EDGE_CURVE('',#6470,#6470,#6472,.T.);
#6470 = VERTEX_POINT('',#6471);
#6471 = CARTESIAN_POINT('',(109.26,-89.1,1.510198));
#6472 = CIRCLE('',#6473,0.5);
#6473 = AXIS2_PLACEMENT_3D('',#6474,#6475,#6476);
#6474 = CARTESIAN_POINT('',(109.26,-88.6,1.510198));
#6475 = DIRECTION('',(-0.,0.,-1.));
#6476 = DIRECTION('',(-0.,-1.,0.));
#6477 = FACE_BOUND('',#6478,.T.);
#6478 = EDGE_LOOP('',(#6479));
#6479 = ORIENTED_EDGE('',*,*,#6480,.T.);
#6480 = EDGE_CURVE('',#6481,#6481,#6483,.T.);
#6481 = VERTEX_POINT('',#6482);
#6482 = CARTESIAN_POINT('',(109.26,-86.56,1.510198));
#6483 = CIRCLE('',#6484,0.5);
#6484 = AXIS2_PLACEMENT_3D('',#6485,#6486,#6487);
#6485 = CARTESIAN_POINT('',(109.26,-86.06,1.510198));
#6486 = DIRECTION('',(-0.,0.,-1.));
#6487 = DIRECTION('',(-0.,-1.,0.));
#6488 = FACE_BOUND('',#6489,.T.);
#6489 = EDGE_LOOP('',(#6490));
#6490 = ORIENTED_EDGE('',*,*,#6491,.T.);
#6491 = EDGE_CURVE('',#6492,#6492,#6494,.T.);
#6492 = VERTEX_POINT('',#6493);
#6493 = CARTESIAN_POINT('',(111.8,-89.1,1.510198));
#6494 = CIRCLE('',#6495,0.5);
#6495 = AXIS2_PLACEMENT_3D('',#6496,#6497,#6498);
#6496 = CARTESIAN_POINT('',(111.8,-88.6,1.510198));
#6497 = DIRECTION('',(-0.,0.,-1.));
#6498 = DIRECTION('',(-0.,-1.,0.));
#6499 = FACE_BOUND('',#6500,.T.);
#6500 = EDGE_LOOP('',(#6501));
#6501 = ORIENTED_EDGE('',*,*,#6502,.T.);
#6502 = EDGE_CURVE('',#6503,#6503,#6505,.T.);
#6503 = VERTEX_POINT('',#6504);
#6504 = CARTESIAN_POINT('',(111.8,-86.56,1.510198));
#6505 = CIRCLE('',#6506,0.5);
#6506 = AXIS2_PLACEMENT_3D('',#6507,#6508,#6509);
#6507 = CARTESIAN_POINT('',(111.8,-86.06,1.510198));
#6508 = DIRECTION('',(-0.,0.,-1.));
#6509 = DIRECTION('',(-0.,-1.,0.));
#6510 = FACE_BOUND('',#6511,.T.);
#6511 = EDGE_LOOP('',(#6512));
#6512 = ORIENTED_EDGE('',*,*,#6513,.T.);
#6513 = EDGE_CURVE('',#6514,#6514,#6516,.T.);
#6514 = VERTEX_POINT('',#6515);
#6515 = CARTESIAN_POINT('',(114.34,-89.1,1.510198));
#6516 = CIRCLE('',#6517,0.5);
#6517 = AXIS2_PLACEMENT_3D('',#6518,#6519,#6520);
#6518 = CARTESIAN_POINT('',(114.34,-88.6,1.510198));
#6519 = DIRECTION('',(-0.,0.,-1.));
#6520 = DIRECTION('',(-0.,-1.,0.));
#6521 = FACE_BOUND('',#6522,.T.);
#6522 = EDGE_LOOP('',(#6523));
#6523 = ORIENTED_EDGE('',*,*,#6524,.T.);
#6524 = EDGE_CURVE('',#6525,#6525,#6527,.T.);
#6525 = VERTEX_POINT('',#6526);
#6526 = CARTESIAN_POINT('',(116.88,-89.1,1.510198));
#6527 = CIRCLE('',#6528,0.5);
#6528 = AXIS2_PLACEMENT_3D('',#6529,#6530,#6531);
#6529 = CARTESIAN_POINT('',(116.88,-88.6,1.510198));
#6530 = DIRECTION('',(-0.,0.,-1.));
#6531 = DIRECTION('',(-0.,-1.,0.));
#6532 = FACE_BOUND('',#6533,.T.);
#6533 = EDGE_LOOP('',(#6534));
#6534 = ORIENTED_EDGE('',*,*,#6535,.T.);
#6535 = EDGE_CURVE('',#6536,#6536,#6538,.T.);
#6536 = VERTEX_POINT('',#6537);
#6537 = CARTESIAN_POINT('',(114.34,-86.56,1.510198));
#6538 = CIRCLE('',#6539,0.5);
#6539 = AXIS2_PLACEMENT_3D('',#6540,#6541,#6542);
#6540 = CARTESIAN_POINT('',(114.34,-86.06,1.510198));
#6541 = DIRECTION('',(-0.,0.,-1.));
#6542 = DIRECTION('',(-0.,-1.,0.));
#6543 = FACE_BOUND('',#6544,.T.);
#6544 = EDGE_LOOP('',(#6545));
#6545 = ORIENTED_EDGE('',*,*,#6546,.T.);
#6546 = EDGE_CURVE('',#6547,#6547,#6549,.T.);
#6547 = VERTEX_POINT('',#6548);
#6548 = CARTESIAN_POINT('',(116.88,-86.56,1.510198));
#6549 = CIRCLE('',#6550,0.5);
#6550 = AXIS2_PLACEMENT_3D('',#6551,#6552,#6553);
#6551 = CARTESIAN_POINT('',(116.88,-86.06,1.510198));
#6552 = DIRECTION('',(-0.,0.,-1.));
#6553 = DIRECTION('',(-0.,-1.,0.));
#6554 = FACE_BOUND('',#6555,.T.);
#6555 = EDGE_LOOP('',(#6556));
#6556 = ORIENTED_EDGE('',*,*,#6557,.T.);
#6557 = EDGE_CURVE('',#6558,#6558,#6560,.T.);
#6558 = VERTEX_POINT('',#6559);
#6559 = CARTESIAN_POINT('',(126.,-104.4,1.510198));
#6560 = CIRCLE('',#6561,0.4);
#6561 = AXIS2_PLACEMENT_3D('',#6562,#6563,#6564);
#6562 = CARTESIAN_POINT('',(126.,-104.,1.510198));
#6563 = DIRECTION('',(-0.,0.,-1.));
#6564 = DIRECTION('',(-0.,-1.,0.));
#6565 = FACE_BOUND('',#6566,.T.);
#6566 = EDGE_LOOP('',(#6567));
#6567 = ORIENTED_EDGE('',*,*,#6568,.T.);
#6568 = EDGE_CURVE('',#6569,#6569,#6571,.T.);
#6569 = VERTEX_POINT('',#6570);
#6570 = CARTESIAN_POINT('',(126.,-102.4,1.510198));
#6571 = CIRCLE('',#6572,0.4);
#6572 = AXIS2_PLACEMENT_3D('',#6573,#6574,#6575);
#6573 = CARTESIAN_POINT('',(126.,-102.,1.510198));
#6574 = DIRECTION('',(-0.,0.,-1.));
#6575 = DIRECTION('',(-0.,-1.,0.));
#6576 = FACE_BOUND('',#6577,.T.);
#6577 = EDGE_LOOP('',(#6578));
#6578 = ORIENTED_EDGE('',*,*,#6579,.T.);
#6579 = EDGE_CURVE('',#6580,#6580,#6582,.T.);
#6580 = VERTEX_POINT('',#6581);
#6581 = CARTESIAN_POINT('',(126.,-100.4,1.510198));
#6582 = CIRCLE('',#6583,0.4);
#6583 = AXIS2_PLACEMENT_3D('',#6584,#6585,#6586);
#6584 = CARTESIAN_POINT('',(126.,-100.,1.510198));
#6585 = DIRECTION('',(-0.,0.,-1.));
#6586 = DIRECTION('',(-0.,-1.,0.));
#6587 = FACE_BOUND('',#6588,.T.);
#6588 = EDGE_LOOP('',(#6589));
#6589 = ORIENTED_EDGE('',*,*,#6590,.T.);
#6590 = EDGE_CURVE('',#6591,#6591,#6593,.T.);
#6591 = VERTEX_POINT('',#6592);
#6592 = CARTESIAN_POINT('',(130.345,-103.4518,1.510198));
#6593 = CIRCLE('',#6594,0.4318);
#6594 = AXIS2_PLACEMENT_3D('',#6595,#6596,#6597);
#6595 = CARTESIAN_POINT('',(130.345,-103.02,1.510198));
#6596 = DIRECTION('',(-0.,0.,-1.));
#6597 = DIRECTION('',(-0.,-1.,0.));
#6598 = FACE_BOUND('',#6599,.T.);
#6599 = EDGE_LOOP('',(#6600));
#6600 = ORIENTED_EDGE('',*,*,#6601,.T.);
#6601 = EDGE_CURVE('',#6602,#6602,#6604,.T.);
#6602 = VERTEX_POINT('',#6603);
#6603 = CARTESIAN_POINT('',(130.345,-100.9118,1.510198));
#6604 = CIRCLE('',#6605,0.4318);
#6605 = AXIS2_PLACEMENT_3D('',#6606,#6607,#6608);
#6606 = CARTESIAN_POINT('',(130.345,-100.48,1.510198));
#6607 = DIRECTION('',(-0.,0.,-1.));
#6608 = DIRECTION('',(-0.,-1.,0.));
#6609 = FACE_BOUND('',#6610,.T.);
#6610 = EDGE_LOOP('',(#6611));
#6611 = ORIENTED_EDGE('',*,*,#6612,.T.);
#6612 = EDGE_CURVE('',#6613,#6613,#6615,.T.);
#6613 = VERTEX_POINT('',#6614);
#6614 = CARTESIAN_POINT('',(126.,-98.4,1.510198));
#6615 = CIRCLE('',#6616,0.4);
#6616 = AXIS2_PLACEMENT_3D('',#6617,#6618,#6619);
#6617 = CARTESIAN_POINT('',(126.,-98.,1.510198));
#6618 = DIRECTION('',(-0.,0.,-1.));
#6619 = DIRECTION('',(-0.,-1.,0.));
#6620 = FACE_BOUND('',#6621,.T.);
#6621 = EDGE_LOOP('',(#6622));
#6622 = ORIENTED_EDGE('',*,*,#6623,.T.);
#6623 = EDGE_CURVE('',#6624,#6624,#6626,.T.);
#6624 = VERTEX_POINT('',#6625);
#6625 = CARTESIAN_POINT('',(130.345,-98.3718,1.510198));
#6626 = CIRCLE('',#6627,0.4318);
#6627 = AXIS2_PLACEMENT_3D('',#6628,#6629,#6630);
#6628 = CARTESIAN_POINT('',(130.345,-97.94,1.510198));
#6629 = DIRECTION('',(-0.,0.,-1.));
#6630 = DIRECTION('',(-0.,-1.,0.));
#6631 = FACE_BOUND('',#6632,.T.);
#6632 = EDGE_LOOP('',(#6633));
#6633 = ORIENTED_EDGE('',*,*,#6634,.T.);
#6634 = EDGE_CURVE('',#6635,#6635,#6637,.T.);
#6635 = VERTEX_POINT('',#6636);
#6636 = CARTESIAN_POINT('',(130.345,-95.8318,1.510198));
#6637 = CIRCLE('',#6638,0.4318);
#6638 = AXIS2_PLACEMENT_3D('',#6639,#6640,#6641);
#6639 = CARTESIAN_POINT('',(130.345,-95.4,1.510198));
#6640 = DIRECTION('',(-0.,0.,-1.));
#6641 = DIRECTION('',(-0.,-1.,0.));
#6642 = FACE_BOUND('',#6643,.T.);
#6643 = EDGE_LOOP('',(#6644));
#6644 = ORIENTED_EDGE('',*,*,#6645,.T.);
#6645 = EDGE_CURVE('',#6646,#6646,#6648,.T.);
#6646 = VERTEX_POINT('',#6647);
#6647 = CARTESIAN_POINT('',(119.42,-89.1,1.510198));
#6648 = CIRCLE('',#6649,0.5);
#6649 = AXIS2_PLACEMENT_3D('',#6650,#6651,#6652);
#6650 = CARTESIAN_POINT('',(119.42,-88.6,1.510198));
#6651 = DIRECTION('',(-0.,0.,-1.));
#6652 = DIRECTION('',(-0.,-1.,0.));
#6653 = FACE_BOUND('',#6654,.T.);
#6654 = EDGE_LOOP('',(#6655));
#6655 = ORIENTED_EDGE('',*,*,#6656,.T.);
#6656 = EDGE_CURVE('',#6657,#6657,#6659,.T.);
#6657 = VERTEX_POINT('',#6658);
#6658 = CARTESIAN_POINT('',(119.42,-86.56,1.510198));
#6659 = CIRCLE('',#6660,0.5);
#6660 = AXIS2_PLACEMENT_3D('',#6661,#6662,#6663);
#6661 = CARTESIAN_POINT('',(119.42,-86.06,1.510198));
#6662 = DIRECTION('',(-0.,0.,-1.));
#6663 = DIRECTION('',(-0.,-1.,0.));
#6664 = FACE_BOUND('',#6665,.T.);
#6665 = EDGE_LOOP('',(#6666));
#6666 = ORIENTED_EDGE('',*,*,#6667,.T.);
#6667 = EDGE_CURVE('',#6668,#6668,#6670,.T.);
#6668 = VERTEX_POINT('',#6669);
#6669 = CARTESIAN_POINT('',(121.96,-89.1,1.510198));
#6670 = CIRCLE('',#6671,0.5);
#6671 = AXIS2_PLACEMENT_3D('',#6672,#6673,#6674);
#6672 = CARTESIAN_POINT('',(121.96,-88.6,1.510198));
#6673 = DIRECTION('',(-0.,0.,-1.));
#6674 = DIRECTION('',(-0.,-1.,0.));
#6675 = FACE_BOUND('',#6676,.T.);
#6676 = EDGE_LOOP('',(#6677));
#6677 = ORIENTED_EDGE('',*,*,#6678,.T.);
#6678 = EDGE_CURVE('',#6679,#6679,#6681,.T.);
#6679 = VERTEX_POINT('',#6680);
#6680 = CARTESIAN_POINT('',(124.5,-89.1,1.510198));
#6681 = CIRCLE('',#6682,0.5);
#6682 = AXIS2_PLACEMENT_3D('',#6683,#6684,#6685);
#6683 = CARTESIAN_POINT('',(124.5,-88.6,1.510198));
#6684 = DIRECTION('',(-0.,0.,-1.));
#6685 = DIRECTION('',(-0.,-1.,0.));
#6686 = FACE_BOUND('',#6687,.T.);
#6687 = EDGE_LOOP('',(#6688));
#6688 = ORIENTED_EDGE('',*,*,#6689,.T.);
#6689 = EDGE_CURVE('',#6690,#6690,#6692,.T.);
#6690 = VERTEX_POINT('',#6691);
#6691 = CARTESIAN_POINT('',(121.96,-86.56,1.510198));
#6692 = CIRCLE('',#6693,0.5);
#6693 = AXIS2_PLACEMENT_3D('',#6694,#6695,#6696);
#6694 = CARTESIAN_POINT('',(121.96,-86.06,1.510198));
#6695 = DIRECTION('',(-0.,0.,-1.));
#6696 = DIRECTION('',(-0.,-1.,0.));
#6697 = FACE_BOUND('',#6698,.T.);
#6698 = EDGE_LOOP('',(#6699));
#6699 = ORIENTED_EDGE('',*,*,#6700,.T.);
#6700 = EDGE_CURVE('',#6701,#6701,#6703,.T.);
#6701 = VERTEX_POINT('',#6702);
#6702 = CARTESIAN_POINT('',(124.5,-86.56,1.510198));
#6703 = CIRCLE('',#6704,0.5);
#6704 = AXIS2_PLACEMENT_3D('',#6705,#6706,#6707);
#6705 = CARTESIAN_POINT('',(124.5,-86.06,1.510198));
#6706 = DIRECTION('',(-0.,0.,-1.));
#6707 = DIRECTION('',(-0.,-1.,0.));
#6708 = FACE_BOUND('',#6709,.T.);
#6709 = EDGE_LOOP('',(#6710));
#6710 = ORIENTED_EDGE('',*,*,#6711,.T.);
#6711 = EDGE_CURVE('',#6712,#6712,#6714,.T.);
#6712 = VERTEX_POINT('',#6713);
#6713 = CARTESIAN_POINT('',(130.345,-93.2918,1.510198));
#6714 = CIRCLE('',#6715,0.4318);
#6715 = AXIS2_PLACEMENT_3D('',#6716,#6717,#6718);
#6716 = CARTESIAN_POINT('',(130.345,-92.86,1.510198));
#6717 = DIRECTION('',(-0.,0.,-1.));
#6718 = DIRECTION('',(-0.,-1.,0.));
#6719 = FACE_BOUND('',#6720,.T.);
#6720 = EDGE_LOOP('',(#6721));
#6721 = ORIENTED_EDGE('',*,*,#6722,.T.);
#6722 = EDGE_CURVE('',#6723,#6723,#6725,.T.);
#6723 = VERTEX_POINT('',#6724);
#6724 = CARTESIAN_POINT('',(127.04,-89.1,1.510198));
#6725 = CIRCLE('',#6726,0.5);
#6726 = AXIS2_PLACEMENT_3D('',#6727,#6728,#6729);
#6727 = CARTESIAN_POINT('',(127.04,-88.6,1.510198));
#6728 = DIRECTION('',(-0.,0.,-1.));
#6729 = DIRECTION('',(-0.,-1.,0.));
#6730 = FACE_BOUND('',#6731,.T.);
#6731 = EDGE_LOOP('',(#6732));
#6732 = ORIENTED_EDGE('',*,*,#6733,.T.);
#6733 = EDGE_CURVE('',#6734,#6734,#6736,.T.);
#6734 = VERTEX_POINT('',#6735);
#6735 = CARTESIAN_POINT('',(127.04,-86.56,1.510198));
#6736 = CIRCLE('',#6737,0.5);
#6737 = AXIS2_PLACEMENT_3D('',#6738,#6739,#6740);
#6738 = CARTESIAN_POINT('',(127.04,-86.06,1.510198));
#6739 = DIRECTION('',(-0.,0.,-1.));
#6740 = DIRECTION('',(-0.,-1.,0.));
#6741 = FACE_BOUND('',#6742,.T.);
#6742 = EDGE_LOOP('',(#6743));
#6743 = ORIENTED_EDGE('',*,*,#6744,.T.);
#6744 = EDGE_CURVE('',#6745,#6745,#6747,.T.);
#6745 = VERTEX_POINT('',#6746);
#6746 = CARTESIAN_POINT('',(129.58,-89.1,1.510198));
#6747 = CIRCLE('',#6748,0.5);
#6748 = AXIS2_PLACEMENT_3D('',#6749,#6750,#6751);
#6749 = CARTESIAN_POINT('',(129.58,-88.6,1.510198));
#6750 = DIRECTION('',(-0.,0.,-1.));
#6751 = DIRECTION('',(-0.,-1.,0.));
#6752 = FACE_BOUND('',#6753,.T.);
#6753 = EDGE_LOOP('',(#6754));
#6754 = ORIENTED_EDGE('',*,*,#6755,.T.);
#6755 = EDGE_CURVE('',#6756,#6756,#6758,.T.);
#6756 = VERTEX_POINT('',#6757);
#6757 = CARTESIAN_POINT('',(129.58,-86.56,1.510198));
#6758 = CIRCLE('',#6759,0.5);
#6759 = AXIS2_PLACEMENT_3D('',#6760,#6761,#6762);
#6760 = CARTESIAN_POINT('',(129.58,-86.06,1.510198));
#6761 = DIRECTION('',(-0.,0.,-1.));
#6762 = DIRECTION('',(-0.,-1.,0.));
#6763 = FACE_BOUND('',#6764,.T.);
#6764 = EDGE_LOOP('',(#6765));
#6765 = ORIENTED_EDGE('',*,*,#6766,.T.);
#6766 = EDGE_CURVE('',#6767,#6767,#6769,.T.);
#6767 = VERTEX_POINT('',#6768);
#6768 = CARTESIAN_POINT('',(135.9,-125.25,1.510198));
#6769 = CIRCLE('',#6770,1.35);
#6770 = AXIS2_PLACEMENT_3D('',#6771,#6772,#6773);
#6771 = CARTESIAN_POINT('',(135.9,-123.9,1.510198));
#6772 = DIRECTION('',(-0.,0.,-1.));
#6773 = DIRECTION('',(-0.,-1.,0.));
#6774 = FACE_BOUND('',#6775,.T.);
#6775 = EDGE_LOOP('',(#6776));
#6776 = ORIENTED_EDGE('',*,*,#6777,.T.);
#6777 = EDGE_CURVE('',#6778,#6778,#6780,.T.);
#6778 = VERTEX_POINT('',#6779);
#6779 = CARTESIAN_POINT('',(137.965,-111.0718,1.510198));
#6780 = CIRCLE('',#6781,0.4318);
#6781 = AXIS2_PLACEMENT_3D('',#6782,#6783,#6784);
#6782 = CARTESIAN_POINT('',(137.965,-110.64,1.510198));
#6783 = DIRECTION('',(-0.,0.,-1.));
#6784 = DIRECTION('',(-0.,-1.,0.));
#6785 = FACE_BOUND('',#6786,.T.);
#6786 = EDGE_LOOP('',(#6787));
#6787 = ORIENTED_EDGE('',*,*,#6788,.T.);
#6788 = EDGE_CURVE('',#6789,#6789,#6791,.T.);
#6789 = VERTEX_POINT('',#6790);
#6790 = CARTESIAN_POINT('',(137.965,-108.5318,1.510198));
#6791 = CIRCLE('',#6792,0.4318);
#6792 = AXIS2_PLACEMENT_3D('',#6793,#6794,#6795);
#6793 = CARTESIAN_POINT('',(137.965,-108.1,1.510198));
#6794 = DIRECTION('',(-0.,0.,-1.));
#6795 = DIRECTION('',(-0.,-1.,0.));
#6796 = FACE_BOUND('',#6797,.T.);
#6797 = EDGE_LOOP('',(#6798));
#6798 = ORIENTED_EDGE('',*,*,#6799,.T.);
#6799 = EDGE_CURVE('',#6800,#6800,#6802,.T.);
#6800 = VERTEX_POINT('',#6801);
#6801 = CARTESIAN_POINT('',(137.965,-105.9918,1.510198));
#6802 = CIRCLE('',#6803,0.4318);
#6803 = AXIS2_PLACEMENT_3D('',#6804,#6805,#6806);
#6804 = CARTESIAN_POINT('',(137.965,-105.56,1.510198));
#6805 = DIRECTION('',(-0.,0.,-1.));
#6806 = DIRECTION('',(-0.,-1.,0.));
#6807 = FACE_BOUND('',#6808,.T.);
#6808 = EDGE_LOOP('',(#6809));
#6809 = ORIENTED_EDGE('',*,*,#6810,.T.);
#6810 = EDGE_CURVE('',#6811,#6811,#6813,.T.);
#6811 = VERTEX_POINT('',#6812);
#6812 = CARTESIAN_POINT('',(152.66,-115.445,1.510198));
#6813 = CIRCLE('',#6814,0.5);
#6814 = AXIS2_PLACEMENT_3D('',#6815,#6816,#6817);
#6815 = CARTESIAN_POINT('',(152.66,-114.945,1.510198));
#6816 = DIRECTION('',(-0.,0.,-1.));
#6817 = DIRECTION('',(-0.,-1.,0.));
#6818 = FACE_BOUND('',#6819,.T.);
#6819 = EDGE_LOOP('',(#6820));
#6820 = ORIENTED_EDGE('',*,*,#6821,.T.);
#6821 = EDGE_CURVE('',#6822,#6822,#6824,.T.);
#6822 = VERTEX_POINT('',#6823);
#6823 = CARTESIAN_POINT('',(154.08,-123.505,1.510198));
#6824 = CIRCLE('',#6825,1.6);
#6825 = AXIS2_PLACEMENT_3D('',#6826,#6827,#6828);
#6826 = CARTESIAN_POINT('',(154.08,-121.905,1.510198));
#6827 = DIRECTION('',(-0.,0.,-1.));
#6828 = DIRECTION('',(1.7763568394E-14,-1.,-0.));
#6829 = FACE_BOUND('',#6830,.T.);
#6830 = EDGE_LOOP('',(#6831));
#6831 = ORIENTED_EDGE('',*,*,#6832,.T.);
#6832 = EDGE_CURVE('',#6833,#6833,#6835,.T.);
#6833 = VERTEX_POINT('',#6834);
#6834 = CARTESIAN_POINT('',(152.66,-112.675,1.510198));
#6835 = CIRCLE('',#6836,0.5);
#6836 = AXIS2_PLACEMENT_3D('',#6837,#6838,#6839);
#6837 = CARTESIAN_POINT('',(152.66,-112.175,1.510198));
#6838 = DIRECTION('',(-0.,0.,-1.));
#6839 = DIRECTION('',(-0.,-1.,0.));
#6840 = FACE_BOUND('',#6841,.T.);
#6841 = EDGE_LOOP('',(#6842));
#6842 = ORIENTED_EDGE('',*,*,#6843,.T.);
#6843 = EDGE_CURVE('',#6844,#6844,#6846,.T.);
#6844 = VERTEX_POINT('',#6845);
#6845 = CARTESIAN_POINT('',(152.66,-109.905,1.510198));
#6846 = CIRCLE('',#6847,0.5);
#6847 = AXIS2_PLACEMENT_3D('',#6848,#6849,#6850);
#6848 = CARTESIAN_POINT('',(152.66,-109.405,1.510198));
#6849 = DIRECTION('',(-0.,0.,-1.));
#6850 = DIRECTION('',(-0.,-1.,0.));
#6851 = FACE_BOUND('',#6852,.T.);
#6852 = EDGE_LOOP('',(#6853));
#6853 = ORIENTED_EDGE('',*,*,#6854,.T.);
#6854 = EDGE_CURVE('',#6855,#6855,#6857,.T.);
#6855 = VERTEX_POINT('',#6856);
#6856 = CARTESIAN_POINT('',(152.66,-107.135,1.510198));
#6857 = CIRCLE('',#6858,0.5);
#6858 = AXIS2_PLACEMENT_3D('',#6859,#6860,#6861);
#6859 = CARTESIAN_POINT('',(152.66,-106.635,1.510198));
#6860 = DIRECTION('',(-0.,0.,-1.));
#6861 = DIRECTION('',(-0.,-1.,0.));
#6862 = FACE_BOUND('',#6863,.T.);
#6863 = EDGE_LOOP('',(#6864));
#6864 = ORIENTED_EDGE('',*,*,#6865,.T.);
#6865 = EDGE_CURVE('',#6866,#6866,#6868,.T.);
#6866 = VERTEX_POINT('',#6867);
#6867 = CARTESIAN_POINT('',(155.5,-114.06,1.510198));
#6868 = CIRCLE('',#6869,0.5);
#6869 = AXIS2_PLACEMENT_3D('',#6870,#6871,#6872);
#6870 = CARTESIAN_POINT('',(155.5,-113.56,1.510198));
#6871 = DIRECTION('',(-0.,0.,-1.));
#6872 = DIRECTION('',(-0.,-1.,0.));
#6873 = FACE_BOUND('',#6874,.T.);
#6874 = EDGE_LOOP('',(#6875));
#6875 = ORIENTED_EDGE('',*,*,#6876,.T.);
#6876 = EDGE_CURVE('',#6877,#6877,#6879,.T.);
#6877 = VERTEX_POINT('',#6878);
#6878 = CARTESIAN_POINT('',(155.5,-111.29,1.510198));
#6879 = CIRCLE('',#6880,0.5);
#6880 = AXIS2_PLACEMENT_3D('',#6881,#6882,#6883);
#6881 = CARTESIAN_POINT('',(155.5,-110.79,1.510198));
#6882 = DIRECTION('',(-0.,0.,-1.));
#6883 = DIRECTION('',(-0.,-1.,0.));
#6884 = FACE_BOUND('',#6885,.T.);
#6885 = EDGE_LOOP('',(#6886));
#6886 = ORIENTED_EDGE('',*,*,#6887,.T.);
#6887 = EDGE_CURVE('',#6888,#6888,#6890,.T.);
#6888 = VERTEX_POINT('',#6889);
#6889 = CARTESIAN_POINT('',(155.5,-108.52,1.510198));
#6890 = CIRCLE('',#6891,0.5);
#6891 = AXIS2_PLACEMENT_3D('',#6892,#6893,#6894);
#6892 = CARTESIAN_POINT('',(155.5,-108.02,1.510198));
#6893 = DIRECTION('',(-0.,0.,-1.));
#6894 = DIRECTION('',(-0.,-1.,0.));
#6895 = FACE_BOUND('',#6896,.T.);
#6896 = EDGE_LOOP('',(#6897));
#6897 = ORIENTED_EDGE('',*,*,#6898,.T.);
#6898 = EDGE_CURVE('',#6899,#6899,#6901,.T.);
#6899 = VERTEX_POINT('',#6900);
#6900 = CARTESIAN_POINT('',(155.5,-105.75,1.510198));
#6901 = CIRCLE('',#6902,0.5);
#6902 = AXIS2_PLACEMENT_3D('',#6903,#6904,#6905);
#6903 = CARTESIAN_POINT('',(155.5,-105.25,1.510198));
#6904 = DIRECTION('',(-0.,0.,-1.));
#6905 = DIRECTION('',(-0.,-1.,0.));
#6906 = FACE_BOUND('',#6907,.T.);
#6907 = EDGE_LOOP('',(#6908));
#6908 = ORIENTED_EDGE('',*,*,#6909,.T.);
#6909 = EDGE_CURVE('',#6910,#6910,#6912,.T.);
#6910 = VERTEX_POINT('',#6911);
#6911 = CARTESIAN_POINT('',(137.965,-103.4518,1.510198));
#6912 = CIRCLE('',#6913,0.4318);
#6913 = AXIS2_PLACEMENT_3D('',#6914,#6915,#6916);
#6914 = CARTESIAN_POINT('',(137.965,-103.02,1.510198));
#6915 = DIRECTION('',(-0.,0.,-1.));
#6916 = DIRECTION('',(-0.,-1.,0.));
#6917 = FACE_BOUND('',#6918,.T.);
#6918 = EDGE_LOOP('',(#6919));
#6919 = ORIENTED_EDGE('',*,*,#6920,.T.);
#6920 = EDGE_CURVE('',#6921,#6921,#6923,.T.);
#6921 = VERTEX_POINT('',#6922);
#6922 = CARTESIAN_POINT('',(137.965,-100.9118,1.510198));
#6923 = CIRCLE('',#6924,0.4318);
#6924 = AXIS2_PLACEMENT_3D('',#6925,#6926,#6927);
#6925 = CARTESIAN_POINT('',(137.965,-100.48,1.510198));
#6926 = DIRECTION('',(-0.,0.,-1.));
#6927 = DIRECTION('',(-0.,-1.,0.));
#6928 = FACE_BOUND('',#6929,.T.);
#6929 = EDGE_LOOP('',(#6930));
#6930 = ORIENTED_EDGE('',*,*,#6931,.T.);
#6931 = EDGE_CURVE('',#6932,#6932,#6934,.T.);
#6932 = VERTEX_POINT('',#6933);
#6933 = CARTESIAN_POINT('',(137.965,-98.3718,1.510198));
#6934 = CIRCLE('',#6935,0.4318);
#6935 = AXIS2_PLACEMENT_3D('',#6936,#6937,#6938);
#6936 = CARTESIAN_POINT('',(137.965,-97.94,1.510198));
#6937 = DIRECTION('',(-0.,0.,-1.));
#6938 = DIRECTION('',(-0.,-1.,0.));
#6939 = FACE_BOUND('',#6940,.T.);
#6940 = EDGE_LOOP('',(#6941));
#6941 = ORIENTED_EDGE('',*,*,#6942,.T.);
#6942 = EDGE_CURVE('',#6943,#6943,#6945,.T.);
#6943 = VERTEX_POINT('',#6944);
#6944 = CARTESIAN_POINT('',(137.965,-95.8318,1.510198));
#6945 = CIRCLE('',#6946,0.4318);
#6946 = AXIS2_PLACEMENT_3D('',#6947,#6948,#6949);
#6947 = CARTESIAN_POINT('',(137.965,-95.4,1.510198));
#6948 = DIRECTION('',(-0.,0.,-1.));
#6949 = DIRECTION('',(-0.,-1.,0.));
#6950 = FACE_BOUND('',#6951,.T.);
#6951 = EDGE_LOOP('',(#6952));
#6952 = ORIENTED_EDGE('',*,*,#6953,.T.);
#6953 = EDGE_CURVE('',#6954,#6954,#6956,.T.);
#6954 = VERTEX_POINT('',#6955);
#6955 = CARTESIAN_POINT('',(137.965,-93.2918,1.510198));
#6956 = CIRCLE('',#6957,0.4318);
#6957 = AXIS2_PLACEMENT_3D('',#6958,#6959,#6960);
#6958 = CARTESIAN_POINT('',(137.965,-92.86,1.510198));
#6959 = DIRECTION('',(-0.,0.,-1.));
#6960 = DIRECTION('',(-0.,-1.,0.));
#6961 = FACE_BOUND('',#6962,.T.);
#6962 = EDGE_LOOP('',(#6963));
#6963 = ORIENTED_EDGE('',*,*,#6964,.T.);
#6964 = EDGE_CURVE('',#6965,#6965,#6967,.T.);
#6965 = VERTEX_POINT('',#6966);
#6966 = CARTESIAN_POINT('',(132.12,-89.1,1.510198));
#6967 = CIRCLE('',#6968,0.5);
#6968 = AXIS2_PLACEMENT_3D('',#6969,#6970,#6971);
#6969 = CARTESIAN_POINT('',(132.12,-88.6,1.510198));
#6970 = DIRECTION('',(-0.,0.,-1.));
#6971 = DIRECTION('',(-0.,-1.,0.));
#6972 = FACE_BOUND('',#6973,.T.);
#6973 = EDGE_LOOP('',(#6974));
#6974 = ORIENTED_EDGE('',*,*,#6975,.T.);
#6975 = EDGE_CURVE('',#6976,#6976,#6978,.T.);
#6976 = VERTEX_POINT('',#6977);
#6977 = CARTESIAN_POINT('',(134.66,-89.1,1.510198));
#6978 = CIRCLE('',#6979,0.5);
#6979 = AXIS2_PLACEMENT_3D('',#6980,#6981,#6982);
#6980 = CARTESIAN_POINT('',(134.66,-88.6,1.510198));
#6981 = DIRECTION('',(-0.,0.,-1.));
#6982 = DIRECTION('',(-0.,-1.,0.));
#6983 = FACE_BOUND('',#6984,.T.);
#6984 = EDGE_LOOP('',(#6985));
#6985 = ORIENTED_EDGE('',*,*,#6986,.T.);
#6986 = EDGE_CURVE('',#6987,#6987,#6989,.T.);
#6987 = VERTEX_POINT('',#6988);
#6988 = CARTESIAN_POINT('',(132.12,-86.56,1.510198));
#6989 = CIRCLE('',#6990,0.5);
#6990 = AXIS2_PLACEMENT_3D('',#6991,#6992,#6993);
#6991 = CARTESIAN_POINT('',(132.12,-86.06,1.510198));
#6992 = DIRECTION('',(-0.,0.,-1.));
#6993 = DIRECTION('',(-0.,-1.,0.));
#6994 = FACE_BOUND('',#6995,.T.);
#6995 = EDGE_LOOP('',(#6996));
#6996 = ORIENTED_EDGE('',*,*,#6997,.T.);
#6997 = EDGE_CURVE('',#6998,#6998,#7000,.T.);
#6998 = VERTEX_POINT('',#6999);
#6999 = CARTESIAN_POINT('',(134.66,-86.56,1.510198));
#7000 = CIRCLE('',#7001,0.5);
#7001 = AXIS2_PLACEMENT_3D('',#7002,#7003,#7004);
#7002 = CARTESIAN_POINT('',(134.66,-86.06,1.510198));
#7003 = DIRECTION('',(-0.,0.,-1.));
#7004 = DIRECTION('',(-0.,-1.,0.));
#7005 = FACE_BOUND('',#7006,.T.);
#7006 = EDGE_LOOP('',(#7007));
#7007 = ORIENTED_EDGE('',*,*,#7008,.T.);
#7008 = EDGE_CURVE('',#7009,#7009,#7011,.T.);
#7009 = VERTEX_POINT('',#7010);
#7010 = CARTESIAN_POINT('',(137.2,-89.1,1.510198));
#7011 = CIRCLE('',#7012,0.5);
#7012 = AXIS2_PLACEMENT_3D('',#7013,#7014,#7015);
#7013 = CARTESIAN_POINT('',(137.2,-88.6,1.510198));
#7014 = DIRECTION('',(-0.,0.,-1.));
#7015 = DIRECTION('',(-0.,-1.,0.));
#7016 = FACE_BOUND('',#7017,.T.);
#7017 = EDGE_LOOP('',(#7018));
#7018 = ORIENTED_EDGE('',*,*,#7019,.T.);
#7019 = EDGE_CURVE('',#7020,#7020,#7022,.T.);
#7020 = VERTEX_POINT('',#7021);
#7021 = CARTESIAN_POINT('',(137.2,-86.56,1.510198));
#7022 = CIRCLE('',#7023,0.5);
#7023 = AXIS2_PLACEMENT_3D('',#7024,#7025,#7026);
#7024 = CARTESIAN_POINT('',(137.2,-86.06,1.510198));
#7025 = DIRECTION('',(-0.,0.,-1.));
#7026 = DIRECTION('',(-0.,-1.,0.));
#7027 = FACE_BOUND('',#7028,.T.);
#7028 = EDGE_LOOP('',(#7029));
#7029 = ORIENTED_EDGE('',*,*,#7030,.T.);
#7030 = EDGE_CURVE('',#7031,#7031,#7033,.T.);
#7031 = VERTEX_POINT('',#7032);
#7032 = CARTESIAN_POINT('',(139.74,-89.1,1.510198));
#7033 = CIRCLE('',#7034,0.5);
#7034 = AXIS2_PLACEMENT_3D('',#7035,#7036,#7037);
#7035 = CARTESIAN_POINT('',(139.74,-88.6,1.510198));
#7036 = DIRECTION('',(-0.,0.,-1.));
#7037 = DIRECTION('',(-0.,-1.,0.));
#7038 = FACE_BOUND('',#7039,.T.);
#7039 = EDGE_LOOP('',(#7040));
#7040 = ORIENTED_EDGE('',*,*,#7041,.T.);
#7041 = EDGE_CURVE('',#7042,#7042,#7044,.T.);
#7042 = VERTEX_POINT('',#7043);
#7043 = CARTESIAN_POINT('',(139.74,-86.56,1.510198));
#7044 = CIRCLE('',#7045,0.5);
#7045 = AXIS2_PLACEMENT_3D('',#7046,#7047,#7048);
#7046 = CARTESIAN_POINT('',(139.74,-86.06,1.510198));
#7047 = DIRECTION('',(-0.,0.,-1.));
#7048 = DIRECTION('',(-0.,-1.,0.));
#7049 = FACE_BOUND('',#7050,.T.);
#7050 = EDGE_LOOP('',(#7051));
#7051 = ORIENTED_EDGE('',*,*,#7052,.T.);
#7052 = EDGE_CURVE('',#7053,#7053,#7055,.T.);
#7053 = VERTEX_POINT('',#7054);
#7054 = CARTESIAN_POINT('',(142.28,-89.1,1.510198));
#7055 = CIRCLE('',#7056,0.5);
#7056 = AXIS2_PLACEMENT_3D('',#7057,#7058,#7059);
#7057 = CARTESIAN_POINT('',(142.28,-88.6,1.510198));
#7058 = DIRECTION('',(-0.,0.,-1.));
#7059 = DIRECTION('',(-0.,-1.,0.));
#7060 = FACE_BOUND('',#7061,.T.);
#7061 = EDGE_LOOP('',(#7062));
#7062 = ORIENTED_EDGE('',*,*,#7063,.T.);
#7063 = EDGE_CURVE('',#7064,#7064,#7066,.T.);
#7064 = VERTEX_POINT('',#7065);
#7065 = CARTESIAN_POINT('',(144.82,-89.1,1.510198));
#7066 = CIRCLE('',#7067,0.5);
#7067 = AXIS2_PLACEMENT_3D('',#7068,#7069,#7070);
#7068 = CARTESIAN_POINT('',(144.82,-88.6,1.510198));
#7069 = DIRECTION('',(-0.,0.,-1.));
#7070 = DIRECTION('',(-0.,-1.,0.));
#7071 = FACE_BOUND('',#7072,.T.);
#7072 = EDGE_LOOP('',(#7073));
#7073 = ORIENTED_EDGE('',*,*,#7074,.T.);
#7074 = EDGE_CURVE('',#7075,#7075,#7077,.T.);
#7075 = VERTEX_POINT('',#7076);
#7076 = CARTESIAN_POINT('',(142.28,-86.56,1.510198));
#7077 = CIRCLE('',#7078,0.5);
#7078 = AXIS2_PLACEMENT_3D('',#7079,#7080,#7081);
#7079 = CARTESIAN_POINT('',(142.28,-86.06,1.510198));
#7080 = DIRECTION('',(-0.,0.,-1.));
#7081 = DIRECTION('',(-0.,-1.,0.));
#7082 = FACE_BOUND('',#7083,.T.);
#7083 = EDGE_LOOP('',(#7084));
#7084 = ORIENTED_EDGE('',*,*,#7085,.T.);
#7085 = EDGE_CURVE('',#7086,#7086,#7088,.T.);
#7086 = VERTEX_POINT('',#7087);
#7087 = CARTESIAN_POINT('',(144.82,-86.56,1.510198));
#7088 = CIRCLE('',#7089,0.5);
#7089 = AXIS2_PLACEMENT_3D('',#7090,#7091,#7092);
#7090 = CARTESIAN_POINT('',(144.82,-86.06,1.510198));
#7091 = DIRECTION('',(-0.,0.,-1.));
#7092 = DIRECTION('',(-0.,-1.,0.));
#7093 = FACE_BOUND('',#7094,.T.);
#7094 = EDGE_LOOP('',(#7095));
#7095 = ORIENTED_EDGE('',*,*,#7096,.T.);
#7096 = EDGE_CURVE('',#7097,#7097,#7099,.T.);
#7097 = VERTEX_POINT('',#7098);
#7098 = CARTESIAN_POINT('',(152.66,-104.365,1.510198));
#7099 = CIRCLE('',#7100,0.5);
#7100 = AXIS2_PLACEMENT_3D('',#7101,#7102,#7103);
#7101 = CARTESIAN_POINT('',(152.66,-103.865,1.510198));
#7102 = DIRECTION('',(-0.,0.,-1.));
#7103 = DIRECTION('',(-0.,-1.,0.));
#7104 = FACE_BOUND('',#7105,.T.);
#7105 = EDGE_LOOP('',(#7106));
#7106 = ORIENTED_EDGE('',*,*,#7107,.T.);
#7107 = EDGE_CURVE('',#7108,#7108,#7110,.T.);
#7108 = VERTEX_POINT('',#7109);
#7109 = CARTESIAN_POINT('',(154.08,-98.505,1.510198));
#7110 = CIRCLE('',#7111,1.6);
#7111 = AXIS2_PLACEMENT_3D('',#7112,#7113,#7114);
#7112 = CARTESIAN_POINT('',(154.08,-96.905,1.510198));
#7113 = DIRECTION('',(-0.,0.,-1.));
#7114 = DIRECTION('',(1.7763568394E-14,-1.,-0.));
#7115 = FACE_BOUND('',#7116,.T.);
#7116 = EDGE_LOOP('',(#7117));
#7117 = ORIENTED_EDGE('',*,*,#7118,.T.);
#7118 = EDGE_CURVE('',#7119,#7119,#7121,.T.);
#7119 = VERTEX_POINT('',#7120);
#7120 = CARTESIAN_POINT('',(147.36,-89.1,1.510198));
#7121 = CIRCLE('',#7122,0.5);
#7122 = AXIS2_PLACEMENT_3D('',#7123,#7124,#7125);
#7123 = CARTESIAN_POINT('',(147.36,-88.6,1.510198));
#7124 = DIRECTION('',(-0.,0.,-1.));
#7125 = DIRECTION('',(-0.,-1.,0.));
#7126 = FACE_BOUND('',#7127,.T.);
#7127 = EDGE_LOOP('',(#7128));
#7128 = ORIENTED_EDGE('',*,*,#7129,.T.);
#7129 = EDGE_CURVE('',#7130,#7130,#7132,.T.);
#7130 = VERTEX_POINT('',#7131);
#7131 = CARTESIAN_POINT('',(147.36,-86.56,1.510198));
#7132 = CIRCLE('',#7133,0.5);
#7133 = AXIS2_PLACEMENT_3D('',#7134,#7135,#7136);
#7134 = CARTESIAN_POINT('',(147.36,-86.06,1.510198));
#7135 = DIRECTION('',(-0.,0.,-1.));
#7136 = DIRECTION('',(-0.,-1.,0.));
#7137 = FACE_BOUND('',#7138,.T.);
#7138 = EDGE_LOOP('',(#7139));
#7139 = ORIENTED_EDGE('',*,*,#7140,.T.);
#7140 = EDGE_CURVE('',#7141,#7141,#7143,.T.);
#7141 = VERTEX_POINT('',#7142);
#7142 = CARTESIAN_POINT('',(149.9,-89.1,1.510198));
#7143 = CIRCLE('',#7144,0.5);
#7144 = AXIS2_PLACEMENT_3D('',#7145,#7146,#7147);
#7145 = CARTESIAN_POINT('',(149.9,-88.6,1.510198));
#7146 = DIRECTION('',(-0.,0.,-1.));
#7147 = DIRECTION('',(-0.,-1.,0.));
#7148 = FACE_BOUND('',#7149,.T.);
#7149 = EDGE_LOOP('',(#7150));
#7150 = ORIENTED_EDGE('',*,*,#7151,.T.);
#7151 = EDGE_CURVE('',#7152,#7152,#7154,.T.);
#7152 = VERTEX_POINT('',#7153);
#7153 = CARTESIAN_POINT('',(152.44,-89.1,1.510198));
#7154 = CIRCLE('',#7155,0.5);
#7155 = AXIS2_PLACEMENT_3D('',#7156,#7157,#7158);
#7156 = CARTESIAN_POINT('',(152.44,-88.6,1.510198));
#7157 = DIRECTION('',(-0.,0.,-1.));
#7158 = DIRECTION('',(-0.,-1.,0.));
#7159 = FACE_BOUND('',#7160,.T.);
#7160 = EDGE_LOOP('',(#7161));
#7161 = ORIENTED_EDGE('',*,*,#7162,.T.);
#7162 = EDGE_CURVE('',#7163,#7163,#7165,.T.);
#7163 = VERTEX_POINT('',#7164);
#7164 = CARTESIAN_POINT('',(149.9,-86.56,1.510198));
#7165 = CIRCLE('',#7166,0.5);
#7166 = AXIS2_PLACEMENT_3D('',#7167,#7168,#7169);
#7167 = CARTESIAN_POINT('',(149.9,-86.06,1.510198));
#7168 = DIRECTION('',(-0.,0.,-1.));
#7169 = DIRECTION('',(-0.,-1.,0.));
#7170 = FACE_BOUND('',#7171,.T.);
#7171 = EDGE_LOOP('',(#7172));
#7172 = ORIENTED_EDGE('',*,*,#7173,.T.);
#7173 = EDGE_CURVE('',#7174,#7174,#7176,.T.);
#7174 = VERTEX_POINT('',#7175);
#7175 = CARTESIAN_POINT('',(152.44,-86.56,1.510198));
#7176 = CIRCLE('',#7177,0.5);
#7177 = AXIS2_PLACEMENT_3D('',#7178,#7179,#7180);
#7178 = CARTESIAN_POINT('',(152.44,-86.06,1.510198));
#7179 = DIRECTION('',(-0.,0.,-1.));
#7180 = DIRECTION('',(-0.,-1.,0.));
#7181 = FACE_BOUND('',#7182,.T.);
#7182 = EDGE_LOOP('',(#7183));
#7183 = ORIENTED_EDGE('',*,*,#7184,.T.);
#7184 = EDGE_CURVE('',#7185,#7185,#7187,.T.);
#7185 = VERTEX_POINT('',#7186);
#7186 = CARTESIAN_POINT('',(158.4,-89.75,1.510198));
#7187 = CIRCLE('',#7188,1.35);
#7188 = AXIS2_PLACEMENT_3D('',#7189,#7190,#7191);
#7189 = CARTESIAN_POINT('',(158.4,-88.4,1.510198));
#7190 = DIRECTION('',(-0.,0.,-1.));
#7191 = DIRECTION('',(-0.,-1.,0.));
#7192 = FACE_BOUND('',#7193,.T.);
#7193 = EDGE_LOOP('',(#7194));
#7194 = ORIENTED_EDGE('',*,*,#7195,.T.);
#7195 = EDGE_CURVE('',#7196,#7196,#7198,.T.);
#7196 = VERTEX_POINT('',#7197);
#7197 = CARTESIAN_POINT('',(105.8875,-79.525,1.510198));
#7198 = CIRCLE('',#7199,0.5);
#7199 = AXIS2_PLACEMENT_3D('',#7200,#7201,#7202);
#7200 = CARTESIAN_POINT('',(105.8875,-79.025,1.510198));
#7201 = DIRECTION('',(-0.,0.,-1.));
#7202 = DIRECTION('',(-0.,-1.,0.));
#7203 = FACE_BOUND('',#7204,.T.);
#7204 = EDGE_LOOP('',(#7205));
#7205 = ORIENTED_EDGE('',*,*,#7206,.T.);
#7206 = EDGE_CURVE('',#7207,#7207,#7209,.T.);
#7207 = VERTEX_POINT('',#7208);
#7208 = CARTESIAN_POINT('',(108.3875,-79.525,1.510198));
#7209 = CIRCLE('',#7210,0.5);
#7210 = AXIS2_PLACEMENT_3D('',#7211,#7212,#7213);
#7211 = CARTESIAN_POINT('',(108.3875,-79.025,1.510198));
#7212 = DIRECTION('',(-0.,0.,-1.));
#7213 = DIRECTION('',(-0.,-1.,0.));
#7214 = FACE_BOUND('',#7215,.T.);
#7215 = EDGE_LOOP('',(#7216));
#7216 = ORIENTED_EDGE('',*,*,#7217,.T.);
#7217 = EDGE_CURVE('',#7218,#7218,#7220,.T.);
#7218 = VERTEX_POINT('',#7219);
#7219 = CARTESIAN_POINT('',(110.8875,-79.525,1.510198));
#7220 = CIRCLE('',#7221,0.5);
#7221 = AXIS2_PLACEMENT_3D('',#7222,#7223,#7224);
#7222 = CARTESIAN_POINT('',(110.8875,-79.025,1.510198));
#7223 = DIRECTION('',(-0.,0.,-1.));
#7224 = DIRECTION('',(-0.,-1.,0.));
#7225 = FACE_BOUND('',#7226,.T.);
#7226 = EDGE_LOOP('',(#7227));
#7227 = ORIENTED_EDGE('',*,*,#7228,.T.);
#7228 = EDGE_CURVE('',#7229,#7229,#7231,.T.);
#7229 = VERTEX_POINT('',#7230);
#7230 = CARTESIAN_POINT('',(113.3875,-79.525,1.510198));
#7231 = CIRCLE('',#7232,0.5);
#7232 = AXIS2_PLACEMENT_3D('',#7233,#7234,#7235);
#7233 = CARTESIAN_POINT('',(113.3875,-79.025,1.510198));
#7234 = DIRECTION('',(-0.,0.,-1.));
#7235 = DIRECTION('',(-0.,-1.,0.));
#7236 = FACE_BOUND('',#7237,.T.);
#7237 = EDGE_LOOP('',(#7238));
#7238 = ORIENTED_EDGE('',*,*,#7239,.T.);
#7239 = EDGE_CURVE('',#7240,#7240,#7242,.T.);
#7240 = VERTEX_POINT('',#7241);
#7241 = CARTESIAN_POINT('',(106.2875,-69.775,1.510198));
#7242 = CIRCLE('',#7243,0.5);
#7243 = AXIS2_PLACEMENT_3D('',#7244,#7245,#7246);
#7244 = CARTESIAN_POINT('',(106.2875,-69.275,1.510198));
#7245 = DIRECTION('',(-0.,0.,-1.));
#7246 = DIRECTION('',(-0.,-1.,0.));
#7247 = FACE_BOUND('',#7248,.T.);
#7248 = EDGE_LOOP('',(#7249));
#7249 = ORIENTED_EDGE('',*,*,#7250,.T.);
#7250 = EDGE_CURVE('',#7251,#7251,#7253,.T.);
#7251 = VERTEX_POINT('',#7252);
#7252 = CARTESIAN_POINT('',(108.7875,-69.775,1.510198));
#7253 = CIRCLE('',#7254,0.5);
#7254 = AXIS2_PLACEMENT_3D('',#7255,#7256,#7257);
#7255 = CARTESIAN_POINT('',(108.7875,-69.275,1.510198));
#7256 = DIRECTION('',(-0.,0.,-1.));
#7257 = DIRECTION('',(-0.,-1.,0.));
#7258 = FACE_BOUND('',#7259,.T.);
#7259 = EDGE_LOOP('',(#7260));
#7260 = ORIENTED_EDGE('',*,*,#7261,.T.);
#7261 = EDGE_CURVE('',#7262,#7262,#7264,.T.);
#7262 = VERTEX_POINT('',#7263);
#7263 = CARTESIAN_POINT('',(111.2875,-69.775,1.510198));
#7264 = CIRCLE('',#7265,0.5);
#7265 = AXIS2_PLACEMENT_3D('',#7266,#7267,#7268);
#7266 = CARTESIAN_POINT('',(111.2875,-69.275,1.510198));
#7267 = DIRECTION('',(-0.,0.,-1.));
#7268 = DIRECTION('',(-0.,-1.,0.));
#7269 = FACE_BOUND('',#7270,.T.);
#7270 = EDGE_LOOP('',(#7271));
#7271 = ORIENTED_EDGE('',*,*,#7272,.T.);
#7272 = EDGE_CURVE('',#7273,#7273,#7275,.T.);
#7273 = VERTEX_POINT('',#7274);
#7274 = CARTESIAN_POINT('',(113.7875,-69.775,1.510198));
#7275 = CIRCLE('',#7276,0.5);
#7276 = AXIS2_PLACEMENT_3D('',#7277,#7278,#7279);
#7277 = CARTESIAN_POINT('',(113.7875,-69.275,1.510198));
#7278 = DIRECTION('',(-0.,0.,-1.));
#7279 = DIRECTION('',(-0.,-1.,0.));
#7280 = FACE_BOUND('',#7281,.T.);
#7281 = EDGE_LOOP('',(#7282));
#7282 = ORIENTED_EDGE('',*,*,#7283,.T.);
#7283 = EDGE_CURVE('',#7284,#7284,#7286,.T.);
#7284 = VERTEX_POINT('',#7285);
#7285 = CARTESIAN_POINT('',(126.14,-81.91,1.510198));
#7286 = CIRCLE('',#7287,0.51);
#7287 = AXIS2_PLACEMENT_3D('',#7288,#7289,#7290);
#7288 = CARTESIAN_POINT('',(126.14,-81.4,1.510198));
#7289 = DIRECTION('',(-0.,0.,-1.));
#7290 = DIRECTION('',(-0.,-1.,0.));
#7291 = FACE_BOUND('',#7292,.T.);
#7292 = EDGE_LOOP('',(#7293));
#7293 = ORIENTED_EDGE('',*,*,#7294,.T.);
#7294 = EDGE_CURVE('',#7295,#7295,#7297,.T.);
#7295 = VERTEX_POINT('',#7296);
#7296 = CARTESIAN_POINT('',(126.14,-79.37,1.510198));
#7297 = CIRCLE('',#7298,0.51);
#7298 = AXIS2_PLACEMENT_3D('',#7299,#7300,#7301);
#7299 = CARTESIAN_POINT('',(126.14,-78.86,1.510198));
#7300 = DIRECTION('',(-0.,0.,-1.));
#7301 = DIRECTION('',(-0.,-1.,0.));
#7302 = FACE_BOUND('',#7303,.T.);
#7303 = EDGE_LOOP('',(#7304));
#7304 = ORIENTED_EDGE('',*,*,#7305,.T.);
#7305 = EDGE_CURVE('',#7306,#7306,#7308,.T.);
#7306 = VERTEX_POINT('',#7307);
#7307 = CARTESIAN_POINT('',(128.68,-81.91,1.510198));
#7308 = CIRCLE('',#7309,0.51);
#7309 = AXIS2_PLACEMENT_3D('',#7310,#7311,#7312);
#7310 = CARTESIAN_POINT('',(128.68,-81.4,1.510198));
#7311 = DIRECTION('',(-0.,0.,-1.));
#7312 = DIRECTION('',(-0.,-1.,0.));
#7313 = FACE_BOUND('',#7314,.T.);
#7314 = EDGE_LOOP('',(#7315));
#7315 = ORIENTED_EDGE('',*,*,#7316,.T.);
#7316 = EDGE_CURVE('',#7317,#7317,#7319,.T.);
#7317 = VERTEX_POINT('',#7318);
#7318 = CARTESIAN_POINT('',(131.22,-81.91,1.510198));
#7319 = CIRCLE('',#7320,0.51);
#7320 = AXIS2_PLACEMENT_3D('',#7321,#7322,#7323);
#7321 = CARTESIAN_POINT('',(131.22,-81.4,1.510198));
#7322 = DIRECTION('',(-0.,0.,-1.));
#7323 = DIRECTION('',(-0.,-1.,0.));
#7324 = FACE_BOUND('',#7325,.T.);
#7325 = EDGE_LOOP('',(#7326));
#7326 = ORIENTED_EDGE('',*,*,#7327,.T.);
#7327 = EDGE_CURVE('',#7328,#7328,#7330,.T.);
#7328 = VERTEX_POINT('',#7329);
#7329 = CARTESIAN_POINT('',(126.14,-76.83,1.510198));
#7330 = CIRCLE('',#7331,0.51);
#7331 = AXIS2_PLACEMENT_3D('',#7332,#7333,#7334);
#7332 = CARTESIAN_POINT('',(126.14,-76.32,1.510198));
#7333 = DIRECTION('',(-0.,0.,-1.));
#7334 = DIRECTION('',(-0.,-1.,0.));
#7335 = FACE_BOUND('',#7336,.T.);
#7336 = EDGE_LOOP('',(#7337));
#7337 = ORIENTED_EDGE('',*,*,#7338,.T.);
#7338 = EDGE_CURVE('',#7339,#7339,#7341,.T.);
#7339 = VERTEX_POINT('',#7340);
#7340 = CARTESIAN_POINT('',(126.14,-74.29,1.510198));
#7341 = CIRCLE('',#7342,0.51);
#7342 = AXIS2_PLACEMENT_3D('',#7343,#7344,#7345);
#7343 = CARTESIAN_POINT('',(126.14,-73.78,1.510198));
#7344 = DIRECTION('',(-0.,0.,-1.));
#7345 = DIRECTION('',(-0.,-1.,0.));
#7346 = FACE_BOUND('',#7347,.T.);
#7347 = EDGE_LOOP('',(#7348));
#7348 = ORIENTED_EDGE('',*,*,#7349,.T.);
#7349 = EDGE_CURVE('',#7350,#7350,#7352,.T.);
#7350 = VERTEX_POINT('',#7351);
#7351 = CARTESIAN_POINT('',(121.5,-74.35,1.510198));
#7352 = CIRCLE('',#7353,1.35);
#7353 = AXIS2_PLACEMENT_3D('',#7354,#7355,#7356);
#7354 = CARTESIAN_POINT('',(121.5,-73.,1.510198));
#7355 = DIRECTION('',(-0.,0.,-1.));
#7356 = DIRECTION('',(-0.,-1.,0.));
#7357 = FACE_BOUND('',#7358,.T.);
#7358 = EDGE_LOOP('',(#7359));
#7359 = ORIENTED_EDGE('',*,*,#7360,.T.);
#7360 = EDGE_CURVE('',#7361,#7361,#7363,.T.);
#7361 = VERTEX_POINT('',#7362);
#7362 = CARTESIAN_POINT('',(126.14,-71.75,1.510198));
#7363 = CIRCLE('',#7364,0.51);
#7364 = AXIS2_PLACEMENT_3D('',#7365,#7366,#7367);
#7365 = CARTESIAN_POINT('',(126.14,-71.24,1.510198));
#7366 = DIRECTION('',(-0.,0.,-1.));
#7367 = DIRECTION('',(-0.,-1.,0.));
#7368 = FACE_BOUND('',#7369,.T.);
#7369 = EDGE_LOOP('',(#7370));
#7370 = ORIENTED_EDGE('',*,*,#7371,.T.);
#7371 = EDGE_CURVE('',#7372,#7372,#7374,.T.);
#7372 = VERTEX_POINT('',#7373);
#7373 = CARTESIAN_POINT('',(126.14,-69.21,1.510198));
#7374 = CIRCLE('',#7375,0.51);
#7375 = AXIS2_PLACEMENT_3D('',#7376,#7377,#7378);
#7376 = CARTESIAN_POINT('',(126.14,-68.7,1.510198));
#7377 = DIRECTION('',(-0.,0.,-1.));
#7378 = DIRECTION('',(-0.,-1.,0.));
#7379 = FACE_BOUND('',#7380,.T.);
#7380 = EDGE_LOOP('',(#7381));
#7381 = ORIENTED_EDGE('',*,*,#7382,.T.);
#7382 = EDGE_CURVE('',#7383,#7383,#7385,.T.);
#7383 = VERTEX_POINT('',#7384);
#7384 = CARTESIAN_POINT('',(126.14,-66.67,1.510198));
#7385 = CIRCLE('',#7386,0.51);
#7386 = AXIS2_PLACEMENT_3D('',#7387,#7388,#7389);
#7387 = CARTESIAN_POINT('',(126.14,-66.16,1.510198));
#7388 = DIRECTION('',(-0.,0.,-1.));
#7389 = DIRECTION('',(-0.,-1.,0.));
#7390 = FACE_BOUND('',#7391,.T.);
#7391 = EDGE_LOOP('',(#7392));
#7392 = ORIENTED_EDGE('',*,*,#7393,.T.);
#7393 = EDGE_CURVE('',#7394,#7394,#7396,.T.);
#7394 = VERTEX_POINT('',#7395);
#7395 = CARTESIAN_POINT('',(128.68,-66.67,1.510198));
#7396 = CIRCLE('',#7397,0.51);
#7397 = AXIS2_PLACEMENT_3D('',#7398,#7399,#7400);
#7398 = CARTESIAN_POINT('',(128.68,-66.16,1.510198));
#7399 = DIRECTION('',(-0.,0.,-1.));
#7400 = DIRECTION('',(-0.,-1.,0.));
#7401 = FACE_BOUND('',#7402,.T.);
#7402 = EDGE_LOOP('',(#7403));
#7403 = ORIENTED_EDGE('',*,*,#7404,.T.);
#7404 = EDGE_CURVE('',#7405,#7405,#7407,.T.);
#7405 = VERTEX_POINT('',#7406);
#7406 = CARTESIAN_POINT('',(131.22,-66.67,1.510198));
#7407 = CIRCLE('',#7408,0.51);
#7408 = AXIS2_PLACEMENT_3D('',#7409,#7410,#7411);
#7409 = CARTESIAN_POINT('',(131.22,-66.16,1.510198));
#7410 = DIRECTION('',(-0.,0.,-1.));
#7411 = DIRECTION('',(-0.,-1.,0.));
#7412 = FACE_BOUND('',#7413,.T.);
#7413 = EDGE_LOOP('',(#7414));
#7414 = ORIENTED_EDGE('',*,*,#7415,.T.);
#7415 = EDGE_CURVE('',#7416,#7416,#7418,.T.);
#7416 = VERTEX_POINT('',#7417);
#7417 = CARTESIAN_POINT('',(112.5,-59.9,1.510198));
#7418 = CIRCLE('',#7419,0.5);
#7419 = AXIS2_PLACEMENT_3D('',#7420,#7421,#7422);
#7420 = CARTESIAN_POINT('',(112.5,-59.4,1.510198));
#7421 = DIRECTION('',(-0.,0.,-1.));
#7422 = DIRECTION('',(-0.,-1.,0.));
#7423 = FACE_BOUND('',#7424,.T.);
#7424 = EDGE_LOOP('',(#7425));
#7425 = ORIENTED_EDGE('',*,*,#7426,.T.);
#7426 = EDGE_CURVE('',#7427,#7427,#7429,.T.);
#7427 = VERTEX_POINT('',#7428);
#7428 = CARTESIAN_POINT('',(112.5,-57.4,1.510198));
#7429 = CIRCLE('',#7430,0.5);
#7430 = AXIS2_PLACEMENT_3D('',#7431,#7432,#7433);
#7431 = CARTESIAN_POINT('',(112.5,-56.9,1.510198));
#7432 = DIRECTION('',(-0.,0.,-1.));
#7433 = DIRECTION('',(-0.,-1.,0.));
#7434 = FACE_BOUND('',#7435,.T.);
#7435 = EDGE_LOOP('',(#7436));
#7436 = ORIENTED_EDGE('',*,*,#7437,.T.);
#7437 = EDGE_CURVE('',#7438,#7438,#7440,.T.);
#7438 = VERTEX_POINT('',#7439);
#7439 = CARTESIAN_POINT('',(112.5,-54.9,1.510198));
#7440 = CIRCLE('',#7441,0.5);
#7441 = AXIS2_PLACEMENT_3D('',#7442,#7443,#7444);
#7442 = CARTESIAN_POINT('',(112.5,-54.4,1.510198));
#7443 = DIRECTION('',(-0.,0.,-1.));
#7444 = DIRECTION('',(-0.,-1.,0.));
#7445 = FACE_BOUND('',#7446,.T.);
#7446 = EDGE_LOOP('',(#7447));
#7447 = ORIENTED_EDGE('',*,*,#7448,.T.);
#7448 = EDGE_CURVE('',#7449,#7449,#7451,.T.);
#7449 = VERTEX_POINT('',#7450);
#7450 = CARTESIAN_POINT('',(106.805,-48.55,1.510198));
#7451 = CIRCLE('',#7452,0.7);
#7452 = AXIS2_PLACEMENT_3D('',#7453,#7454,#7455);
#7453 = CARTESIAN_POINT('',(106.805,-47.85,1.510198));
#7454 = DIRECTION('',(-0.,0.,-1.));
#7455 = DIRECTION('',(-0.,-1.,0.));
#7456 = FACE_BOUND('',#7457,.T.);
#7457 = EDGE_LOOP('',(#7458));
#7458 = ORIENTED_EDGE('',*,*,#7459,.T.);
#7459 = EDGE_CURVE('',#7460,#7460,#7462,.T.);
#7460 = VERTEX_POINT('',#7461);
#7461 = CARTESIAN_POINT('',(106.805,-43.05,1.510198));
#7462 = CIRCLE('',#7463,0.7);
#7463 = AXIS2_PLACEMENT_3D('',#7464,#7465,#7466);
#7464 = CARTESIAN_POINT('',(106.805,-42.35,1.510198));
#7465 = DIRECTION('',(-0.,0.,-1.));
#7466 = DIRECTION('',(-0.,-1.,0.));
#7467 = FACE_BOUND('',#7468,.T.);
#7468 = EDGE_LOOP('',(#7469));
#7469 = ORIENTED_EDGE('',*,*,#7470,.T.);
#7470 = EDGE_CURVE('',#7471,#7471,#7473,.T.);
#7471 = VERTEX_POINT('',#7472);
#7472 = CARTESIAN_POINT('',(111.005,-48.55,1.510198));
#7473 = CIRCLE('',#7474,0.7);
#7474 = AXIS2_PLACEMENT_3D('',#7475,#7476,#7477);
#7475 = CARTESIAN_POINT('',(111.005,-47.85,1.510198));
#7476 = DIRECTION('',(-0.,0.,-1.));
#7477 = DIRECTION('',(-0.,-1.,0.));
#7478 = FACE_BOUND('',#7479,.T.);
#7479 = EDGE_LOOP('',(#7480));
#7480 = ORIENTED_EDGE('',*,*,#7481,.T.);
#7481 = EDGE_CURVE('',#7482,#7482,#7484,.T.);
#7482 = VERTEX_POINT('',#7483);
#7483 = CARTESIAN_POINT('',(115.205,-48.55,1.510198));
#7484 = CIRCLE('',#7485,0.7);
#7485 = AXIS2_PLACEMENT_3D('',#7486,#7487,#7488);
#7486 = CARTESIAN_POINT('',(115.205,-47.85,1.510198));
#7487 = DIRECTION('',(-0.,0.,-1.));
#7488 = DIRECTION('',(-0.,-1.,0.));
#7489 = FACE_BOUND('',#7490,.T.);
#7490 = EDGE_LOOP('',(#7491));
#7491 = ORIENTED_EDGE('',*,*,#7492,.T.);
#7492 = EDGE_CURVE('',#7493,#7493,#7495,.T.);
#7493 = VERTEX_POINT('',#7494);
#7494 = CARTESIAN_POINT('',(111.005,-43.05,1.510198));
#7495 = CIRCLE('',#7496,0.7);
#7496 = AXIS2_PLACEMENT_3D('',#7497,#7498,#7499);
#7497 = CARTESIAN_POINT('',(111.005,-42.35,1.510198));
#7498 = DIRECTION('',(-0.,0.,-1.));
#7499 = DIRECTION('',(-0.,-1.,0.));
#7500 = FACE_BOUND('',#7501,.T.);
#7501 = EDGE_LOOP('',(#7502));
#7502 = ORIENTED_EDGE('',*,*,#7503,.T.);
#7503 = EDGE_CURVE('',#7504,#7504,#7506,.T.);
#7504 = VERTEX_POINT('',#7505);
#7505 = CARTESIAN_POINT('',(115.205,-43.05,1.510198));
#7506 = CIRCLE('',#7507,0.7);
#7507 = AXIS2_PLACEMENT_3D('',#7508,#7509,#7510);
#7508 = CARTESIAN_POINT('',(115.205,-42.35,1.510198));
#7509 = DIRECTION('',(-0.,0.,-1.));
#7510 = DIRECTION('',(-0.,-1.,0.));
#7511 = FACE_BOUND('',#7512,.T.);
#7512 = EDGE_LOOP('',(#7513));
#7513 = ORIENTED_EDGE('',*,*,#7514,.T.);
#7514 = EDGE_CURVE('',#7515,#7515,#7517,.T.);
#7515 = VERTEX_POINT('',#7516);
#7516 = CARTESIAN_POINT('',(122.275,-59.8625,1.510198));
#7517 = CIRCLE('',#7518,0.5);
#7518 = AXIS2_PLACEMENT_3D('',#7519,#7520,#7521);
#7519 = CARTESIAN_POINT('',(122.275,-59.3625,1.510198));
#7520 = DIRECTION('',(-0.,0.,-1.));
#7521 = DIRECTION('',(-0.,-1.,0.));
#7522 = FACE_BOUND('',#7523,.T.);
#7523 = EDGE_LOOP('',(#7524));
#7524 = ORIENTED_EDGE('',*,*,#7525,.T.);
#7525 = EDGE_CURVE('',#7526,#7526,#7528,.T.);
#7526 = VERTEX_POINT('',#7527);
#7527 = CARTESIAN_POINT('',(122.275,-57.3625,1.510198));
#7528 = CIRCLE('',#7529,0.5);
#7529 = AXIS2_PLACEMENT_3D('',#7530,#7531,#7532);
#7530 = CARTESIAN_POINT('',(122.275,-56.8625,1.510198));
#7531 = DIRECTION('',(-0.,0.,-1.));
#7532 = DIRECTION('',(-0.,-1.,0.));
#7533 = FACE_BOUND('',#7534,.T.);
#7534 = EDGE_LOOP('',(#7535));
#7535 = ORIENTED_EDGE('',*,*,#7536,.T.);
#7536 = EDGE_CURVE('',#7537,#7537,#7539,.T.);
#7537 = VERTEX_POINT('',#7538);
#7538 = CARTESIAN_POINT('',(122.275,-54.8625,1.510198));
#7539 = CIRCLE('',#7540,0.5);
#7540 = AXIS2_PLACEMENT_3D('',#7541,#7542,#7543);
#7541 = CARTESIAN_POINT('',(122.275,-54.3625,1.510198));
#7542 = DIRECTION('',(-0.,0.,-1.));
#7543 = DIRECTION('',(-0.,-1.,0.));
#7544 = FACE_BOUND('',#7545,.T.);
#7545 = EDGE_LOOP('',(#7546));
#7546 = ORIENTED_EDGE('',*,*,#7547,.T.);
#7547 = EDGE_CURVE('',#7548,#7548,#7550,.T.);
#7548 = VERTEX_POINT('',#7549);
#7549 = CARTESIAN_POINT('',(131.375,-59.9375,1.510198));
#7550 = CIRCLE('',#7551,0.5);
#7551 = AXIS2_PLACEMENT_3D('',#7552,#7553,#7554);
#7552 = CARTESIAN_POINT('',(131.375,-59.4375,1.510198));
#7553 = DIRECTION('',(-0.,0.,-1.));
#7554 = DIRECTION('',(-0.,-1.,0.));
#7555 = FACE_BOUND('',#7556,.T.);
#7556 = EDGE_LOOP('',(#7557));
#7557 = ORIENTED_EDGE('',*,*,#7558,.T.);
#7558 = EDGE_CURVE('',#7559,#7559,#7561,.T.);
#7559 = VERTEX_POINT('',#7560);
#7560 = CARTESIAN_POINT('',(131.375,-57.4375,1.510198));
#7561 = CIRCLE('',#7562,0.5);
#7562 = AXIS2_PLACEMENT_3D('',#7563,#7564,#7565);
#7563 = CARTESIAN_POINT('',(131.375,-56.9375,1.510198));
#7564 = DIRECTION('',(-0.,0.,-1.));
#7565 = DIRECTION('',(-0.,-1.,0.));
#7566 = FACE_BOUND('',#7567,.T.);
#7567 = EDGE_LOOP('',(#7568));
#7568 = ORIENTED_EDGE('',*,*,#7569,.T.);
#7569 = EDGE_CURVE('',#7570,#7570,#7572,.T.);
#7570 = VERTEX_POINT('',#7571);
#7571 = CARTESIAN_POINT('',(131.375,-54.9375,1.510198));
#7572 = CIRCLE('',#7573,0.5);
#7573 = AXIS2_PLACEMENT_3D('',#7574,#7575,#7576);
#7574 = CARTESIAN_POINT('',(131.375,-54.4375,1.510198));
#7575 = DIRECTION('',(-0.,0.,-1.));
#7576 = DIRECTION('',(-0.,-1.,0.));
#7577 = FACE_BOUND('',#7578,.T.);
#7578 = EDGE_LOOP('',(#7579));
#7579 = ORIENTED_EDGE('',*,*,#7580,.T.);
#7580 = EDGE_CURVE('',#7581,#7581,#7583,.T.);
#7581 = VERTEX_POINT('',#7582);
#7582 = CARTESIAN_POINT('',(133.76,-81.91,1.510198));
#7583 = CIRCLE('',#7584,0.51);
#7584 = AXIS2_PLACEMENT_3D('',#7585,#7586,#7587);
#7585 = CARTESIAN_POINT('',(133.76,-81.4,1.510198));
#7586 = DIRECTION('',(-0.,0.,-1.));
#7587 = DIRECTION('',(-0.,-1.,0.));
#7588 = FACE_BOUND('',#7589,.T.);
#7589 = EDGE_LOOP('',(#7590));
#7590 = ORIENTED_EDGE('',*,*,#7591,.T.);
#7591 = EDGE_CURVE('',#7592,#7592,#7594,.T.);
#7592 = VERTEX_POINT('',#7593);
#7593 = CARTESIAN_POINT('',(136.3,-81.91,1.510198));
#7594 = CIRCLE('',#7595,0.51);
#7595 = AXIS2_PLACEMENT_3D('',#7596,#7597,#7598);
#7596 = CARTESIAN_POINT('',(136.3,-81.4,1.510198));
#7597 = DIRECTION('',(-0.,0.,-1.));
#7598 = DIRECTION('',(-0.,-1.,0.));
#7599 = FACE_BOUND('',#7600,.T.);
#7600 = EDGE_LOOP('',(#7601));
#7601 = ORIENTED_EDGE('',*,*,#7602,.T.);
#7602 = EDGE_CURVE('',#7603,#7603,#7605,.T.);
#7603 = VERTEX_POINT('',#7604);
#7604 = CARTESIAN_POINT('',(138.84,-81.91,1.510198));
#7605 = CIRCLE('',#7606,0.51);
#7606 = AXIS2_PLACEMENT_3D('',#7607,#7608,#7609);
#7607 = CARTESIAN_POINT('',(138.84,-81.4,1.510198));
#7608 = DIRECTION('',(-0.,0.,-1.));
#7609 = DIRECTION('',(-0.,-1.,0.));
#7610 = FACE_BOUND('',#7611,.T.);
#7611 = EDGE_LOOP('',(#7612));
#7612 = ORIENTED_EDGE('',*,*,#7613,.T.);
#7613 = EDGE_CURVE('',#7614,#7614,#7616,.T.);
#7614 = VERTEX_POINT('',#7615);
#7615 = CARTESIAN_POINT('',(141.38,-81.91,1.510198));
#7616 = CIRCLE('',#7617,0.51);
#7617 = AXIS2_PLACEMENT_3D('',#7618,#7619,#7620);
#7618 = CARTESIAN_POINT('',(141.38,-81.4,1.510198));
#7619 = DIRECTION('',(-0.,0.,-1.));
#7620 = DIRECTION('',(-0.,-1.,0.));
#7621 = FACE_BOUND('',#7622,.T.);
#7622 = EDGE_LOOP('',(#7623));
#7623 = ORIENTED_EDGE('',*,*,#7624,.T.);
#7624 = EDGE_CURVE('',#7625,#7625,#7627,.T.);
#7625 = VERTEX_POINT('',#7626);
#7626 = CARTESIAN_POINT('',(143.92,-81.91,1.510198));
#7627 = CIRCLE('',#7628,0.51);
#7628 = AXIS2_PLACEMENT_3D('',#7629,#7630,#7631);
#7629 = CARTESIAN_POINT('',(143.92,-81.4,1.510198));
#7630 = DIRECTION('',(-0.,0.,-1.));
#7631 = DIRECTION('',(-5.57288420204E-14,-1.,0.));
#7632 = FACE_BOUND('',#7633,.T.);
#7633 = EDGE_LOOP('',(#7634));
#7634 = ORIENTED_EDGE('',*,*,#7635,.T.);
#7635 = EDGE_CURVE('',#7636,#7636,#7638,.T.);
#7636 = VERTEX_POINT('',#7637);
#7637 = CARTESIAN_POINT('',(133.76,-66.67,1.510198));
#7638 = CIRCLE('',#7639,0.51);
#7639 = AXIS2_PLACEMENT_3D('',#7640,#7641,#7642);
#7640 = CARTESIAN_POINT('',(133.76,-66.16,1.510198));
#7641 = DIRECTION('',(-0.,0.,-1.));
#7642 = DIRECTION('',(-0.,-1.,0.));
#7643 = FACE_BOUND('',#7644,.T.);
#7644 = EDGE_LOOP('',(#7645));
#7645 = ORIENTED_EDGE('',*,*,#7646,.T.);
#7646 = EDGE_CURVE('',#7647,#7647,#7649,.T.);
#7647 = VERTEX_POINT('',#7648);
#7648 = CARTESIAN_POINT('',(136.3,-66.67,1.510198));
#7649 = CIRCLE('',#7650,0.51);
#7650 = AXIS2_PLACEMENT_3D('',#7651,#7652,#7653);
#7651 = CARTESIAN_POINT('',(136.3,-66.16,1.510198));
#7652 = DIRECTION('',(-0.,0.,-1.));
#7653 = DIRECTION('',(-0.,-1.,0.));
#7654 = FACE_BOUND('',#7655,.T.);
#7655 = EDGE_LOOP('',(#7656));
#7656 = ORIENTED_EDGE('',*,*,#7657,.T.);
#7657 = EDGE_CURVE('',#7658,#7658,#7660,.T.);
#7658 = VERTEX_POINT('',#7659);
#7659 = CARTESIAN_POINT('',(138.84,-66.67,1.510198));
#7660 = CIRCLE('',#7661,0.51);
#7661 = AXIS2_PLACEMENT_3D('',#7662,#7663,#7664);
#7662 = CARTESIAN_POINT('',(138.84,-66.16,1.510198));
#7663 = DIRECTION('',(-0.,0.,-1.));
#7664 = DIRECTION('',(-0.,-1.,0.));
#7665 = FACE_BOUND('',#7666,.T.);
#7666 = EDGE_LOOP('',(#7667));
#7667 = ORIENTED_EDGE('',*,*,#7668,.T.);
#7668 = EDGE_CURVE('',#7669,#7669,#7671,.T.);
#7669 = VERTEX_POINT('',#7670);
#7670 = CARTESIAN_POINT('',(141.38,-66.67,1.510198));
#7671 = CIRCLE('',#7672,0.51);
#7672 = AXIS2_PLACEMENT_3D('',#7673,#7674,#7675);
#7673 = CARTESIAN_POINT('',(141.38,-66.16,1.510198));
#7674 = DIRECTION('',(-0.,0.,-1.));
#7675 = DIRECTION('',(-0.,-1.,0.));
#7676 = FACE_BOUND('',#7677,.T.);
#7677 = EDGE_LOOP('',(#7678));
#7678 = ORIENTED_EDGE('',*,*,#7679,.T.);
#7679 = EDGE_CURVE('',#7680,#7680,#7682,.T.);
#7680 = VERTEX_POINT('',#7681);
#7681 = CARTESIAN_POINT('',(143.92,-66.67,1.510198));
#7682 = CIRCLE('',#7683,0.51);
#7683 = AXIS2_PLACEMENT_3D('',#7684,#7685,#7686);
#7684 = CARTESIAN_POINT('',(143.92,-66.16,1.510198));
#7685 = DIRECTION('',(-0.,0.,-1.));
#7686 = DIRECTION('',(-5.57288420204E-14,-1.,0.));
#7687 = FACE_BOUND('',#7688,.T.);
#7688 = EDGE_LOOP('',(#7689));
#7689 = ORIENTED_EDGE('',*,*,#7690,.T.);
#7690 = EDGE_CURVE('',#7691,#7691,#7693,.T.);
#7691 = VERTEX_POINT('',#7692);
#7692 = CARTESIAN_POINT('',(146.46,-81.91,1.510198));
#7693 = CIRCLE('',#7694,0.51);
#7694 = AXIS2_PLACEMENT_3D('',#7695,#7696,#7697);
#7695 = CARTESIAN_POINT('',(146.46,-81.4,1.510198));
#7696 = DIRECTION('',(-0.,0.,-1.));
#7697 = DIRECTION('',(5.57288420204E-14,-1.,-0.));
#7698 = FACE_BOUND('',#7699,.T.);
#7699 = EDGE_LOOP('',(#7700));
#7700 = ORIENTED_EDGE('',*,*,#7701,.T.);
#7701 = EDGE_CURVE('',#7702,#7702,#7704,.T.);
#7702 = VERTEX_POINT('',#7703);
#7703 = CARTESIAN_POINT('',(149.,-81.91,1.510198));
#7704 = CIRCLE('',#7705,0.51);
#7705 = AXIS2_PLACEMENT_3D('',#7706,#7707,#7708);
#7706 = CARTESIAN_POINT('',(149.,-81.4,1.510198));
#7707 = DIRECTION('',(-0.,0.,-1.));
#7708 = DIRECTION('',(-0.,-1.,0.));
#7709 = FACE_BOUND('',#7710,.T.);
#7710 = EDGE_LOOP('',(#7711));
#7711 = ORIENTED_EDGE('',*,*,#7712,.T.);
#7712 = EDGE_CURVE('',#7713,#7713,#7715,.T.);
#7713 = VERTEX_POINT('',#7714);
#7714 = CARTESIAN_POINT('',(151.54,-81.91,1.510198));
#7715 = CIRCLE('',#7716,0.51);
#7716 = AXIS2_PLACEMENT_3D('',#7717,#7718,#7719);
#7717 = CARTESIAN_POINT('',(151.54,-81.4,1.510198));
#7718 = DIRECTION('',(-0.,0.,-1.));
#7719 = DIRECTION('',(-5.57288420204E-14,-1.,0.));
#7720 = FACE_BOUND('',#7721,.T.);
#7721 = EDGE_LOOP('',(#7722));
#7722 = ORIENTED_EDGE('',*,*,#7723,.T.);
#7723 = EDGE_CURVE('',#7724,#7724,#7726,.T.);
#7724 = VERTEX_POINT('',#7725);
#7725 = CARTESIAN_POINT('',(154.08,-81.91,1.510198));
#7726 = CIRCLE('',#7727,0.51);
#7727 = AXIS2_PLACEMENT_3D('',#7728,#7729,#7730);
#7728 = CARTESIAN_POINT('',(154.08,-81.4,1.510198));
#7729 = DIRECTION('',(-0.,0.,-1.));
#7730 = DIRECTION('',(5.57288420204E-14,-1.,-0.));
#7731 = FACE_BOUND('',#7732,.T.);
#7732 = EDGE_LOOP('',(#7733));
#7733 = ORIENTED_EDGE('',*,*,#7734,.T.);
#7734 = EDGE_CURVE('',#7735,#7735,#7737,.T.);
#7735 = VERTEX_POINT('',#7736);
#7736 = CARTESIAN_POINT('',(156.62,-81.91,1.510198));
#7737 = CIRCLE('',#7738,0.51);
#7738 = AXIS2_PLACEMENT_3D('',#7739,#7740,#7741);
#7739 = CARTESIAN_POINT('',(156.62,-81.4,1.510198));
#7740 = DIRECTION('',(-0.,0.,-1.));
#7741 = DIRECTION('',(-0.,-1.,0.));
#7742 = FACE_BOUND('',#7743,.T.);
#7743 = EDGE_LOOP('',(#7744));
#7744 = ORIENTED_EDGE('',*,*,#7745,.T.);
#7745 = EDGE_CURVE('',#7746,#7746,#7748,.T.);
#7746 = VERTEX_POINT('',#7747);
#7747 = CARTESIAN_POINT('',(159.16,-81.91,1.510198));
#7748 = CIRCLE('',#7749,0.51);
#7749 = AXIS2_PLACEMENT_3D('',#7750,#7751,#7752);
#7750 = CARTESIAN_POINT('',(159.16,-81.4,1.510198));
#7751 = DIRECTION('',(-0.,0.,-1.));
#7752 = DIRECTION('',(-0.,-1.,0.));
#7753 = FACE_BOUND('',#7754,.T.);
#7754 = EDGE_LOOP('',(#7755));
#7755 = ORIENTED_EDGE('',*,*,#7756,.T.);
#7756 = EDGE_CURVE('',#7757,#7757,#7759,.T.);
#7757 = VERTEX_POINT('',#7758);
#7758 = CARTESIAN_POINT('',(146.46,-66.67,1.510198));
#7759 = CIRCLE('',#7760,0.51);
#7760 = AXIS2_PLACEMENT_3D('',#7761,#7762,#7763);
#7761 = CARTESIAN_POINT('',(146.46,-66.16,1.510198));
#7762 = DIRECTION('',(-0.,0.,-1.));
#7763 = DIRECTION('',(5.57288420204E-14,-1.,-0.));
#7764 = FACE_BOUND('',#7765,.T.);
#7765 = EDGE_LOOP('',(#7766));
#7766 = ORIENTED_EDGE('',*,*,#7767,.T.);
#7767 = EDGE_CURVE('',#7768,#7768,#7770,.T.);
#7768 = VERTEX_POINT('',#7769);
#7769 = CARTESIAN_POINT('',(149.,-66.67,1.510198));
#7770 = CIRCLE('',#7771,0.51);
#7771 = AXIS2_PLACEMENT_3D('',#7772,#7773,#7774);
#7772 = CARTESIAN_POINT('',(149.,-66.16,1.510198));
#7773 = DIRECTION('',(-0.,0.,-1.));
#7774 = DIRECTION('',(-0.,-1.,0.));
#7775 = FACE_BOUND('',#7776,.T.);
#7776 = EDGE_LOOP('',(#7777));
#7777 = ORIENTED_EDGE('',*,*,#7778,.T.);
#7778 = EDGE_CURVE('',#7779,#7779,#7781,.T.);
#7779 = VERTEX_POINT('',#7780);
#7780 = CARTESIAN_POINT('',(151.54,-66.67,1.510198));
#7781 = CIRCLE('',#7782,0.51);
#7782 = AXIS2_PLACEMENT_3D('',#7783,#7784,#7785);
#7783 = CARTESIAN_POINT('',(151.54,-66.16,1.510198));
#7784 = DIRECTION('',(-0.,0.,-1.));
#7785 = DIRECTION('',(-5.57288420204E-14,-1.,0.));
#7786 = FACE_BOUND('',#7787,.T.);
#7787 = EDGE_LOOP('',(#7788));
#7788 = ORIENTED_EDGE('',*,*,#7789,.T.);
#7789 = EDGE_CURVE('',#7790,#7790,#7792,.T.);
#7790 = VERTEX_POINT('',#7791);
#7791 = CARTESIAN_POINT('',(154.08,-66.67,1.510198));
#7792 = CIRCLE('',#7793,0.51);
#7793 = AXIS2_PLACEMENT_3D('',#7794,#7795,#7796);
#7794 = CARTESIAN_POINT('',(154.08,-66.16,1.510198));
#7795 = DIRECTION('',(-0.,0.,-1.));
#7796 = DIRECTION('',(5.57288420204E-14,-1.,-0.));
#7797 = FACE_BOUND('',#7798,.T.);
#7798 = EDGE_LOOP('',(#7799));
#7799 = ORIENTED_EDGE('',*,*,#7800,.T.);
#7800 = EDGE_CURVE('',#7801,#7801,#7803,.T.);
#7801 = VERTEX_POINT('',#7802);
#7802 = CARTESIAN_POINT('',(156.62,-66.67,1.510198));
#7803 = CIRCLE('',#7804,0.51);
#7804 = AXIS2_PLACEMENT_3D('',#7805,#7806,#7807);
#7805 = CARTESIAN_POINT('',(156.62,-66.16,1.510198));
#7806 = DIRECTION('',(-0.,0.,-1.));
#7807 = DIRECTION('',(-0.,-1.,0.));
#7808 = FACE_BOUND('',#7809,.T.);
#7809 = EDGE_LOOP('',(#7810));
#7810 = ORIENTED_EDGE('',*,*,#7811,.T.);
#7811 = EDGE_CURVE('',#7812,#7812,#7814,.T.);
#7812 = VERTEX_POINT('',#7813);
#7813 = CARTESIAN_POINT('',(159.16,-66.67,1.510198));
#7814 = CIRCLE('',#7815,0.51);
#7815 = AXIS2_PLACEMENT_3D('',#7816,#7817,#7818);
#7816 = CARTESIAN_POINT('',(159.16,-66.16,1.510198));
#7817 = DIRECTION('',(-0.,0.,-1.));
#7818 = DIRECTION('',(-0.,-1.,0.));
#7819 = FACE_BOUND('',#7820,.T.);
#7820 = EDGE_LOOP('',(#7821));
#7821 = ORIENTED_EDGE('',*,*,#7822,.T.);
#7822 = EDGE_CURVE('',#7823,#7823,#7825,.T.);
#7823 = VERTEX_POINT('',#7824);
#7824 = CARTESIAN_POINT('',(140.375,-59.7375,1.510198));
#7825 = CIRCLE('',#7826,0.5);
#7826 = AXIS2_PLACEMENT_3D('',#7827,#7828,#7829);
#7827 = CARTESIAN_POINT('',(140.375,-59.2375,1.510198));
#7828 = DIRECTION('',(-0.,0.,-1.));
#7829 = DIRECTION('',(-0.,-1.,0.));
#7830 = FACE_BOUND('',#7831,.T.);
#7831 = EDGE_LOOP('',(#7832));
#7832 = ORIENTED_EDGE('',*,*,#7833,.T.);
#7833 = EDGE_CURVE('',#7834,#7834,#7836,.T.);
#7834 = VERTEX_POINT('',#7835);
#7835 = CARTESIAN_POINT('',(140.375,-57.2375,1.510198));
#7836 = CIRCLE('',#7837,0.5);
#7837 = AXIS2_PLACEMENT_3D('',#7838,#7839,#7840);
#7838 = CARTESIAN_POINT('',(140.375,-56.7375,1.510198));
#7839 = DIRECTION('',(-0.,0.,-1.));
#7840 = DIRECTION('',(-0.,-1.,0.));
#7841 = FACE_BOUND('',#7842,.T.);
#7842 = EDGE_LOOP('',(#7843));
#7843 = ORIENTED_EDGE('',*,*,#7844,.T.);
#7844 = EDGE_CURVE('',#7845,#7845,#7847,.T.);
#7845 = VERTEX_POINT('',#7846);
#7846 = CARTESIAN_POINT('',(140.375,-54.7375,1.510198));
#7847 = CIRCLE('',#7848,0.5);
#7848 = AXIS2_PLACEMENT_3D('',#7849,#7850,#7851);
#7849 = CARTESIAN_POINT('',(140.375,-54.2375,1.510198));
#7850 = DIRECTION('',(-0.,0.,-1.));
#7851 = DIRECTION('',(-0.,-1.,0.));
#7852 = FACE_BOUND('',#7853,.T.);
#7853 = EDGE_LOOP('',(#7854));
#7854 = ORIENTED_EDGE('',*,*,#7855,.T.);
#7855 = EDGE_CURVE('',#7856,#7856,#7858,.T.);
#7856 = VERTEX_POINT('',#7857);
#7857 = CARTESIAN_POINT('',(152.25,-59.7,1.510198));
#7858 = CIRCLE('',#7859,0.7);
#7859 = AXIS2_PLACEMENT_3D('',#7860,#7861,#7862);
#7860 = CARTESIAN_POINT('',(152.25,-59.,1.510198));
#7861 = DIRECTION('',(-0.,0.,-1.));
#7862 = DIRECTION('',(-0.,-1.,0.));
#7863 = FACE_BOUND('',#7864,.T.);
#7864 = EDGE_LOOP('',(#7865));
#7865 = ORIENTED_EDGE('',*,*,#7866,.T.);
#7866 = EDGE_CURVE('',#7867,#7867,#7869,.T.);
#7867 = VERTEX_POINT('',#7868);
#7868 = CARTESIAN_POINT('',(152.25,-55.5,1.510198));
#7869 = CIRCLE('',#7870,0.7);
#7870 = AXIS2_PLACEMENT_3D('',#7871,#7872,#7873);
#7871 = CARTESIAN_POINT('',(152.25,-54.8,1.510198));
#7872 = DIRECTION('',(-0.,0.,-1.));
#7873 = DIRECTION('',(-0.,-1.,0.));
#7874 = FACE_BOUND('',#7875,.T.);
#7875 = EDGE_LOOP('',(#7876));
#7876 = ORIENTED_EDGE('',*,*,#7877,.T.);
#7877 = EDGE_CURVE('',#7878,#7878,#7880,.T.);
#7878 = VERTEX_POINT('',#7879);
#7879 = CARTESIAN_POINT('',(157.75,-59.7,1.510198));
#7880 = CIRCLE('',#7881,0.7);
#7881 = AXIS2_PLACEMENT_3D('',#7882,#7883,#7884);
#7882 = CARTESIAN_POINT('',(157.75,-59.,1.510198));
#7883 = DIRECTION('',(-0.,0.,-1.));
#7884 = DIRECTION('',(-0.,-1.,0.));
#7885 = FACE_BOUND('',#7886,.T.);
#7886 = EDGE_LOOP('',(#7887));
#7887 = ORIENTED_EDGE('',*,*,#7888,.T.);
#7888 = EDGE_CURVE('',#7889,#7889,#7891,.T.);
#7889 = VERTEX_POINT('',#7890);
#7890 = CARTESIAN_POINT('',(157.75,-55.5,1.510198));
#7891 = CIRCLE('',#7892,0.7);
#7892 = AXIS2_PLACEMENT_3D('',#7893,#7894,#7895);
#7893 = CARTESIAN_POINT('',(157.75,-54.8,1.510198));
#7894 = DIRECTION('',(-0.,0.,-1.));
#7895 = DIRECTION('',(-0.,-1.,0.));
#7896 = PLANE('',#7897);
#7897 = AXIS2_PLACEMENT_3D('',#7898,#7899,#7900);
#7898 = CARTESIAN_POINT('',(0.,0.,1.510198));
#7899 = DIRECTION('',(0.,0.,1.));
#7900 = DIRECTION('',(1.,0.,-0.));
#7901 = ADVANCED_FACE('',(#7902),#7913,.T.);
#7902 = FACE_BOUND('',#7903,.T.);
#7903 = EDGE_LOOP('',(#7904,#7910,#7911,#7912));
#7904 = ORIENTED_EDGE('',*,*,#7905,.T.);
#7905 = EDGE_CURVE('',#4438,#6173,#7906,.T.);
#7906 = LINE('',#7907,#7908);
#7907 = CARTESIAN_POINT('',(101.,-40.,0.));
#7908 = VECTOR('',#7909,1.);
#7909 = DIRECTION('',(0.,0.,1.));
#7910 = ORIENTED_EDGE('',*,*,#6172,.T.);
#7911 = ORIENTED_EDGE('',*,*,#4373,.F.);
#7912 = ORIENTED_EDGE('',*,*,#4437,.F.);
#7913 = CYLINDRICAL_SURFACE('',#7914,3.000001172987);
#7914 = AXIS2_PLACEMENT_3D('',#7915,#7916,#7917);
#7915 = CARTESIAN_POINT('',(104.00000117298,-40.00000117298,0.));
#7916 = DIRECTION('',(0.,0.,-1.));
#7917 = DIRECTION('',(-1.,3.909953663434E-07,0.));
#7918 = ADVANCED_FACE('',(#7919),#7930,.T.);
#7919 = FACE_BOUND('',#7920,.T.);
#7920 = EDGE_LOOP('',(#7921,#7922,#7923,#7929));
#7921 = ORIENTED_EDGE('',*,*,#4413,.T.);
#7922 = ORIENTED_EDGE('',*,*,#6206,.T.);
#7923 = ORIENTED_EDGE('',*,*,#7924,.F.);
#7924 = EDGE_CURVE('',#4464,#6199,#7925,.T.);
#7925 = LINE('',#7926,#7927);
#7926 = CARTESIAN_POINT('',(160.,-129.,0.));
#7927 = VECTOR('',#7928,1.);
#7928 = DIRECTION('',(0.,0.,1.));
#7929 = ORIENTED_EDGE('',*,*,#4471,.F.);
#7930 = CYLINDRICAL_SURFACE('',#7931,3.000001172987);
#7931 = AXIS2_PLACEMENT_3D('',#7932,#7933,#7934);
#7932 = CARTESIAN_POINT('',(159.99999882701,-125.999998827,0.));
#7933 = DIRECTION('',(0.,0.,-1.));
#7934 = DIRECTION('',(1.,-3.909953663434E-07,0.));
#7935 = ADVANCED_FACE('',(#7936),#7947,.T.);
#7936 = FACE_BOUND('',#7937,.T.);
#7937 = EDGE_LOOP('',(#7938,#7944,#7945,#7946));
#7938 = ORIENTED_EDGE('',*,*,#7939,.T.);
#7939 = EDGE_CURVE('',#4447,#6182,#7940,.T.);
#7940 = LINE('',#7941,#7942);
#7941 = CARTESIAN_POINT('',(101.,-126.,0.));
#7942 = VECTOR('',#7943,1.);
#7943 = DIRECTION('',(0.,0.,1.));
#7944 = ORIENTED_EDGE('',*,*,#6181,.T.);
#7945 = ORIENTED_EDGE('',*,*,#7905,.F.);
#7946 = ORIENTED_EDGE('',*,*,#4446,.F.);
#7947 = PLANE('',#7948);
#7948 = AXIS2_PLACEMENT_3D('',#7949,#7950,#7951);
#7949 = CARTESIAN_POINT('',(101.,-126.,0.));
#7950 = DIRECTION('',(-1.,0.,0.));
#7951 = DIRECTION('',(0.,1.,0.));
#7952 = ADVANCED_FACE('',(#7953),#7964,.T.);
#7953 = FACE_BOUND('',#7954,.T.);
#7954 = EDGE_LOOP('',(#7955,#7956,#7957,#7963));
#7955 = ORIENTED_EDGE('',*,*,#7924,.T.);
#7956 = ORIENTED_EDGE('',*,*,#6198,.T.);
#7957 = ORIENTED_EDGE('',*,*,#7958,.F.);
#7958 = EDGE_CURVE('',#4455,#6190,#7959,.T.);
#7959 = LINE('',#7960,#7961);
#7960 = CARTESIAN_POINT('',(104.,-129.,0.));
#7961 = VECTOR('',#7962,1.);
#7962 = DIRECTION('',(0.,0.,1.));
#7963 = ORIENTED_EDGE('',*,*,#4463,.F.);
#7964 = PLANE('',#7965);
#7965 = AXIS2_PLACEMENT_3D('',#7966,#7967,#7968);
#7966 = CARTESIAN_POINT('',(160.,-129.,0.));
#7967 = DIRECTION('',(0.,-1.,0.));
#7968 = DIRECTION('',(-1.,0.,0.));
#7969 = ADVANCED_FACE('',(#7970),#7976,.T.);
#7970 = FACE_BOUND('',#7971,.T.);
#7971 = EDGE_LOOP('',(#7972,#7973,#7974,#7975));
#7972 = ORIENTED_EDGE('',*,*,#7958,.T.);
#7973 = ORIENTED_EDGE('',*,*,#6189,.T.);
#7974 = ORIENTED_EDGE('',*,*,#7939,.F.);
#7975 = ORIENTED_EDGE('',*,*,#4454,.F.);
#7976 = CYLINDRICAL_SURFACE('',#7977,3.000001172987);
#7977 = AXIS2_PLACEMENT_3D('',#7978,#7979,#7980);
#7978 = CARTESIAN_POINT('',(104.00000117298,-125.999998827,0.));
#7979 = DIRECTION('',(0.,0.,-1.));
#7980 = DIRECTION('',(-3.909953616065E-07,-1.,-0.));
#7981 = ADVANCED_FACE('',(#7982),#7993,.F.);
#7982 = FACE_BOUND('',#7983,.T.);
#7983 = EDGE_LOOP('',(#7984,#7985,#7991,#7992));
#7984 = ORIENTED_EDGE('',*,*,#4481,.T.);
#7985 = ORIENTED_EDGE('',*,*,#7986,.T.);
#7986 = EDGE_CURVE('',#4482,#6217,#7987,.T.);
#7987 = LINE('',#7988,#7989);
#7988 = CARTESIAN_POINT('',(104.,-116.4,-4.6E-02));
#7989 = VECTOR('',#7990,1.);
#7990 = DIRECTION('',(0.,0.,1.));
#7991 = ORIENTED_EDGE('',*,*,#6216,.F.);
#7992 = ORIENTED_EDGE('',*,*,#7986,.F.);
#7993 = CYLINDRICAL_SURFACE('',#7994,0.4);
#7994 = AXIS2_PLACEMENT_3D('',#7995,#7996,#7997);
#7995 = CARTESIAN_POINT('',(104.,-116.,-4.6E-02));
#7996 = DIRECTION('',(-0.,-0.,-1.));
#7997 = DIRECTION('',(-0.,-1.,0.));
#7998 = ADVANCED_FACE('',(#7999),#8010,.F.);
#7999 = FACE_BOUND('',#8000,.T.);
#8000 = EDGE_LOOP('',(#8001,#8002,#8008,#8009));
#8001 = ORIENTED_EDGE('',*,*,#4492,.T.);
#8002 = ORIENTED_EDGE('',*,*,#8003,.T.);
#8003 = EDGE_CURVE('',#4493,#6228,#8004,.T.);
#8004 = LINE('',#8005,#8006);
#8005 = CARTESIAN_POINT('',(104.,-114.4,-4.6E-02));
#8006 = VECTOR('',#8007,1.);
#8007 = DIRECTION('',(0.,0.,1.));
#8008 = ORIENTED_EDGE('',*,*,#6227,.F.);
#8009 = ORIENTED_EDGE('',*,*,#8003,.F.);
#8010 = CYLINDRICAL_SURFACE('',#8011,0.4);
#8011 = AXIS2_PLACEMENT_3D('',#8012,#8013,#8014);
#8012 = CARTESIAN_POINT('',(104.,-114.,-4.6E-02));
#8013 = DIRECTION('',(-0.,-0.,-1.));
#8014 = DIRECTION('',(-0.,-1.,0.));
#8015 = ADVANCED_FACE('',(#8016),#8027,.F.);
#8016 = FACE_BOUND('',#8017,.T.);
#8017 = EDGE_LOOP('',(#8018,#8019,#8025,#8026));
#8018 = ORIENTED_EDGE('',*,*,#4503,.T.);
#8019 = ORIENTED_EDGE('',*,*,#8020,.T.);
#8020 = EDGE_CURVE('',#4504,#6239,#8021,.T.);
#8021 = LINE('',#8022,#8023);
#8022 = CARTESIAN_POINT('',(104.,-112.4,-4.6E-02));
#8023 = VECTOR('',#8024,1.);
#8024 = DIRECTION('',(0.,0.,1.));
#8025 = ORIENTED_EDGE('',*,*,#6238,.F.);
#8026 = ORIENTED_EDGE('',*,*,#8020,.F.);
#8027 = CYLINDRICAL_SURFACE('',#8028,0.4);
#8028 = AXIS2_PLACEMENT_3D('',#8029,#8030,#8031);
#8029 = CARTESIAN_POINT('',(104.,-112.,-4.6E-02));
#8030 = DIRECTION('',(-0.,-0.,-1.));
#8031 = DIRECTION('',(-0.,-1.,0.));
#8032 = ADVANCED_FACE('',(#8033),#8044,.F.);
#8033 = FACE_BOUND('',#8034,.T.);
#8034 = EDGE_LOOP('',(#8035,#8036,#8042,#8043));
#8035 = ORIENTED_EDGE('',*,*,#4514,.T.);
#8036 = ORIENTED_EDGE('',*,*,#8037,.T.);
#8037 = EDGE_CURVE('',#4515,#6250,#8038,.T.);
#8038 = LINE('',#8039,#8040);
#8039 = CARTESIAN_POINT('',(104.,-110.4,-4.6E-02));
#8040 = VECTOR('',#8041,1.);
#8041 = DIRECTION('',(0.,0.,1.));
#8042 = ORIENTED_EDGE('',*,*,#6249,.F.);
#8043 = ORIENTED_EDGE('',*,*,#8037,.F.);
#8044 = CYLINDRICAL_SURFACE('',#8045,0.4);
#8045 = AXIS2_PLACEMENT_3D('',#8046,#8047,#8048);
#8046 = CARTESIAN_POINT('',(104.,-110.,-4.6E-02));
#8047 = DIRECTION('',(-0.,-0.,-1.));
#8048 = DIRECTION('',(-0.,-1.,0.));
#8049 = ADVANCED_FACE('',(#8050),#8061,.F.);
#8050 = FACE_BOUND('',#8051,.T.);
#8051 = EDGE_LOOP('',(#8052,#8053,#8059,#8060));
#8052 = ORIENTED_EDGE('',*,*,#4525,.T.);
#8053 = ORIENTED_EDGE('',*,*,#8054,.T.);
#8054 = EDGE_CURVE('',#4526,#6261,#8055,.T.);
#8055 = LINE('',#8056,#8057);
#8056 = CARTESIAN_POINT('',(104.,-108.4,-4.6E-02));
#8057 = VECTOR('',#8058,1.);
#8058 = DIRECTION('',(0.,0.,1.));
#8059 = ORIENTED_EDGE('',*,*,#6260,.F.);
#8060 = ORIENTED_EDGE('',*,*,#8054,.F.);
#8061 = CYLINDRICAL_SURFACE('',#8062,0.4);
#8062 = AXIS2_PLACEMENT_3D('',#8063,#8064,#8065);
#8063 = CARTESIAN_POINT('',(104.,-108.,-4.6E-02));
#8064 = DIRECTION('',(-0.,-0.,-1.));
#8065 = DIRECTION('',(-0.,-1.,0.));
#8066 = ADVANCED_FACE('',(#8067),#8078,.F.);
#8067 = FACE_BOUND('',#8068,.T.);
#8068 = EDGE_LOOP('',(#8069,#8070,#8076,#8077));
#8069 = ORIENTED_EDGE('',*,*,#4536,.T.);
#8070 = ORIENTED_EDGE('',*,*,#8071,.T.);
#8071 = EDGE_CURVE('',#4537,#6272,#8072,.T.);
#8072 = LINE('',#8073,#8074);
#8073 = CARTESIAN_POINT('',(104.,-106.4,-4.6E-02));
#8074 = VECTOR('',#8075,1.);
#8075 = DIRECTION('',(0.,0.,1.));
#8076 = ORIENTED_EDGE('',*,*,#6271,.F.);
#8077 = ORIENTED_EDGE('',*,*,#8071,.F.);
#8078 = CYLINDRICAL_SURFACE('',#8079,0.4);
#8079 = AXIS2_PLACEMENT_3D('',#8080,#8081,#8082);
#8080 = CARTESIAN_POINT('',(104.,-106.,-4.6E-02));
#8081 = DIRECTION('',(-0.,-0.,-1.));
#8082 = DIRECTION('',(-0.,-1.,0.));
#8083 = ADVANCED_FACE('',(#8084),#8095,.F.);
#8084 = FACE_BOUND('',#8085,.T.);
#8085 = EDGE_LOOP('',(#8086,#8087,#8093,#8094));
#8086 = ORIENTED_EDGE('',*,*,#4547,.T.);
#8087 = ORIENTED_EDGE('',*,*,#8088,.T.);
#8088 = EDGE_CURVE('',#4548,#6283,#8089,.T.);
#8089 = LINE('',#8090,#8091);
#8090 = CARTESIAN_POINT('',(126.,-116.4,-4.6E-02));
#8091 = VECTOR('',#8092,1.);
#8092 = DIRECTION('',(0.,0.,1.));
#8093 = ORIENTED_EDGE('',*,*,#6282,.F.);
#8094 = ORIENTED_EDGE('',*,*,#8088,.F.);
#8095 = CYLINDRICAL_SURFACE('',#8096,0.4);
#8096 = AXIS2_PLACEMENT_3D('',#8097,#8098,#8099);
#8097 = CARTESIAN_POINT('',(126.,-116.,-4.6E-02));
#8098 = DIRECTION('',(-0.,-0.,-1.));
#8099 = DIRECTION('',(-0.,-1.,0.));
#8100 = ADVANCED_FACE('',(#8101),#8112,.F.);
#8101 = FACE_BOUND('',#8102,.T.);
#8102 = EDGE_LOOP('',(#8103,#8104,#8110,#8111));
#8103 = ORIENTED_EDGE('',*,*,#4558,.T.);
#8104 = ORIENTED_EDGE('',*,*,#8105,.T.);
#8105 = EDGE_CURVE('',#4559,#6294,#8106,.T.);
#8106 = LINE('',#8107,#8108);
#8107 = CARTESIAN_POINT('',(126.,-114.4,-4.6E-02));
#8108 = VECTOR('',#8109,1.);
#8109 = DIRECTION('',(0.,0.,1.));
#8110 = ORIENTED_EDGE('',*,*,#6293,.F.);
#8111 = ORIENTED_EDGE('',*,*,#8105,.F.);
#8112 = CYLINDRICAL_SURFACE('',#8113,0.4);
#8113 = AXIS2_PLACEMENT_3D('',#8114,#8115,#8116);
#8114 = CARTESIAN_POINT('',(126.,-114.,-4.6E-02));
#8115 = DIRECTION('',(-0.,-0.,-1.));
#8116 = DIRECTION('',(-0.,-1.,0.));
#8117 = ADVANCED_FACE('',(#8118),#8129,.F.);
#8118 = FACE_BOUND('',#8119,.T.);
#8119 = EDGE_LOOP('',(#8120,#8121,#8127,#8128));
#8120 = ORIENTED_EDGE('',*,*,#4569,.T.);
#8121 = ORIENTED_EDGE('',*,*,#8122,.T.);
#8122 = EDGE_CURVE('',#4570,#6305,#8123,.T.);
#8123 = LINE('',#8124,#8125);
#8124 = CARTESIAN_POINT('',(126.,-112.4,-4.6E-02));
#8125 = VECTOR('',#8126,1.);
#8126 = DIRECTION('',(0.,0.,1.));
#8127 = ORIENTED_EDGE('',*,*,#6304,.F.);
#8128 = ORIENTED_EDGE('',*,*,#8122,.F.);
#8129 = CYLINDRICAL_SURFACE('',#8130,0.4);
#8130 = AXIS2_PLACEMENT_3D('',#8131,#8132,#8133);
#8131 = CARTESIAN_POINT('',(126.,-112.,-4.6E-02));
#8132 = DIRECTION('',(-0.,-0.,-1.));
#8133 = DIRECTION('',(-0.,-1.,0.));
#8134 = ADVANCED_FACE('',(#8135),#8146,.F.);
#8135 = FACE_BOUND('',#8136,.T.);
#8136 = EDGE_LOOP('',(#8137,#8138,#8144,#8145));
#8137 = ORIENTED_EDGE('',*,*,#4580,.T.);
#8138 = ORIENTED_EDGE('',*,*,#8139,.T.);
#8139 = EDGE_CURVE('',#4581,#6316,#8140,.T.);
#8140 = LINE('',#8141,#8142);
#8141 = CARTESIAN_POINT('',(126.,-110.4,-4.6E-02));
#8142 = VECTOR('',#8143,1.);
#8143 = DIRECTION('',(0.,0.,1.));
#8144 = ORIENTED_EDGE('',*,*,#6315,.F.);
#8145 = ORIENTED_EDGE('',*,*,#8139,.F.);
#8146 = CYLINDRICAL_SURFACE('',#8147,0.4);
#8147 = AXIS2_PLACEMENT_3D('',#8148,#8149,#8150);
#8148 = CARTESIAN_POINT('',(126.,-110.,-4.6E-02));
#8149 = DIRECTION('',(-0.,-0.,-1.));
#8150 = DIRECTION('',(-0.,-1.,0.));
#8151 = ADVANCED_FACE('',(#8152),#8163,.F.);
#8152 = FACE_BOUND('',#8153,.T.);
#8153 = EDGE_LOOP('',(#8154,#8155,#8161,#8162));
#8154 = ORIENTED_EDGE('',*,*,#4591,.T.);
#8155 = ORIENTED_EDGE('',*,*,#8156,.T.);
#8156 = EDGE_CURVE('',#4592,#6327,#8157,.T.);
#8157 = LINE('',#8158,#8159);
#8158 = CARTESIAN_POINT('',(130.345,-111.0718,-4.6E-02));
#8159 = VECTOR('',#8160,1.);
#8160 = DIRECTION('',(0.,0.,1.));
#8161 = ORIENTED_EDGE('',*,*,#6326,.F.);
#8162 = ORIENTED_EDGE('',*,*,#8156,.F.);
#8163 = CYLINDRICAL_SURFACE('',#8164,0.4318);
#8164 = AXIS2_PLACEMENT_3D('',#8165,#8166,#8167);
#8165 = CARTESIAN_POINT('',(130.345,-110.64,-4.6E-02));
#8166 = DIRECTION('',(-0.,-0.,-1.));
#8167 = DIRECTION('',(-0.,-1.,0.));
#8168 = ADVANCED_FACE('',(#8169),#8180,.F.);
#8169 = FACE_BOUND('',#8170,.T.);
#8170 = EDGE_LOOP('',(#8171,#8172,#8178,#8179));
#8171 = ORIENTED_EDGE('',*,*,#4602,.T.);
#8172 = ORIENTED_EDGE('',*,*,#8173,.T.);
#8173 = EDGE_CURVE('',#4603,#6338,#8174,.T.);
#8174 = LINE('',#8175,#8176);
#8175 = CARTESIAN_POINT('',(126.,-108.4,-4.6E-02));
#8176 = VECTOR('',#8177,1.);
#8177 = DIRECTION('',(0.,0.,1.));
#8178 = ORIENTED_EDGE('',*,*,#6337,.F.);
#8179 = ORIENTED_EDGE('',*,*,#8173,.F.);
#8180 = CYLINDRICAL_SURFACE('',#8181,0.4);
#8181 = AXIS2_PLACEMENT_3D('',#8182,#8183,#8184);
#8182 = CARTESIAN_POINT('',(126.,-108.,-4.6E-02));
#8183 = DIRECTION('',(-0.,-0.,-1.));
#8184 = DIRECTION('',(-0.,-1.,0.));
#8185 = ADVANCED_FACE('',(#8186),#8197,.F.);
#8186 = FACE_BOUND('',#8187,.T.);
#8187 = EDGE_LOOP('',(#8188,#8189,#8195,#8196));
#8188 = ORIENTED_EDGE('',*,*,#4613,.T.);
#8189 = ORIENTED_EDGE('',*,*,#8190,.T.);
#8190 = EDGE_CURVE('',#4614,#6349,#8191,.T.);
#8191 = LINE('',#8192,#8193);
#8192 = CARTESIAN_POINT('',(126.,-106.4,-4.6E-02));
#8193 = VECTOR('',#8194,1.);
#8194 = DIRECTION('',(0.,0.,1.));
#8195 = ORIENTED_EDGE('',*,*,#6348,.F.);
#8196 = ORIENTED_EDGE('',*,*,#8190,.F.);
#8197 = CYLINDRICAL_SURFACE('',#8198,0.4);
#8198 = AXIS2_PLACEMENT_3D('',#8199,#8200,#8201);
#8199 = CARTESIAN_POINT('',(126.,-106.,-4.6E-02));
#8200 = DIRECTION('',(-0.,-0.,-1.));
#8201 = DIRECTION('',(-0.,-1.,0.));
#8202 = ADVANCED_FACE('',(#8203),#8214,.F.);
#8203 = FACE_BOUND('',#8204,.T.);
#8204 = EDGE_LOOP('',(#8205,#8206,#8212,#8213));
#8205 = ORIENTED_EDGE('',*,*,#4624,.T.);
#8206 = ORIENTED_EDGE('',*,*,#8207,.T.);
#8207 = EDGE_CURVE('',#4625,#6360,#8208,.T.);
#8208 = LINE('',#8209,#8210);
#8209 = CARTESIAN_POINT('',(130.345,-108.5318,-4.6E-02));
#8210 = VECTOR('',#8211,1.);
#8211 = DIRECTION('',(0.,0.,1.));
#8212 = ORIENTED_EDGE('',*,*,#6359,.F.);
#8213 = ORIENTED_EDGE('',*,*,#8207,.F.);
#8214 = CYLINDRICAL_SURFACE('',#8215,0.4318);
#8215 = AXIS2_PLACEMENT_3D('',#8216,#8217,#8218);
#8216 = CARTESIAN_POINT('',(130.345,-108.1,-4.6E-02));
#8217 = DIRECTION('',(-0.,-0.,-1.));
#8218 = DIRECTION('',(-0.,-1.,0.));
#8219 = ADVANCED_FACE('',(#8220),#8231,.F.);
#8220 = FACE_BOUND('',#8221,.T.);
#8221 = EDGE_LOOP('',(#8222,#8223,#8229,#8230));
#8222 = ORIENTED_EDGE('',*,*,#4635,.T.);
#8223 = ORIENTED_EDGE('',*,*,#8224,.T.);
#8224 = EDGE_CURVE('',#4636,#6371,#8225,.T.);
#8225 = LINE('',#8226,#8227);
#8226 = CARTESIAN_POINT('',(130.345,-105.9918,-4.6E-02));
#8227 = VECTOR('',#8228,1.);
#8228 = DIRECTION('',(0.,0.,1.));
#8229 = ORIENTED_EDGE('',*,*,#6370,.F.);
#8230 = ORIENTED_EDGE('',*,*,#8224,.F.);
#8231 = CYLINDRICAL_SURFACE('',#8232,0.4318);
#8232 = AXIS2_PLACEMENT_3D('',#8233,#8234,#8235);
#8233 = CARTESIAN_POINT('',(130.345,-105.56,-4.6E-02));
#8234 = DIRECTION('',(-0.,-0.,-1.));
#8235 = DIRECTION('',(-0.,-1.,0.));
#8236 = ADVANCED_FACE('',(#8237),#8248,.F.);
#8237 = FACE_BOUND('',#8238,.T.);
#8238 = EDGE_LOOP('',(#8239,#8240,#8246,#8247));
#8239 = ORIENTED_EDGE('',*,*,#4646,.T.);
#8240 = ORIENTED_EDGE('',*,*,#8241,.T.);
#8241 = EDGE_CURVE('',#4647,#6382,#8242,.T.);
#8242 = LINE('',#8243,#8244);
#8243 = CARTESIAN_POINT('',(104.,-104.4,-4.6E-02));
#8244 = VECTOR('',#8245,1.);
#8245 = DIRECTION('',(0.,0.,1.));
#8246 = ORIENTED_EDGE('',*,*,#6381,.F.);
#8247 = ORIENTED_EDGE('',*,*,#8241,.F.);
#8248 = CYLINDRICAL_SURFACE('',#8249,0.4);
#8249 = AXIS2_PLACEMENT_3D('',#8250,#8251,#8252);
#8250 = CARTESIAN_POINT('',(104.,-104.,-4.6E-02));
#8251 = DIRECTION('',(-0.,-0.,-1.));
#8252 = DIRECTION('',(-0.,-1.,0.));
#8253 = ADVANCED_FACE('',(#8254),#8265,.F.);
#8254 = FACE_BOUND('',#8255,.T.);
#8255 = EDGE_LOOP('',(#8256,#8257,#8263,#8264));
#8256 = ORIENTED_EDGE('',*,*,#4657,.T.);
#8257 = ORIENTED_EDGE('',*,*,#8258,.T.);
#8258 = EDGE_CURVE('',#4658,#6393,#8259,.T.);
#8259 = LINE('',#8260,#8261);
#8260 = CARTESIAN_POINT('',(104.,-102.4,-4.6E-02));
#8261 = VECTOR('',#8262,1.);
#8262 = DIRECTION('',(0.,0.,1.));
#8263 = ORIENTED_EDGE('',*,*,#6392,.F.);
#8264 = ORIENTED_EDGE('',*,*,#8258,.F.);
#8265 = CYLINDRICAL_SURFACE('',#8266,0.4);
#8266 = AXIS2_PLACEMENT_3D('',#8267,#8268,#8269);
#8267 = CARTESIAN_POINT('',(104.,-102.,-4.6E-02));
#8268 = DIRECTION('',(-0.,-0.,-1.));
#8269 = DIRECTION('',(-0.,-1.,0.));
#8270 = ADVANCED_FACE('',(#8271),#8282,.F.);
#8271 = FACE_BOUND('',#8272,.T.);
#8272 = EDGE_LOOP('',(#8273,#8274,#8280,#8281));
#8273 = ORIENTED_EDGE('',*,*,#4668,.T.);
#8274 = ORIENTED_EDGE('',*,*,#8275,.T.);
#8275 = EDGE_CURVE('',#4669,#6404,#8276,.T.);
#8276 = LINE('',#8277,#8278);
#8277 = CARTESIAN_POINT('',(104.,-100.4,-4.6E-02));
#8278 = VECTOR('',#8279,1.);
#8279 = DIRECTION('',(0.,0.,1.));
#8280 = ORIENTED_EDGE('',*,*,#6403,.F.);
#8281 = ORIENTED_EDGE('',*,*,#8275,.F.);
#8282 = CYLINDRICAL_SURFACE('',#8283,0.4);
#8283 = AXIS2_PLACEMENT_3D('',#8284,#8285,#8286);
#8284 = CARTESIAN_POINT('',(104.,-100.,-4.6E-02));
#8285 = DIRECTION('',(-0.,-0.,-1.));
#8286 = DIRECTION('',(-0.,-1.,0.));
#8287 = ADVANCED_FACE('',(#8288),#8299,.F.);
#8288 = FACE_BOUND('',#8289,.T.);
#8289 = EDGE_LOOP('',(#8290,#8291,#8297,#8298));
#8290 = ORIENTED_EDGE('',*,*,#4679,.T.);
#8291 = ORIENTED_EDGE('',*,*,#8292,.T.);
#8292 = EDGE_CURVE('',#4680,#6415,#8293,.T.);
#8293 = LINE('',#8294,#8295);
#8294 = CARTESIAN_POINT('',(104.,-98.4,-4.6E-02));
#8295 = VECTOR('',#8296,1.);
#8296 = DIRECTION('',(0.,0.,1.));
#8297 = ORIENTED_EDGE('',*,*,#6414,.F.);
#8298 = ORIENTED_EDGE('',*,*,#8292,.F.);
#8299 = CYLINDRICAL_SURFACE('',#8300,0.4);
#8300 = AXIS2_PLACEMENT_3D('',#8301,#8302,#8303);
#8301 = CARTESIAN_POINT('',(104.,-98.,-4.6E-02));
#8302 = DIRECTION('',(-0.,-0.,-1.));
#8303 = DIRECTION('',(-0.,-1.,0.));
#8304 = ADVANCED_FACE('',(#8305),#8316,.F.);
#8305 = FACE_BOUND('',#8306,.T.);
#8306 = EDGE_LOOP('',(#8307,#8308,#8314,#8315));
#8307 = ORIENTED_EDGE('',*,*,#4690,.T.);
#8308 = ORIENTED_EDGE('',*,*,#8309,.T.);
#8309 = EDGE_CURVE('',#4691,#6426,#8310,.T.);
#8310 = LINE('',#8311,#8312);
#8311 = CARTESIAN_POINT('',(104.18,-89.1,-4.6E-02));
#8312 = VECTOR('',#8313,1.);
#8313 = DIRECTION('',(0.,0.,1.));
#8314 = ORIENTED_EDGE('',*,*,#6425,.F.);
#8315 = ORIENTED_EDGE('',*,*,#8309,.F.);
#8316 = CYLINDRICAL_SURFACE('',#8317,0.5);
#8317 = AXIS2_PLACEMENT_3D('',#8318,#8319,#8320);
#8318 = CARTESIAN_POINT('',(104.18,-88.6,-4.6E-02));
#8319 = DIRECTION('',(-0.,-0.,-1.));
#8320 = DIRECTION('',(-0.,-1.,0.));
#8321 = ADVANCED_FACE('',(#8322),#8333,.F.);
#8322 = FACE_BOUND('',#8323,.T.);
#8323 = EDGE_LOOP('',(#8324,#8325,#8331,#8332));
#8324 = ORIENTED_EDGE('',*,*,#4701,.T.);
#8325 = ORIENTED_EDGE('',*,*,#8326,.T.);
#8326 = EDGE_CURVE('',#4702,#6437,#8327,.T.);
#8327 = LINE('',#8328,#8329);
#8328 = CARTESIAN_POINT('',(106.72,-89.1,-4.6E-02));
#8329 = VECTOR('',#8330,1.);
#8330 = DIRECTION('',(0.,0.,1.));
#8331 = ORIENTED_EDGE('',*,*,#6436,.F.);
#8332 = ORIENTED_EDGE('',*,*,#8326,.F.);
#8333 = CYLINDRICAL_SURFACE('',#8334,0.5);
#8334 = AXIS2_PLACEMENT_3D('',#8335,#8336,#8337);
#8335 = CARTESIAN_POINT('',(106.72,-88.6,-4.6E-02));
#8336 = DIRECTION('',(-0.,-0.,-1.));
#8337 = DIRECTION('',(-0.,-1.,0.));
#8338 = ADVANCED_FACE('',(#8339),#8350,.F.);
#8339 = FACE_BOUND('',#8340,.T.);
#8340 = EDGE_LOOP('',(#8341,#8342,#8348,#8349));
#8341 = ORIENTED_EDGE('',*,*,#4712,.T.);
#8342 = ORIENTED_EDGE('',*,*,#8343,.T.);
#8343 = EDGE_CURVE('',#4713,#6448,#8344,.T.);
#8344 = LINE('',#8345,#8346);
#8345 = CARTESIAN_POINT('',(104.18,-86.56,-4.6E-02));
#8346 = VECTOR('',#8347,1.);
#8347 = DIRECTION('',(0.,0.,1.));
#8348 = ORIENTED_EDGE('',*,*,#6447,.F.);
#8349 = ORIENTED_EDGE('',*,*,#8343,.F.);
#8350 = CYLINDRICAL_SURFACE('',#8351,0.5);
#8351 = AXIS2_PLACEMENT_3D('',#8352,#8353,#8354);
#8352 = CARTESIAN_POINT('',(104.18,-86.06,-4.6E-02));
#8353 = DIRECTION('',(-0.,-0.,-1.));
#8354 = DIRECTION('',(-0.,-1.,0.));
#8355 = ADVANCED_FACE('',(#8356),#8367,.F.);
#8356 = FACE_BOUND('',#8357,.T.);
#8357 = EDGE_LOOP('',(#8358,#8359,#8365,#8366));
#8358 = ORIENTED_EDGE('',*,*,#4723,.T.);
#8359 = ORIENTED_EDGE('',*,*,#8360,.T.);
#8360 = EDGE_CURVE('',#4724,#6459,#8361,.T.);
#8361 = LINE('',#8362,#8363);
#8362 = CARTESIAN_POINT('',(106.72,-86.56,-4.6E-02));
#8363 = VECTOR('',#8364,1.);
#8364 = DIRECTION('',(0.,0.,1.));
#8365 = ORIENTED_EDGE('',*,*,#6458,.F.);
#8366 = ORIENTED_EDGE('',*,*,#8360,.F.);
#8367 = CYLINDRICAL_SURFACE('',#8368,0.5);
#8368 = AXIS2_PLACEMENT_3D('',#8369,#8370,#8371);
#8369 = CARTESIAN_POINT('',(106.72,-86.06,-4.6E-02));
#8370 = DIRECTION('',(-0.,-0.,-1.));
#8371 = DIRECTION('',(-0.,-1.,0.));
#8372 = ADVANCED_FACE('',(#8373),#8384,.F.);
#8373 = FACE_BOUND('',#8374,.T.);
#8374 = EDGE_LOOP('',(#8375,#8376,#8382,#8383));
#8375 = ORIENTED_EDGE('',*,*,#4734,.T.);
#8376 = ORIENTED_EDGE('',*,*,#8377,.T.);
#8377 = EDGE_CURVE('',#4735,#6470,#8378,.T.);
#8378 = LINE('',#8379,#8380);
#8379 = CARTESIAN_POINT('',(109.26,-89.1,-4.6E-02));
#8380 = VECTOR('',#8381,1.);
#8381 = DIRECTION('',(0.,0.,1.));
#8382 = ORIENTED_EDGE('',*,*,#6469,.F.);
#8383 = ORIENTED_EDGE('',*,*,#8377,.F.);
#8384 = CYLINDRICAL_SURFACE('',#8385,0.5);
#8385 = AXIS2_PLACEMENT_3D('',#8386,#8387,#8388);
#8386 = CARTESIAN_POINT('',(109.26,-88.6,-4.6E-02));
#8387 = DIRECTION('',(-0.,-0.,-1.));
#8388 = DIRECTION('',(-0.,-1.,0.));
#8389 = ADVANCED_FACE('',(#8390),#8401,.F.);
#8390 = FACE_BOUND('',#8391,.T.);
#8391 = EDGE_LOOP('',(#8392,#8393,#8399,#8400));
#8392 = ORIENTED_EDGE('',*,*,#4745,.T.);
#8393 = ORIENTED_EDGE('',*,*,#8394,.T.);
#8394 = EDGE_CURVE('',#4746,#6481,#8395,.T.);
#8395 = LINE('',#8396,#8397);
#8396 = CARTESIAN_POINT('',(109.26,-86.56,-4.6E-02));
#8397 = VECTOR('',#8398,1.);
#8398 = DIRECTION('',(0.,0.,1.));
#8399 = ORIENTED_EDGE('',*,*,#6480,.F.);
#8400 = ORIENTED_EDGE('',*,*,#8394,.F.);
#8401 = CYLINDRICAL_SURFACE('',#8402,0.5);
#8402 = AXIS2_PLACEMENT_3D('',#8403,#8404,#8405);
#8403 = CARTESIAN_POINT('',(109.26,-86.06,-4.6E-02));
#8404 = DIRECTION('',(-0.,-0.,-1.));
#8405 = DIRECTION('',(-0.,-1.,0.));
#8406 = ADVANCED_FACE('',(#8407),#8418,.F.);
#8407 = FACE_BOUND('',#8408,.T.);
#8408 = EDGE_LOOP('',(#8409,#8410,#8416,#8417));
#8409 = ORIENTED_EDGE('',*,*,#4756,.T.);
#8410 = ORIENTED_EDGE('',*,*,#8411,.T.);
#8411 = EDGE_CURVE('',#4757,#6492,#8412,.T.);
#8412 = LINE('',#8413,#8414);
#8413 = CARTESIAN_POINT('',(111.8,-89.1,-4.6E-02));
#8414 = VECTOR('',#8415,1.);
#8415 = DIRECTION('',(0.,0.,1.));
#8416 = ORIENTED_EDGE('',*,*,#6491,.F.);
#8417 = ORIENTED_EDGE('',*,*,#8411,.F.);
#8418 = CYLINDRICAL_SURFACE('',#8419,0.5);
#8419 = AXIS2_PLACEMENT_3D('',#8420,#8421,#8422);
#8420 = CARTESIAN_POINT('',(111.8,-88.6,-4.6E-02));
#8421 = DIRECTION('',(-0.,-0.,-1.));
#8422 = DIRECTION('',(-0.,-1.,0.));
#8423 = ADVANCED_FACE('',(#8424),#8435,.F.);
#8424 = FACE_BOUND('',#8425,.T.);
#8425 = EDGE_LOOP('',(#8426,#8427,#8433,#8434));
#8426 = ORIENTED_EDGE('',*,*,#4767,.T.);
#8427 = ORIENTED_EDGE('',*,*,#8428,.T.);
#8428 = EDGE_CURVE('',#4768,#6503,#8429,.T.);
#8429 = LINE('',#8430,#8431);
#8430 = CARTESIAN_POINT('',(111.8,-86.56,-4.6E-02));
#8431 = VECTOR('',#8432,1.);
#8432 = DIRECTION('',(0.,0.,1.));
#8433 = ORIENTED_EDGE('',*,*,#6502,.F.);
#8434 = ORIENTED_EDGE('',*,*,#8428,.F.);
#8435 = CYLINDRICAL_SURFACE('',#8436,0.5);
#8436 = AXIS2_PLACEMENT_3D('',#8437,#8438,#8439);
#8437 = CARTESIAN_POINT('',(111.8,-86.06,-4.6E-02));
#8438 = DIRECTION('',(-0.,-0.,-1.));
#8439 = DIRECTION('',(-0.,-1.,0.));
#8440 = ADVANCED_FACE('',(#8441),#8452,.F.);
#8441 = FACE_BOUND('',#8442,.T.);
#8442 = EDGE_LOOP('',(#8443,#8444,#8450,#8451));
#8443 = ORIENTED_EDGE('',*,*,#4778,.T.);
#8444 = ORIENTED_EDGE('',*,*,#8445,.T.);
#8445 = EDGE_CURVE('',#4779,#6514,#8446,.T.);
#8446 = LINE('',#8447,#8448);
#8447 = CARTESIAN_POINT('',(114.34,-89.1,-4.6E-02));
#8448 = VECTOR('',#8449,1.);
#8449 = DIRECTION('',(0.,0.,1.));
#8450 = ORIENTED_EDGE('',*,*,#6513,.F.);
#8451 = ORIENTED_EDGE('',*,*,#8445,.F.);
#8452 = CYLINDRICAL_SURFACE('',#8453,0.5);
#8453 = AXIS2_PLACEMENT_3D('',#8454,#8455,#8456);
#8454 = CARTESIAN_POINT('',(114.34,-88.6,-4.6E-02));
#8455 = DIRECTION('',(-0.,-0.,-1.));
#8456 = DIRECTION('',(-0.,-1.,0.));
#8457 = ADVANCED_FACE('',(#8458),#8469,.F.);
#8458 = FACE_BOUND('',#8459,.T.);
#8459 = EDGE_LOOP('',(#8460,#8461,#8467,#8468));
#8460 = ORIENTED_EDGE('',*,*,#4789,.T.);
#8461 = ORIENTED_EDGE('',*,*,#8462,.T.);
#8462 = EDGE_CURVE('',#4790,#6525,#8463,.T.);
#8463 = LINE('',#8464,#8465);
#8464 = CARTESIAN_POINT('',(116.88,-89.1,-4.6E-02));
#8465 = VECTOR('',#8466,1.);
#8466 = DIRECTION('',(0.,0.,1.));
#8467 = ORIENTED_EDGE('',*,*,#6524,.F.);
#8468 = ORIENTED_EDGE('',*,*,#8462,.F.);
#8469 = CYLINDRICAL_SURFACE('',#8470,0.5);
#8470 = AXIS2_PLACEMENT_3D('',#8471,#8472,#8473);
#8471 = CARTESIAN_POINT('',(116.88,-88.6,-4.6E-02));
#8472 = DIRECTION('',(-0.,-0.,-1.));
#8473 = DIRECTION('',(-0.,-1.,0.));
#8474 = ADVANCED_FACE('',(#8475),#8486,.F.);
#8475 = FACE_BOUND('',#8476,.T.);
#8476 = EDGE_LOOP('',(#8477,#8478,#8484,#8485));
#8477 = ORIENTED_EDGE('',*,*,#4800,.T.);
#8478 = ORIENTED_EDGE('',*,*,#8479,.T.);
#8479 = EDGE_CURVE('',#4801,#6536,#8480,.T.);
#8480 = LINE('',#8481,#8482);
#8481 = CARTESIAN_POINT('',(114.34,-86.56,-4.6E-02));
#8482 = VECTOR('',#8483,1.);
#8483 = DIRECTION('',(0.,0.,1.));
#8484 = ORIENTED_EDGE('',*,*,#6535,.F.);
#8485 = ORIENTED_EDGE('',*,*,#8479,.F.);
#8486 = CYLINDRICAL_SURFACE('',#8487,0.5);
#8487 = AXIS2_PLACEMENT_3D('',#8488,#8489,#8490);
#8488 = CARTESIAN_POINT('',(114.34,-86.06,-4.6E-02));
#8489 = DIRECTION('',(-0.,-0.,-1.));
#8490 = DIRECTION('',(-0.,-1.,0.));
#8491 = ADVANCED_FACE('',(#8492),#8503,.F.);
#8492 = FACE_BOUND('',#8493,.T.);
#8493 = EDGE_LOOP('',(#8494,#8495,#8501,#8502));
#8494 = ORIENTED_EDGE('',*,*,#4811,.T.);
#8495 = ORIENTED_EDGE('',*,*,#8496,.T.);
#8496 = EDGE_CURVE('',#4812,#6547,#8497,.T.);
#8497 = LINE('',#8498,#8499);
#8498 = CARTESIAN_POINT('',(116.88,-86.56,-4.6E-02));
#8499 = VECTOR('',#8500,1.);
#8500 = DIRECTION('',(0.,0.,1.));
#8501 = ORIENTED_EDGE('',*,*,#6546,.F.);
#8502 = ORIENTED_EDGE('',*,*,#8496,.F.);
#8503 = CYLINDRICAL_SURFACE('',#8504,0.5);
#8504 = AXIS2_PLACEMENT_3D('',#8505,#8506,#8507);
#8505 = CARTESIAN_POINT('',(116.88,-86.06,-4.6E-02));
#8506 = DIRECTION('',(-0.,-0.,-1.));
#8507 = DIRECTION('',(-0.,-1.,0.));
#8508 = ADVANCED_FACE('',(#8509),#8520,.F.);
#8509 = FACE_BOUND('',#8510,.T.);
#8510 = EDGE_LOOP('',(#8511,#8512,#8518,#8519));
#8511 = ORIENTED_EDGE('',*,*,#4822,.T.);
#8512 = ORIENTED_EDGE('',*,*,#8513,.T.);
#8513 = EDGE_CURVE('',#4823,#6558,#8514,.T.);
#8514 = LINE('',#8515,#8516);
#8515 = CARTESIAN_POINT('',(126.,-104.4,-4.6E-02));
#8516 = VECTOR('',#8517,1.);
#8517 = DIRECTION('',(0.,0.,1.));
#8518 = ORIENTED_EDGE('',*,*,#6557,.F.);
#8519 = ORIENTED_EDGE('',*,*,#8513,.F.);
#8520 = CYLINDRICAL_SURFACE('',#8521,0.4);
#8521 = AXIS2_PLACEMENT_3D('',#8522,#8523,#8524);
#8522 = CARTESIAN_POINT('',(126.,-104.,-4.6E-02));
#8523 = DIRECTION('',(-0.,-0.,-1.));
#8524 = DIRECTION('',(-0.,-1.,0.));
#8525 = ADVANCED_FACE('',(#8526),#8537,.F.);
#8526 = FACE_BOUND('',#8527,.T.);
#8527 = EDGE_LOOP('',(#8528,#8529,#8535,#8536));
#8528 = ORIENTED_EDGE('',*,*,#4833,.T.);
#8529 = ORIENTED_EDGE('',*,*,#8530,.T.);
#8530 = EDGE_CURVE('',#4834,#6569,#8531,.T.);
#8531 = LINE('',#8532,#8533);
#8532 = CARTESIAN_POINT('',(126.,-102.4,-4.6E-02));
#8533 = VECTOR('',#8534,1.);
#8534 = DIRECTION('',(0.,0.,1.));
#8535 = ORIENTED_EDGE('',*,*,#6568,.F.);
#8536 = ORIENTED_EDGE('',*,*,#8530,.F.);
#8537 = CYLINDRICAL_SURFACE('',#8538,0.4);
#8538 = AXIS2_PLACEMENT_3D('',#8539,#8540,#8541);
#8539 = CARTESIAN_POINT('',(126.,-102.,-4.6E-02));
#8540 = DIRECTION('',(-0.,-0.,-1.));
#8541 = DIRECTION('',(-0.,-1.,0.));
#8542 = ADVANCED_FACE('',(#8543),#8554,.F.);
#8543 = FACE_BOUND('',#8544,.T.);
#8544 = EDGE_LOOP('',(#8545,#8546,#8552,#8553));
#8545 = ORIENTED_EDGE('',*,*,#4844,.T.);
#8546 = ORIENTED_EDGE('',*,*,#8547,.T.);
#8547 = EDGE_CURVE('',#4845,#6580,#8548,.T.);
#8548 = LINE('',#8549,#8550);
#8549 = CARTESIAN_POINT('',(126.,-100.4,-4.6E-02));
#8550 = VECTOR('',#8551,1.);
#8551 = DIRECTION('',(0.,0.,1.));
#8552 = ORIENTED_EDGE('',*,*,#6579,.F.);
#8553 = ORIENTED_EDGE('',*,*,#8547,.F.);
#8554 = CYLINDRICAL_SURFACE('',#8555,0.4);
#8555 = AXIS2_PLACEMENT_3D('',#8556,#8557,#8558);
#8556 = CARTESIAN_POINT('',(126.,-100.,-4.6E-02));
#8557 = DIRECTION('',(-0.,-0.,-1.));
#8558 = DIRECTION('',(-0.,-1.,0.));
#8559 = ADVANCED_FACE('',(#8560),#8571,.F.);
#8560 = FACE_BOUND('',#8561,.T.);
#8561 = EDGE_LOOP('',(#8562,#8563,#8569,#8570));
#8562 = ORIENTED_EDGE('',*,*,#4855,.T.);
#8563 = ORIENTED_EDGE('',*,*,#8564,.T.);
#8564 = EDGE_CURVE('',#4856,#6591,#8565,.T.);
#8565 = LINE('',#8566,#8567);
#8566 = CARTESIAN_POINT('',(130.345,-103.4518,-4.6E-02));
#8567 = VECTOR('',#8568,1.);
#8568 = DIRECTION('',(0.,0.,1.));
#8569 = ORIENTED_EDGE('',*,*,#6590,.F.);
#8570 = ORIENTED_EDGE('',*,*,#8564,.F.);
#8571 = CYLINDRICAL_SURFACE('',#8572,0.4318);
#8572 = AXIS2_PLACEMENT_3D('',#8573,#8574,#8575);
#8573 = CARTESIAN_POINT('',(130.345,-103.02,-4.6E-02));
#8574 = DIRECTION('',(-0.,-0.,-1.));
#8575 = DIRECTION('',(-0.,-1.,0.));
#8576 = ADVANCED_FACE('',(#8577),#8588,.F.);
#8577 = FACE_BOUND('',#8578,.T.);
#8578 = EDGE_LOOP('',(#8579,#8580,#8586,#8587));
#8579 = ORIENTED_EDGE('',*,*,#4866,.T.);
#8580 = ORIENTED_EDGE('',*,*,#8581,.T.);
#8581 = EDGE_CURVE('',#4867,#6602,#8582,.T.);
#8582 = LINE('',#8583,#8584);
#8583 = CARTESIAN_POINT('',(130.345,-100.9118,-4.6E-02));
#8584 = VECTOR('',#8585,1.);
#8585 = DIRECTION('',(0.,0.,1.));
#8586 = ORIENTED_EDGE('',*,*,#6601,.F.);
#8587 = ORIENTED_EDGE('',*,*,#8581,.F.);
#8588 = CYLINDRICAL_SURFACE('',#8589,0.4318);
#8589 = AXIS2_PLACEMENT_3D('',#8590,#8591,#8592);
#8590 = CARTESIAN_POINT('',(130.345,-100.48,-4.6E-02));
#8591 = DIRECTION('',(-0.,-0.,-1.));
#8592 = DIRECTION('',(-0.,-1.,0.));
#8593 = ADVANCED_FACE('',(#8594),#8605,.F.);
#8594 = FACE_BOUND('',#8595,.T.);
#8595 = EDGE_LOOP('',(#8596,#8597,#8603,#8604));
#8596 = ORIENTED_EDGE('',*,*,#4877,.T.);
#8597 = ORIENTED_EDGE('',*,*,#8598,.T.);
#8598 = EDGE_CURVE('',#4878,#6613,#8599,.T.);
#8599 = LINE('',#8600,#8601);
#8600 = CARTESIAN_POINT('',(126.,-98.4,-4.6E-02));
#8601 = VECTOR('',#8602,1.);
#8602 = DIRECTION('',(0.,0.,1.));
#8603 = ORIENTED_EDGE('',*,*,#6612,.F.);
#8604 = ORIENTED_EDGE('',*,*,#8598,.F.);
#8605 = CYLINDRICAL_SURFACE('',#8606,0.4);
#8606 = AXIS2_PLACEMENT_3D('',#8607,#8608,#8609);
#8607 = CARTESIAN_POINT('',(126.,-98.,-4.6E-02));
#8608 = DIRECTION('',(-0.,-0.,-1.));
#8609 = DIRECTION('',(-0.,-1.,0.));
#8610 = ADVANCED_FACE('',(#8611),#8622,.F.);
#8611 = FACE_BOUND('',#8612,.T.);
#8612 = EDGE_LOOP('',(#8613,#8614,#8620,#8621));
#8613 = ORIENTED_EDGE('',*,*,#4888,.T.);
#8614 = ORIENTED_EDGE('',*,*,#8615,.T.);
#8615 = EDGE_CURVE('',#4889,#6624,#8616,.T.);
#8616 = LINE('',#8617,#8618);
#8617 = CARTESIAN_POINT('',(130.345,-98.3718,-4.6E-02));
#8618 = VECTOR('',#8619,1.);
#8619 = DIRECTION('',(0.,0.,1.));
#8620 = ORIENTED_EDGE('',*,*,#6623,.F.);
#8621 = ORIENTED_EDGE('',*,*,#8615,.F.);
#8622 = CYLINDRICAL_SURFACE('',#8623,0.4318);
#8623 = AXIS2_PLACEMENT_3D('',#8624,#8625,#8626);
#8624 = CARTESIAN_POINT('',(130.345,-97.94,-4.6E-02));
#8625 = DIRECTION('',(-0.,-0.,-1.));
#8626 = DIRECTION('',(-0.,-1.,0.));
#8627 = ADVANCED_FACE('',(#8628),#8639,.F.);
#8628 = FACE_BOUND('',#8629,.T.);
#8629 = EDGE_LOOP('',(#8630,#8631,#8637,#8638));
#8630 = ORIENTED_EDGE('',*,*,#4899,.T.);
#8631 = ORIENTED_EDGE('',*,*,#8632,.T.);
#8632 = EDGE_CURVE('',#4900,#6635,#8633,.T.);
#8633 = LINE('',#8634,#8635);
#8634 = CARTESIAN_POINT('',(130.345,-95.8318,-4.6E-02));
#8635 = VECTOR('',#8636,1.);
#8636 = DIRECTION('',(0.,0.,1.));
#8637 = ORIENTED_EDGE('',*,*,#6634,.F.);
#8638 = ORIENTED_EDGE('',*,*,#8632,.F.);
#8639 = CYLINDRICAL_SURFACE('',#8640,0.4318);
#8640 = AXIS2_PLACEMENT_3D('',#8641,#8642,#8643);
#8641 = CARTESIAN_POINT('',(130.345,-95.4,-4.6E-02));
#8642 = DIRECTION('',(-0.,-0.,-1.));
#8643 = DIRECTION('',(-0.,-1.,0.));
#8644 = ADVANCED_FACE('',(#8645),#8656,.F.);
#8645 = FACE_BOUND('',#8646,.T.);
#8646 = EDGE_LOOP('',(#8647,#8648,#8654,#8655));
#8647 = ORIENTED_EDGE('',*,*,#4910,.T.);
#8648 = ORIENTED_EDGE('',*,*,#8649,.T.);
#8649 = EDGE_CURVE('',#4911,#6646,#8650,.T.);
#8650 = LINE('',#8651,#8652);
#8651 = CARTESIAN_POINT('',(119.42,-89.1,-4.6E-02));
#8652 = VECTOR('',#8653,1.);
#8653 = DIRECTION('',(0.,0.,1.));
#8654 = ORIENTED_EDGE('',*,*,#6645,.F.);
#8655 = ORIENTED_EDGE('',*,*,#8649,.F.);
#8656 = CYLINDRICAL_SURFACE('',#8657,0.5);
#8657 = AXIS2_PLACEMENT_3D('',#8658,#8659,#8660);
#8658 = CARTESIAN_POINT('',(119.42,-88.6,-4.6E-02));
#8659 = DIRECTION('',(-0.,-0.,-1.));
#8660 = DIRECTION('',(-0.,-1.,0.));
#8661 = ADVANCED_FACE('',(#8662),#8673,.F.);
#8662 = FACE_BOUND('',#8663,.T.);
#8663 = EDGE_LOOP('',(#8664,#8665,#8671,#8672));
#8664 = ORIENTED_EDGE('',*,*,#4921,.T.);
#8665 = ORIENTED_EDGE('',*,*,#8666,.T.);
#8666 = EDGE_CURVE('',#4922,#6657,#8667,.T.);
#8667 = LINE('',#8668,#8669);
#8668 = CARTESIAN_POINT('',(119.42,-86.56,-4.6E-02));
#8669 = VECTOR('',#8670,1.);
#8670 = DIRECTION('',(0.,0.,1.));
#8671 = ORIENTED_EDGE('',*,*,#6656,.F.);
#8672 = ORIENTED_EDGE('',*,*,#8666,.F.);
#8673 = CYLINDRICAL_SURFACE('',#8674,0.5);
#8674 = AXIS2_PLACEMENT_3D('',#8675,#8676,#8677);
#8675 = CARTESIAN_POINT('',(119.42,-86.06,-4.6E-02));
#8676 = DIRECTION('',(-0.,-0.,-1.));
#8677 = DIRECTION('',(-0.,-1.,0.));
#8678 = ADVANCED_FACE('',(#8679),#8690,.F.);
#8679 = FACE_BOUND('',#8680,.T.);
#8680 = EDGE_LOOP('',(#8681,#8682,#8688,#8689));
#8681 = ORIENTED_EDGE('',*,*,#4932,.T.);
#8682 = ORIENTED_EDGE('',*,*,#8683,.T.);
#8683 = EDGE_CURVE('',#4933,#6668,#8684,.T.);
#8684 = LINE('',#8685,#8686);
#8685 = CARTESIAN_POINT('',(121.96,-89.1,-4.6E-02));
#8686 = VECTOR('',#8687,1.);
#8687 = DIRECTION('',(0.,0.,1.));
#8688 = ORIENTED_EDGE('',*,*,#6667,.F.);
#8689 = ORIENTED_EDGE('',*,*,#8683,.F.);
#8690 = CYLINDRICAL_SURFACE('',#8691,0.5);
#8691 = AXIS2_PLACEMENT_3D('',#8692,#8693,#8694);
#8692 = CARTESIAN_POINT('',(121.96,-88.6,-4.6E-02));
#8693 = DIRECTION('',(-0.,-0.,-1.));
#8694 = DIRECTION('',(-0.,-1.,0.));
#8695 = ADVANCED_FACE('',(#8696),#8707,.F.);
#8696 = FACE_BOUND('',#8697,.T.);
#8697 = EDGE_LOOP('',(#8698,#8699,#8705,#8706));
#8698 = ORIENTED_EDGE('',*,*,#4943,.T.);
#8699 = ORIENTED_EDGE('',*,*,#8700,.T.);
#8700 = EDGE_CURVE('',#4944,#6679,#8701,.T.);
#8701 = LINE('',#8702,#8703);
#8702 = CARTESIAN_POINT('',(124.5,-89.1,-4.6E-02));
#8703 = VECTOR('',#8704,1.);
#8704 = DIRECTION('',(0.,0.,1.));
#8705 = ORIENTED_EDGE('',*,*,#6678,.F.);
#8706 = ORIENTED_EDGE('',*,*,#8700,.F.);
#8707 = CYLINDRICAL_SURFACE('',#8708,0.5);
#8708 = AXIS2_PLACEMENT_3D('',#8709,#8710,#8711);
#8709 = CARTESIAN_POINT('',(124.5,-88.6,-4.6E-02));
#8710 = DIRECTION('',(-0.,-0.,-1.));
#8711 = DIRECTION('',(-0.,-1.,0.));
#8712 = ADVANCED_FACE('',(#8713),#8724,.F.);
#8713 = FACE_BOUND('',#8714,.T.);
#8714 = EDGE_LOOP('',(#8715,#8716,#8722,#8723));
#8715 = ORIENTED_EDGE('',*,*,#4954,.T.);
#8716 = ORIENTED_EDGE('',*,*,#8717,.T.);
#8717 = EDGE_CURVE('',#4955,#6690,#8718,.T.);
#8718 = LINE('',#8719,#8720);
#8719 = CARTESIAN_POINT('',(121.96,-86.56,-4.6E-02));
#8720 = VECTOR('',#8721,1.);
#8721 = DIRECTION('',(0.,0.,1.));
#8722 = ORIENTED_EDGE('',*,*,#6689,.F.);
#8723 = ORIENTED_EDGE('',*,*,#8717,.F.);
#8724 = CYLINDRICAL_SURFACE('',#8725,0.5);
#8725 = AXIS2_PLACEMENT_3D('',#8726,#8727,#8728);
#8726 = CARTESIAN_POINT('',(121.96,-86.06,-4.6E-02));
#8727 = DIRECTION('',(-0.,-0.,-1.));
#8728 = DIRECTION('',(-0.,-1.,0.));
#8729 = ADVANCED_FACE('',(#8730),#8741,.F.);
#8730 = FACE_BOUND('',#8731,.T.);
#8731 = EDGE_LOOP('',(#8732,#8733,#8739,#8740));
#8732 = ORIENTED_EDGE('',*,*,#4965,.T.);
#8733 = ORIENTED_EDGE('',*,*,#8734,.T.);
#8734 = EDGE_CURVE('',#4966,#6701,#8735,.T.);
#8735 = LINE('',#8736,#8737);
#8736 = CARTESIAN_POINT('',(124.5,-86.56,-4.6E-02));
#8737 = VECTOR('',#8738,1.);
#8738 = DIRECTION('',(0.,0.,1.));
#8739 = ORIENTED_EDGE('',*,*,#6700,.F.);
#8740 = ORIENTED_EDGE('',*,*,#8734,.F.);
#8741 = CYLINDRICAL_SURFACE('',#8742,0.5);
#8742 = AXIS2_PLACEMENT_3D('',#8743,#8744,#8745);
#8743 = CARTESIAN_POINT('',(124.5,-86.06,-4.6E-02));
#8744 = DIRECTION('',(-0.,-0.,-1.));
#8745 = DIRECTION('',(-0.,-1.,0.));
#8746 = ADVANCED_FACE('',(#8747),#8758,.F.);
#8747 = FACE_BOUND('',#8748,.T.);
#8748 = EDGE_LOOP('',(#8749,#8750,#8756,#8757));
#8749 = ORIENTED_EDGE('',*,*,#4976,.T.);
#8750 = ORIENTED_EDGE('',*,*,#8751,.T.);
#8751 = EDGE_CURVE('',#4977,#6712,#8752,.T.);
#8752 = LINE('',#8753,#8754);
#8753 = CARTESIAN_POINT('',(130.345,-93.2918,-4.6E-02));
#8754 = VECTOR('',#8755,1.);
#8755 = DIRECTION('',(0.,0.,1.));
#8756 = ORIENTED_EDGE('',*,*,#6711,.F.);
#8757 = ORIENTED_EDGE('',*,*,#8751,.F.);
#8758 = CYLINDRICAL_SURFACE('',#8759,0.4318);
#8759 = AXIS2_PLACEMENT_3D('',#8760,#8761,#8762);
#8760 = CARTESIAN_POINT('',(130.345,-92.86,-4.6E-02));
#8761 = DIRECTION('',(-0.,-0.,-1.));
#8762 = DIRECTION('',(-0.,-1.,0.));
#8763 = ADVANCED_FACE('',(#8764),#8775,.F.);
#8764 = FACE_BOUND('',#8765,.T.);
#8765 = EDGE_LOOP('',(#8766,#8767,#8773,#8774));
#8766 = ORIENTED_EDGE('',*,*,#4987,.T.);
#8767 = ORIENTED_EDGE('',*,*,#8768,.T.);
#8768 = EDGE_CURVE('',#4988,#6723,#8769,.T.);
#8769 = LINE('',#8770,#8771);
#8770 = CARTESIAN_POINT('',(127.04,-89.1,-4.6E-02));
#8771 = VECTOR('',#8772,1.);
#8772 = DIRECTION('',(0.,0.,1.));
#8773 = ORIENTED_EDGE('',*,*,#6722,.F.);
#8774 = ORIENTED_EDGE('',*,*,#8768,.F.);
#8775 = CYLINDRICAL_SURFACE('',#8776,0.5);
#8776 = AXIS2_PLACEMENT_3D('',#8777,#8778,#8779);
#8777 = CARTESIAN_POINT('',(127.04,-88.6,-4.6E-02));
#8778 = DIRECTION('',(-0.,-0.,-1.));
#8779 = DIRECTION('',(-0.,-1.,0.));
#8780 = ADVANCED_FACE('',(#8781),#8792,.F.);
#8781 = FACE_BOUND('',#8782,.T.);
#8782 = EDGE_LOOP('',(#8783,#8784,#8790,#8791));
#8783 = ORIENTED_EDGE('',*,*,#4998,.T.);
#8784 = ORIENTED_EDGE('',*,*,#8785,.T.);
#8785 = EDGE_CURVE('',#4999,#6734,#8786,.T.);
#8786 = LINE('',#8787,#8788);
#8787 = CARTESIAN_POINT('',(127.04,-86.56,-4.6E-02));
#8788 = VECTOR('',#8789,1.);
#8789 = DIRECTION('',(0.,0.,1.));
#8790 = ORIENTED_EDGE('',*,*,#6733,.F.);
#8791 = ORIENTED_EDGE('',*,*,#8785,.F.);
#8792 = CYLINDRICAL_SURFACE('',#8793,0.5);
#8793 = AXIS2_PLACEMENT_3D('',#8794,#8795,#8796);
#8794 = CARTESIAN_POINT('',(127.04,-86.06,-4.6E-02));
#8795 = DIRECTION('',(-0.,-0.,-1.));
#8796 = DIRECTION('',(-0.,-1.,0.));
#8797 = ADVANCED_FACE('',(#8798),#8809,.F.);
#8798 = FACE_BOUND('',#8799,.T.);
#8799 = EDGE_LOOP('',(#8800,#8801,#8807,#8808));
#8800 = ORIENTED_EDGE('',*,*,#5009,.T.);
#8801 = ORIENTED_EDGE('',*,*,#8802,.T.);
#8802 = EDGE_CURVE('',#5010,#6745,#8803,.T.);
#8803 = LINE('',#8804,#8805);
#8804 = CARTESIAN_POINT('',(129.58,-89.1,-4.6E-02));
#8805 = VECTOR('',#8806,1.);
#8806 = DIRECTION('',(0.,0.,1.));
#8807 = ORIENTED_EDGE('',*,*,#6744,.F.);
#8808 = ORIENTED_EDGE('',*,*,#8802,.F.);
#8809 = CYLINDRICAL_SURFACE('',#8810,0.5);
#8810 = AXIS2_PLACEMENT_3D('',#8811,#8812,#8813);
#8811 = CARTESIAN_POINT('',(129.58,-88.6,-4.6E-02));
#8812 = DIRECTION('',(-0.,-0.,-1.));
#8813 = DIRECTION('',(-0.,-1.,0.));
#8814 = ADVANCED_FACE('',(#8815),#8826,.F.);
#8815 = FACE_BOUND('',#8816,.T.);
#8816 = EDGE_LOOP('',(#8817,#8818,#8824,#8825));
#8817 = ORIENTED_EDGE('',*,*,#5020,.T.);
#8818 = ORIENTED_EDGE('',*,*,#8819,.T.);
#8819 = EDGE_CURVE('',#5021,#6756,#8820,.T.);
#8820 = LINE('',#8821,#8822);
#8821 = CARTESIAN_POINT('',(129.58,-86.56,-4.6E-02));
#8822 = VECTOR('',#8823,1.);
#8823 = DIRECTION('',(0.,0.,1.));
#8824 = ORIENTED_EDGE('',*,*,#6755,.F.);
#8825 = ORIENTED_EDGE('',*,*,#8819,.F.);
#8826 = CYLINDRICAL_SURFACE('',#8827,0.5);
#8827 = AXIS2_PLACEMENT_3D('',#8828,#8829,#8830);
#8828 = CARTESIAN_POINT('',(129.58,-86.06,-4.6E-02));
#8829 = DIRECTION('',(-0.,-0.,-1.));
#8830 = DIRECTION('',(-0.,-1.,0.));
#8831 = ADVANCED_FACE('',(#8832),#8843,.F.);
#8832 = FACE_BOUND('',#8833,.T.);
#8833 = EDGE_LOOP('',(#8834,#8835,#8841,#8842));
#8834 = ORIENTED_EDGE('',*,*,#5031,.T.);
#8835 = ORIENTED_EDGE('',*,*,#8836,.T.);
#8836 = EDGE_CURVE('',#5032,#6767,#8837,.T.);
#8837 = LINE('',#8838,#8839);
#8838 = CARTESIAN_POINT('',(135.9,-125.25,-4.6E-02));
#8839 = VECTOR('',#8840,1.);
#8840 = DIRECTION('',(0.,0.,1.));
#8841 = ORIENTED_EDGE('',*,*,#6766,.F.);
#8842 = ORIENTED_EDGE('',*,*,#8836,.F.);
#8843 = CYLINDRICAL_SURFACE('',#8844,1.35);
#8844 = AXIS2_PLACEMENT_3D('',#8845,#8846,#8847);
#8845 = CARTESIAN_POINT('',(135.9,-123.9,-4.6E-02));
#8846 = DIRECTION('',(-0.,-0.,-1.));
#8847 = DIRECTION('',(-0.,-1.,0.));
#8848 = ADVANCED_FACE('',(#8849),#8860,.F.);
#8849 = FACE_BOUND('',#8850,.T.);
#8850 = EDGE_LOOP('',(#8851,#8852,#8858,#8859));
#8851 = ORIENTED_EDGE('',*,*,#5042,.T.);
#8852 = ORIENTED_EDGE('',*,*,#8853,.T.);
#8853 = EDGE_CURVE('',#5043,#6778,#8854,.T.);
#8854 = LINE('',#8855,#8856);
#8855 = CARTESIAN_POINT('',(137.965,-111.0718,-4.6E-02));
#8856 = VECTOR('',#8857,1.);
#8857 = DIRECTION('',(0.,0.,1.));
#8858 = ORIENTED_EDGE('',*,*,#6777,.F.);
#8859 = ORIENTED_EDGE('',*,*,#8853,.F.);
#8860 = CYLINDRICAL_SURFACE('',#8861,0.4318);
#8861 = AXIS2_PLACEMENT_3D('',#8862,#8863,#8864);
#8862 = CARTESIAN_POINT('',(137.965,-110.64,-4.6E-02));
#8863 = DIRECTION('',(-0.,-0.,-1.));
#8864 = DIRECTION('',(-0.,-1.,0.));
#8865 = ADVANCED_FACE('',(#8866),#8877,.F.);
#8866 = FACE_BOUND('',#8867,.T.);
#8867 = EDGE_LOOP('',(#8868,#8869,#8875,#8876));
#8868 = ORIENTED_EDGE('',*,*,#5053,.T.);
#8869 = ORIENTED_EDGE('',*,*,#8870,.T.);
#8870 = EDGE_CURVE('',#5054,#6789,#8871,.T.);
#8871 = LINE('',#8872,#8873);
#8872 = CARTESIAN_POINT('',(137.965,-108.5318,-4.6E-02));
#8873 = VECTOR('',#8874,1.);
#8874 = DIRECTION('',(0.,0.,1.));
#8875 = ORIENTED_EDGE('',*,*,#6788,.F.);
#8876 = ORIENTED_EDGE('',*,*,#8870,.F.);
#8877 = CYLINDRICAL_SURFACE('',#8878,0.4318);
#8878 = AXIS2_PLACEMENT_3D('',#8879,#8880,#8881);
#8879 = CARTESIAN_POINT('',(137.965,-108.1,-4.6E-02));
#8880 = DIRECTION('',(-0.,-0.,-1.));
#8881 = DIRECTION('',(-0.,-1.,0.));
#8882 = ADVANCED_FACE('',(#8883),#8894,.F.);
#8883 = FACE_BOUND('',#8884,.T.);
#8884 = EDGE_LOOP('',(#8885,#8886,#8892,#8893));
#8885 = ORIENTED_EDGE('',*,*,#5064,.T.);
#8886 = ORIENTED_EDGE('',*,*,#8887,.T.);
#8887 = EDGE_CURVE('',#5065,#6800,#8888,.T.);
#8888 = LINE('',#8889,#8890);
#8889 = CARTESIAN_POINT('',(137.965,-105.9918,-4.6E-02));
#8890 = VECTOR('',#8891,1.);
#8891 = DIRECTION('',(0.,0.,1.));
#8892 = ORIENTED_EDGE('',*,*,#6799,.F.);
#8893 = ORIENTED_EDGE('',*,*,#8887,.F.);
#8894 = CYLINDRICAL_SURFACE('',#8895,0.4318);
#8895 = AXIS2_PLACEMENT_3D('',#8896,#8897,#8898);
#8896 = CARTESIAN_POINT('',(137.965,-105.56,-4.6E-02));
#8897 = DIRECTION('',(-0.,-0.,-1.));
#8898 = DIRECTION('',(-0.,-1.,0.));
#8899 = ADVANCED_FACE('',(#8900),#8911,.F.);
#8900 = FACE_BOUND('',#8901,.T.);
#8901 = EDGE_LOOP('',(#8902,#8903,#8909,#8910));
#8902 = ORIENTED_EDGE('',*,*,#5075,.T.);
#8903 = ORIENTED_EDGE('',*,*,#8904,.T.);
#8904 = EDGE_CURVE('',#5076,#6811,#8905,.T.);
#8905 = LINE('',#8906,#8907);
#8906 = CARTESIAN_POINT('',(152.66,-115.445,-4.6E-02));
#8907 = VECTOR('',#8908,1.);
#8908 = DIRECTION('',(0.,0.,1.));
#8909 = ORIENTED_EDGE('',*,*,#6810,.F.);
#8910 = ORIENTED_EDGE('',*,*,#8904,.F.);
#8911 = CYLINDRICAL_SURFACE('',#8912,0.5);
#8912 = AXIS2_PLACEMENT_3D('',#8913,#8914,#8915);
#8913 = CARTESIAN_POINT('',(152.66,-114.945,-4.6E-02));
#8914 = DIRECTION('',(-0.,-0.,-1.));
#8915 = DIRECTION('',(-0.,-1.,0.));
#8916 = ADVANCED_FACE('',(#8917),#8928,.F.);
#8917 = FACE_BOUND('',#8918,.T.);
#8918 = EDGE_LOOP('',(#8919,#8920,#8926,#8927));
#8919 = ORIENTED_EDGE('',*,*,#5086,.T.);
#8920 = ORIENTED_EDGE('',*,*,#8921,.T.);
#8921 = EDGE_CURVE('',#5087,#6822,#8922,.T.);
#8922 = LINE('',#8923,#8924);
#8923 = CARTESIAN_POINT('',(154.08,-123.505,-4.6E-02));
#8924 = VECTOR('',#8925,1.);
#8925 = DIRECTION('',(0.,0.,1.));
#8926 = ORIENTED_EDGE('',*,*,#6821,.F.);
#8927 = ORIENTED_EDGE('',*,*,#8921,.F.);
#8928 = CYLINDRICAL_SURFACE('',#8929,1.6);
#8929 = AXIS2_PLACEMENT_3D('',#8930,#8931,#8932);
#8930 = CARTESIAN_POINT('',(154.08,-121.905,-4.6E-02));
#8931 = DIRECTION('',(-0.,0.,-1.));
#8932 = DIRECTION('',(1.7763568394E-14,-1.,-0.));
#8933 = ADVANCED_FACE('',(#8934),#8945,.F.);
#8934 = FACE_BOUND('',#8935,.T.);
#8935 = EDGE_LOOP('',(#8936,#8937,#8943,#8944));
#8936 = ORIENTED_EDGE('',*,*,#5097,.T.);
#8937 = ORIENTED_EDGE('',*,*,#8938,.T.);
#8938 = EDGE_CURVE('',#5098,#6833,#8939,.T.);
#8939 = LINE('',#8940,#8941);
#8940 = CARTESIAN_POINT('',(152.66,-112.675,-4.6E-02));
#8941 = VECTOR('',#8942,1.);
#8942 = DIRECTION('',(0.,0.,1.));
#8943 = ORIENTED_EDGE('',*,*,#6832,.F.);
#8944 = ORIENTED_EDGE('',*,*,#8938,.F.);
#8945 = CYLINDRICAL_SURFACE('',#8946,0.5);
#8946 = AXIS2_PLACEMENT_3D('',#8947,#8948,#8949);
#8947 = CARTESIAN_POINT('',(152.66,-112.175,-4.6E-02));
#8948 = DIRECTION('',(-0.,-0.,-1.));
#8949 = DIRECTION('',(-0.,-1.,0.));
#8950 = ADVANCED_FACE('',(#8951),#8962,.F.);
#8951 = FACE_BOUND('',#8952,.T.);
#8952 = EDGE_LOOP('',(#8953,#8954,#8960,#8961));
#8953 = ORIENTED_EDGE('',*,*,#5108,.T.);
#8954 = ORIENTED_EDGE('',*,*,#8955,.T.);
#8955 = EDGE_CURVE('',#5109,#6844,#8956,.T.);
#8956 = LINE('',#8957,#8958);
#8957 = CARTESIAN_POINT('',(152.66,-109.905,-4.6E-02));
#8958 = VECTOR('',#8959,1.);
#8959 = DIRECTION('',(0.,0.,1.));
#8960 = ORIENTED_EDGE('',*,*,#6843,.F.);
#8961 = ORIENTED_EDGE('',*,*,#8955,.F.);
#8962 = CYLINDRICAL_SURFACE('',#8963,0.5);
#8963 = AXIS2_PLACEMENT_3D('',#8964,#8965,#8966);
#8964 = CARTESIAN_POINT('',(152.66,-109.405,-4.6E-02));
#8965 = DIRECTION('',(-0.,-0.,-1.));
#8966 = DIRECTION('',(-0.,-1.,0.));
#8967 = ADVANCED_FACE('',(#8968),#8979,.F.);
#8968 = FACE_BOUND('',#8969,.T.);
#8969 = EDGE_LOOP('',(#8970,#8971,#8977,#8978));
#8970 = ORIENTED_EDGE('',*,*,#5119,.T.);
#8971 = ORIENTED_EDGE('',*,*,#8972,.T.);
#8972 = EDGE_CURVE('',#5120,#6855,#8973,.T.);
#8973 = LINE('',#8974,#8975);
#8974 = CARTESIAN_POINT('',(152.66,-107.135,-4.6E-02));
#8975 = VECTOR('',#8976,1.);
#8976 = DIRECTION('',(0.,0.,1.));
#8977 = ORIENTED_EDGE('',*,*,#6854,.F.);
#8978 = ORIENTED_EDGE('',*,*,#8972,.F.);
#8979 = CYLINDRICAL_SURFACE('',#8980,0.5);
#8980 = AXIS2_PLACEMENT_3D('',#8981,#8982,#8983);
#8981 = CARTESIAN_POINT('',(152.66,-106.635,-4.6E-02));
#8982 = DIRECTION('',(-0.,-0.,-1.));
#8983 = DIRECTION('',(-0.,-1.,0.));
#8984 = ADVANCED_FACE('',(#8985),#8996,.F.);
#8985 = FACE_BOUND('',#8986,.T.);
#8986 = EDGE_LOOP('',(#8987,#8988,#8994,#8995));
#8987 = ORIENTED_EDGE('',*,*,#5130,.T.);
#8988 = ORIENTED_EDGE('',*,*,#8989,.T.);
#8989 = EDGE_CURVE('',#5131,#6866,#8990,.T.);
#8990 = LINE('',#8991,#8992);
#8991 = CARTESIAN_POINT('',(155.5,-114.06,-4.6E-02));
#8992 = VECTOR('',#8993,1.);
#8993 = DIRECTION('',(0.,0.,1.));
#8994 = ORIENTED_EDGE('',*,*,#6865,.F.);
#8995 = ORIENTED_EDGE('',*,*,#8989,.F.);
#8996 = CYLINDRICAL_SURFACE('',#8997,0.5);
#8997 = AXIS2_PLACEMENT_3D('',#8998,#8999,#9000);
#8998 = CARTESIAN_POINT('',(155.5,-113.56,-4.6E-02));
#8999 = DIRECTION('',(-0.,-0.,-1.));
#9000 = DIRECTION('',(-0.,-1.,0.));
#9001 = ADVANCED_FACE('',(#9002),#9013,.F.);
#9002 = FACE_BOUND('',#9003,.T.);
#9003 = EDGE_LOOP('',(#9004,#9005,#9011,#9012));
#9004 = ORIENTED_EDGE('',*,*,#5141,.T.);
#9005 = ORIENTED_EDGE('',*,*,#9006,.T.);
#9006 = EDGE_CURVE('',#5142,#6877,#9007,.T.);
#9007 = LINE('',#9008,#9009);
#9008 = CARTESIAN_POINT('',(155.5,-111.29,-4.6E-02));
#9009 = VECTOR('',#9010,1.);
#9010 = DIRECTION('',(0.,0.,1.));
#9011 = ORIENTED_EDGE('',*,*,#6876,.F.);
#9012 = ORIENTED_EDGE('',*,*,#9006,.F.);
#9013 = CYLINDRICAL_SURFACE('',#9014,0.5);
#9014 = AXIS2_PLACEMENT_3D('',#9015,#9016,#9017);
#9015 = CARTESIAN_POINT('',(155.5,-110.79,-4.6E-02));
#9016 = DIRECTION('',(-0.,-0.,-1.));
#9017 = DIRECTION('',(-0.,-1.,0.));
#9018 = ADVANCED_FACE('',(#9019),#9030,.F.);
#9019 = FACE_BOUND('',#9020,.T.);
#9020 = EDGE_LOOP('',(#9021,#9022,#9028,#9029));
#9021 = ORIENTED_EDGE('',*,*,#5152,.T.);
#9022 = ORIENTED_EDGE('',*,*,#9023,.T.);
#9023 = EDGE_CURVE('',#5153,#6888,#9024,.T.);
#9024 = LINE('',#9025,#9026);
#9025 = CARTESIAN_POINT('',(155.5,-108.52,-4.6E-02));
#9026 = VECTOR('',#9027,1.);
#9027 = DIRECTION('',(0.,0.,1.));
#9028 = ORIENTED_EDGE('',*,*,#6887,.F.);
#9029 = ORIENTED_EDGE('',*,*,#9023,.F.);
#9030 = CYLINDRICAL_SURFACE('',#9031,0.5);
#9031 = AXIS2_PLACEMENT_3D('',#9032,#9033,#9034);
#9032 = CARTESIAN_POINT('',(155.5,-108.02,-4.6E-02));
#9033 = DIRECTION('',(-0.,-0.,-1.));
#9034 = DIRECTION('',(-0.,-1.,0.));
#9035 = ADVANCED_FACE('',(#9036),#9047,.F.);
#9036 = FACE_BOUND('',#9037,.T.);
#9037 = EDGE_LOOP('',(#9038,#9039,#9045,#9046));
#9038 = ORIENTED_EDGE('',*,*,#5163,.T.);
#9039 = ORIENTED_EDGE('',*,*,#9040,.T.);
#9040 = EDGE_CURVE('',#5164,#6899,#9041,.T.);
#9041 = LINE('',#9042,#9043);
#9042 = CARTESIAN_POINT('',(155.5,-105.75,-4.6E-02));
#9043 = VECTOR('',#9044,1.);
#9044 = DIRECTION('',(0.,0.,1.));
#9045 = ORIENTED_EDGE('',*,*,#6898,.F.);
#9046 = ORIENTED_EDGE('',*,*,#9040,.F.);
#9047 = CYLINDRICAL_SURFACE('',#9048,0.5);
#9048 = AXIS2_PLACEMENT_3D('',#9049,#9050,#9051);
#9049 = CARTESIAN_POINT('',(155.5,-105.25,-4.6E-02));
#9050 = DIRECTION('',(-0.,-0.,-1.));
#9051 = DIRECTION('',(-0.,-1.,0.));
#9052 = ADVANCED_FACE('',(#9053),#9064,.F.);
#9053 = FACE_BOUND('',#9054,.T.);
#9054 = EDGE_LOOP('',(#9055,#9056,#9062,#9063));
#9055 = ORIENTED_EDGE('',*,*,#5174,.T.);
#9056 = ORIENTED_EDGE('',*,*,#9057,.T.);
#9057 = EDGE_CURVE('',#5175,#6910,#9058,.T.);
#9058 = LINE('',#9059,#9060);
#9059 = CARTESIAN_POINT('',(137.965,-103.4518,-4.6E-02));
#9060 = VECTOR('',#9061,1.);
#9061 = DIRECTION('',(0.,0.,1.));
#9062 = ORIENTED_EDGE('',*,*,#6909,.F.);
#9063 = ORIENTED_EDGE('',*,*,#9057,.F.);
#9064 = CYLINDRICAL_SURFACE('',#9065,0.4318);
#9065 = AXIS2_PLACEMENT_3D('',#9066,#9067,#9068);
#9066 = CARTESIAN_POINT('',(137.965,-103.02,-4.6E-02));
#9067 = DIRECTION('',(-0.,-0.,-1.));
#9068 = DIRECTION('',(-0.,-1.,0.));
#9069 = ADVANCED_FACE('',(#9070),#9081,.F.);
#9070 = FACE_BOUND('',#9071,.T.);
#9071 = EDGE_LOOP('',(#9072,#9073,#9079,#9080));
#9072 = ORIENTED_EDGE('',*,*,#5185,.T.);
#9073 = ORIENTED_EDGE('',*,*,#9074,.T.);
#9074 = EDGE_CURVE('',#5186,#6921,#9075,.T.);
#9075 = LINE('',#9076,#9077);
#9076 = CARTESIAN_POINT('',(137.965,-100.9118,-4.6E-02));
#9077 = VECTOR('',#9078,1.);
#9078 = DIRECTION('',(0.,0.,1.));
#9079 = ORIENTED_EDGE('',*,*,#6920,.F.);
#9080 = ORIENTED_EDGE('',*,*,#9074,.F.);
#9081 = CYLINDRICAL_SURFACE('',#9082,0.4318);
#9082 = AXIS2_PLACEMENT_3D('',#9083,#9084,#9085);
#9083 = CARTESIAN_POINT('',(137.965,-100.48,-4.6E-02));
#9084 = DIRECTION('',(-0.,-0.,-1.));
#9085 = DIRECTION('',(-0.,-1.,0.));
#9086 = ADVANCED_FACE('',(#9087),#9098,.F.);
#9087 = FACE_BOUND('',#9088,.T.);
#9088 = EDGE_LOOP('',(#9089,#9090,#9096,#9097));
#9089 = ORIENTED_EDGE('',*,*,#5196,.T.);
#9090 = ORIENTED_EDGE('',*,*,#9091,.T.);
#9091 = EDGE_CURVE('',#5197,#6932,#9092,.T.);
#9092 = LINE('',#9093,#9094);
#9093 = CARTESIAN_POINT('',(137.965,-98.3718,-4.6E-02));
#9094 = VECTOR('',#9095,1.);
#9095 = DIRECTION('',(0.,0.,1.));
#9096 = ORIENTED_EDGE('',*,*,#6931,.F.);
#9097 = ORIENTED_EDGE('',*,*,#9091,.F.);
#9098 = CYLINDRICAL_SURFACE('',#9099,0.4318);
#9099 = AXIS2_PLACEMENT_3D('',#9100,#9101,#9102);
#9100 = CARTESIAN_POINT('',(137.965,-97.94,-4.6E-02));
#9101 = DIRECTION('',(-0.,-0.,-1.));
#9102 = DIRECTION('',(-0.,-1.,0.));
#9103 = ADVANCED_FACE('',(#9104),#9115,.F.);
#9104 = FACE_BOUND('',#9105,.T.);
#9105 = EDGE_LOOP('',(#9106,#9107,#9113,#9114));
#9106 = ORIENTED_EDGE('',*,*,#5207,.T.);
#9107 = ORIENTED_EDGE('',*,*,#9108,.T.);
#9108 = EDGE_CURVE('',#5208,#6943,#9109,.T.);
#9109 = LINE('',#9110,#9111);
#9110 = CARTESIAN_POINT('',(137.965,-95.8318,-4.6E-02));
#9111 = VECTOR('',#9112,1.);
#9112 = DIRECTION('',(0.,0.,1.));
#9113 = ORIENTED_EDGE('',*,*,#6942,.F.);
#9114 = ORIENTED_EDGE('',*,*,#9108,.F.);
#9115 = CYLINDRICAL_SURFACE('',#9116,0.4318);
#9116 = AXIS2_PLACEMENT_3D('',#9117,#9118,#9119);
#9117 = CARTESIAN_POINT('',(137.965,-95.4,-4.6E-02));
#9118 = DIRECTION('',(-0.,-0.,-1.));
#9119 = DIRECTION('',(-0.,-1.,0.));
#9120 = ADVANCED_FACE('',(#9121),#9132,.F.);
#9121 = FACE_BOUND('',#9122,.T.);
#9122 = EDGE_LOOP('',(#9123,#9124,#9130,#9131));
#9123 = ORIENTED_EDGE('',*,*,#5218,.T.);
#9124 = ORIENTED_EDGE('',*,*,#9125,.T.);
#9125 = EDGE_CURVE('',#5219,#6954,#9126,.T.);
#9126 = LINE('',#9127,#9128);
#9127 = CARTESIAN_POINT('',(137.965,-93.2918,-4.6E-02));
#9128 = VECTOR('',#9129,1.);
#9129 = DIRECTION('',(0.,0.,1.));
#9130 = ORIENTED_EDGE('',*,*,#6953,.F.);
#9131 = ORIENTED_EDGE('',*,*,#9125,.F.);
#9132 = CYLINDRICAL_SURFACE('',#9133,0.4318);
#9133 = AXIS2_PLACEMENT_3D('',#9134,#9135,#9136);
#9134 = CARTESIAN_POINT('',(137.965,-92.86,-4.6E-02));
#9135 = DIRECTION('',(-0.,-0.,-1.));
#9136 = DIRECTION('',(-0.,-1.,0.));
#9137 = ADVANCED_FACE('',(#9138),#9149,.F.);
#9138 = FACE_BOUND('',#9139,.T.);
#9139 = EDGE_LOOP('',(#9140,#9141,#9147,#9148));
#9140 = ORIENTED_EDGE('',*,*,#5229,.T.);
#9141 = ORIENTED_EDGE('',*,*,#9142,.T.);
#9142 = EDGE_CURVE('',#5230,#6965,#9143,.T.);
#9143 = LINE('',#9144,#9145);
#9144 = CARTESIAN_POINT('',(132.12,-89.1,-4.6E-02));
#9145 = VECTOR('',#9146,1.);
#9146 = DIRECTION('',(0.,0.,1.));
#9147 = ORIENTED_EDGE('',*,*,#6964,.F.);
#9148 = ORIENTED_EDGE('',*,*,#9142,.F.);
#9149 = CYLINDRICAL_SURFACE('',#9150,0.5);
#9150 = AXIS2_PLACEMENT_3D('',#9151,#9152,#9153);
#9151 = CARTESIAN_POINT('',(132.12,-88.6,-4.6E-02));
#9152 = DIRECTION('',(-0.,-0.,-1.));
#9153 = DIRECTION('',(-0.,-1.,0.));
#9154 = ADVANCED_FACE('',(#9155),#9166,.F.);
#9155 = FACE_BOUND('',#9156,.T.);
#9156 = EDGE_LOOP('',(#9157,#9158,#9164,#9165));
#9157 = ORIENTED_EDGE('',*,*,#5240,.T.);
#9158 = ORIENTED_EDGE('',*,*,#9159,.T.);
#9159 = EDGE_CURVE('',#5241,#6976,#9160,.T.);
#9160 = LINE('',#9161,#9162);
#9161 = CARTESIAN_POINT('',(134.66,-89.1,-4.6E-02));
#9162 = VECTOR('',#9163,1.);
#9163 = DIRECTION('',(0.,0.,1.));
#9164 = ORIENTED_EDGE('',*,*,#6975,.F.);
#9165 = ORIENTED_EDGE('',*,*,#9159,.F.);
#9166 = CYLINDRICAL_SURFACE('',#9167,0.5);
#9167 = AXIS2_PLACEMENT_3D('',#9168,#9169,#9170);
#9168 = CARTESIAN_POINT('',(134.66,-88.6,-4.6E-02));
#9169 = DIRECTION('',(-0.,-0.,-1.));
#9170 = DIRECTION('',(-0.,-1.,0.));
#9171 = ADVANCED_FACE('',(#9172),#9183,.F.);
#9172 = FACE_BOUND('',#9173,.T.);
#9173 = EDGE_LOOP('',(#9174,#9175,#9181,#9182));
#9174 = ORIENTED_EDGE('',*,*,#5251,.T.);
#9175 = ORIENTED_EDGE('',*,*,#9176,.T.);
#9176 = EDGE_CURVE('',#5252,#6987,#9177,.T.);
#9177 = LINE('',#9178,#9179);
#9178 = CARTESIAN_POINT('',(132.12,-86.56,-4.6E-02));
#9179 = VECTOR('',#9180,1.);
#9180 = DIRECTION('',(0.,0.,1.));
#9181 = ORIENTED_EDGE('',*,*,#6986,.F.);
#9182 = ORIENTED_EDGE('',*,*,#9176,.F.);
#9183 = CYLINDRICAL_SURFACE('',#9184,0.5);
#9184 = AXIS2_PLACEMENT_3D('',#9185,#9186,#9187);
#9185 = CARTESIAN_POINT('',(132.12,-86.06,-4.6E-02));
#9186 = DIRECTION('',(-0.,-0.,-1.));
#9187 = DIRECTION('',(-0.,-1.,0.));
#9188 = ADVANCED_FACE('',(#9189),#9200,.F.);
#9189 = FACE_BOUND('',#9190,.T.);
#9190 = EDGE_LOOP('',(#9191,#9192,#9198,#9199));
#9191 = ORIENTED_EDGE('',*,*,#5262,.T.);
#9192 = ORIENTED_EDGE('',*,*,#9193,.T.);
#9193 = EDGE_CURVE('',#5263,#6998,#9194,.T.);
#9194 = LINE('',#9195,#9196);
#9195 = CARTESIAN_POINT('',(134.66,-86.56,-4.6E-02));
#9196 = VECTOR('',#9197,1.);
#9197 = DIRECTION('',(0.,0.,1.));
#9198 = ORIENTED_EDGE('',*,*,#6997,.F.);
#9199 = ORIENTED_EDGE('',*,*,#9193,.F.);
#9200 = CYLINDRICAL_SURFACE('',#9201,0.5);
#9201 = AXIS2_PLACEMENT_3D('',#9202,#9203,#9204);
#9202 = CARTESIAN_POINT('',(134.66,-86.06,-4.6E-02));
#9203 = DIRECTION('',(-0.,-0.,-1.));
#9204 = DIRECTION('',(-0.,-1.,0.));
#9205 = ADVANCED_FACE('',(#9206),#9217,.F.);
#9206 = FACE_BOUND('',#9207,.T.);
#9207 = EDGE_LOOP('',(#9208,#9209,#9215,#9216));
#9208 = ORIENTED_EDGE('',*,*,#5273,.T.);
#9209 = ORIENTED_EDGE('',*,*,#9210,.T.);
#9210 = EDGE_CURVE('',#5274,#7009,#9211,.T.);
#9211 = LINE('',#9212,#9213);
#9212 = CARTESIAN_POINT('',(137.2,-89.1,-4.6E-02));
#9213 = VECTOR('',#9214,1.);
#9214 = DIRECTION('',(0.,0.,1.));
#9215 = ORIENTED_EDGE('',*,*,#7008,.F.);
#9216 = ORIENTED_EDGE('',*,*,#9210,.F.);
#9217 = CYLINDRICAL_SURFACE('',#9218,0.5);
#9218 = AXIS2_PLACEMENT_3D('',#9219,#9220,#9221);
#9219 = CARTESIAN_POINT('',(137.2,-88.6,-4.6E-02));
#9220 = DIRECTION('',(-0.,-0.,-1.));
#9221 = DIRECTION('',(-0.,-1.,0.));
#9222 = ADVANCED_FACE('',(#9223),#9234,.F.);
#9223 = FACE_BOUND('',#9224,.T.);
#9224 = EDGE_LOOP('',(#9225,#9226,#9232,#9233));
#9225 = ORIENTED_EDGE('',*,*,#5284,.T.);
#9226 = ORIENTED_EDGE('',*,*,#9227,.T.);
#9227 = EDGE_CURVE('',#5285,#7020,#9228,.T.);
#9228 = LINE('',#9229,#9230);
#9229 = CARTESIAN_POINT('',(137.2,-86.56,-4.6E-02));
#9230 = VECTOR('',#9231,1.);
#9231 = DIRECTION('',(0.,0.,1.));
#9232 = ORIENTED_EDGE('',*,*,#7019,.F.);
#9233 = ORIENTED_EDGE('',*,*,#9227,.F.);
#9234 = CYLINDRICAL_SURFACE('',#9235,0.5);
#9235 = AXIS2_PLACEMENT_3D('',#9236,#9237,#9238);
#9236 = CARTESIAN_POINT('',(137.2,-86.06,-4.6E-02));
#9237 = DIRECTION('',(-0.,-0.,-1.));
#9238 = DIRECTION('',(-0.,-1.,0.));
#9239 = ADVANCED_FACE('',(#9240),#9251,.F.);
#9240 = FACE_BOUND('',#9241,.T.);
#9241 = EDGE_LOOP('',(#9242,#9243,#9249,#9250));
#9242 = ORIENTED_EDGE('',*,*,#5295,.T.);
#9243 = ORIENTED_EDGE('',*,*,#9244,.T.);
#9244 = EDGE_CURVE('',#5296,#7031,#9245,.T.);
#9245 = LINE('',#9246,#9247);
#9246 = CARTESIAN_POINT('',(139.74,-89.1,-4.6E-02));
#9247 = VECTOR('',#9248,1.);
#9248 = DIRECTION('',(0.,0.,1.));
#9249 = ORIENTED_EDGE('',*,*,#7030,.F.);
#9250 = ORIENTED_EDGE('',*,*,#9244,.F.);
#9251 = CYLINDRICAL_SURFACE('',#9252,0.5);
#9252 = AXIS2_PLACEMENT_3D('',#9253,#9254,#9255);
#9253 = CARTESIAN_POINT('',(139.74,-88.6,-4.6E-02));
#9254 = DIRECTION('',(-0.,-0.,-1.));
#9255 = DIRECTION('',(-0.,-1.,0.));
#9256 = ADVANCED_FACE('',(#9257),#9268,.F.);
#9257 = FACE_BOUND('',#9258,.T.);
#9258 = EDGE_LOOP('',(#9259,#9260,#9266,#9267));
#9259 = ORIENTED_EDGE('',*,*,#5306,.T.);
#9260 = ORIENTED_EDGE('',*,*,#9261,.T.);
#9261 = EDGE_CURVE('',#5307,#7042,#9262,.T.);
#9262 = LINE('',#9263,#9264);
#9263 = CARTESIAN_POINT('',(139.74,-86.56,-4.6E-02));
#9264 = VECTOR('',#9265,1.);
#9265 = DIRECTION('',(0.,0.,1.));
#9266 = ORIENTED_EDGE('',*,*,#7041,.F.);
#9267 = ORIENTED_EDGE('',*,*,#9261,.F.);
#9268 = CYLINDRICAL_SURFACE('',#9269,0.5);
#9269 = AXIS2_PLACEMENT_3D('',#9270,#9271,#9272);
#9270 = CARTESIAN_POINT('',(139.74,-86.06,-4.6E-02));
#9271 = DIRECTION('',(-0.,-0.,-1.));
#9272 = DIRECTION('',(-0.,-1.,0.));
#9273 = ADVANCED_FACE('',(#9274),#9285,.F.);
#9274 = FACE_BOUND('',#9275,.T.);
#9275 = EDGE_LOOP('',(#9276,#9277,#9283,#9284));
#9276 = ORIENTED_EDGE('',*,*,#5317,.T.);
#9277 = ORIENTED_EDGE('',*,*,#9278,.T.);
#9278 = EDGE_CURVE('',#5318,#7053,#9279,.T.);
#9279 = LINE('',#9280,#9281);
#9280 = CARTESIAN_POINT('',(142.28,-89.1,-4.6E-02));
#9281 = VECTOR('',#9282,1.);
#9282 = DIRECTION('',(0.,0.,1.));
#9283 = ORIENTED_EDGE('',*,*,#7052,.F.);
#9284 = ORIENTED_EDGE('',*,*,#9278,.F.);
#9285 = CYLINDRICAL_SURFACE('',#9286,0.5);
#9286 = AXIS2_PLACEMENT_3D('',#9287,#9288,#9289);
#9287 = CARTESIAN_POINT('',(142.28,-88.6,-4.6E-02));
#9288 = DIRECTION('',(-0.,-0.,-1.));
#9289 = DIRECTION('',(-0.,-1.,0.));
#9290 = ADVANCED_FACE('',(#9291),#9302,.F.);
#9291 = FACE_BOUND('',#9292,.T.);
#9292 = EDGE_LOOP('',(#9293,#9294,#9300,#9301));
#9293 = ORIENTED_EDGE('',*,*,#5328,.T.);
#9294 = ORIENTED_EDGE('',*,*,#9295,.T.);
#9295 = EDGE_CURVE('',#5329,#7064,#9296,.T.);
#9296 = LINE('',#9297,#9298);
#9297 = CARTESIAN_POINT('',(144.82,-89.1,-4.6E-02));
#9298 = VECTOR('',#9299,1.);
#9299 = DIRECTION('',(0.,0.,1.));
#9300 = ORIENTED_EDGE('',*,*,#7063,.F.);
#9301 = ORIENTED_EDGE('',*,*,#9295,.F.);
#9302 = CYLINDRICAL_SURFACE('',#9303,0.5);
#9303 = AXIS2_PLACEMENT_3D('',#9304,#9305,#9306);
#9304 = CARTESIAN_POINT('',(144.82,-88.6,-4.6E-02));
#9305 = DIRECTION('',(-0.,-0.,-1.));
#9306 = DIRECTION('',(-0.,-1.,0.));
#9307 = ADVANCED_FACE('',(#9308),#9319,.F.);
#9308 = FACE_BOUND('',#9309,.T.);
#9309 = EDGE_LOOP('',(#9310,#9311,#9317,#9318));
#9310 = ORIENTED_EDGE('',*,*,#5339,.T.);
#9311 = ORIENTED_EDGE('',*,*,#9312,.T.);
#9312 = EDGE_CURVE('',#5340,#7075,#9313,.T.);
#9313 = LINE('',#9314,#9315);
#9314 = CARTESIAN_POINT('',(142.28,-86.56,-4.6E-02));
#9315 = VECTOR('',#9316,1.);
#9316 = DIRECTION('',(0.,0.,1.));
#9317 = ORIENTED_EDGE('',*,*,#7074,.F.);
#9318 = ORIENTED_EDGE('',*,*,#9312,.F.);
#9319 = CYLINDRICAL_SURFACE('',#9320,0.5);
#9320 = AXIS2_PLACEMENT_3D('',#9321,#9322,#9323);
#9321 = CARTESIAN_POINT('',(142.28,-86.06,-4.6E-02));
#9322 = DIRECTION('',(-0.,-0.,-1.));
#9323 = DIRECTION('',(-0.,-1.,0.));
#9324 = ADVANCED_FACE('',(#9325),#9336,.F.);
#9325 = FACE_BOUND('',#9326,.T.);
#9326 = EDGE_LOOP('',(#9327,#9328,#9334,#9335));
#9327 = ORIENTED_EDGE('',*,*,#5350,.T.);
#9328 = ORIENTED_EDGE('',*,*,#9329,.T.);
#9329 = EDGE_CURVE('',#5351,#7086,#9330,.T.);
#9330 = LINE('',#9331,#9332);
#9331 = CARTESIAN_POINT('',(144.82,-86.56,-4.6E-02));
#9332 = VECTOR('',#9333,1.);
#9333 = DIRECTION('',(0.,0.,1.));
#9334 = ORIENTED_EDGE('',*,*,#7085,.F.);
#9335 = ORIENTED_EDGE('',*,*,#9329,.F.);
#9336 = CYLINDRICAL_SURFACE('',#9337,0.5);
#9337 = AXIS2_PLACEMENT_3D('',#9338,#9339,#9340);
#9338 = CARTESIAN_POINT('',(144.82,-86.06,-4.6E-02));
#9339 = DIRECTION('',(-0.,-0.,-1.));
#9340 = DIRECTION('',(-0.,-1.,0.));
#9341 = ADVANCED_FACE('',(#9342),#9353,.F.);
#9342 = FACE_BOUND('',#9343,.T.);
#9343 = EDGE_LOOP('',(#9344,#9345,#9351,#9352));
#9344 = ORIENTED_EDGE('',*,*,#5361,.T.);
#9345 = ORIENTED_EDGE('',*,*,#9346,.T.);
#9346 = EDGE_CURVE('',#5362,#7097,#9347,.T.);
#9347 = LINE('',#9348,#9349);
#9348 = CARTESIAN_POINT('',(152.66,-104.365,-4.6E-02));
#9349 = VECTOR('',#9350,1.);
#9350 = DIRECTION('',(0.,0.,1.));
#9351 = ORIENTED_EDGE('',*,*,#7096,.F.);
#9352 = ORIENTED_EDGE('',*,*,#9346,.F.);
#9353 = CYLINDRICAL_SURFACE('',#9354,0.5);
#9354 = AXIS2_PLACEMENT_3D('',#9355,#9356,#9357);
#9355 = CARTESIAN_POINT('',(152.66,-103.865,-4.6E-02));
#9356 = DIRECTION('',(-0.,-0.,-1.));
#9357 = DIRECTION('',(-0.,-1.,0.));
#9358 = ADVANCED_FACE('',(#9359),#9370,.F.);
#9359 = FACE_BOUND('',#9360,.T.);
#9360 = EDGE_LOOP('',(#9361,#9362,#9368,#9369));
#9361 = ORIENTED_EDGE('',*,*,#5372,.T.);
#9362 = ORIENTED_EDGE('',*,*,#9363,.T.);
#9363 = EDGE_CURVE('',#5373,#7108,#9364,.T.);
#9364 = LINE('',#9365,#9366);
#9365 = CARTESIAN_POINT('',(154.08,-98.505,-4.6E-02));
#9366 = VECTOR('',#9367,1.);
#9367 = DIRECTION('',(0.,0.,1.));
#9368 = ORIENTED_EDGE('',*,*,#7107,.F.);
#9369 = ORIENTED_EDGE('',*,*,#9363,.F.);
#9370 = CYLINDRICAL_SURFACE('',#9371,1.6);
#9371 = AXIS2_PLACEMENT_3D('',#9372,#9373,#9374);
#9372 = CARTESIAN_POINT('',(154.08,-96.905,-4.6E-02));
#9373 = DIRECTION('',(-0.,0.,-1.));
#9374 = DIRECTION('',(1.7763568394E-14,-1.,-0.));
#9375 = ADVANCED_FACE('',(#9376),#9387,.F.);
#9376 = FACE_BOUND('',#9377,.T.);
#9377 = EDGE_LOOP('',(#9378,#9379,#9385,#9386));
#9378 = ORIENTED_EDGE('',*,*,#5383,.T.);
#9379 = ORIENTED_EDGE('',*,*,#9380,.T.);
#9380 = EDGE_CURVE('',#5384,#7119,#9381,.T.);
#9381 = LINE('',#9382,#9383);
#9382 = CARTESIAN_POINT('',(147.36,-89.1,-4.6E-02));
#9383 = VECTOR('',#9384,1.);
#9384 = DIRECTION('',(0.,0.,1.));
#9385 = ORIENTED_EDGE('',*,*,#7118,.F.);
#9386 = ORIENTED_EDGE('',*,*,#9380,.F.);
#9387 = CYLINDRICAL_SURFACE('',#9388,0.5);
#9388 = AXIS2_PLACEMENT_3D('',#9389,#9390,#9391);
#9389 = CARTESIAN_POINT('',(147.36,-88.6,-4.6E-02));
#9390 = DIRECTION('',(-0.,-0.,-1.));
#9391 = DIRECTION('',(-0.,-1.,0.));
#9392 = ADVANCED_FACE('',(#9393),#9404,.F.);
#9393 = FACE_BOUND('',#9394,.T.);
#9394 = EDGE_LOOP('',(#9395,#9396,#9402,#9403));
#9395 = ORIENTED_EDGE('',*,*,#5394,.T.);
#9396 = ORIENTED_EDGE('',*,*,#9397,.T.);
#9397 = EDGE_CURVE('',#5395,#7130,#9398,.T.);
#9398 = LINE('',#9399,#9400);
#9399 = CARTESIAN_POINT('',(147.36,-86.56,-4.6E-02));
#9400 = VECTOR('',#9401,1.);
#9401 = DIRECTION('',(0.,0.,1.));
#9402 = ORIENTED_EDGE('',*,*,#7129,.F.);
#9403 = ORIENTED_EDGE('',*,*,#9397,.F.);
#9404 = CYLINDRICAL_SURFACE('',#9405,0.5);
#9405 = AXIS2_PLACEMENT_3D('',#9406,#9407,#9408);
#9406 = CARTESIAN_POINT('',(147.36,-86.06,-4.6E-02));
#9407 = DIRECTION('',(-0.,-0.,-1.));
#9408 = DIRECTION('',(-0.,-1.,0.));
#9409 = ADVANCED_FACE('',(#9410),#9421,.F.);
#9410 = FACE_BOUND('',#9411,.T.);
#9411 = EDGE_LOOP('',(#9412,#9413,#9419,#9420));
#9412 = ORIENTED_EDGE('',*,*,#5405,.T.);
#9413 = ORIENTED_EDGE('',*,*,#9414,.T.);
#9414 = EDGE_CURVE('',#5406,#7141,#9415,.T.);
#9415 = LINE('',#9416,#9417);
#9416 = CARTESIAN_POINT('',(149.9,-89.1,-4.6E-02));
#9417 = VECTOR('',#9418,1.);
#9418 = DIRECTION('',(0.,0.,1.));
#9419 = ORIENTED_EDGE('',*,*,#7140,.F.);
#9420 = ORIENTED_EDGE('',*,*,#9414,.F.);
#9421 = CYLINDRICAL_SURFACE('',#9422,0.5);
#9422 = AXIS2_PLACEMENT_3D('',#9423,#9424,#9425);
#9423 = CARTESIAN_POINT('',(149.9,-88.6,-4.6E-02));
#9424 = DIRECTION('',(-0.,-0.,-1.));
#9425 = DIRECTION('',(-0.,-1.,0.));
#9426 = ADVANCED_FACE('',(#9427),#9438,.F.);
#9427 = FACE_BOUND('',#9428,.T.);
#9428 = EDGE_LOOP('',(#9429,#9430,#9436,#9437));
#9429 = ORIENTED_EDGE('',*,*,#5416,.T.);
#9430 = ORIENTED_EDGE('',*,*,#9431,.T.);
#9431 = EDGE_CURVE('',#5417,#7152,#9432,.T.);
#9432 = LINE('',#9433,#9434);
#9433 = CARTESIAN_POINT('',(152.44,-89.1,-4.6E-02));
#9434 = VECTOR('',#9435,1.);
#9435 = DIRECTION('',(0.,0.,1.));
#9436 = ORIENTED_EDGE('',*,*,#7151,.F.);
#9437 = ORIENTED_EDGE('',*,*,#9431,.F.);
#9438 = CYLINDRICAL_SURFACE('',#9439,0.5);
#9439 = AXIS2_PLACEMENT_3D('',#9440,#9441,#9442);
#9440 = CARTESIAN_POINT('',(152.44,-88.6,-4.6E-02));
#9441 = DIRECTION('',(-0.,-0.,-1.));
#9442 = DIRECTION('',(-0.,-1.,0.));
#9443 = ADVANCED_FACE('',(#9444),#9455,.F.);
#9444 = FACE_BOUND('',#9445,.T.);
#9445 = EDGE_LOOP('',(#9446,#9447,#9453,#9454));
#9446 = ORIENTED_EDGE('',*,*,#5427,.T.);
#9447 = ORIENTED_EDGE('',*,*,#9448,.T.);
#9448 = EDGE_CURVE('',#5428,#7163,#9449,.T.);
#9449 = LINE('',#9450,#9451);
#9450 = CARTESIAN_POINT('',(149.9,-86.56,-4.6E-02));
#9451 = VECTOR('',#9452,1.);
#9452 = DIRECTION('',(0.,0.,1.));
#9453 = ORIENTED_EDGE('',*,*,#7162,.F.);
#9454 = ORIENTED_EDGE('',*,*,#9448,.F.);
#9455 = CYLINDRICAL_SURFACE('',#9456,0.5);
#9456 = AXIS2_PLACEMENT_3D('',#9457,#9458,#9459);
#9457 = CARTESIAN_POINT('',(149.9,-86.06,-4.6E-02));
#9458 = DIRECTION('',(-0.,-0.,-1.));
#9459 = DIRECTION('',(-0.,-1.,0.));
#9460 = ADVANCED_FACE('',(#9461),#9472,.F.);
#9461 = FACE_BOUND('',#9462,.T.);
#9462 = EDGE_LOOP('',(#9463,#9464,#9470,#9471));
#9463 = ORIENTED_EDGE('',*,*,#5438,.T.);
#9464 = ORIENTED_EDGE('',*,*,#9465,.T.);
#9465 = EDGE_CURVE('',#5439,#7174,#9466,.T.);
#9466 = LINE('',#9467,#9468);
#9467 = CARTESIAN_POINT('',(152.44,-86.56,-4.6E-02));
#9468 = VECTOR('',#9469,1.);
#9469 = DIRECTION('',(0.,0.,1.));
#9470 = ORIENTED_EDGE('',*,*,#7173,.F.);
#9471 = ORIENTED_EDGE('',*,*,#9465,.F.);
#9472 = CYLINDRICAL_SURFACE('',#9473,0.5);
#9473 = AXIS2_PLACEMENT_3D('',#9474,#9475,#9476);
#9474 = CARTESIAN_POINT('',(152.44,-86.06,-4.6E-02));
#9475 = DIRECTION('',(-0.,-0.,-1.));
#9476 = DIRECTION('',(-0.,-1.,0.));
#9477 = ADVANCED_FACE('',(#9478),#9489,.F.);
#9478 = FACE_BOUND('',#9479,.T.);
#9479 = EDGE_LOOP('',(#9480,#9481,#9487,#9488));
#9480 = ORIENTED_EDGE('',*,*,#5449,.T.);
#9481 = ORIENTED_EDGE('',*,*,#9482,.T.);
#9482 = EDGE_CURVE('',#5450,#7185,#9483,.T.);
#9483 = LINE('',#9484,#9485);
#9484 = CARTESIAN_POINT('',(158.4,-89.75,-4.6E-02));
#9485 = VECTOR('',#9486,1.);
#9486 = DIRECTION('',(0.,0.,1.));
#9487 = ORIENTED_EDGE('',*,*,#7184,.F.);
#9488 = ORIENTED_EDGE('',*,*,#9482,.F.);
#9489 = CYLINDRICAL_SURFACE('',#9490,1.35);
#9490 = AXIS2_PLACEMENT_3D('',#9491,#9492,#9493);
#9491 = CARTESIAN_POINT('',(158.4,-88.4,-4.6E-02));
#9492 = DIRECTION('',(-0.,-0.,-1.));
#9493 = DIRECTION('',(-0.,-1.,0.));
#9494 = ADVANCED_FACE('',(#9495),#9506,.F.);
#9495 = FACE_BOUND('',#9496,.T.);
#9496 = EDGE_LOOP('',(#9497,#9498,#9504,#9505));
#9497 = ORIENTED_EDGE('',*,*,#5460,.T.);
#9498 = ORIENTED_EDGE('',*,*,#9499,.T.);
#9499 = EDGE_CURVE('',#5461,#7196,#9500,.T.);
#9500 = LINE('',#9501,#9502);
#9501 = CARTESIAN_POINT('',(105.8875,-79.525,-4.6E-02));
#9502 = VECTOR('',#9503,1.);
#9503 = DIRECTION('',(0.,0.,1.));
#9504 = ORIENTED_EDGE('',*,*,#7195,.F.);
#9505 = ORIENTED_EDGE('',*,*,#9499,.F.);
#9506 = CYLINDRICAL_SURFACE('',#9507,0.5);
#9507 = AXIS2_PLACEMENT_3D('',#9508,#9509,#9510);
#9508 = CARTESIAN_POINT('',(105.8875,-79.025,-4.6E-02));
#9509 = DIRECTION('',(-0.,-0.,-1.));
#9510 = DIRECTION('',(-0.,-1.,0.));
#9511 = ADVANCED_FACE('',(#9512),#9523,.F.);
#9512 = FACE_BOUND('',#9513,.T.);
#9513 = EDGE_LOOP('',(#9514,#9515,#9521,#9522));
#9514 = ORIENTED_EDGE('',*,*,#5471,.T.);
#9515 = ORIENTED_EDGE('',*,*,#9516,.T.);
#9516 = EDGE_CURVE('',#5472,#7207,#9517,.T.);
#9517 = LINE('',#9518,#9519);
#9518 = CARTESIAN_POINT('',(108.3875,-79.525,-4.6E-02));
#9519 = VECTOR('',#9520,1.);
#9520 = DIRECTION('',(0.,0.,1.));
#9521 = ORIENTED_EDGE('',*,*,#7206,.F.);
#9522 = ORIENTED_EDGE('',*,*,#9516,.F.);
#9523 = CYLINDRICAL_SURFACE('',#9524,0.5);
#9524 = AXIS2_PLACEMENT_3D('',#9525,#9526,#9527);
#9525 = CARTESIAN_POINT('',(108.3875,-79.025,-4.6E-02));
#9526 = DIRECTION('',(-0.,-0.,-1.));
#9527 = DIRECTION('',(-0.,-1.,0.));
#9528 = ADVANCED_FACE('',(#9529),#9540,.F.);
#9529 = FACE_BOUND('',#9530,.T.);
#9530 = EDGE_LOOP('',(#9531,#9532,#9538,#9539));
#9531 = ORIENTED_EDGE('',*,*,#5482,.T.);
#9532 = ORIENTED_EDGE('',*,*,#9533,.T.);
#9533 = EDGE_CURVE('',#5483,#7218,#9534,.T.);
#9534 = LINE('',#9535,#9536);
#9535 = CARTESIAN_POINT('',(110.8875,-79.525,-4.6E-02));
#9536 = VECTOR('',#9537,1.);
#9537 = DIRECTION('',(0.,0.,1.));
#9538 = ORIENTED_EDGE('',*,*,#7217,.F.);
#9539 = ORIENTED_EDGE('',*,*,#9533,.F.);
#9540 = CYLINDRICAL_SURFACE('',#9541,0.5);
#9541 = AXIS2_PLACEMENT_3D('',#9542,#9543,#9544);
#9542 = CARTESIAN_POINT('',(110.8875,-79.025,-4.6E-02));
#9543 = DIRECTION('',(-0.,-0.,-1.));
#9544 = DIRECTION('',(-0.,-1.,0.));
#9545 = ADVANCED_FACE('',(#9546),#9557,.F.);
#9546 = FACE_BOUND('',#9547,.T.);
#9547 = EDGE_LOOP('',(#9548,#9549,#9555,#9556));
#9548 = ORIENTED_EDGE('',*,*,#5493,.T.);
#9549 = ORIENTED_EDGE('',*,*,#9550,.T.);
#9550 = EDGE_CURVE('',#5494,#7229,#9551,.T.);
#9551 = LINE('',#9552,#9553);
#9552 = CARTESIAN_POINT('',(113.3875,-79.525,-4.6E-02));
#9553 = VECTOR('',#9554,1.);
#9554 = DIRECTION('',(0.,0.,1.));
#9555 = ORIENTED_EDGE('',*,*,#7228,.F.);
#9556 = ORIENTED_EDGE('',*,*,#9550,.F.);
#9557 = CYLINDRICAL_SURFACE('',#9558,0.5);
#9558 = AXIS2_PLACEMENT_3D('',#9559,#9560,#9561);
#9559 = CARTESIAN_POINT('',(113.3875,-79.025,-4.6E-02));
#9560 = DIRECTION('',(-0.,-0.,-1.));
#9561 = DIRECTION('',(-0.,-1.,0.));
#9562 = ADVANCED_FACE('',(#9563),#9574,.F.);
#9563 = FACE_BOUND('',#9564,.T.);
#9564 = EDGE_LOOP('',(#9565,#9566,#9572,#9573));
#9565 = ORIENTED_EDGE('',*,*,#5504,.T.);
#9566 = ORIENTED_EDGE('',*,*,#9567,.T.);
#9567 = EDGE_CURVE('',#5505,#7240,#9568,.T.);
#9568 = LINE('',#9569,#9570);
#9569 = CARTESIAN_POINT('',(106.2875,-69.775,-4.6E-02));
#9570 = VECTOR('',#9571,1.);
#9571 = DIRECTION('',(0.,0.,1.));
#9572 = ORIENTED_EDGE('',*,*,#7239,.F.);
#9573 = ORIENTED_EDGE('',*,*,#9567,.F.);
#9574 = CYLINDRICAL_SURFACE('',#9575,0.5);
#9575 = AXIS2_PLACEMENT_3D('',#9576,#9577,#9578);
#9576 = CARTESIAN_POINT('',(106.2875,-69.275,-4.6E-02));
#9577 = DIRECTION('',(-0.,-0.,-1.));
#9578 = DIRECTION('',(-0.,-1.,0.));
#9579 = ADVANCED_FACE('',(#9580),#9591,.F.);
#9580 = FACE_BOUND('',#9581,.T.);
#9581 = EDGE_LOOP('',(#9582,#9583,#9589,#9590));
#9582 = ORIENTED_EDGE('',*,*,#5515,.T.);
#9583 = ORIENTED_EDGE('',*,*,#9584,.T.);
#9584 = EDGE_CURVE('',#5516,#7251,#9585,.T.);
#9585 = LINE('',#9586,#9587);
#9586 = CARTESIAN_POINT('',(108.7875,-69.775,-4.6E-02));
#9587 = VECTOR('',#9588,1.);
#9588 = DIRECTION('',(0.,0.,1.));
#9589 = ORIENTED_EDGE('',*,*,#7250,.F.);
#9590 = ORIENTED_EDGE('',*,*,#9584,.F.);
#9591 = CYLINDRICAL_SURFACE('',#9592,0.5);
#9592 = AXIS2_PLACEMENT_3D('',#9593,#9594,#9595);
#9593 = CARTESIAN_POINT('',(108.7875,-69.275,-4.6E-02));
#9594 = DIRECTION('',(-0.,-0.,-1.));
#9595 = DIRECTION('',(-0.,-1.,0.));
#9596 = ADVANCED_FACE('',(#9597),#9608,.F.);
#9597 = FACE_BOUND('',#9598,.T.);
#9598 = EDGE_LOOP('',(#9599,#9600,#9606,#9607));
#9599 = ORIENTED_EDGE('',*,*,#5526,.T.);
#9600 = ORIENTED_EDGE('',*,*,#9601,.T.);
#9601 = EDGE_CURVE('',#5527,#7262,#9602,.T.);
#9602 = LINE('',#9603,#9604);
#9603 = CARTESIAN_POINT('',(111.2875,-69.775,-4.6E-02));
#9604 = VECTOR('',#9605,1.);
#9605 = DIRECTION('',(0.,0.,1.));
#9606 = ORIENTED_EDGE('',*,*,#7261,.F.);
#9607 = ORIENTED_EDGE('',*,*,#9601,.F.);
#9608 = CYLINDRICAL_SURFACE('',#9609,0.5);
#9609 = AXIS2_PLACEMENT_3D('',#9610,#9611,#9612);
#9610 = CARTESIAN_POINT('',(111.2875,-69.275,-4.6E-02));
#9611 = DIRECTION('',(-0.,-0.,-1.));
#9612 = DIRECTION('',(-0.,-1.,0.));
#9613 = ADVANCED_FACE('',(#9614),#9625,.F.);
#9614 = FACE_BOUND('',#9615,.T.);
#9615 = EDGE_LOOP('',(#9616,#9617,#9623,#9624));
#9616 = ORIENTED_EDGE('',*,*,#5537,.T.);
#9617 = ORIENTED_EDGE('',*,*,#9618,.T.);
#9618 = EDGE_CURVE('',#5538,#7273,#9619,.T.);
#9619 = LINE('',#9620,#9621);
#9620 = CARTESIAN_POINT('',(113.7875,-69.775,-4.6E-02));
#9621 = VECTOR('',#9622,1.);
#9622 = DIRECTION('',(0.,0.,1.));
#9623 = ORIENTED_EDGE('',*,*,#7272,.F.);
#9624 = ORIENTED_EDGE('',*,*,#9618,.F.);
#9625 = CYLINDRICAL_SURFACE('',#9626,0.5);
#9626 = AXIS2_PLACEMENT_3D('',#9627,#9628,#9629);
#9627 = CARTESIAN_POINT('',(113.7875,-69.275,-4.6E-02));
#9628 = DIRECTION('',(-0.,-0.,-1.));
#9629 = DIRECTION('',(-0.,-1.,0.));
#9630 = ADVANCED_FACE('',(#9631),#9642,.F.);
#9631 = FACE_BOUND('',#9632,.T.);
#9632 = EDGE_LOOP('',(#9633,#9634,#9640,#9641));
#9633 = ORIENTED_EDGE('',*,*,#5548,.T.);
#9634 = ORIENTED_EDGE('',*,*,#9635,.T.);
#9635 = EDGE_CURVE('',#5549,#7284,#9636,.T.);
#9636 = LINE('',#9637,#9638);
#9637 = CARTESIAN_POINT('',(126.14,-81.91,-4.6E-02));
#9638 = VECTOR('',#9639,1.);
#9639 = DIRECTION('',(0.,0.,1.));
#9640 = ORIENTED_EDGE('',*,*,#7283,.F.);
#9641 = ORIENTED_EDGE('',*,*,#9635,.F.);
#9642 = CYLINDRICAL_SURFACE('',#9643,0.51);
#9643 = AXIS2_PLACEMENT_3D('',#9644,#9645,#9646);
#9644 = CARTESIAN_POINT('',(126.14,-81.4,-4.6E-02));
#9645 = DIRECTION('',(-0.,-0.,-1.));
#9646 = DIRECTION('',(-0.,-1.,0.));
#9647 = ADVANCED_FACE('',(#9648),#9659,.F.);
#9648 = FACE_BOUND('',#9649,.T.);
#9649 = EDGE_LOOP('',(#9650,#9651,#9657,#9658));
#9650 = ORIENTED_EDGE('',*,*,#5559,.T.);
#9651 = ORIENTED_EDGE('',*,*,#9652,.T.);
#9652 = EDGE_CURVE('',#5560,#7295,#9653,.T.);
#9653 = LINE('',#9654,#9655);
#9654 = CARTESIAN_POINT('',(126.14,-79.37,-4.6E-02));
#9655 = VECTOR('',#9656,1.);
#9656 = DIRECTION('',(0.,0.,1.));
#9657 = ORIENTED_EDGE('',*,*,#7294,.F.);
#9658 = ORIENTED_EDGE('',*,*,#9652,.F.);
#9659 = CYLINDRICAL_SURFACE('',#9660,0.51);
#9660 = AXIS2_PLACEMENT_3D('',#9661,#9662,#9663);
#9661 = CARTESIAN_POINT('',(126.14,-78.86,-4.6E-02));
#9662 = DIRECTION('',(-0.,-0.,-1.));
#9663 = DIRECTION('',(-0.,-1.,0.));
#9664 = ADVANCED_FACE('',(#9665),#9676,.F.);
#9665 = FACE_BOUND('',#9666,.T.);
#9666 = EDGE_LOOP('',(#9667,#9668,#9674,#9675));
#9667 = ORIENTED_EDGE('',*,*,#5570,.T.);
#9668 = ORIENTED_EDGE('',*,*,#9669,.T.);
#9669 = EDGE_CURVE('',#5571,#7306,#9670,.T.);
#9670 = LINE('',#9671,#9672);
#9671 = CARTESIAN_POINT('',(128.68,-81.91,-4.6E-02));
#9672 = VECTOR('',#9673,1.);
#9673 = DIRECTION('',(0.,0.,1.));
#9674 = ORIENTED_EDGE('',*,*,#7305,.F.);
#9675 = ORIENTED_EDGE('',*,*,#9669,.F.);
#9676 = CYLINDRICAL_SURFACE('',#9677,0.51);
#9677 = AXIS2_PLACEMENT_3D('',#9678,#9679,#9680);
#9678 = CARTESIAN_POINT('',(128.68,-81.4,-4.6E-02));
#9679 = DIRECTION('',(-0.,-0.,-1.));
#9680 = DIRECTION('',(-0.,-1.,0.));
#9681 = ADVANCED_FACE('',(#9682),#9693,.F.);
#9682 = FACE_BOUND('',#9683,.T.);
#9683 = EDGE_LOOP('',(#9684,#9685,#9691,#9692));
#9684 = ORIENTED_EDGE('',*,*,#5581,.T.);
#9685 = ORIENTED_EDGE('',*,*,#9686,.T.);
#9686 = EDGE_CURVE('',#5582,#7317,#9687,.T.);
#9687 = LINE('',#9688,#9689);
#9688 = CARTESIAN_POINT('',(131.22,-81.91,-4.6E-02));
#9689 = VECTOR('',#9690,1.);
#9690 = DIRECTION('',(0.,0.,1.));
#9691 = ORIENTED_EDGE('',*,*,#7316,.F.);
#9692 = ORIENTED_EDGE('',*,*,#9686,.F.);
#9693 = CYLINDRICAL_SURFACE('',#9694,0.51);
#9694 = AXIS2_PLACEMENT_3D('',#9695,#9696,#9697);
#9695 = CARTESIAN_POINT('',(131.22,-81.4,-4.6E-02));
#9696 = DIRECTION('',(-0.,-0.,-1.));
#9697 = DIRECTION('',(-0.,-1.,0.));
#9698 = ADVANCED_FACE('',(#9699),#9710,.F.);
#9699 = FACE_BOUND('',#9700,.T.);
#9700 = EDGE_LOOP('',(#9701,#9702,#9708,#9709));
#9701 = ORIENTED_EDGE('',*,*,#5592,.T.);
#9702 = ORIENTED_EDGE('',*,*,#9703,.T.);
#9703 = EDGE_CURVE('',#5593,#7328,#9704,.T.);
#9704 = LINE('',#9705,#9706);
#9705 = CARTESIAN_POINT('',(126.14,-76.83,-4.6E-02));
#9706 = VECTOR('',#9707,1.);
#9707 = DIRECTION('',(0.,0.,1.));
#9708 = ORIENTED_EDGE('',*,*,#7327,.F.);
#9709 = ORIENTED_EDGE('',*,*,#9703,.F.);
#9710 = CYLINDRICAL_SURFACE('',#9711,0.51);
#9711 = AXIS2_PLACEMENT_3D('',#9712,#9713,#9714);
#9712 = CARTESIAN_POINT('',(126.14,-76.32,-4.6E-02));
#9713 = DIRECTION('',(-0.,-0.,-1.));
#9714 = DIRECTION('',(-0.,-1.,0.));
#9715 = ADVANCED_FACE('',(#9716),#9727,.F.);
#9716 = FACE_BOUND('',#9717,.T.);
#9717 = EDGE_LOOP('',(#9718,#9719,#9725,#9726));
#9718 = ORIENTED_EDGE('',*,*,#5603,.T.);
#9719 = ORIENTED_EDGE('',*,*,#9720,.T.);
#9720 = EDGE_CURVE('',#5604,#7339,#9721,.T.);
#9721 = LINE('',#9722,#9723);
#9722 = CARTESIAN_POINT('',(126.14,-74.29,-4.6E-02));
#9723 = VECTOR('',#9724,1.);
#9724 = DIRECTION('',(0.,0.,1.));
#9725 = ORIENTED_EDGE('',*,*,#7338,.F.);
#9726 = ORIENTED_EDGE('',*,*,#9720,.F.);
#9727 = CYLINDRICAL_SURFACE('',#9728,0.51);
#9728 = AXIS2_PLACEMENT_3D('',#9729,#9730,#9731);
#9729 = CARTESIAN_POINT('',(126.14,-73.78,-4.6E-02));
#9730 = DIRECTION('',(-0.,-0.,-1.));
#9731 = DIRECTION('',(-0.,-1.,0.));
#9732 = ADVANCED_FACE('',(#9733),#9744,.F.);
#9733 = FACE_BOUND('',#9734,.T.);
#9734 = EDGE_LOOP('',(#9735,#9736,#9742,#9743));
#9735 = ORIENTED_EDGE('',*,*,#5614,.T.);
#9736 = ORIENTED_EDGE('',*,*,#9737,.T.);
#9737 = EDGE_CURVE('',#5615,#7350,#9738,.T.);
#9738 = LINE('',#9739,#9740);
#9739 = CARTESIAN_POINT('',(121.5,-74.35,-4.6E-02));
#9740 = VECTOR('',#9741,1.);
#9741 = DIRECTION('',(0.,0.,1.));
#9742 = ORIENTED_EDGE('',*,*,#7349,.F.);
#9743 = ORIENTED_EDGE('',*,*,#9737,.F.);
#9744 = CYLINDRICAL_SURFACE('',#9745,1.35);
#9745 = AXIS2_PLACEMENT_3D('',#9746,#9747,#9748);
#9746 = CARTESIAN_POINT('',(121.5,-73.,-4.6E-02));
#9747 = DIRECTION('',(-0.,-0.,-1.));
#9748 = DIRECTION('',(-0.,-1.,0.));
#9749 = ADVANCED_FACE('',(#9750),#9761,.F.);
#9750 = FACE_BOUND('',#9751,.T.);
#9751 = EDGE_LOOP('',(#9752,#9753,#9759,#9760));
#9752 = ORIENTED_EDGE('',*,*,#5625,.T.);
#9753 = ORIENTED_EDGE('',*,*,#9754,.T.);
#9754 = EDGE_CURVE('',#5626,#7361,#9755,.T.);
#9755 = LINE('',#9756,#9757);
#9756 = CARTESIAN_POINT('',(126.14,-71.75,-4.6E-02));
#9757 = VECTOR('',#9758,1.);
#9758 = DIRECTION('',(0.,0.,1.));
#9759 = ORIENTED_EDGE('',*,*,#7360,.F.);
#9760 = ORIENTED_EDGE('',*,*,#9754,.F.);
#9761 = CYLINDRICAL_SURFACE('',#9762,0.51);
#9762 = AXIS2_PLACEMENT_3D('',#9763,#9764,#9765);
#9763 = CARTESIAN_POINT('',(126.14,-71.24,-4.6E-02));
#9764 = DIRECTION('',(-0.,-0.,-1.));
#9765 = DIRECTION('',(-0.,-1.,0.));
#9766 = ADVANCED_FACE('',(#9767),#9778,.F.);
#9767 = FACE_BOUND('',#9768,.T.);
#9768 = EDGE_LOOP('',(#9769,#9770,#9776,#9777));
#9769 = ORIENTED_EDGE('',*,*,#5636,.T.);
#9770 = ORIENTED_EDGE('',*,*,#9771,.T.);
#9771 = EDGE_CURVE('',#5637,#7372,#9772,.T.);
#9772 = LINE('',#9773,#9774);
#9773 = CARTESIAN_POINT('',(126.14,-69.21,-4.6E-02));
#9774 = VECTOR('',#9775,1.);
#9775 = DIRECTION('',(0.,0.,1.));
#9776 = ORIENTED_EDGE('',*,*,#7371,.F.);
#9777 = ORIENTED_EDGE('',*,*,#9771,.F.);
#9778 = CYLINDRICAL_SURFACE('',#9779,0.51);
#9779 = AXIS2_PLACEMENT_3D('',#9780,#9781,#9782);
#9780 = CARTESIAN_POINT('',(126.14,-68.7,-4.6E-02));
#9781 = DIRECTION('',(-0.,-0.,-1.));
#9782 = DIRECTION('',(-0.,-1.,0.));
#9783 = ADVANCED_FACE('',(#9784),#9795,.F.);
#9784 = FACE_BOUND('',#9785,.T.);
#9785 = EDGE_LOOP('',(#9786,#9787,#9793,#9794));
#9786 = ORIENTED_EDGE('',*,*,#5647,.T.);
#9787 = ORIENTED_EDGE('',*,*,#9788,.T.);
#9788 = EDGE_CURVE('',#5648,#7383,#9789,.T.);
#9789 = LINE('',#9790,#9791);
#9790 = CARTESIAN_POINT('',(126.14,-66.67,-4.6E-02));
#9791 = VECTOR('',#9792,1.);
#9792 = DIRECTION('',(0.,0.,1.));
#9793 = ORIENTED_EDGE('',*,*,#7382,.F.);
#9794 = ORIENTED_EDGE('',*,*,#9788,.F.);
#9795 = CYLINDRICAL_SURFACE('',#9796,0.51);
#9796 = AXIS2_PLACEMENT_3D('',#9797,#9798,#9799);
#9797 = CARTESIAN_POINT('',(126.14,-66.16,-4.6E-02));
#9798 = DIRECTION('',(-0.,-0.,-1.));
#9799 = DIRECTION('',(-0.,-1.,0.));
#9800 = ADVANCED_FACE('',(#9801),#9812,.F.);
#9801 = FACE_BOUND('',#9802,.T.);
#9802 = EDGE_LOOP('',(#9803,#9804,#9810,#9811));
#9803 = ORIENTED_EDGE('',*,*,#5658,.T.);
#9804 = ORIENTED_EDGE('',*,*,#9805,.T.);
#9805 = EDGE_CURVE('',#5659,#7394,#9806,.T.);
#9806 = LINE('',#9807,#9808);
#9807 = CARTESIAN_POINT('',(128.68,-66.67,-4.6E-02));
#9808 = VECTOR('',#9809,1.);
#9809 = DIRECTION('',(0.,0.,1.));
#9810 = ORIENTED_EDGE('',*,*,#7393,.F.);
#9811 = ORIENTED_EDGE('',*,*,#9805,.F.);
#9812 = CYLINDRICAL_SURFACE('',#9813,0.51);
#9813 = AXIS2_PLACEMENT_3D('',#9814,#9815,#9816);
#9814 = CARTESIAN_POINT('',(128.68,-66.16,-4.6E-02));
#9815 = DIRECTION('',(-0.,-0.,-1.));
#9816 = DIRECTION('',(-0.,-1.,0.));
#9817 = ADVANCED_FACE('',(#9818),#9829,.F.);
#9818 = FACE_BOUND('',#9819,.T.);
#9819 = EDGE_LOOP('',(#9820,#9821,#9827,#9828));
#9820 = ORIENTED_EDGE('',*,*,#5669,.T.);
#9821 = ORIENTED_EDGE('',*,*,#9822,.T.);
#9822 = EDGE_CURVE('',#5670,#7405,#9823,.T.);
#9823 = LINE('',#9824,#9825);
#9824 = CARTESIAN_POINT('',(131.22,-66.67,-4.6E-02));
#9825 = VECTOR('',#9826,1.);
#9826 = DIRECTION('',(0.,0.,1.));
#9827 = ORIENTED_EDGE('',*,*,#7404,.F.);
#9828 = ORIENTED_EDGE('',*,*,#9822,.F.);
#9829 = CYLINDRICAL_SURFACE('',#9830,0.51);
#9830 = AXIS2_PLACEMENT_3D('',#9831,#9832,#9833);
#9831 = CARTESIAN_POINT('',(131.22,-66.16,-4.6E-02));
#9832 = DIRECTION('',(-0.,-0.,-1.));
#9833 = DIRECTION('',(-0.,-1.,0.));
#9834 = ADVANCED_FACE('',(#9835),#9846,.F.);
#9835 = FACE_BOUND('',#9836,.T.);
#9836 = EDGE_LOOP('',(#9837,#9838,#9844,#9845));
#9837 = ORIENTED_EDGE('',*,*,#5680,.T.);
#9838 = ORIENTED_EDGE('',*,*,#9839,.T.);
#9839 = EDGE_CURVE('',#5681,#7416,#9840,.T.);
#9840 = LINE('',#9841,#9842);
#9841 = CARTESIAN_POINT('',(112.5,-59.9,-4.6E-02));
#9842 = VECTOR('',#9843,1.);
#9843 = DIRECTION('',(0.,0.,1.));
#9844 = ORIENTED_EDGE('',*,*,#7415,.F.);
#9845 = ORIENTED_EDGE('',*,*,#9839,.F.);
#9846 = CYLINDRICAL_SURFACE('',#9847,0.5);
#9847 = AXIS2_PLACEMENT_3D('',#9848,#9849,#9850);
#9848 = CARTESIAN_POINT('',(112.5,-59.4,-4.6E-02));
#9849 = DIRECTION('',(-0.,-0.,-1.));
#9850 = DIRECTION('',(-0.,-1.,0.));
#9851 = ADVANCED_FACE('',(#9852),#9863,.F.);
#9852 = FACE_BOUND('',#9853,.T.);
#9853 = EDGE_LOOP('',(#9854,#9855,#9861,#9862));
#9854 = ORIENTED_EDGE('',*,*,#5691,.T.);
#9855 = ORIENTED_EDGE('',*,*,#9856,.T.);
#9856 = EDGE_CURVE('',#5692,#7427,#9857,.T.);
#9857 = LINE('',#9858,#9859);
#9858 = CARTESIAN_POINT('',(112.5,-57.4,-4.6E-02));
#9859 = VECTOR('',#9860,1.);
#9860 = DIRECTION('',(0.,0.,1.));
#9861 = ORIENTED_EDGE('',*,*,#7426,.F.);
#9862 = ORIENTED_EDGE('',*,*,#9856,.F.);
#9863 = CYLINDRICAL_SURFACE('',#9864,0.5);
#9864 = AXIS2_PLACEMENT_3D('',#9865,#9866,#9867);
#9865 = CARTESIAN_POINT('',(112.5,-56.9,-4.6E-02));
#9866 = DIRECTION('',(-0.,-0.,-1.));
#9867 = DIRECTION('',(-0.,-1.,0.));
#9868 = ADVANCED_FACE('',(#9869),#9880,.F.);
#9869 = FACE_BOUND('',#9870,.T.);
#9870 = EDGE_LOOP('',(#9871,#9872,#9878,#9879));
#9871 = ORIENTED_EDGE('',*,*,#5702,.T.);
#9872 = ORIENTED_EDGE('',*,*,#9873,.T.);
#9873 = EDGE_CURVE('',#5703,#7438,#9874,.T.);
#9874 = LINE('',#9875,#9876);
#9875 = CARTESIAN_POINT('',(112.5,-54.9,-4.6E-02));
#9876 = VECTOR('',#9877,1.);
#9877 = DIRECTION('',(0.,0.,1.));
#9878 = ORIENTED_EDGE('',*,*,#7437,.F.);
#9879 = ORIENTED_EDGE('',*,*,#9873,.F.);
#9880 = CYLINDRICAL_SURFACE('',#9881,0.5);
#9881 = AXIS2_PLACEMENT_3D('',#9882,#9883,#9884);
#9882 = CARTESIAN_POINT('',(112.5,-54.4,-4.6E-02));
#9883 = DIRECTION('',(-0.,-0.,-1.));
#9884 = DIRECTION('',(-0.,-1.,0.));
#9885 = ADVANCED_FACE('',(#9886),#9897,.F.);
#9886 = FACE_BOUND('',#9887,.T.);
#9887 = EDGE_LOOP('',(#9888,#9889,#9895,#9896));
#9888 = ORIENTED_EDGE('',*,*,#5713,.T.);
#9889 = ORIENTED_EDGE('',*,*,#9890,.T.);
#9890 = EDGE_CURVE('',#5714,#7449,#9891,.T.);
#9891 = LINE('',#9892,#9893);
#9892 = CARTESIAN_POINT('',(106.805,-48.55,-4.6E-02));
#9893 = VECTOR('',#9894,1.);
#9894 = DIRECTION('',(0.,0.,1.));
#9895 = ORIENTED_EDGE('',*,*,#7448,.F.);
#9896 = ORIENTED_EDGE('',*,*,#9890,.F.);
#9897 = CYLINDRICAL_SURFACE('',#9898,0.7);
#9898 = AXIS2_PLACEMENT_3D('',#9899,#9900,#9901);
#9899 = CARTESIAN_POINT('',(106.805,-47.85,-4.6E-02));
#9900 = DIRECTION('',(-0.,-0.,-1.));
#9901 = DIRECTION('',(-0.,-1.,0.));
#9902 = ADVANCED_FACE('',(#9903),#9914,.F.);
#9903 = FACE_BOUND('',#9904,.T.);
#9904 = EDGE_LOOP('',(#9905,#9906,#9912,#9913));
#9905 = ORIENTED_EDGE('',*,*,#5724,.T.);
#9906 = ORIENTED_EDGE('',*,*,#9907,.T.);
#9907 = EDGE_CURVE('',#5725,#7460,#9908,.T.);
#9908 = LINE('',#9909,#9910);
#9909 = CARTESIAN_POINT('',(106.805,-43.05,-4.6E-02));
#9910 = VECTOR('',#9911,1.);
#9911 = DIRECTION('',(0.,0.,1.));
#9912 = ORIENTED_EDGE('',*,*,#7459,.F.);
#9913 = ORIENTED_EDGE('',*,*,#9907,.F.);
#9914 = CYLINDRICAL_SURFACE('',#9915,0.7);
#9915 = AXIS2_PLACEMENT_3D('',#9916,#9917,#9918);
#9916 = CARTESIAN_POINT('',(106.805,-42.35,-4.6E-02));
#9917 = DIRECTION('',(-0.,-0.,-1.));
#9918 = DIRECTION('',(-0.,-1.,0.));
#9919 = ADVANCED_FACE('',(#9920),#9931,.F.);
#9920 = FACE_BOUND('',#9921,.T.);
#9921 = EDGE_LOOP('',(#9922,#9923,#9929,#9930));
#9922 = ORIENTED_EDGE('',*,*,#5735,.T.);
#9923 = ORIENTED_EDGE('',*,*,#9924,.T.);
#9924 = EDGE_CURVE('',#5736,#7471,#9925,.T.);
#9925 = LINE('',#9926,#9927);
#9926 = CARTESIAN_POINT('',(111.005,-48.55,-4.6E-02));
#9927 = VECTOR('',#9928,1.);
#9928 = DIRECTION('',(0.,0.,1.));
#9929 = ORIENTED_EDGE('',*,*,#7470,.F.);
#9930 = ORIENTED_EDGE('',*,*,#9924,.F.);
#9931 = CYLINDRICAL_SURFACE('',#9932,0.7);
#9932 = AXIS2_PLACEMENT_3D('',#9933,#9934,#9935);
#9933 = CARTESIAN_POINT('',(111.005,-47.85,-4.6E-02));
#9934 = DIRECTION('',(-0.,-0.,-1.));
#9935 = DIRECTION('',(-0.,-1.,0.));
#9936 = ADVANCED_FACE('',(#9937),#9948,.F.);
#9937 = FACE_BOUND('',#9938,.T.);
#9938 = EDGE_LOOP('',(#9939,#9940,#9946,#9947));
#9939 = ORIENTED_EDGE('',*,*,#5746,.T.);
#9940 = ORIENTED_EDGE('',*,*,#9941,.T.);
#9941 = EDGE_CURVE('',#5747,#7482,#9942,.T.);
#9942 = LINE('',#9943,#9944);
#9943 = CARTESIAN_POINT('',(115.205,-48.55,-4.6E-02));
#9944 = VECTOR('',#9945,1.);
#9945 = DIRECTION('',(0.,0.,1.));
#9946 = ORIENTED_EDGE('',*,*,#7481,.F.);
#9947 = ORIENTED_EDGE('',*,*,#9941,.F.);
#9948 = CYLINDRICAL_SURFACE('',#9949,0.7);
#9949 = AXIS2_PLACEMENT_3D('',#9950,#9951,#9952);
#9950 = CARTESIAN_POINT('',(115.205,-47.85,-4.6E-02));
#9951 = DIRECTION('',(-0.,-0.,-1.));
#9952 = DIRECTION('',(-0.,-1.,0.));
#9953 = ADVANCED_FACE('',(#9954),#9965,.F.);
#9954 = FACE_BOUND('',#9955,.T.);
#9955 = EDGE_LOOP('',(#9956,#9957,#9963,#9964));
#9956 = ORIENTED_EDGE('',*,*,#5757,.T.);
#9957 = ORIENTED_EDGE('',*,*,#9958,.T.);
#9958 = EDGE_CURVE('',#5758,#7493,#9959,.T.);
#9959 = LINE('',#9960,#9961);
#9960 = CARTESIAN_POINT('',(111.005,-43.05,-4.6E-02));
#9961 = VECTOR('',#9962,1.);
#9962 = DIRECTION('',(0.,0.,1.));
#9963 = ORIENTED_EDGE('',*,*,#7492,.F.);
#9964 = ORIENTED_EDGE('',*,*,#9958,.F.);
#9965 = CYLINDRICAL_SURFACE('',#9966,0.7);
#9966 = AXIS2_PLACEMENT_3D('',#9967,#9968,#9969);
#9967 = CARTESIAN_POINT('',(111.005,-42.35,-4.6E-02));
#9968 = DIRECTION('',(-0.,-0.,-1.));
#9969 = DIRECTION('',(-0.,-1.,0.));
#9970 = ADVANCED_FACE('',(#9971),#9982,.F.);
#9971 = FACE_BOUND('',#9972,.T.);
#9972 = EDGE_LOOP('',(#9973,#9974,#9980,#9981));
#9973 = ORIENTED_EDGE('',*,*,#5768,.T.);
#9974 = ORIENTED_EDGE('',*,*,#9975,.T.);
#9975 = EDGE_CURVE('',#5769,#7504,#9976,.T.);
#9976 = LINE('',#9977,#9978);
#9977 = CARTESIAN_POINT('',(115.205,-43.05,-4.6E-02));
#9978 = VECTOR('',#9979,1.);
#9979 = DIRECTION('',(0.,0.,1.));
#9980 = ORIENTED_EDGE('',*,*,#7503,.F.);
#9981 = ORIENTED_EDGE('',*,*,#9975,.F.);
#9982 = CYLINDRICAL_SURFACE('',#9983,0.7);
#9983 = AXIS2_PLACEMENT_3D('',#9984,#9985,#9986);
#9984 = CARTESIAN_POINT('',(115.205,-42.35,-4.6E-02));
#9985 = DIRECTION('',(-0.,-0.,-1.));
#9986 = DIRECTION('',(-0.,-1.,0.));
#9987 = ADVANCED_FACE('',(#9988),#9999,.F.);
#9988 = FACE_BOUND('',#9989,.T.);
#9989 = EDGE_LOOP('',(#9990,#9991,#9997,#9998));
#9990 = ORIENTED_EDGE('',*,*,#5779,.T.);
#9991 = ORIENTED_EDGE('',*,*,#9992,.T.);
#9992 = EDGE_CURVE('',#5780,#7515,#9993,.T.);
#9993 = LINE('',#9994,#9995);
#9994 = CARTESIAN_POINT('',(122.275,-59.8625,-4.6E-02));
#9995 = VECTOR('',#9996,1.);
#9996 = DIRECTION('',(0.,0.,1.));
#9997 = ORIENTED_EDGE('',*,*,#7514,.F.);
#9998 = ORIENTED_EDGE('',*,*,#9992,.F.);
#9999 = CYLINDRICAL_SURFACE('',#10000,0.5);
#10000 = AXIS2_PLACEMENT_3D('',#10001,#10002,#10003);
#10001 = CARTESIAN_POINT('',(122.275,-59.3625,-4.6E-02));
#10002 = DIRECTION('',(-0.,-0.,-1.));
#10003 = DIRECTION('',(-0.,-1.,0.));
#10004 = ADVANCED_FACE('',(#10005),#10016,.F.);
#10005 = FACE_BOUND('',#10006,.T.);
#10006 = EDGE_LOOP('',(#10007,#10008,#10014,#10015));
#10007 = ORIENTED_EDGE('',*,*,#5790,.T.);
#10008 = ORIENTED_EDGE('',*,*,#10009,.T.);
#10009 = EDGE_CURVE('',#5791,#7526,#10010,.T.);
#10010 = LINE('',#10011,#10012);
#10011 = CARTESIAN_POINT('',(122.275,-57.3625,-4.6E-02));
#10012 = VECTOR('',#10013,1.);
#10013 = DIRECTION('',(0.,0.,1.));
#10014 = ORIENTED_EDGE('',*,*,#7525,.F.);
#10015 = ORIENTED_EDGE('',*,*,#10009,.F.);
#10016 = CYLINDRICAL_SURFACE('',#10017,0.5);
#10017 = AXIS2_PLACEMENT_3D('',#10018,#10019,#10020);
#10018 = CARTESIAN_POINT('',(122.275,-56.8625,-4.6E-02));
#10019 = DIRECTION('',(-0.,-0.,-1.));
#10020 = DIRECTION('',(-0.,-1.,0.));
#10021 = ADVANCED_FACE('',(#10022),#10033,.F.);
#10022 = FACE_BOUND('',#10023,.T.);
#10023 = EDGE_LOOP('',(#10024,#10025,#10031,#10032));
#10024 = ORIENTED_EDGE('',*,*,#5801,.T.);
#10025 = ORIENTED_EDGE('',*,*,#10026,.T.);
#10026 = EDGE_CURVE('',#5802,#7537,#10027,.T.);
#10027 = LINE('',#10028,#10029);
#10028 = CARTESIAN_POINT('',(122.275,-54.8625,-4.6E-02));
#10029 = VECTOR('',#10030,1.);
#10030 = DIRECTION('',(0.,0.,1.));
#10031 = ORIENTED_EDGE('',*,*,#7536,.F.);
#10032 = ORIENTED_EDGE('',*,*,#10026,.F.);
#10033 = CYLINDRICAL_SURFACE('',#10034,0.5);
#10034 = AXIS2_PLACEMENT_3D('',#10035,#10036,#10037);
#10035 = CARTESIAN_POINT('',(122.275,-54.3625,-4.6E-02));
#10036 = DIRECTION('',(-0.,-0.,-1.));
#10037 = DIRECTION('',(-0.,-1.,0.));
#10038 = ADVANCED_FACE('',(#10039),#10050,.F.);
#10039 = FACE_BOUND('',#10040,.T.);
#10040 = EDGE_LOOP('',(#10041,#10042,#10048,#10049));
#10041 = ORIENTED_EDGE('',*,*,#5812,.T.);
#10042 = ORIENTED_EDGE('',*,*,#10043,.T.);
#10043 = EDGE_CURVE('',#5813,#7548,#10044,.T.);
#10044 = LINE('',#10045,#10046);
#10045 = CARTESIAN_POINT('',(131.375,-59.9375,-4.6E-02));
#10046 = VECTOR('',#10047,1.);
#10047 = DIRECTION('',(0.,0.,1.));
#10048 = ORIENTED_EDGE('',*,*,#7547,.F.);
#10049 = ORIENTED_EDGE('',*,*,#10043,.F.);
#10050 = CYLINDRICAL_SURFACE('',#10051,0.5);
#10051 = AXIS2_PLACEMENT_3D('',#10052,#10053,#10054);
#10052 = CARTESIAN_POINT('',(131.375,-59.4375,-4.6E-02));
#10053 = DIRECTION('',(-0.,-0.,-1.));
#10054 = DIRECTION('',(-0.,-1.,0.));
#10055 = ADVANCED_FACE('',(#10056),#10067,.F.);
#10056 = FACE_BOUND('',#10057,.T.);
#10057 = EDGE_LOOP('',(#10058,#10059,#10065,#10066));
#10058 = ORIENTED_EDGE('',*,*,#5823,.T.);
#10059 = ORIENTED_EDGE('',*,*,#10060,.T.);
#10060 = EDGE_CURVE('',#5824,#7559,#10061,.T.);
#10061 = LINE('',#10062,#10063);
#10062 = CARTESIAN_POINT('',(131.375,-57.4375,-4.6E-02));
#10063 = VECTOR('',#10064,1.);
#10064 = DIRECTION('',(0.,0.,1.));
#10065 = ORIENTED_EDGE('',*,*,#7558,.F.);
#10066 = ORIENTED_EDGE('',*,*,#10060,.F.);
#10067 = CYLINDRICAL_SURFACE('',#10068,0.5);
#10068 = AXIS2_PLACEMENT_3D('',#10069,#10070,#10071);
#10069 = CARTESIAN_POINT('',(131.375,-56.9375,-4.6E-02));
#10070 = DIRECTION('',(-0.,-0.,-1.));
#10071 = DIRECTION('',(-0.,-1.,0.));
#10072 = ADVANCED_FACE('',(#10073),#10084,.F.);
#10073 = FACE_BOUND('',#10074,.T.);
#10074 = EDGE_LOOP('',(#10075,#10076,#10082,#10083));
#10075 = ORIENTED_EDGE('',*,*,#5834,.T.);
#10076 = ORIENTED_EDGE('',*,*,#10077,.T.);
#10077 = EDGE_CURVE('',#5835,#7570,#10078,.T.);
#10078 = LINE('',#10079,#10080);
#10079 = CARTESIAN_POINT('',(131.375,-54.9375,-4.6E-02));
#10080 = VECTOR('',#10081,1.);
#10081 = DIRECTION('',(0.,0.,1.));
#10082 = ORIENTED_EDGE('',*,*,#7569,.F.);
#10083 = ORIENTED_EDGE('',*,*,#10077,.F.);
#10084 = CYLINDRICAL_SURFACE('',#10085,0.5);
#10085 = AXIS2_PLACEMENT_3D('',#10086,#10087,#10088);
#10086 = CARTESIAN_POINT('',(131.375,-54.4375,-4.6E-02));
#10087 = DIRECTION('',(-0.,-0.,-1.));
#10088 = DIRECTION('',(-0.,-1.,0.));
#10089 = ADVANCED_FACE('',(#10090),#10101,.F.);
#10090 = FACE_BOUND('',#10091,.T.);
#10091 = EDGE_LOOP('',(#10092,#10093,#10099,#10100));
#10092 = ORIENTED_EDGE('',*,*,#5845,.T.);
#10093 = ORIENTED_EDGE('',*,*,#10094,.T.);
#10094 = EDGE_CURVE('',#5846,#7581,#10095,.T.);
#10095 = LINE('',#10096,#10097);
#10096 = CARTESIAN_POINT('',(133.76,-81.91,-4.6E-02));
#10097 = VECTOR('',#10098,1.);
#10098 = DIRECTION('',(0.,0.,1.));
#10099 = ORIENTED_EDGE('',*,*,#7580,.F.);
#10100 = ORIENTED_EDGE('',*,*,#10094,.F.);
#10101 = CYLINDRICAL_SURFACE('',#10102,0.51);
#10102 = AXIS2_PLACEMENT_3D('',#10103,#10104,#10105);
#10103 = CARTESIAN_POINT('',(133.76,-81.4,-4.6E-02));
#10104 = DIRECTION('',(-0.,-0.,-1.));
#10105 = DIRECTION('',(-0.,-1.,0.));
#10106 = ADVANCED_FACE('',(#10107),#10118,.F.);
#10107 = FACE_BOUND('',#10108,.T.);
#10108 = EDGE_LOOP('',(#10109,#10110,#10116,#10117));
#10109 = ORIENTED_EDGE('',*,*,#5856,.T.);
#10110 = ORIENTED_EDGE('',*,*,#10111,.T.);
#10111 = EDGE_CURVE('',#5857,#7592,#10112,.T.);
#10112 = LINE('',#10113,#10114);
#10113 = CARTESIAN_POINT('',(136.3,-81.91,-4.6E-02));
#10114 = VECTOR('',#10115,1.);
#10115 = DIRECTION('',(0.,0.,1.));
#10116 = ORIENTED_EDGE('',*,*,#7591,.F.);
#10117 = ORIENTED_EDGE('',*,*,#10111,.F.);
#10118 = CYLINDRICAL_SURFACE('',#10119,0.51);
#10119 = AXIS2_PLACEMENT_3D('',#10120,#10121,#10122);
#10120 = CARTESIAN_POINT('',(136.3,-81.4,-4.6E-02));
#10121 = DIRECTION('',(-0.,-0.,-1.));
#10122 = DIRECTION('',(-0.,-1.,0.));
#10123 = ADVANCED_FACE('',(#10124),#10135,.F.);
#10124 = FACE_BOUND('',#10125,.T.);
#10125 = EDGE_LOOP('',(#10126,#10127,#10133,#10134));
#10126 = ORIENTED_EDGE('',*,*,#5867,.T.);
#10127 = ORIENTED_EDGE('',*,*,#10128,.T.);
#10128 = EDGE_CURVE('',#5868,#7603,#10129,.T.);
#10129 = LINE('',#10130,#10131);
#10130 = CARTESIAN_POINT('',(138.84,-81.91,-4.6E-02));
#10131 = VECTOR('',#10132,1.);
#10132 = DIRECTION('',(0.,0.,1.));
#10133 = ORIENTED_EDGE('',*,*,#7602,.F.);
#10134 = ORIENTED_EDGE('',*,*,#10128,.F.);
#10135 = CYLINDRICAL_SURFACE('',#10136,0.51);
#10136 = AXIS2_PLACEMENT_3D('',#10137,#10138,#10139);
#10137 = CARTESIAN_POINT('',(138.84,-81.4,-4.6E-02));
#10138 = DIRECTION('',(-0.,-0.,-1.));
#10139 = DIRECTION('',(-0.,-1.,0.));
#10140 = ADVANCED_FACE('',(#10141),#10152,.F.);
#10141 = FACE_BOUND('',#10142,.T.);
#10142 = EDGE_LOOP('',(#10143,#10144,#10150,#10151));
#10143 = ORIENTED_EDGE('',*,*,#5878,.T.);
#10144 = ORIENTED_EDGE('',*,*,#10145,.T.);
#10145 = EDGE_CURVE('',#5879,#7614,#10146,.T.);
#10146 = LINE('',#10147,#10148);
#10147 = CARTESIAN_POINT('',(141.38,-81.91,-4.6E-02));
#10148 = VECTOR('',#10149,1.);
#10149 = DIRECTION('',(0.,0.,1.));
#10150 = ORIENTED_EDGE('',*,*,#7613,.F.);
#10151 = ORIENTED_EDGE('',*,*,#10145,.F.);
#10152 = CYLINDRICAL_SURFACE('',#10153,0.51);
#10153 = AXIS2_PLACEMENT_3D('',#10154,#10155,#10156);
#10154 = CARTESIAN_POINT('',(141.38,-81.4,-4.6E-02));
#10155 = DIRECTION('',(-0.,-0.,-1.));
#10156 = DIRECTION('',(-0.,-1.,0.));
#10157 = ADVANCED_FACE('',(#10158),#10169,.F.);
#10158 = FACE_BOUND('',#10159,.T.);
#10159 = EDGE_LOOP('',(#10160,#10161,#10167,#10168));
#10160 = ORIENTED_EDGE('',*,*,#5889,.T.);
#10161 = ORIENTED_EDGE('',*,*,#10162,.T.);
#10162 = EDGE_CURVE('',#5890,#7625,#10163,.T.);
#10163 = LINE('',#10164,#10165);
#10164 = CARTESIAN_POINT('',(143.92,-81.91,-4.6E-02));
#10165 = VECTOR('',#10166,1.);
#10166 = DIRECTION('',(0.,0.,1.));
#10167 = ORIENTED_EDGE('',*,*,#7624,.F.);
#10168 = ORIENTED_EDGE('',*,*,#10162,.F.);
#10169 = CYLINDRICAL_SURFACE('',#10170,0.51);
#10170 = AXIS2_PLACEMENT_3D('',#10171,#10172,#10173);
#10171 = CARTESIAN_POINT('',(143.92,-81.4,-4.6E-02));
#10172 = DIRECTION('',(-0.,-0.,-1.));
#10173 = DIRECTION('',(-5.57288420204E-14,-1.,0.));
#10174 = ADVANCED_FACE('',(#10175),#10186,.F.);
#10175 = FACE_BOUND('',#10176,.T.);
#10176 = EDGE_LOOP('',(#10177,#10178,#10184,#10185));
#10177 = ORIENTED_EDGE('',*,*,#5900,.T.);
#10178 = ORIENTED_EDGE('',*,*,#10179,.T.);
#10179 = EDGE_CURVE('',#5901,#7636,#10180,.T.);
#10180 = LINE('',#10181,#10182);
#10181 = CARTESIAN_POINT('',(133.76,-66.67,-4.6E-02));
#10182 = VECTOR('',#10183,1.);
#10183 = DIRECTION('',(0.,0.,1.));
#10184 = ORIENTED_EDGE('',*,*,#7635,.F.);
#10185 = ORIENTED_EDGE('',*,*,#10179,.F.);
#10186 = CYLINDRICAL_SURFACE('',#10187,0.51);
#10187 = AXIS2_PLACEMENT_3D('',#10188,#10189,#10190);
#10188 = CARTESIAN_POINT('',(133.76,-66.16,-4.6E-02));
#10189 = DIRECTION('',(-0.,-0.,-1.));
#10190 = DIRECTION('',(-0.,-1.,0.));
#10191 = ADVANCED_FACE('',(#10192),#10203,.F.);
#10192 = FACE_BOUND('',#10193,.T.);
#10193 = EDGE_LOOP('',(#10194,#10195,#10201,#10202));
#10194 = ORIENTED_EDGE('',*,*,#5911,.T.);
#10195 = ORIENTED_EDGE('',*,*,#10196,.T.);
#10196 = EDGE_CURVE('',#5912,#7647,#10197,.T.);
#10197 = LINE('',#10198,#10199);
#10198 = CARTESIAN_POINT('',(136.3,-66.67,-4.6E-02));
#10199 = VECTOR('',#10200,1.);
#10200 = DIRECTION('',(0.,0.,1.));
#10201 = ORIENTED_EDGE('',*,*,#7646,.F.);
#10202 = ORIENTED_EDGE('',*,*,#10196,.F.);
#10203 = CYLINDRICAL_SURFACE('',#10204,0.51);
#10204 = AXIS2_PLACEMENT_3D('',#10205,#10206,#10207);
#10205 = CARTESIAN_POINT('',(136.3,-66.16,-4.6E-02));
#10206 = DIRECTION('',(-0.,-0.,-1.));
#10207 = DIRECTION('',(-0.,-1.,0.));
#10208 = ADVANCED_FACE('',(#10209),#10220,.F.);
#10209 = FACE_BOUND('',#10210,.T.);
#10210 = EDGE_LOOP('',(#10211,#10212,#10218,#10219));
#10211 = ORIENTED_EDGE('',*,*,#5922,.T.);
#10212 = ORIENTED_EDGE('',*,*,#10213,.T.);
#10213 = EDGE_CURVE('',#5923,#7658,#10214,.T.);
#10214 = LINE('',#10215,#10216);
#10215 = CARTESIAN_POINT('',(138.84,-66.67,-4.6E-02));
#10216 = VECTOR('',#10217,1.);
#10217 = DIRECTION('',(0.,0.,1.));
#10218 = ORIENTED_EDGE('',*,*,#7657,.F.);
#10219 = ORIENTED_EDGE('',*,*,#10213,.F.);
#10220 = CYLINDRICAL_SURFACE('',#10221,0.51);
#10221 = AXIS2_PLACEMENT_3D('',#10222,#10223,#10224);
#10222 = CARTESIAN_POINT('',(138.84,-66.16,-4.6E-02));
#10223 = DIRECTION('',(-0.,-0.,-1.));
#10224 = DIRECTION('',(-0.,-1.,0.));
#10225 = ADVANCED_FACE('',(#10226),#10237,.F.);
#10226 = FACE_BOUND('',#10227,.T.);
#10227 = EDGE_LOOP('',(#10228,#10229,#10235,#10236));
#10228 = ORIENTED_EDGE('',*,*,#5933,.T.);
#10229 = ORIENTED_EDGE('',*,*,#10230,.T.);
#10230 = EDGE_CURVE('',#5934,#7669,#10231,.T.);
#10231 = LINE('',#10232,#10233);
#10232 = CARTESIAN_POINT('',(141.38,-66.67,-4.6E-02));
#10233 = VECTOR('',#10234,1.);
#10234 = DIRECTION('',(0.,0.,1.));
#10235 = ORIENTED_EDGE('',*,*,#7668,.F.);
#10236 = ORIENTED_EDGE('',*,*,#10230,.F.);
#10237 = CYLINDRICAL_SURFACE('',#10238,0.51);
#10238 = AXIS2_PLACEMENT_3D('',#10239,#10240,#10241);
#10239 = CARTESIAN_POINT('',(141.38,-66.16,-4.6E-02));
#10240 = DIRECTION('',(-0.,-0.,-1.));
#10241 = DIRECTION('',(-0.,-1.,0.));
#10242 = ADVANCED_FACE('',(#10243),#10254,.F.);
#10243 = FACE_BOUND('',#10244,.T.);
#10244 = EDGE_LOOP('',(#10245,#10246,#10252,#10253));
#10245 = ORIENTED_EDGE('',*,*,#5944,.T.);
#10246 = ORIENTED_EDGE('',*,*,#10247,.T.);
#10247 = EDGE_CURVE('',#5945,#7680,#10248,.T.);
#10248 = LINE('',#10249,#10250);
#10249 = CARTESIAN_POINT('',(143.92,-66.67,-4.6E-02));
#10250 = VECTOR('',#10251,1.);
#10251 = DIRECTION('',(0.,0.,1.));
#10252 = ORIENTED_EDGE('',*,*,#7679,.F.);
#10253 = ORIENTED_EDGE('',*,*,#10247,.F.);
#10254 = CYLINDRICAL_SURFACE('',#10255,0.51);
#10255 = AXIS2_PLACEMENT_3D('',#10256,#10257,#10258);
#10256 = CARTESIAN_POINT('',(143.92,-66.16,-4.6E-02));
#10257 = DIRECTION('',(-0.,-0.,-1.));
#10258 = DIRECTION('',(-5.57288420204E-14,-1.,0.));
#10259 = ADVANCED_FACE('',(#10260),#10271,.F.);
#10260 = FACE_BOUND('',#10261,.T.);
#10261 = EDGE_LOOP('',(#10262,#10263,#10269,#10270));
#10262 = ORIENTED_EDGE('',*,*,#5955,.T.);
#10263 = ORIENTED_EDGE('',*,*,#10264,.T.);
#10264 = EDGE_CURVE('',#5956,#7691,#10265,.T.);
#10265 = LINE('',#10266,#10267);
#10266 = CARTESIAN_POINT('',(146.46,-81.91,-4.6E-02));
#10267 = VECTOR('',#10268,1.);
#10268 = DIRECTION('',(0.,0.,1.));
#10269 = ORIENTED_EDGE('',*,*,#7690,.F.);
#10270 = ORIENTED_EDGE('',*,*,#10264,.F.);
#10271 = CYLINDRICAL_SURFACE('',#10272,0.51);
#10272 = AXIS2_PLACEMENT_3D('',#10273,#10274,#10275);
#10273 = CARTESIAN_POINT('',(146.46,-81.4,-4.6E-02));
#10274 = DIRECTION('',(-0.,0.,-1.));
#10275 = DIRECTION('',(5.57288420204E-14,-1.,-0.));
#10276 = ADVANCED_FACE('',(#10277),#10288,.F.);
#10277 = FACE_BOUND('',#10278,.T.);
#10278 = EDGE_LOOP('',(#10279,#10280,#10286,#10287));
#10279 = ORIENTED_EDGE('',*,*,#5966,.T.);
#10280 = ORIENTED_EDGE('',*,*,#10281,.T.);
#10281 = EDGE_CURVE('',#5967,#7702,#10282,.T.);
#10282 = LINE('',#10283,#10284);
#10283 = CARTESIAN_POINT('',(149.,-81.91,-4.6E-02));
#10284 = VECTOR('',#10285,1.);
#10285 = DIRECTION('',(0.,0.,1.));
#10286 = ORIENTED_EDGE('',*,*,#7701,.F.);
#10287 = ORIENTED_EDGE('',*,*,#10281,.F.);
#10288 = CYLINDRICAL_SURFACE('',#10289,0.51);
#10289 = AXIS2_PLACEMENT_3D('',#10290,#10291,#10292);
#10290 = CARTESIAN_POINT('',(149.,-81.4,-4.6E-02));
#10291 = DIRECTION('',(-0.,-0.,-1.));
#10292 = DIRECTION('',(-0.,-1.,0.));
#10293 = ADVANCED_FACE('',(#10294),#10305,.F.);
#10294 = FACE_BOUND('',#10295,.T.);
#10295 = EDGE_LOOP('',(#10296,#10297,#10303,#10304));
#10296 = ORIENTED_EDGE('',*,*,#5977,.T.);
#10297 = ORIENTED_EDGE('',*,*,#10298,.T.);
#10298 = EDGE_CURVE('',#5978,#7713,#10299,.T.);
#10299 = LINE('',#10300,#10301);
#10300 = CARTESIAN_POINT('',(151.54,-81.91,-4.6E-02));
#10301 = VECTOR('',#10302,1.);
#10302 = DIRECTION('',(0.,0.,1.));
#10303 = ORIENTED_EDGE('',*,*,#7712,.F.);
#10304 = ORIENTED_EDGE('',*,*,#10298,.F.);
#10305 = CYLINDRICAL_SURFACE('',#10306,0.51);
#10306 = AXIS2_PLACEMENT_3D('',#10307,#10308,#10309);
#10307 = CARTESIAN_POINT('',(151.54,-81.4,-4.6E-02));
#10308 = DIRECTION('',(-0.,-0.,-1.));
#10309 = DIRECTION('',(-5.57288420204E-14,-1.,0.));
#10310 = ADVANCED_FACE('',(#10311),#10322,.F.);
#10311 = FACE_BOUND('',#10312,.T.);
#10312 = EDGE_LOOP('',(#10313,#10314,#10320,#10321));
#10313 = ORIENTED_EDGE('',*,*,#5988,.T.);
#10314 = ORIENTED_EDGE('',*,*,#10315,.T.);
#10315 = EDGE_CURVE('',#5989,#7724,#10316,.T.);
#10316 = LINE('',#10317,#10318);
#10317 = CARTESIAN_POINT('',(154.08,-81.91,-4.6E-02));
#10318 = VECTOR('',#10319,1.);
#10319 = DIRECTION('',(0.,0.,1.));
#10320 = ORIENTED_EDGE('',*,*,#7723,.F.);
#10321 = ORIENTED_EDGE('',*,*,#10315,.F.);
#10322 = CYLINDRICAL_SURFACE('',#10323,0.51);
#10323 = AXIS2_PLACEMENT_3D('',#10324,#10325,#10326);
#10324 = CARTESIAN_POINT('',(154.08,-81.4,-4.6E-02));
#10325 = DIRECTION('',(-0.,0.,-1.));
#10326 = DIRECTION('',(5.57288420204E-14,-1.,-0.));
#10327 = ADVANCED_FACE('',(#10328),#10339,.F.);
#10328 = FACE_BOUND('',#10329,.T.);
#10329 = EDGE_LOOP('',(#10330,#10331,#10337,#10338));
#10330 = ORIENTED_EDGE('',*,*,#5999,.T.);
#10331 = ORIENTED_EDGE('',*,*,#10332,.T.);
#10332 = EDGE_CURVE('',#6000,#7735,#10333,.T.);
#10333 = LINE('',#10334,#10335);
#10334 = CARTESIAN_POINT('',(156.62,-81.91,-4.6E-02));
#10335 = VECTOR('',#10336,1.);
#10336 = DIRECTION('',(0.,0.,1.));
#10337 = ORIENTED_EDGE('',*,*,#7734,.F.);
#10338 = ORIENTED_EDGE('',*,*,#10332,.F.);
#10339 = CYLINDRICAL_SURFACE('',#10340,0.51);
#10340 = AXIS2_PLACEMENT_3D('',#10341,#10342,#10343);
#10341 = CARTESIAN_POINT('',(156.62,-81.4,-4.6E-02));
#10342 = DIRECTION('',(-0.,-0.,-1.));
#10343 = DIRECTION('',(-0.,-1.,0.));
#10344 = ADVANCED_FACE('',(#10345),#10356,.F.);
#10345 = FACE_BOUND('',#10346,.T.);
#10346 = EDGE_LOOP('',(#10347,#10348,#10354,#10355));
#10347 = ORIENTED_EDGE('',*,*,#6010,.T.);
#10348 = ORIENTED_EDGE('',*,*,#10349,.T.);
#10349 = EDGE_CURVE('',#6011,#7746,#10350,.T.);
#10350 = LINE('',#10351,#10352);
#10351 = CARTESIAN_POINT('',(159.16,-81.91,-4.6E-02));
#10352 = VECTOR('',#10353,1.);
#10353 = DIRECTION('',(0.,0.,1.));
#10354 = ORIENTED_EDGE('',*,*,#7745,.F.);
#10355 = ORIENTED_EDGE('',*,*,#10349,.F.);
#10356 = CYLINDRICAL_SURFACE('',#10357,0.51);
#10357 = AXIS2_PLACEMENT_3D('',#10358,#10359,#10360);
#10358 = CARTESIAN_POINT('',(159.16,-81.4,-4.6E-02));
#10359 = DIRECTION('',(-0.,-0.,-1.));
#10360 = DIRECTION('',(-0.,-1.,0.));
#10361 = ADVANCED_FACE('',(#10362),#10373,.F.);
#10362 = FACE_BOUND('',#10363,.T.);
#10363 = EDGE_LOOP('',(#10364,#10365,#10371,#10372));
#10364 = ORIENTED_EDGE('',*,*,#6021,.T.);
#10365 = ORIENTED_EDGE('',*,*,#10366,.T.);
#10366 = EDGE_CURVE('',#6022,#7757,#10367,.T.);
#10367 = LINE('',#10368,#10369);
#10368 = CARTESIAN_POINT('',(146.46,-66.67,-4.6E-02));
#10369 = VECTOR('',#10370,1.);
#10370 = DIRECTION('',(0.,0.,1.));
#10371 = ORIENTED_EDGE('',*,*,#7756,.F.);
#10372 = ORIENTED_EDGE('',*,*,#10366,.F.);
#10373 = CYLINDRICAL_SURFACE('',#10374,0.51);
#10374 = AXIS2_PLACEMENT_3D('',#10375,#10376,#10377);
#10375 = CARTESIAN_POINT('',(146.46,-66.16,-4.6E-02));
#10376 = DIRECTION('',(-0.,0.,-1.));
#10377 = DIRECTION('',(5.57288420204E-14,-1.,-0.));
#10378 = ADVANCED_FACE('',(#10379),#10390,.F.);
#10379 = FACE_BOUND('',#10380,.T.);
#10380 = EDGE_LOOP('',(#10381,#10382,#10388,#10389));
#10381 = ORIENTED_EDGE('',*,*,#6032,.T.);
#10382 = ORIENTED_EDGE('',*,*,#10383,.T.);
#10383 = EDGE_CURVE('',#6033,#7768,#10384,.T.);
#10384 = LINE('',#10385,#10386);
#10385 = CARTESIAN_POINT('',(149.,-66.67,-4.6E-02));
#10386 = VECTOR('',#10387,1.);
#10387 = DIRECTION('',(0.,0.,1.));
#10388 = ORIENTED_EDGE('',*,*,#7767,.F.);
#10389 = ORIENTED_EDGE('',*,*,#10383,.F.);
#10390 = CYLINDRICAL_SURFACE('',#10391,0.51);
#10391 = AXIS2_PLACEMENT_3D('',#10392,#10393,#10394);
#10392 = CARTESIAN_POINT('',(149.,-66.16,-4.6E-02));
#10393 = DIRECTION('',(-0.,-0.,-1.));
#10394 = DIRECTION('',(-0.,-1.,0.));
#10395 = ADVANCED_FACE('',(#10396),#10407,.F.);
#10396 = FACE_BOUND('',#10397,.T.);
#10397 = EDGE_LOOP('',(#10398,#10399,#10405,#10406));
#10398 = ORIENTED_EDGE('',*,*,#6043,.T.);
#10399 = ORIENTED_EDGE('',*,*,#10400,.T.);
#10400 = EDGE_CURVE('',#6044,#7779,#10401,.T.);
#10401 = LINE('',#10402,#10403);
#10402 = CARTESIAN_POINT('',(151.54,-66.67,-4.6E-02));
#10403 = VECTOR('',#10404,1.);
#10404 = DIRECTION('',(0.,0.,1.));
#10405 = ORIENTED_EDGE('',*,*,#7778,.F.);
#10406 = ORIENTED_EDGE('',*,*,#10400,.F.);
#10407 = CYLINDRICAL_SURFACE('',#10408,0.51);
#10408 = AXIS2_PLACEMENT_3D('',#10409,#10410,#10411);
#10409 = CARTESIAN_POINT('',(151.54,-66.16,-4.6E-02));
#10410 = DIRECTION('',(-0.,-0.,-1.));
#10411 = DIRECTION('',(-5.57288420204E-14,-1.,0.));
#10412 = ADVANCED_FACE('',(#10413),#10424,.F.);
#10413 = FACE_BOUND('',#10414,.T.);
#10414 = EDGE_LOOP('',(#10415,#10416,#10422,#10423));
#10415 = ORIENTED_EDGE('',*,*,#6054,.T.);
#10416 = ORIENTED_EDGE('',*,*,#10417,.T.);
#10417 = EDGE_CURVE('',#6055,#7790,#10418,.T.);
#10418 = LINE('',#10419,#10420);
#10419 = CARTESIAN_POINT('',(154.08,-66.67,-4.6E-02));
#10420 = VECTOR('',#10421,1.);
#10421 = DIRECTION('',(0.,0.,1.));
#10422 = ORIENTED_EDGE('',*,*,#7789,.F.);
#10423 = ORIENTED_EDGE('',*,*,#10417,.F.);
#10424 = CYLINDRICAL_SURFACE('',#10425,0.51);
#10425 = AXIS2_PLACEMENT_3D('',#10426,#10427,#10428);
#10426 = CARTESIAN_POINT('',(154.08,-66.16,-4.6E-02));
#10427 = DIRECTION('',(-0.,0.,-1.));
#10428 = DIRECTION('',(5.57288420204E-14,-1.,-0.));
#10429 = ADVANCED_FACE('',(#10430),#10441,.F.);
#10430 = FACE_BOUND('',#10431,.T.);
#10431 = EDGE_LOOP('',(#10432,#10433,#10439,#10440));
#10432 = ORIENTED_EDGE('',*,*,#6065,.T.);
#10433 = ORIENTED_EDGE('',*,*,#10434,.T.);
#10434 = EDGE_CURVE('',#6066,#7801,#10435,.T.);
#10435 = LINE('',#10436,#10437);
#10436 = CARTESIAN_POINT('',(156.62,-66.67,-4.6E-02));
#10437 = VECTOR('',#10438,1.);
#10438 = DIRECTION('',(0.,0.,1.));
#10439 = ORIENTED_EDGE('',*,*,#7800,.F.);
#10440 = ORIENTED_EDGE('',*,*,#10434,.F.);
#10441 = CYLINDRICAL_SURFACE('',#10442,0.51);
#10442 = AXIS2_PLACEMENT_3D('',#10443,#10444,#10445);
#10443 = CARTESIAN_POINT('',(156.62,-66.16,-4.6E-02));
#10444 = DIRECTION('',(-0.,-0.,-1.));
#10445 = DIRECTION('',(-0.,-1.,0.));
#10446 = ADVANCED_FACE('',(#10447),#10458,.F.);
#10447 = FACE_BOUND('',#10448,.T.);
#10448 = EDGE_LOOP('',(#10449,#10450,#10456,#10457));
#10449 = ORIENTED_EDGE('',*,*,#6076,.T.);
#10450 = ORIENTED_EDGE('',*,*,#10451,.T.);
#10451 = EDGE_CURVE('',#6077,#7812,#10452,.T.);
#10452 = LINE('',#10453,#10454);
#10453 = CARTESIAN_POINT('',(159.16,-66.67,-4.6E-02));
#10454 = VECTOR('',#10455,1.);
#10455 = DIRECTION('',(0.,0.,1.));
#10456 = ORIENTED_EDGE('',*,*,#7811,.F.);
#10457 = ORIENTED_EDGE('',*,*,#10451,.F.);
#10458 = CYLINDRICAL_SURFACE('',#10459,0.51);
#10459 = AXIS2_PLACEMENT_3D('',#10460,#10461,#10462);
#10460 = CARTESIAN_POINT('',(159.16,-66.16,-4.6E-02));
#10461 = DIRECTION('',(-0.,-0.,-1.));
#10462 = DIRECTION('',(-0.,-1.,0.));
#10463 = ADVANCED_FACE('',(#10464),#10475,.F.);
#10464 = FACE_BOUND('',#10465,.T.);
#10465 = EDGE_LOOP('',(#10466,#10467,#10473,#10474));
#10466 = ORIENTED_EDGE('',*,*,#6087,.T.);
#10467 = ORIENTED_EDGE('',*,*,#10468,.T.);
#10468 = EDGE_CURVE('',#6088,#7823,#10469,.T.);
#10469 = LINE('',#10470,#10471);
#10470 = CARTESIAN_POINT('',(140.375,-59.7375,-4.6E-02));
#10471 = VECTOR('',#10472,1.);
#10472 = DIRECTION('',(0.,0.,1.));
#10473 = ORIENTED_EDGE('',*,*,#7822,.F.);
#10474 = ORIENTED_EDGE('',*,*,#10468,.F.);
#10475 = CYLINDRICAL_SURFACE('',#10476,0.5);
#10476 = AXIS2_PLACEMENT_3D('',#10477,#10478,#10479);
#10477 = CARTESIAN_POINT('',(140.375,-59.2375,-4.6E-02));
#10478 = DIRECTION('',(-0.,-0.,-1.));
#10479 = DIRECTION('',(-0.,-1.,0.));
#10480 = ADVANCED_FACE('',(#10481),#10492,.F.);
#10481 = FACE_BOUND('',#10482,.T.);
#10482 = EDGE_LOOP('',(#10483,#10484,#10490,#10491));
#10483 = ORIENTED_EDGE('',*,*,#6098,.T.);
#10484 = ORIENTED_EDGE('',*,*,#10485,.T.);
#10485 = EDGE_CURVE('',#6099,#7834,#10486,.T.);
#10486 = LINE('',#10487,#10488);
#10487 = CARTESIAN_POINT('',(140.375,-57.2375,-4.6E-02));
#10488 = VECTOR('',#10489,1.);
#10489 = DIRECTION('',(0.,0.,1.));
#10490 = ORIENTED_EDGE('',*,*,#7833,.F.);
#10491 = ORIENTED_EDGE('',*,*,#10485,.F.);
#10492 = CYLINDRICAL_SURFACE('',#10493,0.5);
#10493 = AXIS2_PLACEMENT_3D('',#10494,#10495,#10496);
#10494 = CARTESIAN_POINT('',(140.375,-56.7375,-4.6E-02));
#10495 = DIRECTION('',(-0.,-0.,-1.));
#10496 = DIRECTION('',(-0.,-1.,0.));
#10497 = ADVANCED_FACE('',(#10498),#10509,.F.);
#10498 = FACE_BOUND('',#10499,.T.);
#10499 = EDGE_LOOP('',(#10500,#10501,#10507,#10508));
#10500 = ORIENTED_EDGE('',*,*,#6109,.T.);
#10501 = ORIENTED_EDGE('',*,*,#10502,.T.);
#10502 = EDGE_CURVE('',#6110,#7845,#10503,.T.);
#10503 = LINE('',#10504,#10505);
#10504 = CARTESIAN_POINT('',(140.375,-54.7375,-4.6E-02));
#10505 = VECTOR('',#10506,1.);
#10506 = DIRECTION('',(0.,0.,1.));
#10507 = ORIENTED_EDGE('',*,*,#7844,.F.);
#10508 = ORIENTED_EDGE('',*,*,#10502,.F.);
#10509 = CYLINDRICAL_SURFACE('',#10510,0.5);
#10510 = AXIS2_PLACEMENT_3D('',#10511,#10512,#10513);
#10511 = CARTESIAN_POINT('',(140.375,-54.2375,-4.6E-02));
#10512 = DIRECTION('',(-0.,-0.,-1.));
#10513 = DIRECTION('',(-0.,-1.,0.));
#10514 = ADVANCED_FACE('',(#10515),#10526,.F.);
#10515 = FACE_BOUND('',#10516,.T.);
#10516 = EDGE_LOOP('',(#10517,#10518,#10524,#10525));
#10517 = ORIENTED_EDGE('',*,*,#6120,.T.);
#10518 = ORIENTED_EDGE('',*,*,#10519,.T.);
#10519 = EDGE_CURVE('',#6121,#7856,#10520,.T.);
#10520 = LINE('',#10521,#10522);
#10521 = CARTESIAN_POINT('',(152.25,-59.7,-4.6E-02));
#10522 = VECTOR('',#10523,1.);
#10523 = DIRECTION('',(0.,0.,1.));
#10524 = ORIENTED_EDGE('',*,*,#7855,.F.);
#10525 = ORIENTED_EDGE('',*,*,#10519,.F.);
#10526 = CYLINDRICAL_SURFACE('',#10527,0.7);
#10527 = AXIS2_PLACEMENT_3D('',#10528,#10529,#10530);
#10528 = CARTESIAN_POINT('',(152.25,-59.,-4.6E-02));
#10529 = DIRECTION('',(-0.,-0.,-1.));
#10530 = DIRECTION('',(-0.,-1.,0.));
#10531 = ADVANCED_FACE('',(#10532),#10543,.F.);
#10532 = FACE_BOUND('',#10533,.T.);
#10533 = EDGE_LOOP('',(#10534,#10535,#10541,#10542));
#10534 = ORIENTED_EDGE('',*,*,#6131,.T.);
#10535 = ORIENTED_EDGE('',*,*,#10536,.T.);
#10536 = EDGE_CURVE('',#6132,#7867,#10537,.T.);
#10537 = LINE('',#10538,#10539);
#10538 = CARTESIAN_POINT('',(152.25,-55.5,-4.6E-02));
#10539 = VECTOR('',#10540,1.);
#10540 = DIRECTION('',(0.,0.,1.));
#10541 = ORIENTED_EDGE('',*,*,#7866,.F.);
#10542 = ORIENTED_EDGE('',*,*,#10536,.F.);
#10543 = CYLINDRICAL_SURFACE('',#10544,0.7);
#10544 = AXIS2_PLACEMENT_3D('',#10545,#10546,#10547);
#10545 = CARTESIAN_POINT('',(152.25,-54.8,-4.6E-02));
#10546 = DIRECTION('',(-0.,-0.,-1.));
#10547 = DIRECTION('',(-0.,-1.,0.));
#10548 = ADVANCED_FACE('',(#10549),#10560,.F.);
#10549 = FACE_BOUND('',#10550,.T.);
#10550 = EDGE_LOOP('',(#10551,#10552,#10558,#10559));
#10551 = ORIENTED_EDGE('',*,*,#6142,.T.);
#10552 = ORIENTED_EDGE('',*,*,#10553,.T.);
#10553 = EDGE_CURVE('',#6143,#7878,#10554,.T.);
#10554 = LINE('',#10555,#10556);
#10555 = CARTESIAN_POINT('',(157.75,-59.7,-4.6E-02));
#10556 = VECTOR('',#10557,1.);
#10557 = DIRECTION('',(0.,0.,1.));
#10558 = ORIENTED_EDGE('',*,*,#7877,.F.);
#10559 = ORIENTED_EDGE('',*,*,#10553,.F.);
#10560 = CYLINDRICAL_SURFACE('',#10561,0.7);
#10561 = AXIS2_PLACEMENT_3D('',#10562,#10563,#10564);
#10562 = CARTESIAN_POINT('',(157.75,-59.,-4.6E-02));
#10563 = DIRECTION('',(-0.,-0.,-1.));
#10564 = DIRECTION('',(-0.,-1.,0.));
#10565 = ADVANCED_FACE('',(#10566),#10577,.F.);
#10566 = FACE_BOUND('',#10567,.T.);
#10567 = EDGE_LOOP('',(#10568,#10569,#10575,#10576));
#10568 = ORIENTED_EDGE('',*,*,#6153,.T.);
#10569 = ORIENTED_EDGE('',*,*,#10570,.T.);
#10570 = EDGE_CURVE('',#6154,#7889,#10571,.T.);
#10571 = LINE('',#10572,#10573);
#10572 = CARTESIAN_POINT('',(157.75,-55.5,-4.6E-02));
#10573 = VECTOR('',#10574,1.);
#10574 = DIRECTION('',(0.,0.,1.));
#10575 = ORIENTED_EDGE('',*,*,#7888,.F.);
#10576 = ORIENTED_EDGE('',*,*,#10570,.F.);
#10577 = CYLINDRICAL_SURFACE('',#10578,0.7);
#10578 = AXIS2_PLACEMENT_3D('',#10579,#10580,#10581);
#10579 = CARTESIAN_POINT('',(157.75,-54.8,-4.6E-02));
#10580 = DIRECTION('',(-0.,-0.,-1.));
#10581 = DIRECTION('',(-0.,-1.,0.));
#10582 = ( GEOMETRIC_REPRESENTATION_CONTEXT(3) 
GLOBAL_UNCERTAINTY_ASSIGNED_CONTEXT((#10586)) 
GLOBAL_UNIT_ASSIGNED_CONTEXT((#10583,#10584,#10585)) 
REPRESENTATION_CONTEXT('Context #1',
  '3D Context with UNIT and UNCERTAINTY') );
#10583 = ( LENGTH_UNIT() NAMED_UNIT(*) SI_UNIT(.MILLI.,.METRE.) );
#10584 = ( NAMED_UNIT(*) PLANE_ANGLE_UNIT() SI_UNIT($,.RADIAN.) );
#10585 = ( NAMED_UNIT(*) SI_UNIT($,.STERADIAN.) SOLID_ANGLE_UNIT() );
#10586 = UNCERTAINTY_MEASURE_WITH_UNIT(LENGTH_MEASURE(1.E-07),#10583,
  'distance_accuracy_value','confusion accuracy');
#10587 = CONTEXT_DEPENDENT_SHAPE_REPRESENTATION(#10588,#10590);
#10588 = ( REPRESENTATION_RELATIONSHIP('','',#4324,#10) 
REPRESENTATION_RELATIONSHIP_WITH_TRANSFORMATION(#10589) 
SHAPE_REPRESENTATION_RELATIONSHIP() );
#10589 = ITEM_DEFINED_TRANSFORMATION('','',#11,#19);
#10590 = PRODUCT_DEFINITION_SHAPE('Placement','Placement of an item',
  #10591);
#10591 = NEXT_ASSEMBLY_USAGE_OCCURRENCE('2','=>[0:1:1:3]','',#5,#4319,$
  );
#10592 = PRODUCT_RELATED_PRODUCT_CATEGORY('part',$,(#4321));
#10593 = MECHANICAL_DESIGN_GEOMETRIC_PRESENTATION_REPRESENTATION('',(
    #10594),#10582);
#10594 = STYLED_ITEM('color',(#10595),#4325);
#10595 = PRESENTATION_STYLE_ASSIGNMENT((#10596));
#10596 = SURFACE_STYLE_USAGE(.BOTH.,#10597);
#10597 = SURFACE_SIDE_STYLE('',(#10598));
#10598 = SURFACE_STYLE_FILL_AREA(#10599);
#10599 = FILL_AREA_STYLE('',(#10600));
#10600 = FILL_AREA_STYLE_COLOUR('',#10601);
#10601 = COLOUR_RGB('',0.313304153717,0.484529207832,0.410020903123);
#10602 = MECHANICAL_DESIGN_GEOMETRIC_PRESENTATION_REPRESENTATION('',(
    #10603,#10613,#10623,#10632,#10641,#10650,#10659,#10668,#10677,
    #10686,#10695,#10704,#10713,#10722,#10731,#10740,#10749,#10758,
    #10767,#10776,#10785,#10794,#10803,#10812,#10821,#10830,#10839,
    #10848,#10857,#10866,#10875,#10884,#10893,#10902,#10911,#10920,
    #10929,#10938,#10947,#10956,#10965,#10974,#10983,#10992,#11001,
    #11010,#11019,#11028,#11037,#11046,#11055,#11064,#11073,#11082,
    #11091,#11100,#11109,#11118,#11127,#11136,#11145,#11154,#11163,
    #11172,#11181,#11190,#11199,#11208,#11217,#11226,#11235,#11244,
    #11253,#11262,#11271,#11280,#11289,#11298,#11307,#11316,#11325,
    #11334,#11343,#11352,#11361,#11370,#11379,#11388,#11397,#11406,
    #11415,#11424,#11433,#11442,#11451,#11460,#11469,#11478,#11487,
    #11496,#11505,#11514,#11523,#11532,#11541,#11550,#11559,#11568,
    #11577,#11586,#11595,#11604,#11613,#11622,#11631,#11640,#11649,
    #11658,#11667,#11676,#11685,#11694,#11703,#11712,#11721,#11730,
    #11739,#11748,#11757,#11766,#11775,#11784,#11793,#11802,#11811,
    #11820,#11829,#11838,#11847,#11856,#11865,#11874,#11883,#11892,
    #11901,#11910,#11919,#11928,#11937,#11946,#11955,#11964,#11973,
    #11982,#11991,#12000,#12009,#12018,#12027,#12036,#12045,#12054,
    #12063,#12072,#12081,#12090,#12099,#12108,#12117,#12126,#12135,
    #12144,#12153,#12162,#12171,#12180,#12189,#12198,#12207,#12216),
  #4306);
#10603 = STYLED_ITEM('color',(#10604),#39);
#10604 = PRESENTATION_STYLE_ASSIGNMENT((#10605,#10611));
#10605 = SURFACE_STYLE_USAGE(.BOTH.,#10606);
#10606 = SURFACE_SIDE_STYLE('',(#10607));
#10607 = SURFACE_STYLE_FILL_AREA(#10608);
#10608 = FILL_AREA_STYLE('',(#10609));
#10609 = FILL_AREA_STYLE_COLOUR('',#10610);
#10610 = COLOUR_RGB('',0.894999996726,0.890999991539,0.812999995914);
#10611 = CURVE_STYLE('',#10612,POSITIVE_LENGTH_MEASURE(0.1),#10610);
#10612 = DRAUGHTING_PRE_DEFINED_CURVE_FONT('continuous');
#10613 = OVER_RIDING_STYLED_ITEM('overriding color',(#10614),#53,#10603
  );
#10614 = PRESENTATION_STYLE_ASSIGNMENT((#10615,#10621));
#10615 = SURFACE_STYLE_USAGE(.BOTH.,#10616);
#10616 = SURFACE_SIDE_STYLE('',(#10617));
#10617 = SURFACE_STYLE_FILL_AREA(#10618);
#10618 = FILL_AREA_STYLE('',(#10619));
#10619 = FILL_AREA_STYLE_COLOUR('',#10620);
#10620 = COLOUR_RGB('',0.823999987314,0.819999987296,0.781000009244);
#10621 = CURVE_STYLE('',#10622,POSITIVE_LENGTH_MEASURE(0.1),#10620);
#10622 = DRAUGHTING_PRE_DEFINED_CURVE_FONT('continuous');
#10623 = STYLED_ITEM('color',(#10624),#79);
#10624 = PRESENTATION_STYLE_ASSIGNMENT((#10625,#10630));
#10625 = SURFACE_STYLE_USAGE(.BOTH.,#10626);
#10626 = SURFACE_SIDE_STYLE('',(#10627));
#10627 = SURFACE_STYLE_FILL_AREA(#10628);
#10628 = FILL_AREA_STYLE('',(#10629));
#10629 = FILL_AREA_STYLE_COLOUR('',#10610);
#10630 = CURVE_STYLE('',#10631,POSITIVE_LENGTH_MEASURE(0.1),#10610);
#10631 = DRAUGHTING_PRE_DEFINED_CURVE_FONT('continuous');
#10632 = OVER_RIDING_STYLED_ITEM('overriding color',(#10633),#100,#10623
  );
#10633 = PRESENTATION_STYLE_ASSIGNMENT((#10634,#10639));
#10634 = SURFACE_STYLE_USAGE(.BOTH.,#10635);
#10635 = SURFACE_SIDE_STYLE('',(#10636));
#10636 = SURFACE_STYLE_FILL_AREA(#10637);
#10637 = FILL_AREA_STYLE('',(#10638));
#10638 = FILL_AREA_STYLE_COLOUR('',#10620);
#10639 = CURVE_STYLE('',#10640,POSITIVE_LENGTH_MEASURE(0.1),#10620);
#10640 = DRAUGHTING_PRE_DEFINED_CURVE_FONT('continuous');
#10641 = STYLED_ITEM('color',(#10642),#112);
#10642 = PRESENTATION_STYLE_ASSIGNMENT((#10643,#10648));
#10643 = SURFACE_STYLE_USAGE(.BOTH.,#10644);
#10644 = SURFACE_SIDE_STYLE('',(#10645));
#10645 = SURFACE_STYLE_FILL_AREA(#10646);
#10646 = FILL_AREA_STYLE('',(#10647));
#10647 = FILL_AREA_STYLE_COLOUR('',#10610);
#10648 = CURVE_STYLE('',#10649,POSITIVE_LENGTH_MEASURE(0.1),#10610);
#10649 = DRAUGHTING_PRE_DEFINED_CURVE_FONT('continuous');
#10650 = STYLED_ITEM('color',(#10651),#143);
#10651 = PRESENTATION_STYLE_ASSIGNMENT((#10652,#10657));
#10652 = SURFACE_STYLE_USAGE(.BOTH.,#10653);
#10653 = SURFACE_SIDE_STYLE('',(#10654));
#10654 = SURFACE_STYLE_FILL_AREA(#10655);
#10655 = FILL_AREA_STYLE('',(#10656));
#10656 = FILL_AREA_STYLE_COLOUR('',#10610);
#10657 = CURVE_STYLE('',#10658,POSITIVE_LENGTH_MEASURE(0.1),#10610);
#10658 = DRAUGHTING_PRE_DEFINED_CURVE_FONT('continuous');
#10659 = OVER_RIDING_STYLED_ITEM('overriding color',(#10660),#157,#10650
  );
#10660 = PRESENTATION_STYLE_ASSIGNMENT((#10661,#10666));
#10661 = SURFACE_STYLE_USAGE(.BOTH.,#10662);
#10662 = SURFACE_SIDE_STYLE('',(#10663));
#10663 = SURFACE_STYLE_FILL_AREA(#10664);
#10664 = FILL_AREA_STYLE('',(#10665));
#10665 = FILL_AREA_STYLE_COLOUR('',#10620);
#10666 = CURVE_STYLE('',#10667,POSITIVE_LENGTH_MEASURE(0.1),#10620);
#10667 = DRAUGHTING_PRE_DEFINED_CURVE_FONT('continuous');
#10668 = STYLED_ITEM('color',(#10669),#176);
#10669 = PRESENTATION_STYLE_ASSIGNMENT((#10670,#10675));
#10670 = SURFACE_STYLE_USAGE(.BOTH.,#10671);
#10671 = SURFACE_SIDE_STYLE('',(#10672));
#10672 = SURFACE_STYLE_FILL_AREA(#10673);
#10673 = FILL_AREA_STYLE('',(#10674));
#10674 = FILL_AREA_STYLE_COLOUR('',#10620);
#10675 = CURVE_STYLE('',#10676,POSITIVE_LENGTH_MEASURE(0.1),#10620);
#10676 = DRAUGHTING_PRE_DEFINED_CURVE_FONT('continuous');
#10677 = OVER_RIDING_STYLED_ITEM('overriding color',(#10678),#253,#10668
  );
#10678 = PRESENTATION_STYLE_ASSIGNMENT((#10679,#10684));
#10679 = SURFACE_STYLE_USAGE(.BOTH.,#10680);
#10680 = SURFACE_SIDE_STYLE('',(#10681));
#10681 = SURFACE_STYLE_FILL_AREA(#10682);
#10682 = FILL_AREA_STYLE('',(#10683));
#10683 = FILL_AREA_STYLE_COLOUR('',#10620);
#10684 = CURVE_STYLE('',#10685,POSITIVE_LENGTH_MEASURE(0.1),#10620);
#10685 = DRAUGHTING_PRE_DEFINED_CURVE_FONT('continuous');
#10686 = OVER_RIDING_STYLED_ITEM('overriding color',(#10687),#261,#10668
  );
#10687 = PRESENTATION_STYLE_ASSIGNMENT((#10688,#10693));
#10688 = SURFACE_STYLE_USAGE(.BOTH.,#10689);
#10689 = SURFACE_SIDE_STYLE('',(#10690));
#10690 = SURFACE_STYLE_FILL_AREA(#10691);
#10691 = FILL_AREA_STYLE('',(#10692));
#10692 = FILL_AREA_STYLE_COLOUR('',#10620);
#10693 = CURVE_STYLE('',#10694,POSITIVE_LENGTH_MEASURE(0.1),#10620);
#10694 = DRAUGHTING_PRE_DEFINED_CURVE_FONT('continuous');
#10695 = OVER_RIDING_STYLED_ITEM('overriding color',(#10696),#270,#10668
  );
#10696 = PRESENTATION_STYLE_ASSIGNMENT((#10697,#10702));
#10697 = SURFACE_STYLE_USAGE(.BOTH.,#10698);
#10698 = SURFACE_SIDE_STYLE('',(#10699));
#10699 = SURFACE_STYLE_FILL_AREA(#10700);
#10700 = FILL_AREA_STYLE('',(#10701));
#10701 = FILL_AREA_STYLE_COLOUR('',#10620);
#10702 = CURVE_STYLE('',#10703,POSITIVE_LENGTH_MEASURE(0.1),#10620);
#10703 = DRAUGHTING_PRE_DEFINED_CURVE_FONT('continuous');
#10704 = OVER_RIDING_STYLED_ITEM('overriding color',(#10705),#278,#10668
  );
#10705 = PRESENTATION_STYLE_ASSIGNMENT((#10706,#10711));
#10706 = SURFACE_STYLE_USAGE(.BOTH.,#10707);
#10707 = SURFACE_SIDE_STYLE('',(#10708));
#10708 = SURFACE_STYLE_FILL_AREA(#10709);
#10709 = FILL_AREA_STYLE('',(#10710));
#10710 = FILL_AREA_STYLE_COLOUR('',#10620);
#10711 = CURVE_STYLE('',#10712,POSITIVE_LENGTH_MEASURE(0.1),#10620);
#10712 = DRAUGHTING_PRE_DEFINED_CURVE_FONT('continuous');
#10713 = OVER_RIDING_STYLED_ITEM('overriding color',(#10714),#287,#10668
  );
#10714 = PRESENTATION_STYLE_ASSIGNMENT((#10715,#10720));
#10715 = SURFACE_STYLE_USAGE(.BOTH.,#10716);
#10716 = SURFACE_SIDE_STYLE('',(#10717));
#10717 = SURFACE_STYLE_FILL_AREA(#10718);
#10718 = FILL_AREA_STYLE('',(#10719));
#10719 = FILL_AREA_STYLE_COLOUR('',#10620);
#10720 = CURVE_STYLE('',#10721,POSITIVE_LENGTH_MEASURE(0.1),#10620);
#10721 = DRAUGHTING_PRE_DEFINED_CURVE_FONT('continuous');
#10722 = STYLED_ITEM('color',(#10723),#297);
#10723 = PRESENTATION_STYLE_ASSIGNMENT((#10724,#10729));
#10724 = SURFACE_STYLE_USAGE(.BOTH.,#10725);
#10725 = SURFACE_SIDE_STYLE('',(#10726));
#10726 = SURFACE_STYLE_FILL_AREA(#10727);
#10727 = FILL_AREA_STYLE('',(#10728));
#10728 = FILL_AREA_STYLE_COLOUR('',#10610);
#10729 = CURVE_STYLE('',#10730,POSITIVE_LENGTH_MEASURE(0.1),#10610);
#10730 = DRAUGHTING_PRE_DEFINED_CURVE_FONT('continuous');
#10731 = STYLED_ITEM('color',(#10732),#322);
#10732 = PRESENTATION_STYLE_ASSIGNMENT((#10733,#10738));
#10733 = SURFACE_STYLE_USAGE(.BOTH.,#10734);
#10734 = SURFACE_SIDE_STYLE('',(#10735));
#10735 = SURFACE_STYLE_FILL_AREA(#10736);
#10736 = FILL_AREA_STYLE('',(#10737));
#10737 = FILL_AREA_STYLE_COLOUR('',#10610);
#10738 = CURVE_STYLE('',#10739,POSITIVE_LENGTH_MEASURE(0.1),#10610);
#10739 = DRAUGHTING_PRE_DEFINED_CURVE_FONT('continuous');
#10740 = STYLED_ITEM('color',(#10741),#346);
#10741 = PRESENTATION_STYLE_ASSIGNMENT((#10742,#10747));
#10742 = SURFACE_STYLE_USAGE(.BOTH.,#10743);
#10743 = SURFACE_SIDE_STYLE('',(#10744));
#10744 = SURFACE_STYLE_FILL_AREA(#10745);
#10745 = FILL_AREA_STYLE('',(#10746));
#10746 = FILL_AREA_STYLE_COLOUR('',#10610);
#10747 = CURVE_STYLE('',#10748,POSITIVE_LENGTH_MEASURE(0.1),#10610);
#10748 = DRAUGHTING_PRE_DEFINED_CURVE_FONT('continuous');
#10749 = STYLED_ITEM('color',(#10750),#371);
#10750 = PRESENTATION_STYLE_ASSIGNMENT((#10751,#10756));
#10751 = SURFACE_STYLE_USAGE(.BOTH.,#10752);
#10752 = SURFACE_SIDE_STYLE('',(#10753));
#10753 = SURFACE_STYLE_FILL_AREA(#10754);
#10754 = FILL_AREA_STYLE('',(#10755));
#10755 = FILL_AREA_STYLE_COLOUR('',#10610);
#10756 = CURVE_STYLE('',#10757,POSITIVE_LENGTH_MEASURE(0.1),#10610);
#10757 = DRAUGHTING_PRE_DEFINED_CURVE_FONT('continuous');
#10758 = STYLED_ITEM('color',(#10759),#521);
#10759 = PRESENTATION_STYLE_ASSIGNMENT((#10760,#10765));
#10760 = SURFACE_STYLE_USAGE(.BOTH.,#10761);
#10761 = SURFACE_SIDE_STYLE('',(#10762));
#10762 = SURFACE_STYLE_FILL_AREA(#10763);
#10763 = FILL_AREA_STYLE('',(#10764));
#10764 = FILL_AREA_STYLE_COLOUR('',#10610);
#10765 = CURVE_STYLE('',#10766,POSITIVE_LENGTH_MEASURE(0.1),#10610);
#10766 = DRAUGHTING_PRE_DEFINED_CURVE_FONT('continuous');
#10767 = STYLED_ITEM('color',(#10768),#545);
#10768 = PRESENTATION_STYLE_ASSIGNMENT((#10769,#10774));
#10769 = SURFACE_STYLE_USAGE(.BOTH.,#10770);
#10770 = SURFACE_SIDE_STYLE('',(#10771));
#10771 = SURFACE_STYLE_FILL_AREA(#10772);
#10772 = FILL_AREA_STYLE('',(#10773));
#10773 = FILL_AREA_STYLE_COLOUR('',#10620);
#10774 = CURVE_STYLE('',#10775,POSITIVE_LENGTH_MEASURE(0.1),#10620);
#10775 = DRAUGHTING_PRE_DEFINED_CURVE_FONT('continuous');
#10776 = STYLED_ITEM('color',(#10777),#577);
#10777 = PRESENTATION_STYLE_ASSIGNMENT((#10778,#10783));
#10778 = SURFACE_STYLE_USAGE(.BOTH.,#10779);
#10779 = SURFACE_SIDE_STYLE('',(#10780));
#10780 = SURFACE_STYLE_FILL_AREA(#10781);
#10781 = FILL_AREA_STYLE('',(#10782));
#10782 = FILL_AREA_STYLE_COLOUR('',#10620);
#10783 = CURVE_STYLE('',#10784,POSITIVE_LENGTH_MEASURE(0.1),#10620);
#10784 = DRAUGHTING_PRE_DEFINED_CURVE_FONT('continuous');
#10785 = STYLED_ITEM('color',(#10786),#601);
#10786 = PRESENTATION_STYLE_ASSIGNMENT((#10787,#10792));
#10787 = SURFACE_STYLE_USAGE(.BOTH.,#10788);
#10788 = SURFACE_SIDE_STYLE('',(#10789));
#10789 = SURFACE_STYLE_FILL_AREA(#10790);
#10790 = FILL_AREA_STYLE('',(#10791));
#10791 = FILL_AREA_STYLE_COLOUR('',#10620);
#10792 = CURVE_STYLE('',#10793,POSITIVE_LENGTH_MEASURE(0.1),#10620);
#10793 = DRAUGHTING_PRE_DEFINED_CURVE_FONT('continuous');
#10794 = STYLED_ITEM('color',(#10795),#625);
#10795 = PRESENTATION_STYLE_ASSIGNMENT((#10796,#10801));
#10796 = SURFACE_STYLE_USAGE(.BOTH.,#10797);
#10797 = SURFACE_SIDE_STYLE('',(#10798));
#10798 = SURFACE_STYLE_FILL_AREA(#10799);
#10799 = FILL_AREA_STYLE('',(#10800));
#10800 = FILL_AREA_STYLE_COLOUR('',#10620);
#10801 = CURVE_STYLE('',#10802,POSITIVE_LENGTH_MEASURE(0.1),#10620);
#10802 = DRAUGHTING_PRE_DEFINED_CURVE_FONT('continuous');
#10803 = STYLED_ITEM('color',(#10804),#650);
#10804 = PRESENTATION_STYLE_ASSIGNMENT((#10805,#10810));
#10805 = SURFACE_STYLE_USAGE(.BOTH.,#10806);
#10806 = SURFACE_SIDE_STYLE('',(#10807));
#10807 = SURFACE_STYLE_FILL_AREA(#10808);
#10808 = FILL_AREA_STYLE('',(#10809));
#10809 = FILL_AREA_STYLE_COLOUR('',#10620);
#10810 = CURVE_STYLE('',#10811,POSITIVE_LENGTH_MEASURE(0.1),#10620);
#10811 = DRAUGHTING_PRE_DEFINED_CURVE_FONT('continuous');
#10812 = STYLED_ITEM('color',(#10813),#675);
#10813 = PRESENTATION_STYLE_ASSIGNMENT((#10814,#10819));
#10814 = SURFACE_STYLE_USAGE(.BOTH.,#10815);
#10815 = SURFACE_SIDE_STYLE('',(#10816));
#10816 = SURFACE_STYLE_FILL_AREA(#10817);
#10817 = FILL_AREA_STYLE('',(#10818));
#10818 = FILL_AREA_STYLE_COLOUR('',#10620);
#10819 = CURVE_STYLE('',#10820,POSITIVE_LENGTH_MEASURE(0.1),#10620);
#10820 = DRAUGHTING_PRE_DEFINED_CURVE_FONT('continuous');
#10821 = STYLED_ITEM('color',(#10822),#699);
#10822 = PRESENTATION_STYLE_ASSIGNMENT((#10823,#10828));
#10823 = SURFACE_STYLE_USAGE(.BOTH.,#10824);
#10824 = SURFACE_SIDE_STYLE('',(#10825));
#10825 = SURFACE_STYLE_FILL_AREA(#10826);
#10826 = FILL_AREA_STYLE('',(#10827));
#10827 = FILL_AREA_STYLE_COLOUR('',#10620);
#10828 = CURVE_STYLE('',#10829,POSITIVE_LENGTH_MEASURE(0.1),#10620);
#10829 = DRAUGHTING_PRE_DEFINED_CURVE_FONT('continuous');
#10830 = STYLED_ITEM('color',(#10831),#723);
#10831 = PRESENTATION_STYLE_ASSIGNMENT((#10832,#10837));
#10832 = SURFACE_STYLE_USAGE(.BOTH.,#10833);
#10833 = SURFACE_SIDE_STYLE('',(#10834));
#10834 = SURFACE_STYLE_FILL_AREA(#10835);
#10835 = FILL_AREA_STYLE('',(#10836));
#10836 = FILL_AREA_STYLE_COLOUR('',#10620);
#10837 = CURVE_STYLE('',#10838,POSITIVE_LENGTH_MEASURE(0.1),#10620);
#10838 = DRAUGHTING_PRE_DEFINED_CURVE_FONT('continuous');
#10839 = STYLED_ITEM('color',(#10840),#741);
#10840 = PRESENTATION_STYLE_ASSIGNMENT((#10841,#10846));
#10841 = SURFACE_STYLE_USAGE(.BOTH.,#10842);
#10842 = SURFACE_SIDE_STYLE('',(#10843));
#10843 = SURFACE_STYLE_FILL_AREA(#10844);
#10844 = FILL_AREA_STYLE('',(#10845));
#10845 = FILL_AREA_STYLE_COLOUR('',#10610);
#10846 = CURVE_STYLE('',#10847,POSITIVE_LENGTH_MEASURE(0.1),#10610);
#10847 = DRAUGHTING_PRE_DEFINED_CURVE_FONT('continuous');
#10848 = STYLED_ITEM('color',(#10849),#766);
#10849 = PRESENTATION_STYLE_ASSIGNMENT((#10850,#10855));
#10850 = SURFACE_STYLE_USAGE(.BOTH.,#10851);
#10851 = SURFACE_SIDE_STYLE('',(#10852));
#10852 = SURFACE_STYLE_FILL_AREA(#10853);
#10853 = FILL_AREA_STYLE('',(#10854));
#10854 = FILL_AREA_STYLE_COLOUR('',#10610);
#10855 = CURVE_STYLE('',#10856,POSITIVE_LENGTH_MEASURE(0.1),#10610);
#10856 = DRAUGHTING_PRE_DEFINED_CURVE_FONT('continuous');
#10857 = STYLED_ITEM('color',(#10858),#790);
#10858 = PRESENTATION_STYLE_ASSIGNMENT((#10859,#10864));
#10859 = SURFACE_STYLE_USAGE(.BOTH.,#10860);
#10860 = SURFACE_SIDE_STYLE('',(#10861));
#10861 = SURFACE_STYLE_FILL_AREA(#10862);
#10862 = FILL_AREA_STYLE('',(#10863));
#10863 = FILL_AREA_STYLE_COLOUR('',#10610);
#10864 = CURVE_STYLE('',#10865,POSITIVE_LENGTH_MEASURE(0.1),#10610);
#10865 = DRAUGHTING_PRE_DEFINED_CURVE_FONT('continuous');
#10866 = STYLED_ITEM('color',(#10867),#808);
#10867 = PRESENTATION_STYLE_ASSIGNMENT((#10868,#10873));
#10868 = SURFACE_STYLE_USAGE(.BOTH.,#10869);
#10869 = SURFACE_SIDE_STYLE('',(#10870));
#10870 = SURFACE_STYLE_FILL_AREA(#10871);
#10871 = FILL_AREA_STYLE('',(#10872));
#10872 = FILL_AREA_STYLE_COLOUR('',#10610);
#10873 = CURVE_STYLE('',#10874,POSITIVE_LENGTH_MEASURE(0.1),#10610);
#10874 = DRAUGHTING_PRE_DEFINED_CURVE_FONT('continuous');
#10875 = STYLED_ITEM('color',(#10876),#825);
#10876 = PRESENTATION_STYLE_ASSIGNMENT((#10877,#10882));
#10877 = SURFACE_STYLE_USAGE(.BOTH.,#10878);
#10878 = SURFACE_SIDE_STYLE('',(#10879));
#10879 = SURFACE_STYLE_FILL_AREA(#10880);
#10880 = FILL_AREA_STYLE('',(#10881));
#10881 = FILL_AREA_STYLE_COLOUR('',#10610);
#10882 = CURVE_STYLE('',#10883,POSITIVE_LENGTH_MEASURE(0.1),#10610);
#10883 = DRAUGHTING_PRE_DEFINED_CURVE_FONT('continuous');
#10884 = STYLED_ITEM('color',(#10885),#842);
#10885 = PRESENTATION_STYLE_ASSIGNMENT((#10886,#10891));
#10886 = SURFACE_STYLE_USAGE(.BOTH.,#10887);
#10887 = SURFACE_SIDE_STYLE('',(#10888));
#10888 = SURFACE_STYLE_FILL_AREA(#10889);
#10889 = FILL_AREA_STYLE('',(#10890));
#10890 = FILL_AREA_STYLE_COLOUR('',#10610);
#10891 = CURVE_STYLE('',#10892,POSITIVE_LENGTH_MEASURE(0.1),#10610);
#10892 = DRAUGHTING_PRE_DEFINED_CURVE_FONT('continuous');
#10893 = STYLED_ITEM('color',(#10894),#859);
#10894 = PRESENTATION_STYLE_ASSIGNMENT((#10895,#10900));
#10895 = SURFACE_STYLE_USAGE(.BOTH.,#10896);
#10896 = SURFACE_SIDE_STYLE('',(#10897));
#10897 = SURFACE_STYLE_FILL_AREA(#10898);
#10898 = FILL_AREA_STYLE('',(#10899));
#10899 = FILL_AREA_STYLE_COLOUR('',#10610);
#10900 = CURVE_STYLE('',#10901,POSITIVE_LENGTH_MEASURE(0.1),#10610);
#10901 = DRAUGHTING_PRE_DEFINED_CURVE_FONT('continuous');
#10902 = STYLED_ITEM('color',(#10903),#876);
#10903 = PRESENTATION_STYLE_ASSIGNMENT((#10904,#10909));
#10904 = SURFACE_STYLE_USAGE(.BOTH.,#10905);
#10905 = SURFACE_SIDE_STYLE('',(#10906));
#10906 = SURFACE_STYLE_FILL_AREA(#10907);
#10907 = FILL_AREA_STYLE('',(#10908));
#10908 = FILL_AREA_STYLE_COLOUR('',#10610);
#10909 = CURVE_STYLE('',#10910,POSITIVE_LENGTH_MEASURE(0.1),#10610);
#10910 = DRAUGHTING_PRE_DEFINED_CURVE_FONT('continuous');
#10911 = STYLED_ITEM('color',(#10912),#888);
#10912 = PRESENTATION_STYLE_ASSIGNMENT((#10913,#10918));
#10913 = SURFACE_STYLE_USAGE(.BOTH.,#10914);
#10914 = SURFACE_SIDE_STYLE('',(#10915));
#10915 = SURFACE_STYLE_FILL_AREA(#10916);
#10916 = FILL_AREA_STYLE('',(#10917));
#10917 = FILL_AREA_STYLE_COLOUR('',#10610);
#10918 = CURVE_STYLE('',#10919,POSITIVE_LENGTH_MEASURE(0.1),#10610);
#10919 = DRAUGHTING_PRE_DEFINED_CURVE_FONT('continuous');
#10920 = STYLED_ITEM('color',(#10921),#913);
#10921 = PRESENTATION_STYLE_ASSIGNMENT((#10922,#10927));
#10922 = SURFACE_STYLE_USAGE(.BOTH.,#10923);
#10923 = SURFACE_SIDE_STYLE('',(#10924));
#10924 = SURFACE_STYLE_FILL_AREA(#10925);
#10925 = FILL_AREA_STYLE('',(#10926));
#10926 = FILL_AREA_STYLE_COLOUR('',#10610);
#10927 = CURVE_STYLE('',#10928,POSITIVE_LENGTH_MEASURE(0.1),#10610);
#10928 = DRAUGHTING_PRE_DEFINED_CURVE_FONT('continuous');
#10929 = STYLED_ITEM('color',(#10930),#938);
#10930 = PRESENTATION_STYLE_ASSIGNMENT((#10931,#10936));
#10931 = SURFACE_STYLE_USAGE(.BOTH.,#10932);
#10932 = SURFACE_SIDE_STYLE('',(#10933));
#10933 = SURFACE_STYLE_FILL_AREA(#10934);
#10934 = FILL_AREA_STYLE('',(#10935));
#10935 = FILL_AREA_STYLE_COLOUR('',#10610);
#10936 = CURVE_STYLE('',#10937,POSITIVE_LENGTH_MEASURE(0.1),#10610);
#10937 = DRAUGHTING_PRE_DEFINED_CURVE_FONT('continuous');
#10938 = STYLED_ITEM('color',(#10939),#963);
#10939 = PRESENTATION_STYLE_ASSIGNMENT((#10940,#10945));
#10940 = SURFACE_STYLE_USAGE(.BOTH.,#10941);
#10941 = SURFACE_SIDE_STYLE('',(#10942));
#10942 = SURFACE_STYLE_FILL_AREA(#10943);
#10943 = FILL_AREA_STYLE('',(#10944));
#10944 = FILL_AREA_STYLE_COLOUR('',#10610);
#10945 = CURVE_STYLE('',#10946,POSITIVE_LENGTH_MEASURE(0.1),#10610);
#10946 = DRAUGHTING_PRE_DEFINED_CURVE_FONT('continuous');
#10947 = STYLED_ITEM('color',(#10948),#988);
#10948 = PRESENTATION_STYLE_ASSIGNMENT((#10949,#10954));
#10949 = SURFACE_STYLE_USAGE(.BOTH.,#10950);
#10950 = SURFACE_SIDE_STYLE('',(#10951));
#10951 = SURFACE_STYLE_FILL_AREA(#10952);
#10952 = FILL_AREA_STYLE('',(#10953));
#10953 = FILL_AREA_STYLE_COLOUR('',#10610);
#10954 = CURVE_STYLE('',#10955,POSITIVE_LENGTH_MEASURE(0.1),#10610);
#10955 = DRAUGHTING_PRE_DEFINED_CURVE_FONT('continuous');
#10956 = STYLED_ITEM('color',(#10957),#1013);
#10957 = PRESENTATION_STYLE_ASSIGNMENT((#10958,#10963));
#10958 = SURFACE_STYLE_USAGE(.BOTH.,#10959);
#10959 = SURFACE_SIDE_STYLE('',(#10960));
#10960 = SURFACE_STYLE_FILL_AREA(#10961);
#10961 = FILL_AREA_STYLE('',(#10962));
#10962 = FILL_AREA_STYLE_COLOUR('',#10610);
#10963 = CURVE_STYLE('',#10964,POSITIVE_LENGTH_MEASURE(0.1),#10610);
#10964 = DRAUGHTING_PRE_DEFINED_CURVE_FONT('continuous');
#10965 = STYLED_ITEM('color',(#10966),#1038);
#10966 = PRESENTATION_STYLE_ASSIGNMENT((#10967,#10972));
#10967 = SURFACE_STYLE_USAGE(.BOTH.,#10968);
#10968 = SURFACE_SIDE_STYLE('',(#10969));
#10969 = SURFACE_STYLE_FILL_AREA(#10970);
#10970 = FILL_AREA_STYLE('',(#10971));
#10971 = FILL_AREA_STYLE_COLOUR('',#10610);
#10972 = CURVE_STYLE('',#10973,POSITIVE_LENGTH_MEASURE(0.1),#10610);
#10973 = DRAUGHTING_PRE_DEFINED_CURVE_FONT('continuous');
#10974 = STYLED_ITEM('color',(#10975),#1063);
#10975 = PRESENTATION_STYLE_ASSIGNMENT((#10976,#10981));
#10976 = SURFACE_STYLE_USAGE(.BOTH.,#10977);
#10977 = SURFACE_SIDE_STYLE('',(#10978));
#10978 = SURFACE_STYLE_FILL_AREA(#10979);
#10979 = FILL_AREA_STYLE('',(#10980));
#10980 = FILL_AREA_STYLE_COLOUR('',#10610);
#10981 = CURVE_STYLE('',#10982,POSITIVE_LENGTH_MEASURE(0.1),#10610);
#10982 = DRAUGHTING_PRE_DEFINED_CURVE_FONT('continuous');
#10983 = STYLED_ITEM('color',(#10984),#1088);
#10984 = PRESENTATION_STYLE_ASSIGNMENT((#10985,#10990));
#10985 = SURFACE_STYLE_USAGE(.BOTH.,#10986);
#10986 = SURFACE_SIDE_STYLE('',(#10987));
#10987 = SURFACE_STYLE_FILL_AREA(#10988);
#10988 = FILL_AREA_STYLE('',(#10989));
#10989 = FILL_AREA_STYLE_COLOUR('',#10610);
#10990 = CURVE_STYLE('',#10991,POSITIVE_LENGTH_MEASURE(0.1),#10610);
#10991 = DRAUGHTING_PRE_DEFINED_CURVE_FONT('continuous');
#10992 = STYLED_ITEM('color',(#10993),#1113);
#10993 = PRESENTATION_STYLE_ASSIGNMENT((#10994,#10999));
#10994 = SURFACE_STYLE_USAGE(.BOTH.,#10995);
#10995 = SURFACE_SIDE_STYLE('',(#10996));
#10996 = SURFACE_STYLE_FILL_AREA(#10997);
#10997 = FILL_AREA_STYLE('',(#10998));
#10998 = FILL_AREA_STYLE_COLOUR('',#10620);
#10999 = CURVE_STYLE('',#11000,POSITIVE_LENGTH_MEASURE(0.1),#10620);
#11000 = DRAUGHTING_PRE_DEFINED_CURVE_FONT('continuous');
#11001 = STYLED_ITEM('color',(#11002),#1145);
#11002 = PRESENTATION_STYLE_ASSIGNMENT((#11003,#11008));
#11003 = SURFACE_STYLE_USAGE(.BOTH.,#11004);
#11004 = SURFACE_SIDE_STYLE('',(#11005));
#11005 = SURFACE_STYLE_FILL_AREA(#11006);
#11006 = FILL_AREA_STYLE('',(#11007));
#11007 = FILL_AREA_STYLE_COLOUR('',#10620);
#11008 = CURVE_STYLE('',#11009,POSITIVE_LENGTH_MEASURE(0.1),#10620);
#11009 = DRAUGHTING_PRE_DEFINED_CURVE_FONT('continuous');
#11010 = STYLED_ITEM('color',(#11011),#1169);
#11011 = PRESENTATION_STYLE_ASSIGNMENT((#11012,#11017));
#11012 = SURFACE_STYLE_USAGE(.BOTH.,#11013);
#11013 = SURFACE_SIDE_STYLE('',(#11014));
#11014 = SURFACE_STYLE_FILL_AREA(#11015);
#11015 = FILL_AREA_STYLE('',(#11016));
#11016 = FILL_AREA_STYLE_COLOUR('',#10620);
#11017 = CURVE_STYLE('',#11018,POSITIVE_LENGTH_MEASURE(0.1),#10620);
#11018 = DRAUGHTING_PRE_DEFINED_CURVE_FONT('continuous');
#11019 = STYLED_ITEM('color',(#11020),#1193);
#11020 = PRESENTATION_STYLE_ASSIGNMENT((#11021,#11026));
#11021 = SURFACE_STYLE_USAGE(.BOTH.,#11022);
#11022 = SURFACE_SIDE_STYLE('',(#11023));
#11023 = SURFACE_STYLE_FILL_AREA(#11024);
#11024 = FILL_AREA_STYLE('',(#11025));
#11025 = FILL_AREA_STYLE_COLOUR('',#10620);
#11026 = CURVE_STYLE('',#11027,POSITIVE_LENGTH_MEASURE(0.1),#10620);
#11027 = DRAUGHTING_PRE_DEFINED_CURVE_FONT('continuous');
#11028 = STYLED_ITEM('color',(#11029),#1218);
#11029 = PRESENTATION_STYLE_ASSIGNMENT((#11030,#11035));
#11030 = SURFACE_STYLE_USAGE(.BOTH.,#11031);
#11031 = SURFACE_SIDE_STYLE('',(#11032));
#11032 = SURFACE_STYLE_FILL_AREA(#11033);
#11033 = FILL_AREA_STYLE('',(#11034));
#11034 = FILL_AREA_STYLE_COLOUR('',#10620);
#11035 = CURVE_STYLE('',#11036,POSITIVE_LENGTH_MEASURE(0.1),#10620);
#11036 = DRAUGHTING_PRE_DEFINED_CURVE_FONT('continuous');
#11037 = STYLED_ITEM('color',(#11038),#1243);
#11038 = PRESENTATION_STYLE_ASSIGNMENT((#11039,#11044));
#11039 = SURFACE_STYLE_USAGE(.BOTH.,#11040);
#11040 = SURFACE_SIDE_STYLE('',(#11041));
#11041 = SURFACE_STYLE_FILL_AREA(#11042);
#11042 = FILL_AREA_STYLE('',(#11043));
#11043 = FILL_AREA_STYLE_COLOUR('',#10620);
#11044 = CURVE_STYLE('',#11045,POSITIVE_LENGTH_MEASURE(0.1),#10620);
#11045 = DRAUGHTING_PRE_DEFINED_CURVE_FONT('continuous');
#11046 = STYLED_ITEM('color',(#11047),#1267);
#11047 = PRESENTATION_STYLE_ASSIGNMENT((#11048,#11053));
#11048 = SURFACE_STYLE_USAGE(.BOTH.,#11049);
#11049 = SURFACE_SIDE_STYLE('',(#11050));
#11050 = SURFACE_STYLE_FILL_AREA(#11051);
#11051 = FILL_AREA_STYLE('',(#11052));
#11052 = FILL_AREA_STYLE_COLOUR('',#10620);
#11053 = CURVE_STYLE('',#11054,POSITIVE_LENGTH_MEASURE(0.1),#10620);
#11054 = DRAUGHTING_PRE_DEFINED_CURVE_FONT('continuous');
#11055 = STYLED_ITEM('color',(#11056),#1291);
#11056 = PRESENTATION_STYLE_ASSIGNMENT((#11057,#11062));
#11057 = SURFACE_STYLE_USAGE(.BOTH.,#11058);
#11058 = SURFACE_SIDE_STYLE('',(#11059));
#11059 = SURFACE_STYLE_FILL_AREA(#11060);
#11060 = FILL_AREA_STYLE('',(#11061));
#11061 = FILL_AREA_STYLE_COLOUR('',#10620);
#11062 = CURVE_STYLE('',#11063,POSITIVE_LENGTH_MEASURE(0.1),#10620);
#11063 = DRAUGHTING_PRE_DEFINED_CURVE_FONT('continuous');
#11064 = STYLED_ITEM('color',(#11065),#1309);
#11065 = PRESENTATION_STYLE_ASSIGNMENT((#11066,#11071));
#11066 = SURFACE_STYLE_USAGE(.BOTH.,#11067);
#11067 = SURFACE_SIDE_STYLE('',(#11068));
#11068 = SURFACE_STYLE_FILL_AREA(#11069);
#11069 = FILL_AREA_STYLE('',(#11070));
#11070 = FILL_AREA_STYLE_COLOUR('',#10610);
#11071 = CURVE_STYLE('',#11072,POSITIVE_LENGTH_MEASURE(0.1),#10610);
#11072 = DRAUGHTING_PRE_DEFINED_CURVE_FONT('continuous');
#11073 = STYLED_ITEM('color',(#11074),#1334);
#11074 = PRESENTATION_STYLE_ASSIGNMENT((#11075,#11080));
#11075 = SURFACE_STYLE_USAGE(.BOTH.,#11076);
#11076 = SURFACE_SIDE_STYLE('',(#11077));
#11077 = SURFACE_STYLE_FILL_AREA(#11078);
#11078 = FILL_AREA_STYLE('',(#11079));
#11079 = FILL_AREA_STYLE_COLOUR('',#10610);
#11080 = CURVE_STYLE('',#11081,POSITIVE_LENGTH_MEASURE(0.1),#10610);
#11081 = DRAUGHTING_PRE_DEFINED_CURVE_FONT('continuous');
#11082 = STYLED_ITEM('color',(#11083),#1359);
#11083 = PRESENTATION_STYLE_ASSIGNMENT((#11084,#11089));
#11084 = SURFACE_STYLE_USAGE(.BOTH.,#11085);
#11085 = SURFACE_SIDE_STYLE('',(#11086));
#11086 = SURFACE_STYLE_FILL_AREA(#11087);
#11087 = FILL_AREA_STYLE('',(#11088));
#11088 = FILL_AREA_STYLE_COLOUR('',#10610);
#11089 = CURVE_STYLE('',#11090,POSITIVE_LENGTH_MEASURE(0.1),#10610);
#11090 = DRAUGHTING_PRE_DEFINED_CURVE_FONT('continuous');
#11091 = STYLED_ITEM('color',(#11092),#1384);
#11092 = PRESENTATION_STYLE_ASSIGNMENT((#11093,#11098));
#11093 = SURFACE_STYLE_USAGE(.BOTH.,#11094);
#11094 = SURFACE_SIDE_STYLE('',(#11095));
#11095 = SURFACE_STYLE_FILL_AREA(#11096);
#11096 = FILL_AREA_STYLE('',(#11097));
#11097 = FILL_AREA_STYLE_COLOUR('',#10610);
#11098 = CURVE_STYLE('',#11099,POSITIVE_LENGTH_MEASURE(0.1),#10610);
#11099 = DRAUGHTING_PRE_DEFINED_CURVE_FONT('continuous');
#11100 = STYLED_ITEM('color',(#11101),#1409);
#11101 = PRESENTATION_STYLE_ASSIGNMENT((#11102,#11107));
#11102 = SURFACE_STYLE_USAGE(.BOTH.,#11103);
#11103 = SURFACE_SIDE_STYLE('',(#11104));
#11104 = SURFACE_STYLE_FILL_AREA(#11105);
#11105 = FILL_AREA_STYLE('',(#11106));
#11106 = FILL_AREA_STYLE_COLOUR('',#10610);
#11107 = CURVE_STYLE('',#11108,POSITIVE_LENGTH_MEASURE(0.1),#10610);
#11108 = DRAUGHTING_PRE_DEFINED_CURVE_FONT('continuous');
#11109 = STYLED_ITEM('color',(#11110),#1434);
#11110 = PRESENTATION_STYLE_ASSIGNMENT((#11111,#11116));
#11111 = SURFACE_STYLE_USAGE(.BOTH.,#11112);
#11112 = SURFACE_SIDE_STYLE('',(#11113));
#11113 = SURFACE_STYLE_FILL_AREA(#11114);
#11114 = FILL_AREA_STYLE('',(#11115));
#11115 = FILL_AREA_STYLE_COLOUR('',#10610);
#11116 = CURVE_STYLE('',#11117,POSITIVE_LENGTH_MEASURE(0.1),#10610);
#11117 = DRAUGHTING_PRE_DEFINED_CURVE_FONT('continuous');
#11118 = STYLED_ITEM('color',(#11119),#1459);
#11119 = PRESENTATION_STYLE_ASSIGNMENT((#11120,#11125));
#11120 = SURFACE_STYLE_USAGE(.BOTH.,#11121);
#11121 = SURFACE_SIDE_STYLE('',(#11122));
#11122 = SURFACE_STYLE_FILL_AREA(#11123);
#11123 = FILL_AREA_STYLE('',(#11124));
#11124 = FILL_AREA_STYLE_COLOUR('',#10610);
#11125 = CURVE_STYLE('',#11126,POSITIVE_LENGTH_MEASURE(0.1),#10610);
#11126 = DRAUGHTING_PRE_DEFINED_CURVE_FONT('continuous');
#11127 = STYLED_ITEM('color',(#11128),#1484);
#11128 = PRESENTATION_STYLE_ASSIGNMENT((#11129,#11134));
#11129 = SURFACE_STYLE_USAGE(.BOTH.,#11130);
#11130 = SURFACE_SIDE_STYLE('',(#11131));
#11131 = SURFACE_STYLE_FILL_AREA(#11132);
#11132 = FILL_AREA_STYLE('',(#11133));
#11133 = FILL_AREA_STYLE_COLOUR('',#10610);
#11134 = CURVE_STYLE('',#11135,POSITIVE_LENGTH_MEASURE(0.1),#10610);
#11135 = DRAUGHTING_PRE_DEFINED_CURVE_FONT('continuous');
#11136 = STYLED_ITEM('color',(#11137),#1509);
#11137 = PRESENTATION_STYLE_ASSIGNMENT((#11138,#11143));
#11138 = SURFACE_STYLE_USAGE(.BOTH.,#11139);
#11139 = SURFACE_SIDE_STYLE('',(#11140));
#11140 = SURFACE_STYLE_FILL_AREA(#11141);
#11141 = FILL_AREA_STYLE('',(#11142));
#11142 = FILL_AREA_STYLE_COLOUR('',#10610);
#11143 = CURVE_STYLE('',#11144,POSITIVE_LENGTH_MEASURE(0.1),#10610);
#11144 = DRAUGHTING_PRE_DEFINED_CURVE_FONT('continuous');
#11145 = STYLED_ITEM('color',(#11146),#1534);
#11146 = PRESENTATION_STYLE_ASSIGNMENT((#11147,#11152));
#11147 = SURFACE_STYLE_USAGE(.BOTH.,#11148);
#11148 = SURFACE_SIDE_STYLE('',(#11149));
#11149 = SURFACE_STYLE_FILL_AREA(#11150);
#11150 = FILL_AREA_STYLE('',(#11151));
#11151 = FILL_AREA_STYLE_COLOUR('',#10620);
#11152 = CURVE_STYLE('',#11153,POSITIVE_LENGTH_MEASURE(0.1),#10620);
#11153 = DRAUGHTING_PRE_DEFINED_CURVE_FONT('continuous');
#11154 = STYLED_ITEM('color',(#11155),#1568);
#11155 = PRESENTATION_STYLE_ASSIGNMENT((#11156,#11161));
#11156 = SURFACE_STYLE_USAGE(.BOTH.,#11157);
#11157 = SURFACE_SIDE_STYLE('',(#11158));
#11158 = SURFACE_STYLE_FILL_AREA(#11159);
#11159 = FILL_AREA_STYLE('',(#11160));
#11160 = FILL_AREA_STYLE_COLOUR('',#10620);
#11161 = CURVE_STYLE('',#11162,POSITIVE_LENGTH_MEASURE(0.1),#10620);
#11162 = DRAUGHTING_PRE_DEFINED_CURVE_FONT('continuous');
#11163 = STYLED_ITEM('color',(#11164),#1593);
#11164 = PRESENTATION_STYLE_ASSIGNMENT((#11165,#11170));
#11165 = SURFACE_STYLE_USAGE(.BOTH.,#11166);
#11166 = SURFACE_SIDE_STYLE('',(#11167));
#11167 = SURFACE_STYLE_FILL_AREA(#11168);
#11168 = FILL_AREA_STYLE('',(#11169));
#11169 = FILL_AREA_STYLE_COLOUR('',#10620);
#11170 = CURVE_STYLE('',#11171,POSITIVE_LENGTH_MEASURE(0.1),#10620);
#11171 = DRAUGHTING_PRE_DEFINED_CURVE_FONT('continuous');
#11172 = STYLED_ITEM('color',(#11173),#1618);
#11173 = PRESENTATION_STYLE_ASSIGNMENT((#11174,#11179));
#11174 = SURFACE_STYLE_USAGE(.BOTH.,#11175);
#11175 = SURFACE_SIDE_STYLE('',(#11176));
#11176 = SURFACE_STYLE_FILL_AREA(#11177);
#11177 = FILL_AREA_STYLE('',(#11178));
#11178 = FILL_AREA_STYLE_COLOUR('',#10620);
#11179 = CURVE_STYLE('',#11180,POSITIVE_LENGTH_MEASURE(0.1),#10620);
#11180 = DRAUGHTING_PRE_DEFINED_CURVE_FONT('continuous');
#11181 = STYLED_ITEM('color',(#11182),#1644);
#11182 = PRESENTATION_STYLE_ASSIGNMENT((#11183,#11188));
#11183 = SURFACE_STYLE_USAGE(.BOTH.,#11184);
#11184 = SURFACE_SIDE_STYLE('',(#11185));
#11185 = SURFACE_STYLE_FILL_AREA(#11186);
#11186 = FILL_AREA_STYLE('',(#11187));
#11187 = FILL_AREA_STYLE_COLOUR('',#10620);
#11188 = CURVE_STYLE('',#11189,POSITIVE_LENGTH_MEASURE(0.1),#10620);
#11189 = DRAUGHTING_PRE_DEFINED_CURVE_FONT('continuous');
#11190 = STYLED_ITEM('color',(#11191),#1670);
#11191 = PRESENTATION_STYLE_ASSIGNMENT((#11192,#11197));
#11192 = SURFACE_STYLE_USAGE(.BOTH.,#11193);
#11193 = SURFACE_SIDE_STYLE('',(#11194));
#11194 = SURFACE_STYLE_FILL_AREA(#11195);
#11195 = FILL_AREA_STYLE('',(#11196));
#11196 = FILL_AREA_STYLE_COLOUR('',#10620);
#11197 = CURVE_STYLE('',#11198,POSITIVE_LENGTH_MEASURE(0.1),#10620);
#11198 = DRAUGHTING_PRE_DEFINED_CURVE_FONT('continuous');
#11199 = STYLED_ITEM('color',(#11200),#1695);
#11200 = PRESENTATION_STYLE_ASSIGNMENT((#11201,#11206));
#11201 = SURFACE_STYLE_USAGE(.BOTH.,#11202);
#11202 = SURFACE_SIDE_STYLE('',(#11203));
#11203 = SURFACE_STYLE_FILL_AREA(#11204);
#11204 = FILL_AREA_STYLE('',(#11205));
#11205 = FILL_AREA_STYLE_COLOUR('',#10620);
#11206 = CURVE_STYLE('',#11207,POSITIVE_LENGTH_MEASURE(0.1),#10620);
#11207 = DRAUGHTING_PRE_DEFINED_CURVE_FONT('continuous');
#11208 = STYLED_ITEM('color',(#11209),#1720);
#11209 = PRESENTATION_STYLE_ASSIGNMENT((#11210,#11215));
#11210 = SURFACE_STYLE_USAGE(.BOTH.,#11211);
#11211 = SURFACE_SIDE_STYLE('',(#11212));
#11212 = SURFACE_STYLE_FILL_AREA(#11213);
#11213 = FILL_AREA_STYLE('',(#11214));
#11214 = FILL_AREA_STYLE_COLOUR('',#10620);
#11215 = CURVE_STYLE('',#11216,POSITIVE_LENGTH_MEASURE(0.1),#10620);
#11216 = DRAUGHTING_PRE_DEFINED_CURVE_FONT('continuous');
#11217 = STYLED_ITEM('color',(#11218),#1738);
#11218 = PRESENTATION_STYLE_ASSIGNMENT((#11219,#11224));
#11219 = SURFACE_STYLE_USAGE(.BOTH.,#11220);
#11220 = SURFACE_SIDE_STYLE('',(#11221));
#11221 = SURFACE_STYLE_FILL_AREA(#11222);
#11222 = FILL_AREA_STYLE('',(#11223));
#11223 = FILL_AREA_STYLE_COLOUR('',#10610);
#11224 = CURVE_STYLE('',#11225,POSITIVE_LENGTH_MEASURE(0.1),#10610);
#11225 = DRAUGHTING_PRE_DEFINED_CURVE_FONT('continuous');
#11226 = OVER_RIDING_STYLED_ITEM('overriding color',(#11227),#1742,
  #11217);
#11227 = PRESENTATION_STYLE_ASSIGNMENT((#11228,#11233));
#11228 = SURFACE_STYLE_USAGE(.BOTH.,#11229);
#11229 = SURFACE_SIDE_STYLE('',(#11230));
#11230 = SURFACE_STYLE_FILL_AREA(#11231);
#11231 = FILL_AREA_STYLE('',(#11232));
#11232 = FILL_AREA_STYLE_COLOUR('',#10620);
#11233 = CURVE_STYLE('',#11234,POSITIVE_LENGTH_MEASURE(0.1),#10620);
#11234 = DRAUGHTING_PRE_DEFINED_CURVE_FONT('continuous');
#11235 = OVER_RIDING_STYLED_ITEM('overriding color',(#11236),#1767,
  #11217);
#11236 = PRESENTATION_STYLE_ASSIGNMENT((#11237,#11242));
#11237 = SURFACE_STYLE_USAGE(.BOTH.,#11238);
#11238 = SURFACE_SIDE_STYLE('',(#11239));
#11239 = SURFACE_STYLE_FILL_AREA(#11240);
#11240 = FILL_AREA_STYLE('',(#11241));
#11241 = FILL_AREA_STYLE_COLOUR('',#10620);
#11242 = CURVE_STYLE('',#11243,POSITIVE_LENGTH_MEASURE(0.1),#10620);
#11243 = DRAUGHTING_PRE_DEFINED_CURVE_FONT('continuous');
#11244 = OVER_RIDING_STYLED_ITEM('overriding color',(#11245),#1775,
  #11217);
#11245 = PRESENTATION_STYLE_ASSIGNMENT((#11246,#11251));
#11246 = SURFACE_STYLE_USAGE(.BOTH.,#11247);
#11247 = SURFACE_SIDE_STYLE('',(#11248));
#11248 = SURFACE_STYLE_FILL_AREA(#11249);
#11249 = FILL_AREA_STYLE('',(#11250));
#11250 = FILL_AREA_STYLE_COLOUR('',#10620);
#11251 = CURVE_STYLE('',#11252,POSITIVE_LENGTH_MEASURE(0.1),#10620);
#11252 = DRAUGHTING_PRE_DEFINED_CURVE_FONT('continuous');
#11253 = OVER_RIDING_STYLED_ITEM('overriding color',(#11254),#1839,
  #11217);
#11254 = PRESENTATION_STYLE_ASSIGNMENT((#11255,#11260));
#11255 = SURFACE_STYLE_USAGE(.BOTH.,#11256);
#11256 = SURFACE_SIDE_STYLE('',(#11257));
#11257 = SURFACE_STYLE_FILL_AREA(#11258);
#11258 = FILL_AREA_STYLE('',(#11259));
#11259 = FILL_AREA_STYLE_COLOUR('',#10620);
#11260 = CURVE_STYLE('',#11261,POSITIVE_LENGTH_MEASURE(0.1),#10620);
#11261 = DRAUGHTING_PRE_DEFINED_CURVE_FONT('continuous');
#11262 = OVER_RIDING_STYLED_ITEM('overriding color',(#11263),#1847,
  #11217);
#11263 = PRESENTATION_STYLE_ASSIGNMENT((#11264,#11269));
#11264 = SURFACE_STYLE_USAGE(.BOTH.,#11265);
#11265 = SURFACE_SIDE_STYLE('',(#11266));
#11266 = SURFACE_STYLE_FILL_AREA(#11267);
#11267 = FILL_AREA_STYLE('',(#11268));
#11268 = FILL_AREA_STYLE_COLOUR('',#10620);
#11269 = CURVE_STYLE('',#11270,POSITIVE_LENGTH_MEASURE(0.1),#10620);
#11270 = DRAUGHTING_PRE_DEFINED_CURVE_FONT('continuous');
#11271 = OVER_RIDING_STYLED_ITEM('overriding color',(#11272),#1879,
  #11217);
#11272 = PRESENTATION_STYLE_ASSIGNMENT((#11273,#11278));
#11273 = SURFACE_STYLE_USAGE(.BOTH.,#11274);
#11274 = SURFACE_SIDE_STYLE('',(#11275));
#11275 = SURFACE_STYLE_FILL_AREA(#11276);
#11276 = FILL_AREA_STYLE('',(#11277));
#11277 = FILL_AREA_STYLE_COLOUR('',#10620);
#11278 = CURVE_STYLE('',#11279,POSITIVE_LENGTH_MEASURE(0.1),#10620);
#11279 = DRAUGHTING_PRE_DEFINED_CURVE_FONT('continuous');
#11280 = OVER_RIDING_STYLED_ITEM('overriding color',(#11281),#1887,
  #11217);
#11281 = PRESENTATION_STYLE_ASSIGNMENT((#11282,#11287));
#11282 = SURFACE_STYLE_USAGE(.BOTH.,#11283);
#11283 = SURFACE_SIDE_STYLE('',(#11284));
#11284 = SURFACE_STYLE_FILL_AREA(#11285);
#11285 = FILL_AREA_STYLE('',(#11286));
#11286 = FILL_AREA_STYLE_COLOUR('',#10620);
#11287 = CURVE_STYLE('',#11288,POSITIVE_LENGTH_MEASURE(0.1),#10620);
#11288 = DRAUGHTING_PRE_DEFINED_CURVE_FONT('continuous');
#11289 = OVER_RIDING_STYLED_ITEM('overriding color',(#11290),#1910,
  #11217);
#11290 = PRESENTATION_STYLE_ASSIGNMENT((#11291,#11296));
#11291 = SURFACE_STYLE_USAGE(.BOTH.,#11292);
#11292 = SURFACE_SIDE_STYLE('',(#11293));
#11293 = SURFACE_STYLE_FILL_AREA(#11294);
#11294 = FILL_AREA_STYLE('',(#11295));
#11295 = FILL_AREA_STYLE_COLOUR('',#10620);
#11296 = CURVE_STYLE('',#11297,POSITIVE_LENGTH_MEASURE(0.1),#10620);
#11297 = DRAUGHTING_PRE_DEFINED_CURVE_FONT('continuous');
#11298 = STYLED_ITEM('color',(#11299),#1947);
#11299 = PRESENTATION_STYLE_ASSIGNMENT((#11300,#11305));
#11300 = SURFACE_STYLE_USAGE(.BOTH.,#11301);
#11301 = SURFACE_SIDE_STYLE('',(#11302));
#11302 = SURFACE_STYLE_FILL_AREA(#11303);
#11303 = FILL_AREA_STYLE('',(#11304));
#11304 = FILL_AREA_STYLE_COLOUR('',#10620);
#11305 = CURVE_STYLE('',#11306,POSITIVE_LENGTH_MEASURE(0.1),#10620);
#11306 = DRAUGHTING_PRE_DEFINED_CURVE_FONT('continuous');
#11307 = STYLED_ITEM('color',(#11308),#2055);
#11308 = PRESENTATION_STYLE_ASSIGNMENT((#11309,#11314));
#11309 = SURFACE_STYLE_USAGE(.BOTH.,#11310);
#11310 = SURFACE_SIDE_STYLE('',(#11311));
#11311 = SURFACE_STYLE_FILL_AREA(#11312);
#11312 = FILL_AREA_STYLE('',(#11313));
#11313 = FILL_AREA_STYLE_COLOUR('',#10620);
#11314 = CURVE_STYLE('',#11315,POSITIVE_LENGTH_MEASURE(0.1),#10620);
#11315 = DRAUGHTING_PRE_DEFINED_CURVE_FONT('continuous');
#11316 = STYLED_ITEM('color',(#11317),#2095);
#11317 = PRESENTATION_STYLE_ASSIGNMENT((#11318,#11323));
#11318 = SURFACE_STYLE_USAGE(.BOTH.,#11319);
#11319 = SURFACE_SIDE_STYLE('',(#11320));
#11320 = SURFACE_STYLE_FILL_AREA(#11321);
#11321 = FILL_AREA_STYLE('',(#11322));
#11322 = FILL_AREA_STYLE_COLOUR('',#10620);
#11323 = CURVE_STYLE('',#11324,POSITIVE_LENGTH_MEASURE(0.1),#10620);
#11324 = DRAUGHTING_PRE_DEFINED_CURVE_FONT('continuous');
#11325 = STYLED_ITEM('color',(#11326),#2120);
#11326 = PRESENTATION_STYLE_ASSIGNMENT((#11327,#11332));
#11327 = SURFACE_STYLE_USAGE(.BOTH.,#11328);
#11328 = SURFACE_SIDE_STYLE('',(#11329));
#11329 = SURFACE_STYLE_FILL_AREA(#11330);
#11330 = FILL_AREA_STYLE('',(#11331));
#11331 = FILL_AREA_STYLE_COLOUR('',#10620);
#11332 = CURVE_STYLE('',#11333,POSITIVE_LENGTH_MEASURE(0.1),#10620);
#11333 = DRAUGHTING_PRE_DEFINED_CURVE_FONT('continuous');
#11334 = STYLED_ITEM('color',(#11335),#2152);
#11335 = PRESENTATION_STYLE_ASSIGNMENT((#11336,#11341));
#11336 = SURFACE_STYLE_USAGE(.BOTH.,#11337);
#11337 = SURFACE_SIDE_STYLE('',(#11338));
#11338 = SURFACE_STYLE_FILL_AREA(#11339);
#11339 = FILL_AREA_STYLE('',(#11340));
#11340 = FILL_AREA_STYLE_COLOUR('',#10620);
#11341 = CURVE_STYLE('',#11342,POSITIVE_LENGTH_MEASURE(0.1),#10620);
#11342 = DRAUGHTING_PRE_DEFINED_CURVE_FONT('continuous');
#11343 = STYLED_ITEM('color',(#11344),#2177);
#11344 = PRESENTATION_STYLE_ASSIGNMENT((#11345,#11350));
#11345 = SURFACE_STYLE_USAGE(.BOTH.,#11346);
#11346 = SURFACE_SIDE_STYLE('',(#11347));
#11347 = SURFACE_STYLE_FILL_AREA(#11348);
#11348 = FILL_AREA_STYLE('',(#11349));
#11349 = FILL_AREA_STYLE_COLOUR('',#10620);
#11350 = CURVE_STYLE('',#11351,POSITIVE_LENGTH_MEASURE(0.1),#10620);
#11351 = DRAUGHTING_PRE_DEFINED_CURVE_FONT('continuous');
#11352 = STYLED_ITEM('color',(#11353),#2209);
#11353 = PRESENTATION_STYLE_ASSIGNMENT((#11354,#11359));
#11354 = SURFACE_STYLE_USAGE(.BOTH.,#11355);
#11355 = SURFACE_SIDE_STYLE('',(#11356));
#11356 = SURFACE_STYLE_FILL_AREA(#11357);
#11357 = FILL_AREA_STYLE('',(#11358));
#11358 = FILL_AREA_STYLE_COLOUR('',#10620);
#11359 = CURVE_STYLE('',#11360,POSITIVE_LENGTH_MEASURE(0.1),#10620);
#11360 = DRAUGHTING_PRE_DEFINED_CURVE_FONT('continuous');
#11361 = STYLED_ITEM('color',(#11362),#2234);
#11362 = PRESENTATION_STYLE_ASSIGNMENT((#11363,#11368));
#11363 = SURFACE_STYLE_USAGE(.BOTH.,#11364);
#11364 = SURFACE_SIDE_STYLE('',(#11365));
#11365 = SURFACE_STYLE_FILL_AREA(#11366);
#11366 = FILL_AREA_STYLE('',(#11367));
#11367 = FILL_AREA_STYLE_COLOUR('',#10620);
#11368 = CURVE_STYLE('',#11369,POSITIVE_LENGTH_MEASURE(0.1),#10620);
#11369 = DRAUGHTING_PRE_DEFINED_CURVE_FONT('continuous');
#11370 = STYLED_ITEM('color',(#11371),#2266);
#11371 = PRESENTATION_STYLE_ASSIGNMENT((#11372,#11377));
#11372 = SURFACE_STYLE_USAGE(.BOTH.,#11373);
#11373 = SURFACE_SIDE_STYLE('',(#11374));
#11374 = SURFACE_STYLE_FILL_AREA(#11375);
#11375 = FILL_AREA_STYLE('',(#11376));
#11376 = FILL_AREA_STYLE_COLOUR('',#10620);
#11377 = CURVE_STYLE('',#11378,POSITIVE_LENGTH_MEASURE(0.1),#10620);
#11378 = DRAUGHTING_PRE_DEFINED_CURVE_FONT('continuous');
#11379 = STYLED_ITEM('color',(#11380),#2283);
#11380 = PRESENTATION_STYLE_ASSIGNMENT((#11381,#11386));
#11381 = SURFACE_STYLE_USAGE(.BOTH.,#11382);
#11382 = SURFACE_SIDE_STYLE('',(#11383));
#11383 = SURFACE_STYLE_FILL_AREA(#11384);
#11384 = FILL_AREA_STYLE('',(#11385));
#11385 = FILL_AREA_STYLE_COLOUR('',#10620);
#11386 = CURVE_STYLE('',#11387,POSITIVE_LENGTH_MEASURE(0.1),#10620);
#11387 = DRAUGHTING_PRE_DEFINED_CURVE_FONT('continuous');
#11388 = STYLED_ITEM('color',(#11389),#2316);
#11389 = PRESENTATION_STYLE_ASSIGNMENT((#11390,#11395));
#11390 = SURFACE_STYLE_USAGE(.BOTH.,#11391);
#11391 = SURFACE_SIDE_STYLE('',(#11392));
#11392 = SURFACE_STYLE_FILL_AREA(#11393);
#11393 = FILL_AREA_STYLE('',(#11394));
#11394 = FILL_AREA_STYLE_COLOUR('',#10620);
#11395 = CURVE_STYLE('',#11396,POSITIVE_LENGTH_MEASURE(0.1),#10620);
#11396 = DRAUGHTING_PRE_DEFINED_CURVE_FONT('continuous');
#11397 = STYLED_ITEM('color',(#11398),#2342);
#11398 = PRESENTATION_STYLE_ASSIGNMENT((#11399,#11404));
#11399 = SURFACE_STYLE_USAGE(.BOTH.,#11400);
#11400 = SURFACE_SIDE_STYLE('',(#11401));
#11401 = SURFACE_STYLE_FILL_AREA(#11402);
#11402 = FILL_AREA_STYLE('',(#11403));
#11403 = FILL_AREA_STYLE_COLOUR('',#10620);
#11404 = CURVE_STYLE('',#11405,POSITIVE_LENGTH_MEASURE(0.1),#10620);
#11405 = DRAUGHTING_PRE_DEFINED_CURVE_FONT('continuous');
#11406 = STYLED_ITEM('color',(#11407),#2368);
#11407 = PRESENTATION_STYLE_ASSIGNMENT((#11408,#11413));
#11408 = SURFACE_STYLE_USAGE(.BOTH.,#11409);
#11409 = SURFACE_SIDE_STYLE('',(#11410));
#11410 = SURFACE_STYLE_FILL_AREA(#11411);
#11411 = FILL_AREA_STYLE('',(#11412));
#11412 = FILL_AREA_STYLE_COLOUR('',#10620);
#11413 = CURVE_STYLE('',#11414,POSITIVE_LENGTH_MEASURE(0.1),#10620);
#11414 = DRAUGHTING_PRE_DEFINED_CURVE_FONT('continuous');
#11415 = STYLED_ITEM('color',(#11416),#2393);
#11416 = PRESENTATION_STYLE_ASSIGNMENT((#11417,#11422));
#11417 = SURFACE_STYLE_USAGE(.BOTH.,#11418);
#11418 = SURFACE_SIDE_STYLE('',(#11419));
#11419 = SURFACE_STYLE_FILL_AREA(#11420);
#11420 = FILL_AREA_STYLE('',(#11421));
#11421 = FILL_AREA_STYLE_COLOUR('',#10620);
#11422 = CURVE_STYLE('',#11423,POSITIVE_LENGTH_MEASURE(0.1),#10620);
#11423 = DRAUGHTING_PRE_DEFINED_CURVE_FONT('continuous');
#11424 = STYLED_ITEM('color',(#11425),#2418);
#11425 = PRESENTATION_STYLE_ASSIGNMENT((#11426,#11431));
#11426 = SURFACE_STYLE_USAGE(.BOTH.,#11427);
#11427 = SURFACE_SIDE_STYLE('',(#11428));
#11428 = SURFACE_STYLE_FILL_AREA(#11429);
#11429 = FILL_AREA_STYLE('',(#11430));
#11430 = FILL_AREA_STYLE_COLOUR('',#10620);
#11431 = CURVE_STYLE('',#11432,POSITIVE_LENGTH_MEASURE(0.1),#10620);
#11432 = DRAUGHTING_PRE_DEFINED_CURVE_FONT('continuous');
#11433 = STYLED_ITEM('color',(#11434),#2444);
#11434 = PRESENTATION_STYLE_ASSIGNMENT((#11435,#11440));
#11435 = SURFACE_STYLE_USAGE(.BOTH.,#11436);
#11436 = SURFACE_SIDE_STYLE('',(#11437));
#11437 = SURFACE_STYLE_FILL_AREA(#11438);
#11438 = FILL_AREA_STYLE('',(#11439));
#11439 = FILL_AREA_STYLE_COLOUR('',#10620);
#11440 = CURVE_STYLE('',#11441,POSITIVE_LENGTH_MEASURE(0.1),#10620);
#11441 = DRAUGHTING_PRE_DEFINED_CURVE_FONT('continuous');
#11442 = STYLED_ITEM('color',(#11443),#2470);
#11443 = PRESENTATION_STYLE_ASSIGNMENT((#11444,#11449));
#11444 = SURFACE_STYLE_USAGE(.BOTH.,#11445);
#11445 = SURFACE_SIDE_STYLE('',(#11446));
#11446 = SURFACE_STYLE_FILL_AREA(#11447);
#11447 = FILL_AREA_STYLE('',(#11448));
#11448 = FILL_AREA_STYLE_COLOUR('',#10620);
#11449 = CURVE_STYLE('',#11450,POSITIVE_LENGTH_MEASURE(0.1),#10620);
#11450 = DRAUGHTING_PRE_DEFINED_CURVE_FONT('continuous');
#11451 = STYLED_ITEM('color',(#11452),#2487);
#11452 = PRESENTATION_STYLE_ASSIGNMENT((#11453,#11458));
#11453 = SURFACE_STYLE_USAGE(.BOTH.,#11454);
#11454 = SURFACE_SIDE_STYLE('',(#11455));
#11455 = SURFACE_STYLE_FILL_AREA(#11456);
#11456 = FILL_AREA_STYLE('',(#11457));
#11457 = FILL_AREA_STYLE_COLOUR('',#10620);
#11458 = CURVE_STYLE('',#11459,POSITIVE_LENGTH_MEASURE(0.1),#10620);
#11459 = DRAUGHTING_PRE_DEFINED_CURVE_FONT('continuous');
#11460 = STYLED_ITEM('color',(#11461),#2513);
#11461 = PRESENTATION_STYLE_ASSIGNMENT((#11462,#11467));
#11462 = SURFACE_STYLE_USAGE(.BOTH.,#11463);
#11463 = SURFACE_SIDE_STYLE('',(#11464));
#11464 = SURFACE_STYLE_FILL_AREA(#11465);
#11465 = FILL_AREA_STYLE('',(#11466));
#11466 = FILL_AREA_STYLE_COLOUR('',#10620);
#11467 = CURVE_STYLE('',#11468,POSITIVE_LENGTH_MEASURE(0.1),#10620);
#11468 = DRAUGHTING_PRE_DEFINED_CURVE_FONT('continuous');
#11469 = STYLED_ITEM('color',(#11470),#2539);
#11470 = PRESENTATION_STYLE_ASSIGNMENT((#11471,#11476));
#11471 = SURFACE_STYLE_USAGE(.BOTH.,#11472);
#11472 = SURFACE_SIDE_STYLE('',(#11473));
#11473 = SURFACE_STYLE_FILL_AREA(#11474);
#11474 = FILL_AREA_STYLE('',(#11475));
#11475 = FILL_AREA_STYLE_COLOUR('',#10620);
#11476 = CURVE_STYLE('',#11477,POSITIVE_LENGTH_MEASURE(0.1),#10620);
#11477 = DRAUGHTING_PRE_DEFINED_CURVE_FONT('continuous');
#11478 = STYLED_ITEM('color',(#11479),#2555);
#11479 = PRESENTATION_STYLE_ASSIGNMENT((#11480,#11485));
#11480 = SURFACE_STYLE_USAGE(.BOTH.,#11481);
#11481 = SURFACE_SIDE_STYLE('',(#11482));
#11482 = SURFACE_STYLE_FILL_AREA(#11483);
#11483 = FILL_AREA_STYLE('',(#11484));
#11484 = FILL_AREA_STYLE_COLOUR('',#10620);
#11485 = CURVE_STYLE('',#11486,POSITIVE_LENGTH_MEASURE(0.1),#10620);
#11486 = DRAUGHTING_PRE_DEFINED_CURVE_FONT('continuous');
#11487 = STYLED_ITEM('color',(#11488),#2586);
#11488 = PRESENTATION_STYLE_ASSIGNMENT((#11489,#11494));
#11489 = SURFACE_STYLE_USAGE(.BOTH.,#11490);
#11490 = SURFACE_SIDE_STYLE('',(#11491));
#11491 = SURFACE_STYLE_FILL_AREA(#11492);
#11492 = FILL_AREA_STYLE('',(#11493));
#11493 = FILL_AREA_STYLE_COLOUR('',#10620);
#11494 = CURVE_STYLE('',#11495,POSITIVE_LENGTH_MEASURE(0.1),#10620);
#11495 = DRAUGHTING_PRE_DEFINED_CURVE_FONT('continuous');
#11496 = STYLED_ITEM('color',(#11497),#2611);
#11497 = PRESENTATION_STYLE_ASSIGNMENT((#11498,#11503));
#11498 = SURFACE_STYLE_USAGE(.BOTH.,#11499);
#11499 = SURFACE_SIDE_STYLE('',(#11500));
#11500 = SURFACE_STYLE_FILL_AREA(#11501);
#11501 = FILL_AREA_STYLE('',(#11502));
#11502 = FILL_AREA_STYLE_COLOUR('',#10620);
#11503 = CURVE_STYLE('',#11504,POSITIVE_LENGTH_MEASURE(0.1),#10620);
#11504 = DRAUGHTING_PRE_DEFINED_CURVE_FONT('continuous');
#11505 = STYLED_ITEM('color',(#11506),#2636);
#11506 = PRESENTATION_STYLE_ASSIGNMENT((#11507,#11512));
#11507 = SURFACE_STYLE_USAGE(.BOTH.,#11508);
#11508 = SURFACE_SIDE_STYLE('',(#11509));
#11509 = SURFACE_STYLE_FILL_AREA(#11510);
#11510 = FILL_AREA_STYLE('',(#11511));
#11511 = FILL_AREA_STYLE_COLOUR('',#10620);
#11512 = CURVE_STYLE('',#11513,POSITIVE_LENGTH_MEASURE(0.1),#10620);
#11513 = DRAUGHTING_PRE_DEFINED_CURVE_FONT('continuous');
#11514 = STYLED_ITEM('color',(#11515),#2660);
#11515 = PRESENTATION_STYLE_ASSIGNMENT((#11516,#11521));
#11516 = SURFACE_STYLE_USAGE(.BOTH.,#11517);
#11517 = SURFACE_SIDE_STYLE('',(#11518));
#11518 = SURFACE_STYLE_FILL_AREA(#11519);
#11519 = FILL_AREA_STYLE('',(#11520));
#11520 = FILL_AREA_STYLE_COLOUR('',#10620);
#11521 = CURVE_STYLE('',#11522,POSITIVE_LENGTH_MEASURE(0.1),#10620);
#11522 = DRAUGHTING_PRE_DEFINED_CURVE_FONT('continuous');
#11523 = STYLED_ITEM('color',(#11524),#2684);
#11524 = PRESENTATION_STYLE_ASSIGNMENT((#11525,#11530));
#11525 = SURFACE_STYLE_USAGE(.BOTH.,#11526);
#11526 = SURFACE_SIDE_STYLE('',(#11527));
#11527 = SURFACE_STYLE_FILL_AREA(#11528);
#11528 = FILL_AREA_STYLE('',(#11529));
#11529 = FILL_AREA_STYLE_COLOUR('',#10620);
#11530 = CURVE_STYLE('',#11531,POSITIVE_LENGTH_MEASURE(0.1),#10620);
#11531 = DRAUGHTING_PRE_DEFINED_CURVE_FONT('continuous');
#11532 = STYLED_ITEM('color',(#11533),#2709);
#11533 = PRESENTATION_STYLE_ASSIGNMENT((#11534,#11539));
#11534 = SURFACE_STYLE_USAGE(.BOTH.,#11535);
#11535 = SURFACE_SIDE_STYLE('',(#11536));
#11536 = SURFACE_STYLE_FILL_AREA(#11537);
#11537 = FILL_AREA_STYLE('',(#11538));
#11538 = FILL_AREA_STYLE_COLOUR('',#10620);
#11539 = CURVE_STYLE('',#11540,POSITIVE_LENGTH_MEASURE(0.1),#10620);
#11540 = DRAUGHTING_PRE_DEFINED_CURVE_FONT('continuous');
#11541 = STYLED_ITEM('color',(#11542),#2734);
#11542 = PRESENTATION_STYLE_ASSIGNMENT((#11543,#11548));
#11543 = SURFACE_STYLE_USAGE(.BOTH.,#11544);
#11544 = SURFACE_SIDE_STYLE('',(#11545));
#11545 = SURFACE_STYLE_FILL_AREA(#11546);
#11546 = FILL_AREA_STYLE('',(#11547));
#11547 = FILL_AREA_STYLE_COLOUR('',#10620);
#11548 = CURVE_STYLE('',#11549,POSITIVE_LENGTH_MEASURE(0.1),#10620);
#11549 = DRAUGHTING_PRE_DEFINED_CURVE_FONT('continuous');
#11550 = STYLED_ITEM('color',(#11551),#2751);
#11551 = PRESENTATION_STYLE_ASSIGNMENT((#11552,#11557));
#11552 = SURFACE_STYLE_USAGE(.BOTH.,#11553);
#11553 = SURFACE_SIDE_STYLE('',(#11554));
#11554 = SURFACE_STYLE_FILL_AREA(#11555);
#11555 = FILL_AREA_STYLE('',(#11556));
#11556 = FILL_AREA_STYLE_COLOUR('',#10620);
#11557 = CURVE_STYLE('',#11558,POSITIVE_LENGTH_MEASURE(0.1),#10620);
#11558 = DRAUGHTING_PRE_DEFINED_CURVE_FONT('continuous');
#11559 = STYLED_ITEM('color',(#11560),#2776);
#11560 = PRESENTATION_STYLE_ASSIGNMENT((#11561,#11566));
#11561 = SURFACE_STYLE_USAGE(.BOTH.,#11562);
#11562 = SURFACE_SIDE_STYLE('',(#11563));
#11563 = SURFACE_STYLE_FILL_AREA(#11564);
#11564 = FILL_AREA_STYLE('',(#11565));
#11565 = FILL_AREA_STYLE_COLOUR('',#10620);
#11566 = CURVE_STYLE('',#11567,POSITIVE_LENGTH_MEASURE(0.1),#10620);
#11567 = DRAUGHTING_PRE_DEFINED_CURVE_FONT('continuous');
#11568 = STYLED_ITEM('color',(#11569),#2801);
#11569 = PRESENTATION_STYLE_ASSIGNMENT((#11570,#11575));
#11570 = SURFACE_STYLE_USAGE(.BOTH.,#11571);
#11571 = SURFACE_SIDE_STYLE('',(#11572));
#11572 = SURFACE_STYLE_FILL_AREA(#11573);
#11573 = FILL_AREA_STYLE('',(#11574));
#11574 = FILL_AREA_STYLE_COLOUR('',#10620);
#11575 = CURVE_STYLE('',#11576,POSITIVE_LENGTH_MEASURE(0.1),#10620);
#11576 = DRAUGHTING_PRE_DEFINED_CURVE_FONT('continuous');
#11577 = STYLED_ITEM('color',(#11578),#2834);
#11578 = PRESENTATION_STYLE_ASSIGNMENT((#11579,#11584));
#11579 = SURFACE_STYLE_USAGE(.BOTH.,#11580);
#11580 = SURFACE_SIDE_STYLE('',(#11581));
#11581 = SURFACE_STYLE_FILL_AREA(#11582);
#11582 = FILL_AREA_STYLE('',(#11583));
#11583 = FILL_AREA_STYLE_COLOUR('',#10620);
#11584 = CURVE_STYLE('',#11585,POSITIVE_LENGTH_MEASURE(0.1),#10620);
#11585 = DRAUGHTING_PRE_DEFINED_CURVE_FONT('continuous');
#11586 = STYLED_ITEM('color',(#11587),#2860);
#11587 = PRESENTATION_STYLE_ASSIGNMENT((#11588,#11593));
#11588 = SURFACE_STYLE_USAGE(.BOTH.,#11589);
#11589 = SURFACE_SIDE_STYLE('',(#11590));
#11590 = SURFACE_STYLE_FILL_AREA(#11591);
#11591 = FILL_AREA_STYLE('',(#11592));
#11592 = FILL_AREA_STYLE_COLOUR('',#10620);
#11593 = CURVE_STYLE('',#11594,POSITIVE_LENGTH_MEASURE(0.1),#10620);
#11594 = DRAUGHTING_PRE_DEFINED_CURVE_FONT('continuous');
#11595 = STYLED_ITEM('color',(#11596),#2886);
#11596 = PRESENTATION_STYLE_ASSIGNMENT((#11597,#11602));
#11597 = SURFACE_STYLE_USAGE(.BOTH.,#11598);
#11598 = SURFACE_SIDE_STYLE('',(#11599));
#11599 = SURFACE_STYLE_FILL_AREA(#11600);
#11600 = FILL_AREA_STYLE('',(#11601));
#11601 = FILL_AREA_STYLE_COLOUR('',#10620);
#11602 = CURVE_STYLE('',#11603,POSITIVE_LENGTH_MEASURE(0.1),#10620);
#11603 = DRAUGHTING_PRE_DEFINED_CURVE_FONT('continuous');
#11604 = STYLED_ITEM('color',(#11605),#2911);
#11605 = PRESENTATION_STYLE_ASSIGNMENT((#11606,#11611));
#11606 = SURFACE_STYLE_USAGE(.BOTH.,#11607);
#11607 = SURFACE_SIDE_STYLE('',(#11608));
#11608 = SURFACE_STYLE_FILL_AREA(#11609);
#11609 = FILL_AREA_STYLE('',(#11610));
#11610 = FILL_AREA_STYLE_COLOUR('',#10620);
#11611 = CURVE_STYLE('',#11612,POSITIVE_LENGTH_MEASURE(0.1),#10620);
#11612 = DRAUGHTING_PRE_DEFINED_CURVE_FONT('continuous');
#11613 = STYLED_ITEM('color',(#11614),#2936);
#11614 = PRESENTATION_STYLE_ASSIGNMENT((#11615,#11620));
#11615 = SURFACE_STYLE_USAGE(.BOTH.,#11616);
#11616 = SURFACE_SIDE_STYLE('',(#11617));
#11617 = SURFACE_STYLE_FILL_AREA(#11618);
#11618 = FILL_AREA_STYLE('',(#11619));
#11619 = FILL_AREA_STYLE_COLOUR('',#10620);
#11620 = CURVE_STYLE('',#11621,POSITIVE_LENGTH_MEASURE(0.1),#10620);
#11621 = DRAUGHTING_PRE_DEFINED_CURVE_FONT('continuous');
#11622 = STYLED_ITEM('color',(#11623),#2962);
#11623 = PRESENTATION_STYLE_ASSIGNMENT((#11624,#11629));
#11624 = SURFACE_STYLE_USAGE(.BOTH.,#11625);
#11625 = SURFACE_SIDE_STYLE('',(#11626));
#11626 = SURFACE_STYLE_FILL_AREA(#11627);
#11627 = FILL_AREA_STYLE('',(#11628));
#11628 = FILL_AREA_STYLE_COLOUR('',#10620);
#11629 = CURVE_STYLE('',#11630,POSITIVE_LENGTH_MEASURE(0.1),#10620);
#11630 = DRAUGHTING_PRE_DEFINED_CURVE_FONT('continuous');
#11631 = STYLED_ITEM('color',(#11632),#2988);
#11632 = PRESENTATION_STYLE_ASSIGNMENT((#11633,#11638));
#11633 = SURFACE_STYLE_USAGE(.BOTH.,#11634);
#11634 = SURFACE_SIDE_STYLE('',(#11635));
#11635 = SURFACE_STYLE_FILL_AREA(#11636);
#11636 = FILL_AREA_STYLE('',(#11637));
#11637 = FILL_AREA_STYLE_COLOUR('',#10620);
#11638 = CURVE_STYLE('',#11639,POSITIVE_LENGTH_MEASURE(0.1),#10620);
#11639 = DRAUGHTING_PRE_DEFINED_CURVE_FONT('continuous');
#11640 = STYLED_ITEM('color',(#11641),#3005);
#11641 = PRESENTATION_STYLE_ASSIGNMENT((#11642,#11647));
#11642 = SURFACE_STYLE_USAGE(.BOTH.,#11643);
#11643 = SURFACE_SIDE_STYLE('',(#11644));
#11644 = SURFACE_STYLE_FILL_AREA(#11645);
#11645 = FILL_AREA_STYLE('',(#11646));
#11646 = FILL_AREA_STYLE_COLOUR('',#10620);
#11647 = CURVE_STYLE('',#11648,POSITIVE_LENGTH_MEASURE(0.1),#10620);
#11648 = DRAUGHTING_PRE_DEFINED_CURVE_FONT('continuous');
#11649 = STYLED_ITEM('color',(#11650),#3031);
#11650 = PRESENTATION_STYLE_ASSIGNMENT((#11651,#11656));
#11651 = SURFACE_STYLE_USAGE(.BOTH.,#11652);
#11652 = SURFACE_SIDE_STYLE('',(#11653));
#11653 = SURFACE_STYLE_FILL_AREA(#11654);
#11654 = FILL_AREA_STYLE('',(#11655));
#11655 = FILL_AREA_STYLE_COLOUR('',#10620);
#11656 = CURVE_STYLE('',#11657,POSITIVE_LENGTH_MEASURE(0.1),#10620);
#11657 = DRAUGHTING_PRE_DEFINED_CURVE_FONT('continuous');
#11658 = STYLED_ITEM('color',(#11659),#3057);
#11659 = PRESENTATION_STYLE_ASSIGNMENT((#11660,#11665));
#11660 = SURFACE_STYLE_USAGE(.BOTH.,#11661);
#11661 = SURFACE_SIDE_STYLE('',(#11662));
#11662 = SURFACE_STYLE_FILL_AREA(#11663);
#11663 = FILL_AREA_STYLE('',(#11664));
#11664 = FILL_AREA_STYLE_COLOUR('',#10620);
#11665 = CURVE_STYLE('',#11666,POSITIVE_LENGTH_MEASURE(0.1),#10620);
#11666 = DRAUGHTING_PRE_DEFINED_CURVE_FONT('continuous');
#11667 = STYLED_ITEM('color',(#11668),#3149);
#11668 = PRESENTATION_STYLE_ASSIGNMENT((#11669,#11674));
#11669 = SURFACE_STYLE_USAGE(.BOTH.,#11670);
#11670 = SURFACE_SIDE_STYLE('',(#11671));
#11671 = SURFACE_STYLE_FILL_AREA(#11672);
#11672 = FILL_AREA_STYLE('',(#11673));
#11673 = FILL_AREA_STYLE_COLOUR('',#10620);
#11674 = CURVE_STYLE('',#11675,POSITIVE_LENGTH_MEASURE(0.1),#10620);
#11675 = DRAUGHTING_PRE_DEFINED_CURVE_FONT('continuous');
#11676 = STYLED_ITEM('color',(#11677),#3180);
#11677 = PRESENTATION_STYLE_ASSIGNMENT((#11678,#11683));
#11678 = SURFACE_STYLE_USAGE(.BOTH.,#11679);
#11679 = SURFACE_SIDE_STYLE('',(#11680));
#11680 = SURFACE_STYLE_FILL_AREA(#11681);
#11681 = FILL_AREA_STYLE('',(#11682));
#11682 = FILL_AREA_STYLE_COLOUR('',#10620);
#11683 = CURVE_STYLE('',#11684,POSITIVE_LENGTH_MEASURE(0.1),#10620);
#11684 = DRAUGHTING_PRE_DEFINED_CURVE_FONT('continuous');
#11685 = STYLED_ITEM('color',(#11686),#3205);
#11686 = PRESENTATION_STYLE_ASSIGNMENT((#11687,#11692));
#11687 = SURFACE_STYLE_USAGE(.BOTH.,#11688);
#11688 = SURFACE_SIDE_STYLE('',(#11689));
#11689 = SURFACE_STYLE_FILL_AREA(#11690);
#11690 = FILL_AREA_STYLE('',(#11691));
#11691 = FILL_AREA_STYLE_COLOUR('',#10620);
#11692 = CURVE_STYLE('',#11693,POSITIVE_LENGTH_MEASURE(0.1),#10620);
#11693 = DRAUGHTING_PRE_DEFINED_CURVE_FONT('continuous');
#11694 = STYLED_ITEM('color',(#11695),#3229);
#11695 = PRESENTATION_STYLE_ASSIGNMENT((#11696,#11701));
#11696 = SURFACE_STYLE_USAGE(.BOTH.,#11697);
#11697 = SURFACE_SIDE_STYLE('',(#11698));
#11698 = SURFACE_STYLE_FILL_AREA(#11699);
#11699 = FILL_AREA_STYLE('',(#11700));
#11700 = FILL_AREA_STYLE_COLOUR('',#10620);
#11701 = CURVE_STYLE('',#11702,POSITIVE_LENGTH_MEASURE(0.1),#10620);
#11702 = DRAUGHTING_PRE_DEFINED_CURVE_FONT('continuous');
#11703 = STYLED_ITEM('color',(#11704),#3254);
#11704 = PRESENTATION_STYLE_ASSIGNMENT((#11705,#11710));
#11705 = SURFACE_STYLE_USAGE(.BOTH.,#11706);
#11706 = SURFACE_SIDE_STYLE('',(#11707));
#11707 = SURFACE_STYLE_FILL_AREA(#11708);
#11708 = FILL_AREA_STYLE('',(#11709));
#11709 = FILL_AREA_STYLE_COLOUR('',#10620);
#11710 = CURVE_STYLE('',#11711,POSITIVE_LENGTH_MEASURE(0.1),#10620);
#11711 = DRAUGHTING_PRE_DEFINED_CURVE_FONT('continuous');
#11712 = STYLED_ITEM('color',(#11713),#3278);
#11713 = PRESENTATION_STYLE_ASSIGNMENT((#11714,#11719));
#11714 = SURFACE_STYLE_USAGE(.BOTH.,#11715);
#11715 = SURFACE_SIDE_STYLE('',(#11716));
#11716 = SURFACE_STYLE_FILL_AREA(#11717);
#11717 = FILL_AREA_STYLE('',(#11718));
#11718 = FILL_AREA_STYLE_COLOUR('',#10620);
#11719 = CURVE_STYLE('',#11720,POSITIVE_LENGTH_MEASURE(0.1),#10620);
#11720 = DRAUGHTING_PRE_DEFINED_CURVE_FONT('continuous');
#11721 = STYLED_ITEM('color',(#11722),#3303);
#11722 = PRESENTATION_STYLE_ASSIGNMENT((#11723,#11728));
#11723 = SURFACE_STYLE_USAGE(.BOTH.,#11724);
#11724 = SURFACE_SIDE_STYLE('',(#11725));
#11725 = SURFACE_STYLE_FILL_AREA(#11726);
#11726 = FILL_AREA_STYLE('',(#11727));
#11727 = FILL_AREA_STYLE_COLOUR('',#10620);
#11728 = CURVE_STYLE('',#11729,POSITIVE_LENGTH_MEASURE(0.1),#10620);
#11729 = DRAUGHTING_PRE_DEFINED_CURVE_FONT('continuous');
#11730 = STYLED_ITEM('color',(#11731),#3327);
#11731 = PRESENTATION_STYLE_ASSIGNMENT((#11732,#11737));
#11732 = SURFACE_STYLE_USAGE(.BOTH.,#11733);
#11733 = SURFACE_SIDE_STYLE('',(#11734));
#11734 = SURFACE_STYLE_FILL_AREA(#11735);
#11735 = FILL_AREA_STYLE('',(#11736));
#11736 = FILL_AREA_STYLE_COLOUR('',#10620);
#11737 = CURVE_STYLE('',#11738,POSITIVE_LENGTH_MEASURE(0.1),#10620);
#11738 = DRAUGHTING_PRE_DEFINED_CURVE_FONT('continuous');
#11739 = STYLED_ITEM('color',(#11740),#3345);
#11740 = PRESENTATION_STYLE_ASSIGNMENT((#11741,#11746));
#11741 = SURFACE_STYLE_USAGE(.BOTH.,#11742);
#11742 = SURFACE_SIDE_STYLE('',(#11743));
#11743 = SURFACE_STYLE_FILL_AREA(#11744);
#11744 = FILL_AREA_STYLE('',(#11745));
#11745 = FILL_AREA_STYLE_COLOUR('',#10620);
#11746 = CURVE_STYLE('',#11747,POSITIVE_LENGTH_MEASURE(0.1),#10620);
#11747 = DRAUGHTING_PRE_DEFINED_CURVE_FONT('continuous');
#11748 = STYLED_ITEM('color',(#11749),#3378);
#11749 = PRESENTATION_STYLE_ASSIGNMENT((#11750,#11755));
#11750 = SURFACE_STYLE_USAGE(.BOTH.,#11751);
#11751 = SURFACE_SIDE_STYLE('',(#11752));
#11752 = SURFACE_STYLE_FILL_AREA(#11753);
#11753 = FILL_AREA_STYLE('',(#11754));
#11754 = FILL_AREA_STYLE_COLOUR('',#10620);
#11755 = CURVE_STYLE('',#11756,POSITIVE_LENGTH_MEASURE(0.1),#10620);
#11756 = DRAUGHTING_PRE_DEFINED_CURVE_FONT('continuous');
#11757 = STYLED_ITEM('color',(#11758),#3395);
#11758 = PRESENTATION_STYLE_ASSIGNMENT((#11759,#11764));
#11759 = SURFACE_STYLE_USAGE(.BOTH.,#11760);
#11760 = SURFACE_SIDE_STYLE('',(#11761));
#11761 = SURFACE_STYLE_FILL_AREA(#11762);
#11762 = FILL_AREA_STYLE('',(#11763));
#11763 = FILL_AREA_STYLE_COLOUR('',#10620);
#11764 = CURVE_STYLE('',#11765,POSITIVE_LENGTH_MEASURE(0.1),#10620);
#11765 = DRAUGHTING_PRE_DEFINED_CURVE_FONT('continuous');
#11766 = STYLED_ITEM('color',(#11767),#3420);
#11767 = PRESENTATION_STYLE_ASSIGNMENT((#11768,#11773));
#11768 = SURFACE_STYLE_USAGE(.BOTH.,#11769);
#11769 = SURFACE_SIDE_STYLE('',(#11770));
#11770 = SURFACE_STYLE_FILL_AREA(#11771);
#11771 = FILL_AREA_STYLE('',(#11772));
#11772 = FILL_AREA_STYLE_COLOUR('',#10620);
#11773 = CURVE_STYLE('',#11774,POSITIVE_LENGTH_MEASURE(0.1),#10620);
#11774 = DRAUGHTING_PRE_DEFINED_CURVE_FONT('continuous');
#11775 = STYLED_ITEM('color',(#11776),#3437);
#11776 = PRESENTATION_STYLE_ASSIGNMENT((#11777,#11782));
#11777 = SURFACE_STYLE_USAGE(.BOTH.,#11778);
#11778 = SURFACE_SIDE_STYLE('',(#11779));
#11779 = SURFACE_STYLE_FILL_AREA(#11780);
#11780 = FILL_AREA_STYLE('',(#11781));
#11781 = FILL_AREA_STYLE_COLOUR('',#10620);
#11782 = CURVE_STYLE('',#11783,POSITIVE_LENGTH_MEASURE(0.1),#10620);
#11783 = DRAUGHTING_PRE_DEFINED_CURVE_FONT('continuous');
#11784 = STYLED_ITEM('color',(#11785),#3462);
#11785 = PRESENTATION_STYLE_ASSIGNMENT((#11786,#11791));
#11786 = SURFACE_STYLE_USAGE(.BOTH.,#11787);
#11787 = SURFACE_SIDE_STYLE('',(#11788));
#11788 = SURFACE_STYLE_FILL_AREA(#11789);
#11789 = FILL_AREA_STYLE('',(#11790));
#11790 = FILL_AREA_STYLE_COLOUR('',#10620);
#11791 = CURVE_STYLE('',#11792,POSITIVE_LENGTH_MEASURE(0.1),#10620);
#11792 = DRAUGHTING_PRE_DEFINED_CURVE_FONT('continuous');
#11793 = STYLED_ITEM('color',(#11794),#3479);
#11794 = PRESENTATION_STYLE_ASSIGNMENT((#11795,#11800));
#11795 = SURFACE_STYLE_USAGE(.BOTH.,#11796);
#11796 = SURFACE_SIDE_STYLE('',(#11797));
#11797 = SURFACE_STYLE_FILL_AREA(#11798);
#11798 = FILL_AREA_STYLE('',(#11799));
#11799 = FILL_AREA_STYLE_COLOUR('',#10620);
#11800 = CURVE_STYLE('',#11801,POSITIVE_LENGTH_MEASURE(0.1),#10620);
#11801 = DRAUGHTING_PRE_DEFINED_CURVE_FONT('continuous');
#11802 = STYLED_ITEM('color',(#11803),#3502);
#11803 = PRESENTATION_STYLE_ASSIGNMENT((#11804,#11809));
#11804 = SURFACE_STYLE_USAGE(.BOTH.,#11805);
#11805 = SURFACE_SIDE_STYLE('',(#11806));
#11806 = SURFACE_STYLE_FILL_AREA(#11807);
#11807 = FILL_AREA_STYLE('',(#11808));
#11808 = FILL_AREA_STYLE_COLOUR('',#10620);
#11809 = CURVE_STYLE('',#11810,POSITIVE_LENGTH_MEASURE(0.1),#10620);
#11810 = DRAUGHTING_PRE_DEFINED_CURVE_FONT('continuous');
#11811 = STYLED_ITEM('color',(#11812),#3513);
#11812 = PRESENTATION_STYLE_ASSIGNMENT((#11813,#11818));
#11813 = SURFACE_STYLE_USAGE(.BOTH.,#11814);
#11814 = SURFACE_SIDE_STYLE('',(#11815));
#11815 = SURFACE_STYLE_FILL_AREA(#11816);
#11816 = FILL_AREA_STYLE('',(#11817));
#11817 = FILL_AREA_STYLE_COLOUR('',#10620);
#11818 = CURVE_STYLE('',#11819,POSITIVE_LENGTH_MEASURE(0.1),#10620);
#11819 = DRAUGHTING_PRE_DEFINED_CURVE_FONT('continuous');
#11820 = OVER_RIDING_STYLED_ITEM('overriding color',(#11821),#3523,
  #11811);
#11821 = PRESENTATION_STYLE_ASSIGNMENT((#11822,#11827));
#11822 = SURFACE_STYLE_USAGE(.BOTH.,#11823);
#11823 = SURFACE_SIDE_STYLE('',(#11824));
#11824 = SURFACE_STYLE_FILL_AREA(#11825);
#11825 = FILL_AREA_STYLE('',(#11826));
#11826 = FILL_AREA_STYLE_COLOUR('',#10620);
#11827 = CURVE_STYLE('',#11828,POSITIVE_LENGTH_MEASURE(0.1),#10620);
#11828 = DRAUGHTING_PRE_DEFINED_CURVE_FONT('continuous');
#11829 = OVER_RIDING_STYLED_ITEM('overriding color',(#11830),#3533,
  #11811);
#11830 = PRESENTATION_STYLE_ASSIGNMENT((#11831,#11836));
#11831 = SURFACE_STYLE_USAGE(.BOTH.,#11832);
#11832 = SURFACE_SIDE_STYLE('',(#11833));
#11833 = SURFACE_STYLE_FILL_AREA(#11834);
#11834 = FILL_AREA_STYLE('',(#11835));
#11835 = FILL_AREA_STYLE_COLOUR('',#10620);
#11836 = CURVE_STYLE('',#11837,POSITIVE_LENGTH_MEASURE(0.1),#10620);
#11837 = DRAUGHTING_PRE_DEFINED_CURVE_FONT('continuous');
#11838 = OVER_RIDING_STYLED_ITEM('overriding color',(#11839),#3541,
  #11811);
#11839 = PRESENTATION_STYLE_ASSIGNMENT((#11840,#11845));
#11840 = SURFACE_STYLE_USAGE(.BOTH.,#11841);
#11841 = SURFACE_SIDE_STYLE('',(#11842));
#11842 = SURFACE_STYLE_FILL_AREA(#11843);
#11843 = FILL_AREA_STYLE('',(#11844));
#11844 = FILL_AREA_STYLE_COLOUR('',#10620);
#11845 = CURVE_STYLE('',#11846,POSITIVE_LENGTH_MEASURE(0.1),#10620);
#11846 = DRAUGHTING_PRE_DEFINED_CURVE_FONT('continuous');
#11847 = OVER_RIDING_STYLED_ITEM('overriding color',(#11848),#3549,
  #11811);
#11848 = PRESENTATION_STYLE_ASSIGNMENT((#11849,#11854));
#11849 = SURFACE_STYLE_USAGE(.BOTH.,#11850);
#11850 = SURFACE_SIDE_STYLE('',(#11851));
#11851 = SURFACE_STYLE_FILL_AREA(#11852);
#11852 = FILL_AREA_STYLE('',(#11853));
#11853 = FILL_AREA_STYLE_COLOUR('',#10620);
#11854 = CURVE_STYLE('',#11855,POSITIVE_LENGTH_MEASURE(0.1),#10620);
#11855 = DRAUGHTING_PRE_DEFINED_CURVE_FONT('continuous');
#11856 = STYLED_ITEM('color',(#11857),#3559);
#11857 = PRESENTATION_STYLE_ASSIGNMENT((#11858,#11863));
#11858 = SURFACE_STYLE_USAGE(.BOTH.,#11859);
#11859 = SURFACE_SIDE_STYLE('',(#11860));
#11860 = SURFACE_STYLE_FILL_AREA(#11861);
#11861 = FILL_AREA_STYLE('',(#11862));
#11862 = FILL_AREA_STYLE_COLOUR('',#10610);
#11863 = CURVE_STYLE('',#11864,POSITIVE_LENGTH_MEASURE(0.1),#10610);
#11864 = DRAUGHTING_PRE_DEFINED_CURVE_FONT('continuous');
#11865 = STYLED_ITEM('color',(#11866),#3590);
#11866 = PRESENTATION_STYLE_ASSIGNMENT((#11867,#11872));
#11867 = SURFACE_STYLE_USAGE(.BOTH.,#11868);
#11868 = SURFACE_SIDE_STYLE('',(#11869));
#11869 = SURFACE_STYLE_FILL_AREA(#11870);
#11870 = FILL_AREA_STYLE('',(#11871));
#11871 = FILL_AREA_STYLE_COLOUR('',#10610);
#11872 = CURVE_STYLE('',#11873,POSITIVE_LENGTH_MEASURE(0.1),#10610);
#11873 = DRAUGHTING_PRE_DEFINED_CURVE_FONT('continuous');
#11874 = STYLED_ITEM('color',(#11875),#3614);
#11875 = PRESENTATION_STYLE_ASSIGNMENT((#11876,#11881));
#11876 = SURFACE_STYLE_USAGE(.BOTH.,#11877);
#11877 = SURFACE_SIDE_STYLE('',(#11878));
#11878 = SURFACE_STYLE_FILL_AREA(#11879);
#11879 = FILL_AREA_STYLE('',(#11880));
#11880 = FILL_AREA_STYLE_COLOUR('',#10610);
#11881 = CURVE_STYLE('',#11882,POSITIVE_LENGTH_MEASURE(0.1),#10610);
#11882 = DRAUGHTING_PRE_DEFINED_CURVE_FONT('continuous');
#11883 = STYLED_ITEM('color',(#11884),#3638);
#11884 = PRESENTATION_STYLE_ASSIGNMENT((#11885,#11890));
#11885 = SURFACE_STYLE_USAGE(.BOTH.,#11886);
#11886 = SURFACE_SIDE_STYLE('',(#11887));
#11887 = SURFACE_STYLE_FILL_AREA(#11888);
#11888 = FILL_AREA_STYLE('',(#11889));
#11889 = FILL_AREA_STYLE_COLOUR('',#10610);
#11890 = CURVE_STYLE('',#11891,POSITIVE_LENGTH_MEASURE(0.1),#10610);
#11891 = DRAUGHTING_PRE_DEFINED_CURVE_FONT('continuous');
#11892 = STYLED_ITEM('color',(#11893),#3655);
#11893 = PRESENTATION_STYLE_ASSIGNMENT((#11894,#11899));
#11894 = SURFACE_STYLE_USAGE(.BOTH.,#11895);
#11895 = SURFACE_SIDE_STYLE('',(#11896));
#11896 = SURFACE_STYLE_FILL_AREA(#11897);
#11897 = FILL_AREA_STYLE('',(#11898));
#11898 = FILL_AREA_STYLE_COLOUR('',#10610);
#11899 = CURVE_STYLE('',#11900,POSITIVE_LENGTH_MEASURE(0.1),#10610);
#11900 = DRAUGHTING_PRE_DEFINED_CURVE_FONT('continuous');
#11901 = OVER_RIDING_STYLED_ITEM('overriding color',(#11902),#3665,
  #11892);
#11902 = PRESENTATION_STYLE_ASSIGNMENT((#11903,#11908));
#11903 = SURFACE_STYLE_USAGE(.BOTH.,#11904);
#11904 = SURFACE_SIDE_STYLE('',(#11905));
#11905 = SURFACE_STYLE_FILL_AREA(#11906);
#11906 = FILL_AREA_STYLE('',(#11907));
#11907 = FILL_AREA_STYLE_COLOUR('',#10620);
#11908 = CURVE_STYLE('',#11909,POSITIVE_LENGTH_MEASURE(0.1),#10620);
#11909 = DRAUGHTING_PRE_DEFINED_CURVE_FONT('continuous');
#11910 = OVER_RIDING_STYLED_ITEM('overriding color',(#11911),#3676,
  #11892);
#11911 = PRESENTATION_STYLE_ASSIGNMENT((#11912,#11917));
#11912 = SURFACE_STYLE_USAGE(.BOTH.,#11913);
#11913 = SURFACE_SIDE_STYLE('',(#11914));
#11914 = SURFACE_STYLE_FILL_AREA(#11915);
#11915 = FILL_AREA_STYLE('',(#11916));
#11916 = FILL_AREA_STYLE_COLOUR('',#10620);
#11917 = CURVE_STYLE('',#11918,POSITIVE_LENGTH_MEASURE(0.1),#10620);
#11918 = DRAUGHTING_PRE_DEFINED_CURVE_FONT('continuous');
#11919 = OVER_RIDING_STYLED_ITEM('overriding color',(#11920),#3687,
  #11892);
#11920 = PRESENTATION_STYLE_ASSIGNMENT((#11921,#11926));
#11921 = SURFACE_STYLE_USAGE(.BOTH.,#11922);
#11922 = SURFACE_SIDE_STYLE('',(#11923));
#11923 = SURFACE_STYLE_FILL_AREA(#11924);
#11924 = FILL_AREA_STYLE('',(#11925));
#11925 = FILL_AREA_STYLE_COLOUR('',#10620);
#11926 = CURVE_STYLE('',#11927,POSITIVE_LENGTH_MEASURE(0.1),#10620);
#11927 = DRAUGHTING_PRE_DEFINED_CURVE_FONT('continuous');
#11928 = OVER_RIDING_STYLED_ITEM('overriding color',(#11929),#3698,
  #11892);
#11929 = PRESENTATION_STYLE_ASSIGNMENT((#11930,#11935));
#11930 = SURFACE_STYLE_USAGE(.BOTH.,#11931);
#11931 = SURFACE_SIDE_STYLE('',(#11932));
#11932 = SURFACE_STYLE_FILL_AREA(#11933);
#11933 = FILL_AREA_STYLE('',(#11934));
#11934 = FILL_AREA_STYLE_COLOUR('',#10620);
#11935 = CURVE_STYLE('',#11936,POSITIVE_LENGTH_MEASURE(0.1),#10620);
#11936 = DRAUGHTING_PRE_DEFINED_CURVE_FONT('continuous');
#11937 = OVER_RIDING_STYLED_ITEM('overriding color',(#11938),#3709,
  #11892);
#11938 = PRESENTATION_STYLE_ASSIGNMENT((#11939,#11944));
#11939 = SURFACE_STYLE_USAGE(.BOTH.,#11940);
#11940 = SURFACE_SIDE_STYLE('',(#11941));
#11941 = SURFACE_STYLE_FILL_AREA(#11942);
#11942 = FILL_AREA_STYLE('',(#11943));
#11943 = FILL_AREA_STYLE_COLOUR('',#10620);
#11944 = CURVE_STYLE('',#11945,POSITIVE_LENGTH_MEASURE(0.1),#10620);
#11945 = DRAUGHTING_PRE_DEFINED_CURVE_FONT('continuous');
#11946 = OVER_RIDING_STYLED_ITEM('overriding color',(#11947),#3720,
  #11892);
#11947 = PRESENTATION_STYLE_ASSIGNMENT((#11948,#11953));
#11948 = SURFACE_STYLE_USAGE(.BOTH.,#11949);
#11949 = SURFACE_SIDE_STYLE('',(#11950));
#11950 = SURFACE_STYLE_FILL_AREA(#11951);
#11951 = FILL_AREA_STYLE('',(#11952));
#11952 = FILL_AREA_STYLE_COLOUR('',#10620);
#11953 = CURVE_STYLE('',#11954,POSITIVE_LENGTH_MEASURE(0.1),#10620);
#11954 = DRAUGHTING_PRE_DEFINED_CURVE_FONT('continuous');
#11955 = OVER_RIDING_STYLED_ITEM('overriding color',(#11956),#3731,
  #11892);
#11956 = PRESENTATION_STYLE_ASSIGNMENT((#11957,#11962));
#11957 = SURFACE_STYLE_USAGE(.BOTH.,#11958);
#11958 = SURFACE_SIDE_STYLE('',(#11959));
#11959 = SURFACE_STYLE_FILL_AREA(#11960);
#11960 = FILL_AREA_STYLE('',(#11961));
#11961 = FILL_AREA_STYLE_COLOUR('',#10620);
#11962 = CURVE_STYLE('',#11963,POSITIVE_LENGTH_MEASURE(0.1),#10620);
#11963 = DRAUGHTING_PRE_DEFINED_CURVE_FONT('continuous');
#11964 = OVER_RIDING_STYLED_ITEM('overriding color',(#11965),#3742,
  #11892);
#11965 = PRESENTATION_STYLE_ASSIGNMENT((#11966,#11971));
#11966 = SURFACE_STYLE_USAGE(.BOTH.,#11967);
#11967 = SURFACE_SIDE_STYLE('',(#11968));
#11968 = SURFACE_STYLE_FILL_AREA(#11969);
#11969 = FILL_AREA_STYLE('',(#11970));
#11970 = FILL_AREA_STYLE_COLOUR('',#10620);
#11971 = CURVE_STYLE('',#11972,POSITIVE_LENGTH_MEASURE(0.1),#10620);
#11972 = DRAUGHTING_PRE_DEFINED_CURVE_FONT('continuous');
#11973 = OVER_RIDING_STYLED_ITEM('overriding color',(#11974),#3753,
  #11892);
#11974 = PRESENTATION_STYLE_ASSIGNMENT((#11975,#11980));
#11975 = SURFACE_STYLE_USAGE(.BOTH.,#11976);
#11976 = SURFACE_SIDE_STYLE('',(#11977));
#11977 = SURFACE_STYLE_FILL_AREA(#11978);
#11978 = FILL_AREA_STYLE('',(#11979));
#11979 = FILL_AREA_STYLE_COLOUR('',#10620);
#11980 = CURVE_STYLE('',#11981,POSITIVE_LENGTH_MEASURE(0.1),#10620);
#11981 = DRAUGHTING_PRE_DEFINED_CURVE_FONT('continuous');
#11982 = STYLED_ITEM('color',(#11983),#3766);
#11983 = PRESENTATION_STYLE_ASSIGNMENT((#11984,#11989));
#11984 = SURFACE_STYLE_USAGE(.BOTH.,#11985);
#11985 = SURFACE_SIDE_STYLE('',(#11986));
#11986 = SURFACE_STYLE_FILL_AREA(#11987);
#11987 = FILL_AREA_STYLE('',(#11988));
#11988 = FILL_AREA_STYLE_COLOUR('',#10620);
#11989 = CURVE_STYLE('',#11990,POSITIVE_LENGTH_MEASURE(0.1),#10620);
#11990 = DRAUGHTING_PRE_DEFINED_CURVE_FONT('continuous');
#11991 = STYLED_ITEM('color',(#11992),#3791);
#11992 = PRESENTATION_STYLE_ASSIGNMENT((#11993,#11998));
#11993 = SURFACE_STYLE_USAGE(.BOTH.,#11994);
#11994 = SURFACE_SIDE_STYLE('',(#11995));
#11995 = SURFACE_STYLE_FILL_AREA(#11996);
#11996 = FILL_AREA_STYLE('',(#11997));
#11997 = FILL_AREA_STYLE_COLOUR('',#10620);
#11998 = CURVE_STYLE('',#11999,POSITIVE_LENGTH_MEASURE(0.1),#10620);
#11999 = DRAUGHTING_PRE_DEFINED_CURVE_FONT('continuous');
#12000 = STYLED_ITEM('color',(#12001),#3816);
#12001 = PRESENTATION_STYLE_ASSIGNMENT((#12002,#12007));
#12002 = SURFACE_STYLE_USAGE(.BOTH.,#12003);
#12003 = SURFACE_SIDE_STYLE('',(#12004));
#12004 = SURFACE_STYLE_FILL_AREA(#12005);
#12005 = FILL_AREA_STYLE('',(#12006));
#12006 = FILL_AREA_STYLE_COLOUR('',#10620);
#12007 = CURVE_STYLE('',#12008,POSITIVE_LENGTH_MEASURE(0.1),#10620);
#12008 = DRAUGHTING_PRE_DEFINED_CURVE_FONT('continuous');
#12009 = STYLED_ITEM('color',(#12010),#3841);
#12010 = PRESENTATION_STYLE_ASSIGNMENT((#12011,#12016));
#12011 = SURFACE_STYLE_USAGE(.BOTH.,#12012);
#12012 = SURFACE_SIDE_STYLE('',(#12013));
#12013 = SURFACE_STYLE_FILL_AREA(#12014);
#12014 = FILL_AREA_STYLE('',(#12015));
#12015 = FILL_AREA_STYLE_COLOUR('',#10620);
#12016 = CURVE_STYLE('',#12017,POSITIVE_LENGTH_MEASURE(0.1),#10620);
#12017 = DRAUGHTING_PRE_DEFINED_CURVE_FONT('continuous');
#12018 = STYLED_ITEM('color',(#12019),#3866);
#12019 = PRESENTATION_STYLE_ASSIGNMENT((#12020,#12025));
#12020 = SURFACE_STYLE_USAGE(.BOTH.,#12021);
#12021 = SURFACE_SIDE_STYLE('',(#12022));
#12022 = SURFACE_STYLE_FILL_AREA(#12023);
#12023 = FILL_AREA_STYLE('',(#12024));
#12024 = FILL_AREA_STYLE_COLOUR('',#10620);
#12025 = CURVE_STYLE('',#12026,POSITIVE_LENGTH_MEASURE(0.1),#10620);
#12026 = DRAUGHTING_PRE_DEFINED_CURVE_FONT('continuous');
#12027 = STYLED_ITEM('color',(#12028),#3891);
#12028 = PRESENTATION_STYLE_ASSIGNMENT((#12029,#12034));
#12029 = SURFACE_STYLE_USAGE(.BOTH.,#12030);
#12030 = SURFACE_SIDE_STYLE('',(#12031));
#12031 = SURFACE_STYLE_FILL_AREA(#12032);
#12032 = FILL_AREA_STYLE('',(#12033));
#12033 = FILL_AREA_STYLE_COLOUR('',#10620);
#12034 = CURVE_STYLE('',#12035,POSITIVE_LENGTH_MEASURE(0.1),#10620);
#12035 = DRAUGHTING_PRE_DEFINED_CURVE_FONT('continuous');
#12036 = STYLED_ITEM('color',(#12037),#3916);
#12037 = PRESENTATION_STYLE_ASSIGNMENT((#12038,#12043));
#12038 = SURFACE_STYLE_USAGE(.BOTH.,#12039);
#12039 = SURFACE_SIDE_STYLE('',(#12040));
#12040 = SURFACE_STYLE_FILL_AREA(#12041);
#12041 = FILL_AREA_STYLE('',(#12042));
#12042 = FILL_AREA_STYLE_COLOUR('',#10620);
#12043 = CURVE_STYLE('',#12044,POSITIVE_LENGTH_MEASURE(0.1),#10620);
#12044 = DRAUGHTING_PRE_DEFINED_CURVE_FONT('continuous');
#12045 = STYLED_ITEM('color',(#12046),#3941);
#12046 = PRESENTATION_STYLE_ASSIGNMENT((#12047,#12052));
#12047 = SURFACE_STYLE_USAGE(.BOTH.,#12048);
#12048 = SURFACE_SIDE_STYLE('',(#12049));
#12049 = SURFACE_STYLE_FILL_AREA(#12050);
#12050 = FILL_AREA_STYLE('',(#12051));
#12051 = FILL_AREA_STYLE_COLOUR('',#10620);
#12052 = CURVE_STYLE('',#12053,POSITIVE_LENGTH_MEASURE(0.1),#10620);
#12053 = DRAUGHTING_PRE_DEFINED_CURVE_FONT('continuous');
#12054 = STYLED_ITEM('color',(#12055),#3966);
#12055 = PRESENTATION_STYLE_ASSIGNMENT((#12056,#12061));
#12056 = SURFACE_STYLE_USAGE(.BOTH.,#12057);
#12057 = SURFACE_SIDE_STYLE('',(#12058));
#12058 = SURFACE_STYLE_FILL_AREA(#12059);
#12059 = FILL_AREA_STYLE('',(#12060));
#12060 = FILL_AREA_STYLE_COLOUR('',#10620);
#12061 = CURVE_STYLE('',#12062,POSITIVE_LENGTH_MEASURE(0.1),#10620);
#12062 = DRAUGHTING_PRE_DEFINED_CURVE_FONT('continuous');
#12063 = STYLED_ITEM('color',(#12064),#3991);
#12064 = PRESENTATION_STYLE_ASSIGNMENT((#12065,#12070));
#12065 = SURFACE_STYLE_USAGE(.BOTH.,#12066);
#12066 = SURFACE_SIDE_STYLE('',(#12067));
#12067 = SURFACE_STYLE_FILL_AREA(#12068);
#12068 = FILL_AREA_STYLE('',(#12069));
#12069 = FILL_AREA_STYLE_COLOUR('',#10620);
#12070 = CURVE_STYLE('',#12071,POSITIVE_LENGTH_MEASURE(0.1),#10620);
#12071 = DRAUGHTING_PRE_DEFINED_CURVE_FONT('continuous');
#12072 = STYLED_ITEM('color',(#12073),#4017);
#12073 = PRESENTATION_STYLE_ASSIGNMENT((#12074,#12079));
#12074 = SURFACE_STYLE_USAGE(.BOTH.,#12075);
#12075 = SURFACE_SIDE_STYLE('',(#12076));
#12076 = SURFACE_STYLE_FILL_AREA(#12077);
#12077 = FILL_AREA_STYLE('',(#12078));
#12078 = FILL_AREA_STYLE_COLOUR('',#10620);
#12079 = CURVE_STYLE('',#12080,POSITIVE_LENGTH_MEASURE(0.1),#10620);
#12080 = DRAUGHTING_PRE_DEFINED_CURVE_FONT('continuous');
#12081 = STYLED_ITEM('color',(#12082),#4043);
#12082 = PRESENTATION_STYLE_ASSIGNMENT((#12083,#12088));
#12083 = SURFACE_STYLE_USAGE(.BOTH.,#12084);
#12084 = SURFACE_SIDE_STYLE('',(#12085));
#12085 = SURFACE_STYLE_FILL_AREA(#12086);
#12086 = FILL_AREA_STYLE('',(#12087));
#12087 = FILL_AREA_STYLE_COLOUR('',#10620);
#12088 = CURVE_STYLE('',#12089,POSITIVE_LENGTH_MEASURE(0.1),#10620);
#12089 = DRAUGHTING_PRE_DEFINED_CURVE_FONT('continuous');
#12090 = STYLED_ITEM('color',(#12091),#4069);
#12091 = PRESENTATION_STYLE_ASSIGNMENT((#12092,#12097));
#12092 = SURFACE_STYLE_USAGE(.BOTH.,#12093);
#12093 = SURFACE_SIDE_STYLE('',(#12094));
#12094 = SURFACE_STYLE_FILL_AREA(#12095);
#12095 = FILL_AREA_STYLE('',(#12096));
#12096 = FILL_AREA_STYLE_COLOUR('',#10620);
#12097 = CURVE_STYLE('',#12098,POSITIVE_LENGTH_MEASURE(0.1),#10620);
#12098 = DRAUGHTING_PRE_DEFINED_CURVE_FONT('continuous');
#12099 = STYLED_ITEM('color',(#12100),#4095);
#12100 = PRESENTATION_STYLE_ASSIGNMENT((#12101,#12106));
#12101 = SURFACE_STYLE_USAGE(.BOTH.,#12102);
#12102 = SURFACE_SIDE_STYLE('',(#12103));
#12103 = SURFACE_STYLE_FILL_AREA(#12104);
#12104 = FILL_AREA_STYLE('',(#12105));
#12105 = FILL_AREA_STYLE_COLOUR('',#10620);
#12106 = CURVE_STYLE('',#12107,POSITIVE_LENGTH_MEASURE(0.1),#10620);
#12107 = DRAUGHTING_PRE_DEFINED_CURVE_FONT('continuous');
#12108 = STYLED_ITEM('color',(#12109),#4121);
#12109 = PRESENTATION_STYLE_ASSIGNMENT((#12110,#12115));
#12110 = SURFACE_STYLE_USAGE(.BOTH.,#12111);
#12111 = SURFACE_SIDE_STYLE('',(#12112));
#12112 = SURFACE_STYLE_FILL_AREA(#12113);
#12113 = FILL_AREA_STYLE('',(#12114));
#12114 = FILL_AREA_STYLE_COLOUR('',#10620);
#12115 = CURVE_STYLE('',#12116,POSITIVE_LENGTH_MEASURE(0.1),#10620);
#12116 = DRAUGHTING_PRE_DEFINED_CURVE_FONT('continuous');
#12117 = STYLED_ITEM('color',(#12118),#4147);
#12118 = PRESENTATION_STYLE_ASSIGNMENT((#12119,#12124));
#12119 = SURFACE_STYLE_USAGE(.BOTH.,#12120);
#12120 = SURFACE_SIDE_STYLE('',(#12121));
#12121 = SURFACE_STYLE_FILL_AREA(#12122);
#12122 = FILL_AREA_STYLE('',(#12123));
#12123 = FILL_AREA_STYLE_COLOUR('',#10620);
#12124 = CURVE_STYLE('',#12125,POSITIVE_LENGTH_MEASURE(0.1),#10620);
#12125 = DRAUGHTING_PRE_DEFINED_CURVE_FONT('continuous');
#12126 = STYLED_ITEM('color',(#12127),#4173);
#12127 = PRESENTATION_STYLE_ASSIGNMENT((#12128,#12133));
#12128 = SURFACE_STYLE_USAGE(.BOTH.,#12129);
#12129 = SURFACE_SIDE_STYLE('',(#12130));
#12130 = SURFACE_STYLE_FILL_AREA(#12131);
#12131 = FILL_AREA_STYLE('',(#12132));
#12132 = FILL_AREA_STYLE_COLOUR('',#10620);
#12133 = CURVE_STYLE('',#12134,POSITIVE_LENGTH_MEASURE(0.1),#10620);
#12134 = DRAUGHTING_PRE_DEFINED_CURVE_FONT('continuous');
#12135 = STYLED_ITEM('color',(#12136),#4199);
#12136 = PRESENTATION_STYLE_ASSIGNMENT((#12137,#12142));
#12137 = SURFACE_STYLE_USAGE(.BOTH.,#12138);
#12138 = SURFACE_SIDE_STYLE('',(#12139));
#12139 = SURFACE_STYLE_FILL_AREA(#12140);
#12140 = FILL_AREA_STYLE('',(#12141));
#12141 = FILL_AREA_STYLE_COLOUR('',#10620);
#12142 = CURVE_STYLE('',#12143,POSITIVE_LENGTH_MEASURE(0.1),#10620);
#12143 = DRAUGHTING_PRE_DEFINED_CURVE_FONT('continuous');
#12144 = STYLED_ITEM('color',(#12145),#4225);
#12145 = PRESENTATION_STYLE_ASSIGNMENT((#12146,#12151));
#12146 = SURFACE_STYLE_USAGE(.BOTH.,#12147);
#12147 = SURFACE_SIDE_STYLE('',(#12148));
#12148 = SURFACE_STYLE_FILL_AREA(#12149);
#12149 = FILL_AREA_STYLE('',(#12150));
#12150 = FILL_AREA_STYLE_COLOUR('',#10620);
#12151 = CURVE_STYLE('',#12152,POSITIVE_LENGTH_MEASURE(0.1),#10620);
#12152 = DRAUGHTING_PRE_DEFINED_CURVE_FONT('continuous');
#12153 = STYLED_ITEM('color',(#12154),#4234);
#12154 = PRESENTATION_STYLE_ASSIGNMENT((#12155,#12160));
#12155 = SURFACE_STYLE_USAGE(.BOTH.,#12156);
#12156 = SURFACE_SIDE_STYLE('',(#12157));
#12157 = SURFACE_STYLE_FILL_AREA(#12158);
#12158 = FILL_AREA_STYLE('',(#12159));
#12159 = FILL_AREA_STYLE_COLOUR('',#10620);
#12160 = CURVE_STYLE('',#12161,POSITIVE_LENGTH_MEASURE(0.1),#10620);
#12161 = DRAUGHTING_PRE_DEFINED_CURVE_FONT('continuous');
#12162 = STYLED_ITEM('color',(#12163),#4243);
#12163 = PRESENTATION_STYLE_ASSIGNMENT((#12164,#12169));
#12164 = SURFACE_STYLE_USAGE(.BOTH.,#12165);
#12165 = SURFACE_SIDE_STYLE('',(#12166));
#12166 = SURFACE_STYLE_FILL_AREA(#12167);
#12167 = FILL_AREA_STYLE('',(#12168));
#12168 = FILL_AREA_STYLE_COLOUR('',#10620);
#12169 = CURVE_STYLE('',#12170,POSITIVE_LENGTH_MEASURE(0.1),#10620);
#12170 = DRAUGHTING_PRE_DEFINED_CURVE_FONT('continuous');
#12171 = STYLED_ITEM('color',(#12172),#4252);
#12172 = PRESENTATION_STYLE_ASSIGNMENT((#12173,#12178));
#12173 = SURFACE_STYLE_USAGE(.BOTH.,#12174);
#12174 = SURFACE_SIDE_STYLE('',(#12175));
#12175 = SURFACE_STYLE_FILL_AREA(#12176);
#12176 = FILL_AREA_STYLE('',(#12177));
#12177 = FILL_AREA_STYLE_COLOUR('',#10620);
#12178 = CURVE_STYLE('',#12179,POSITIVE_LENGTH_MEASURE(0.1),#10620);
#12179 = DRAUGHTING_PRE_DEFINED_CURVE_FONT('continuous');
#12180 = STYLED_ITEM('color',(#12181),#4261);
#12181 = PRESENTATION_STYLE_ASSIGNMENT((#12182,#12187));
#12182 = SURFACE_STYLE_USAGE(.BOTH.,#12183);
#12183 = SURFACE_SIDE_STYLE('',(#12184));
#12184 = SURFACE_STYLE_FILL_AREA(#12185);
#12185 = FILL_AREA_STYLE('',(#12186));
#12186 = FILL_AREA_STYLE_COLOUR('',#10620);
#12187 = CURVE_STYLE('',#12188,POSITIVE_LENGTH_MEASURE(0.1),#10620);
#12188 = DRAUGHTING_PRE_DEFINED_CURVE_FONT('continuous');
#12189 = STYLED_ITEM('color',(#12190),#4270);
#12190 = PRESENTATION_STYLE_ASSIGNMENT((#12191,#12196));
#12191 = SURFACE_STYLE_USAGE(.BOTH.,#12192);
#12192 = SURFACE_SIDE_STYLE('',(#12193));
#12193 = SURFACE_STYLE_FILL_AREA(#12194);
#12194 = FILL_AREA_STYLE('',(#12195));
#12195 = FILL_AREA_STYLE_COLOUR('',#10620);
#12196 = CURVE_STYLE('',#12197,POSITIVE_LENGTH_MEASURE(0.1),#10620);
#12197 = DRAUGHTING_PRE_DEFINED_CURVE_FONT('continuous');
#12198 = STYLED_ITEM('color',(#12199),#4279);
#12199 = PRESENTATION_STYLE_ASSIGNMENT((#12200,#12205));
#12200 = SURFACE_STYLE_USAGE(.BOTH.,#12201);
#12201 = SURFACE_SIDE_STYLE('',(#12202));
#12202 = SURFACE_STYLE_FILL_AREA(#12203);
#12203 = FILL_AREA_STYLE('',(#12204));
#12204 = FILL_AREA_STYLE_COLOUR('',#10620);
#12205 = CURVE_STYLE('',#12206,POSITIVE_LENGTH_MEASURE(0.1),#10620);
#12206 = DRAUGHTING_PRE_DEFINED_CURVE_FONT('continuous');
#12207 = STYLED_ITEM('color',(#12208),#4288);
#12208 = PRESENTATION_STYLE_ASSIGNMENT((#12209,#12214));
#12209 = SURFACE_STYLE_USAGE(.BOTH.,#12210);
#12210 = SURFACE_SIDE_STYLE('',(#12211));
#12211 = SURFACE_STYLE_FILL_AREA(#12212);
#12212 = FILL_AREA_STYLE('',(#12213));
#12213 = FILL_AREA_STYLE_COLOUR('',#10620);
#12214 = CURVE_STYLE('',#12215,POSITIVE_LENGTH_MEASURE(0.1),#10620);
#12215 = DRAUGHTING_PRE_DEFINED_CURVE_FONT('continuous');
#12216 = STYLED_ITEM('color',(#12217),#4297);
#12217 = PRESENTATION_STYLE_ASSIGNMENT((#12218,#12223));
#12218 = SURFACE_STYLE_USAGE(.BOTH.,#12219);
#12219 = SURFACE_SIDE_STYLE('',(#12220));
#12220 = SURFACE_STYLE_FILL_AREA(#12221);
#12221 = FILL_AREA_STYLE('',(#12222));
#12222 = FILL_AREA_STYLE_COLOUR('',#10620);
#12223 = CURVE_STYLE('',#12224,POSITIVE_LENGTH_MEASURE(0.1),#10620);
#12224 = DRAUGHTING_PRE_DEFINED_CURVE_FONT('continuous');
ENDSEC;
END-ISO-10303-21;
