ISO-10303-21;
HEADER;
FILE_DESCRIPTION(('KiCad electronic assembly'),'2;1');
FILE_NAME('_autosave-ElectronicsPCB.step','2026-03-23T16:51:37',(
    'Pcbnew'),('Kicad'),'Open CASCADE STEP processor 7.8',
  'KiCad to STEP converter','Unknown');
FILE_SCHEMA(('AUTOMOTIVE_DESIGN { 1 0 10303 214 1 1 1 1 }'));
ENDSEC;
DATA;
#1 = APPLICATION_PROTOCOL_DEFINITION('international standard',
  'automotive_design',2000,#2);
#2 = APPLICATION_CONTEXT(
  'core data for automotive mechanical design processes');
#3 = SHAPE_DEFINITION_REPRESENTATION(#4,#10);
#4 = PRODUCT_DEFINITION_SHAPE('','',#5);
#5 = PRODUCT_DEFINITION('design','',#6,#9);
#6 = PRODUCT_DEFINITION_FORMATION('','',#7);
#7 = PRODUCT('_autosave-ElectronicsPCB 1','_autosave-ElectronicsPCB 1',
  '',(#8));
#8 = PRODUCT_CONTEXT('',#2,'mechanical');
#9 = PRODUCT_DEFINITION_CONTEXT('part definition',#2,'design');
#10 = SHAPE_REPRESENTATION('',(#11,#15,#19,#23,#27),#31);
#11 = AXIS2_PLACEMENT_3D('',#12,#13,#14);
#12 = CARTESIAN_POINT('',(0.,0.,0.));
#13 = DIRECTION('',(0.,0.,1.));
#14 = DIRECTION('',(1.,0.,-0.));
#15 = AXIS2_PLACEMENT_3D('',#16,#17,#18);
#16 = CARTESIAN_POINT('',(152.66,-103.865,1.595198));
#17 = DIRECTION('',(0.,-0.,1.));
#18 = DIRECTION('',(1.110223024625E-16,1.,0.));
#19 = AXIS2_PLACEMENT_3D('',#20,#21,#22);
#20 = CARTESIAN_POINT('',(111.,-44.7,1.595198));
#21 = DIRECTION('',(1.224646799147E-16,1.,1.110223024625E-16));
#22 = DIRECTION('',(-1.,1.224646799147E-16,0.));
#23 = AXIS2_PLACEMENT_3D('',#24,#25,#26);
#24 = CARTESIAN_POINT('',(155.25,-56.8,1.595198));
#25 = DIRECTION('',(1.,-1.110223024625E-16,1.110223024625E-16));
#26 = DIRECTION('',(1.110223024625E-16,1.,0.));
#27 = AXIS2_PLACEMENT_3D('',#28,#29,#30);
#28 = CARTESIAN_POINT('',(0.,0.,0.));
#29 = DIRECTION('',(0.,0.,1.));
#30 = DIRECTION('',(1.,0.,-0.));
#31 = ( GEOMETRIC_REPRESENTATION_CONTEXT(3) 
GLOBAL_UNCERTAINTY_ASSIGNED_CONTEXT((#35)) GLOBAL_UNIT_ASSIGNED_CONTEXT(
(#32,#33,#34)) REPRESENTATION_CONTEXT('Context #1',
  '3D Context with UNIT and UNCERTAINTY') );
#32 = ( LENGTH_UNIT() NAMED_UNIT(*) SI_UNIT(.MILLI.,.METRE.) );
#33 = ( NAMED_UNIT(*) PLANE_ANGLE_UNIT() SI_UNIT($,.RADIAN.) );
#34 = ( NAMED_UNIT(*) SI_UNIT($,.STERADIAN.) SOLID_ANGLE_UNIT() );
#35 = UNCERTAINTY_MEASURE_WITH_UNIT(LENGTH_MEASURE(1.E-07),#32,
  'distance_accuracy_value','confusion accuracy');
#36 = PRODUCT_RELATED_PRODUCT_CATEGORY('part',$,(#7));
#37 = SHAPE_DEFINITION_REPRESENTATION(#38,#44);
#38 = PRODUCT_DEFINITION_SHAPE('','',#39);
#39 = PRODUCT_DEFINITION('design','',#40,#43);
#40 = PRODUCT_DEFINITION_FORMATION('','',#41);
#41 = PRODUCT('DSUB-9_Socket_Vertical_P2.77x2.84mm_MountingHoles',
  'DSUB-9_Socket_Vertical_P2.77x2.84mm_MountingHoles','',(#42));
#42 = PRODUCT_CONTEXT('',#2,'mechanical');
#43 = PRODUCT_DEFINITION_CONTEXT('part definition',#2,'design');
#44 = ADVANCED_BREP_SHAPE_REPRESENTATION('',(#11,#45),#4314);
#45 = MANIFOLD_SOLID_BREP('',#46);
#46 = CLOSED_SHELL('',(#47,#87,#120,#151,#184,#305,#330,#354,#379,#529,
    #553,#585,#609,#633,#658,#683,#707,#731,#749,#774,#798,#816,#833,
    #850,#867,#884,#896,#921,#946,#971,#996,#1021,#1046,#1071,#1096,
    #1121,#1153,#1177,#1201,#1226,#1251,#1275,#1299,#1317,#1342,#1367,
    #1392,#1417,#1442,#1467,#1492,#1517,#1542,#1576,#1601,#1626,#1652,
    #1678,#1703,#1728,#1746,#1955,#2063,#2103,#2128,#2160,#2185,#2217,
    #2242,#2274,#2291,#2324,#2350,#2376,#2401,#2426,#2452,#2478,#2495,
    #2521,#2547,#2563,#2594,#2619,#2644,#2668,#2692,#2717,#2742,#2759,
    #2784,#2809,#2842,#2868,#2894,#2919,#2944,#2970,#2996,#3013,#3039,
    #3065,#3157,#3188,#3213,#3237,#3262,#3286,#3311,#3335,#3353,#3386,
    #3403,#3428,#3445,#3470,#3487,#3510,#3521,#3567,#3598,#3622,#3646,
    #3663,#3774,#3799,#3824,#3849,#3874,#3899,#3924,#3949,#3974,#3999,
    #4025,#4051,#4077,#4103,#4129,#4155,#4181,#4207,#4233,#4242,#4251,
    #4260,#4269,#4278,#4287,#4296,#4305));
#47 = ADVANCED_FACE('',(#48),#82,.T.);
#48 = FACE_BOUND('',#49,.T.);
#49 = EDGE_LOOP('',(#50,#60,#68,#76));
#50 = ORIENTED_EDGE('',*,*,#51,.F.);
#51 = EDGE_CURVE('',#52,#54,#56,.T.);
#52 = VERTEX_POINT('',#53);
#53 = CARTESIAN_POINT('',(-11.36882226504,-5.27,10.5));
#54 = VERTEX_POINT('',#55);
#55 = CARTESIAN_POINT('',(-11.36882226504,-5.27,10.7));
#56 = LINE('',#57,#58);
#57 = CARTESIAN_POINT('',(-11.36882226504,-5.27,4.8));
#58 = VECTOR('',#59,1.);
#59 = DIRECTION('',(0.,0.,1.));
#60 = ORIENTED_EDGE('',*,*,#61,.T.);
#61 = EDGE_CURVE('',#52,#62,#64,.T.);
#62 = VERTEX_POINT('',#63);
#63 = CARTESIAN_POINT('',(0.288822265043,-5.27,10.5));
#64 = LINE('',#65,#66);
#65 = CARTESIAN_POINT('',(-2.2075,-5.27,10.5));
#66 = VECTOR('',#67,1.);
#67 = DIRECTION('',(1.,0.,-0.));
#68 = ORIENTED_EDGE('',*,*,#69,.T.);
#69 = EDGE_CURVE('',#62,#70,#72,.T.);
#70 = VERTEX_POINT('',#71);
#71 = CARTESIAN_POINT('',(0.288822265043,-5.27,10.7));
#72 = LINE('',#73,#74);
#73 = CARTESIAN_POINT('',(0.288822265043,-5.27,4.8));
#74 = VECTOR('',#75,1.);
#75 = DIRECTION('',(0.,0.,1.));
#76 = ORIENTED_EDGE('',*,*,#77,.T.);
#77 = EDGE_CURVE('',#70,#54,#78,.T.);
#78 = LINE('',#79,#80);
#79 = CARTESIAN_POINT('',(0.288822265043,-5.27,10.7));
#80 = VECTOR('',#81,1.);
#81 = DIRECTION('',(-1.,0.,0.));
#82 = PLANE('',#83);
#83 = AXIS2_PLACEMENT_3D('',#84,#85,#86);
#84 = CARTESIAN_POINT('',(1.125,-5.27,4.8));
#85 = DIRECTION('',(0.,-1.,0.));
#86 = DIRECTION('',(-1.,0.,0.));
#87 = ADVANCED_FACE('',(#88),#115,.T.);
#88 = FACE_BOUND('',#89,.T.);
#89 = EDGE_LOOP('',(#90,#99,#107,#114));
#90 = ORIENTED_EDGE('',*,*,#91,.T.);
#91 = EDGE_CURVE('',#54,#92,#94,.T.);
#92 = VERTEX_POINT('',#93);
#93 = CARTESIAN_POINT('',(-12.35302786658,-4.447029189369,10.7));
#94 = CIRCLE('',#95,1.);
#95 = AXIS2_PLACEMENT_3D('',#96,#97,#98);
#96 = CARTESIAN_POINT('',(-11.36882226504,-4.27,10.7));
#97 = DIRECTION('',(-0.,-0.,-1.));
#98 = DIRECTION('',(0.,-1.,0.));
#99 = ORIENTED_EDGE('',*,*,#100,.F.);
#100 = EDGE_CURVE('',#101,#92,#103,.T.);
#101 = VERTEX_POINT('',#102);
#102 = CARTESIAN_POINT('',(-12.35302786658,-4.447029189369,10.5));
#103 = LINE('',#104,#105);
#104 = CARTESIAN_POINT('',(-12.35302786658,-4.447029189369,4.8));
#105 = VECTOR('',#106,1.);
#106 = DIRECTION('',(0.,0.,1.));
#107 = ORIENTED_EDGE('',*,*,#108,.T.);
#108 = EDGE_CURVE('',#101,#52,#109,.T.);
#109 = CIRCLE('',#110,1.);
#110 = AXIS2_PLACEMENT_3D('',#111,#112,#113);
#111 = CARTESIAN_POINT('',(-11.36882226504,-4.27,10.5));
#112 = DIRECTION('',(0.,0.,1.));
#113 = DIRECTION('',(0.,-1.,0.));
#114 = ORIENTED_EDGE('',*,*,#51,.T.);
#115 = CYLINDRICAL_SURFACE('',#116,1.);
#116 = AXIS2_PLACEMENT_3D('',#117,#118,#119);
#117 = CARTESIAN_POINT('',(-11.36882226504,-4.27,4.8));
#118 = DIRECTION('',(0.,0.,1.));
#119 = DIRECTION('',(0.,-1.,0.));
#120 = ADVANCED_FACE('',(#121),#146,.F.);
#121 = FACE_BOUND('',#122,.F.);
#122 = EDGE_LOOP('',(#123,#131,#132,#140));
#123 = ORIENTED_EDGE('',*,*,#124,.F.);
#124 = EDGE_CURVE('',#70,#125,#127,.T.);
#125 = VERTEX_POINT('',#126);
#126 = CARTESIAN_POINT('',(0.288822265043,-5.17,10.8));
#127 = LINE('',#128,#129);
#128 = CARTESIAN_POINT('',(0.288822265043,-5.22,10.75));
#129 = VECTOR('',#130,1.);
#130 = DIRECTION('',(0.,0.707106781187,0.707106781187));
#131 = ORIENTED_EDGE('',*,*,#77,.T.);
#132 = ORIENTED_EDGE('',*,*,#133,.T.);
#133 = EDGE_CURVE('',#54,#134,#136,.T.);
#134 = VERTEX_POINT('',#135);
#135 = CARTESIAN_POINT('',(-11.36882226504,-5.17,10.8));
#136 = LINE('',#137,#138);
#137 = CARTESIAN_POINT('',(-11.36882226504,-5.22,10.75));
#138 = VECTOR('',#139,1.);
#139 = DIRECTION('',(0.,0.707106781187,0.707106781187));
#140 = ORIENTED_EDGE('',*,*,#141,.F.);
#141 = EDGE_CURVE('',#125,#134,#142,.T.);
#142 = LINE('',#143,#144);
#143 = CARTESIAN_POINT('',(0.288822265043,-5.17,10.8));
#144 = VECTOR('',#145,1.);
#145 = DIRECTION('',(-1.,0.,0.));
#146 = PLANE('',#147);
#147 = AXIS2_PLACEMENT_3D('',#148,#149,#150);
#148 = CARTESIAN_POINT('',(0.288822265043,-5.22,10.75));
#149 = DIRECTION('',(0.,0.707106781187,-0.707106781187));
#150 = DIRECTION('',(-1.,0.,0.));
#151 = ADVANCED_FACE('',(#152),#179,.T.);
#152 = FACE_BOUND('',#153,.T.);
#153 = EDGE_LOOP('',(#154,#163,#164,#173));
#154 = ORIENTED_EDGE('',*,*,#155,.T.);
#155 = EDGE_CURVE('',#156,#70,#158,.T.);
#156 = VERTEX_POINT('',#157);
#157 = CARTESIAN_POINT('',(1.273027866588,-4.447029189369,10.7));
#158 = CIRCLE('',#159,1.);
#159 = AXIS2_PLACEMENT_3D('',#160,#161,#162);
#160 = CARTESIAN_POINT('',(0.288822265043,-4.27,10.7));
#161 = DIRECTION('',(0.,-0.,-1.));
#162 = DIRECTION('',(0.984205601544,-0.177029189369,0.));
#163 = ORIENTED_EDGE('',*,*,#69,.F.);
#164 = ORIENTED_EDGE('',*,*,#165,.T.);
#165 = EDGE_CURVE('',#62,#166,#168,.T.);
#166 = VERTEX_POINT('',#167);
#167 = CARTESIAN_POINT('',(1.273027866588,-4.447029189369,10.5));
#168 = CIRCLE('',#169,1.);
#169 = AXIS2_PLACEMENT_3D('',#170,#171,#172);
#170 = CARTESIAN_POINT('',(0.288822265043,-4.27,10.5));
#171 = DIRECTION('',(0.,0.,1.));
#172 = DIRECTION('',(0.984205601544,-0.177029189369,0.));
#173 = ORIENTED_EDGE('',*,*,#174,.T.);
#174 = EDGE_CURVE('',#166,#156,#175,.T.);
#175 = LINE('',#176,#177);
#176 = CARTESIAN_POINT('',(1.273027866588,-4.447029189369,4.8));
#177 = VECTOR('',#178,1.);
#178 = DIRECTION('',(0.,0.,1.));
#179 = CYLINDRICAL_SURFACE('',#180,1.);
#180 = AXIS2_PLACEMENT_3D('',#181,#182,#183);
#181 = CARTESIAN_POINT('',(0.288822265043,-4.27,4.8));
#182 = DIRECTION('',(0.,0.,1.));
#183 = DIRECTION('',(0.984205601544,-0.177029189369,0.));
#184 = ADVANCED_FACE('',(#185,#255),#300,.F.);
#185 = FACE_BOUND('',#186,.F.);
#186 = EDGE_LOOP('',(#187,#198,#206,#215,#223,#232,#240,#249));
#187 = ORIENTED_EDGE('',*,*,#188,.F.);
#188 = EDGE_CURVE('',#189,#191,#193,.T.);
#189 = VERTEX_POINT('',#190);
#190 = CARTESIAN_POINT('',(-12.49943192049,2.48,10.5));
#191 = VERTEX_POINT('',#192);
#192 = CARTESIAN_POINT('',(-13.43516053961,1.365951375003,10.5));
#193 = CIRCLE('',#194,0.95);
#194 = AXIS2_PLACEMENT_3D('',#195,#196,#197);
#195 = CARTESIAN_POINT('',(-12.49943192049,1.53,10.5));
#196 = DIRECTION('',(0.,-0.,1.));
#197 = DIRECTION('',(8.881784197001E-16,1.,0.));
#198 = ORIENTED_EDGE('',*,*,#199,.F.);
#199 = EDGE_CURVE('',#200,#189,#202,.T.);
#200 = VERTEX_POINT('',#201);
#201 = CARTESIAN_POINT('',(1.419431920499,2.48,10.5));
#202 = LINE('',#203,#204);
#203 = CARTESIAN_POINT('',(1.419431920499,2.48,10.5));
#204 = VECTOR('',#205,1.);
#205 = DIRECTION('',(-1.,-0.,-0.));
#206 = ORIENTED_EDGE('',*,*,#207,.F.);
#207 = EDGE_CURVE('',#208,#200,#210,.T.);
#208 = VERTEX_POINT('',#209);
#209 = CARTESIAN_POINT('',(2.355160539617,1.365951375003,10.5));
#210 = CIRCLE('',#211,0.95);
#211 = AXIS2_PLACEMENT_3D('',#212,#213,#214);
#212 = CARTESIAN_POINT('',(1.419431920499,1.53,10.5));
#213 = DIRECTION('',(-0.,0.,1.));
#214 = DIRECTION('',(0.984977493808,-0.172682763155,0.));
#215 = ORIENTED_EDGE('',*,*,#216,.F.);
#216 = EDGE_CURVE('',#217,#208,#219,.T.);
#217 = VERTEX_POINT('',#218);
#218 = CARTESIAN_POINT('',(1.32079345101,-4.534048624997,10.5));
#219 = LINE('',#220,#221);
#220 = CARTESIAN_POINT('',(1.32079345101,-4.534048624997,10.5));
#221 = VECTOR('',#222,1.);
#222 = DIRECTION('',(0.172682763155,0.984977493808,0.));
#223 = ORIENTED_EDGE('',*,*,#224,.F.);
#224 = EDGE_CURVE('',#225,#217,#227,.T.);
#225 = VERTEX_POINT('',#226);
#226 = CARTESIAN_POINT('',(0.385064831892,-5.32,10.5));
#227 = CIRCLE('',#228,0.95);
#228 = AXIS2_PLACEMENT_3D('',#229,#230,#231);
#229 = CARTESIAN_POINT('',(0.385064831892,-4.37,10.5));
#230 = DIRECTION('',(-0.,0.,1.));
#231 = DIRECTION('',(0.,-1.,0.));
#232 = ORIENTED_EDGE('',*,*,#233,.F.);
#233 = EDGE_CURVE('',#234,#225,#236,.T.);
#234 = VERTEX_POINT('',#235);
#235 = CARTESIAN_POINT('',(-11.46506483189,-5.32,10.5));
#236 = LINE('',#237,#238);
#237 = CARTESIAN_POINT('',(-11.46506483189,-5.32,10.5));
#238 = VECTOR('',#239,1.);
#239 = DIRECTION('',(1.,0.,0.));
#240 = ORIENTED_EDGE('',*,*,#241,.F.);
#241 = EDGE_CURVE('',#242,#234,#244,.T.);
#242 = VERTEX_POINT('',#243);
#243 = CARTESIAN_POINT('',(-12.40079345101,-4.534048624997,10.5));
#244 = CIRCLE('',#245,0.95);
#245 = AXIS2_PLACEMENT_3D('',#246,#247,#248);
#246 = CARTESIAN_POINT('',(-11.46506483189,-4.37,10.5));
#247 = DIRECTION('',(0.,0.,1.));
#248 = DIRECTION('',(-0.984977493808,-0.172682763155,0.));
#249 = ORIENTED_EDGE('',*,*,#250,.F.);
#250 = EDGE_CURVE('',#191,#242,#251,.T.);
#251 = LINE('',#252,#253);
#252 = CARTESIAN_POINT('',(-13.43516053961,1.365951375003,10.5));
#253 = VECTOR('',#254,1.);
#254 = DIRECTION('',(0.172682763155,-0.984977493808,0.));
#255 = FACE_BOUND('',#256,.F.);
#256 = EDGE_LOOP('',(#257,#258,#259,#260,#268,#277,#285,#294));
#257 = ORIENTED_EDGE('',*,*,#108,.T.);
#258 = ORIENTED_EDGE('',*,*,#61,.T.);
#259 = ORIENTED_EDGE('',*,*,#165,.T.);
#260 = ORIENTED_EDGE('',*,*,#261,.T.);
#261 = EDGE_CURVE('',#166,#262,#264,.T.);
#262 = VERTEX_POINT('',#263);
#263 = CARTESIAN_POINT('',(2.298287606847,1.252970810631,10.5));
#264 = LINE('',#265,#266);
#265 = CARTESIAN_POINT('',(2.069240141315,-2.043387139185E-02,10.5));
#266 = VECTOR('',#267,1.);
#267 = DIRECTION('',(0.177029189369,0.984205601544,-0.));
#268 = ORIENTED_EDGE('',*,*,#269,.T.);
#269 = EDGE_CURVE('',#262,#270,#272,.T.);
#270 = VERTEX_POINT('',#271);
#271 = CARTESIAN_POINT('',(1.314082005303,2.43,10.5));
#272 = CIRCLE('',#273,1.);
#273 = AXIS2_PLACEMENT_3D('',#274,#275,#276);
#274 = CARTESIAN_POINT('',(1.314082005303,1.43,10.5));
#275 = DIRECTION('',(0.,-0.,1.));
#276 = DIRECTION('',(0.,1.,0.));
#277 = ORIENTED_EDGE('',*,*,#278,.T.);
#278 = EDGE_CURVE('',#270,#279,#281,.T.);
#279 = VERTEX_POINT('',#280);
#280 = CARTESIAN_POINT('',(-12.3940820053,2.43,10.5));
#281 = LINE('',#282,#283);
#282 = CARTESIAN_POINT('',(-9.565,2.43,10.5));
#283 = VECTOR('',#284,1.);
#284 = DIRECTION('',(-1.,0.,0.));
#285 = ORIENTED_EDGE('',*,*,#286,.T.);
#286 = EDGE_CURVE('',#279,#287,#289,.T.);
#287 = VERTEX_POINT('',#288);
#288 = CARTESIAN_POINT('',(-13.37828760684,1.252970810631,10.5));
#289 = CIRCLE('',#290,1.);
#290 = AXIS2_PLACEMENT_3D('',#291,#292,#293);
#291 = CARTESIAN_POINT('',(-12.3940820053,1.43,10.5));
#292 = DIRECTION('',(0.,-0.,1.));
#293 = DIRECTION('',(0.,1.,0.));
#294 = ORIENTED_EDGE('',*,*,#295,.T.);
#295 = EDGE_CURVE('',#287,#101,#296,.T.);
#296 = LINE('',#297,#298);
#297 = CARTESIAN_POINT('',(-12.45674014131,-3.870433871392,10.5));
#298 = VECTOR('',#299,1.);
#299 = DIRECTION('',(0.177029189369,-0.984205601544,0.));
#300 = PLANE('',#301);
#301 = AXIS2_PLACEMENT_3D('',#302,#303,#304);
#302 = CARTESIAN_POINT('',(-5.54,-1.181472263376,10.5));
#303 = DIRECTION('',(-0.,-0.,-1.));
#304 = DIRECTION('',(-1.,0.,0.));
#305 = ADVANCED_FACE('',(#306),#325,.T.);
#306 = FACE_BOUND('',#307,.T.);
#307 = EDGE_LOOP('',(#308,#317,#323,#324));
#308 = ORIENTED_EDGE('',*,*,#309,.T.);
#309 = EDGE_CURVE('',#134,#310,#312,.T.);
#310 = VERTEX_POINT('',#311);
#311 = CARTESIAN_POINT('',(-12.25460730643,-4.429326270432,10.8));
#312 = CIRCLE('',#313,0.9);
#313 = AXIS2_PLACEMENT_3D('',#314,#315,#316);
#314 = CARTESIAN_POINT('',(-11.36882226504,-4.27,10.8));
#315 = DIRECTION('',(-0.,-0.,-1.));
#316 = DIRECTION('',(0.,-1.,0.));
#317 = ORIENTED_EDGE('',*,*,#318,.F.);
#318 = EDGE_CURVE('',#92,#310,#319,.T.);
#319 = LINE('',#320,#321);
#320 = CARTESIAN_POINT('',(-12.35302786658,-4.447029189369,10.7));
#321 = VECTOR('',#322,1.);
#322 = DIRECTION('',(0.695938454934,0.125178540271,0.707106781187));
#323 = ORIENTED_EDGE('',*,*,#91,.F.);
#324 = ORIENTED_EDGE('',*,*,#133,.T.);
#325 = CONICAL_SURFACE('',#326,1.,0.785398163397);
#326 = AXIS2_PLACEMENT_3D('',#327,#328,#329);
#327 = CARTESIAN_POINT('',(-11.36882226504,-4.27,10.7));
#328 = DIRECTION('',(0.,0.,-1.));
#329 = DIRECTION('',(0.,-1.,0.));
#330 = ADVANCED_FACE('',(#331),#349,.T.);
#331 = FACE_BOUND('',#332,.T.);
#332 = EDGE_LOOP('',(#333,#334,#335,#343));
#333 = ORIENTED_EDGE('',*,*,#295,.T.);
#334 = ORIENTED_EDGE('',*,*,#100,.T.);
#335 = ORIENTED_EDGE('',*,*,#336,.T.);
#336 = EDGE_CURVE('',#92,#337,#339,.T.);
#337 = VERTEX_POINT('',#338);
#338 = CARTESIAN_POINT('',(-13.37828760684,1.252970810631,10.7));
#339 = LINE('',#340,#341);
#340 = CARTESIAN_POINT('',(-12.35302786658,-4.447029189369,10.7));
#341 = VECTOR('',#342,1.);
#342 = DIRECTION('',(-0.177029189369,0.984205601544,0.));
#343 = ORIENTED_EDGE('',*,*,#344,.F.);
#344 = EDGE_CURVE('',#287,#337,#345,.T.);
#345 = LINE('',#346,#347);
#346 = CARTESIAN_POINT('',(-13.37828760684,1.252970810631,4.8));
#347 = VECTOR('',#348,1.);
#348 = DIRECTION('',(0.,0.,1.));
#349 = PLANE('',#350);
#350 = AXIS2_PLACEMENT_3D('',#351,#352,#353);
#351 = CARTESIAN_POINT('',(-12.205,-5.27,4.8));
#352 = DIRECTION('',(-0.984205601544,-0.177029189369,0.));
#353 = DIRECTION('',(-0.177029189369,0.984205601544,0.));
#354 = ADVANCED_FACE('',(#355),#374,.T.);
#355 = FACE_BOUND('',#356,.T.);
#356 = EDGE_LOOP('',(#357,#366,#367,#368));
#357 = ORIENTED_EDGE('',*,*,#358,.T.);
#358 = EDGE_CURVE('',#359,#125,#361,.T.);
#359 = VERTEX_POINT('',#360);
#360 = CARTESIAN_POINT('',(1.174607306433,-4.429326270432,10.8));
#361 = CIRCLE('',#362,0.9);
#362 = AXIS2_PLACEMENT_3D('',#363,#364,#365);
#363 = CARTESIAN_POINT('',(0.288822265043,-4.27,10.8));
#364 = DIRECTION('',(0.,-0.,-1.));
#365 = DIRECTION('',(0.984205601544,-0.177029189369,0.));
#366 = ORIENTED_EDGE('',*,*,#124,.F.);
#367 = ORIENTED_EDGE('',*,*,#155,.F.);
#368 = ORIENTED_EDGE('',*,*,#369,.T.);
#369 = EDGE_CURVE('',#156,#359,#370,.T.);
#370 = LINE('',#371,#372);
#371 = CARTESIAN_POINT('',(1.22381758651,-4.4381777299,10.75));
#372 = VECTOR('',#373,1.);
#373 = DIRECTION('',(-0.695938454934,0.125178540271,0.707106781187));
#374 = CONICAL_SURFACE('',#375,1.,0.785398163397);
#375 = AXIS2_PLACEMENT_3D('',#376,#377,#378);
#376 = CARTESIAN_POINT('',(0.288822265043,-4.27,10.7));
#377 = DIRECTION('',(0.,0.,-1.));
#378 = DIRECTION('',(0.984205601544,-0.177029189369,0.));
#379 = ADVANCED_FACE('',(#380,#425,#436,#447,#458,#469,#480,#491,#502,
    #513),#524,.F.);
#380 = FACE_BOUND('',#381,.F.);
#381 = EDGE_LOOP('',(#382,#383,#384,#392,#401,#409,#418,#424));
#382 = ORIENTED_EDGE('',*,*,#141,.T.);
#383 = ORIENTED_EDGE('',*,*,#309,.T.);
#384 = ORIENTED_EDGE('',*,*,#385,.T.);
#385 = EDGE_CURVE('',#310,#386,#388,.T.);
#386 = VERTEX_POINT('',#387);
#387 = CARTESIAN_POINT('',(-13.27986704669,1.270673729568,10.8));
#388 = LINE('',#389,#390);
#389 = CARTESIAN_POINT('',(-12.25460730643,-4.429326270432,10.8));
#390 = VECTOR('',#391,1.);
#391 = DIRECTION('',(-0.177029189369,0.984205601544,0.));
#392 = ORIENTED_EDGE('',*,*,#393,.T.);
#393 = EDGE_CURVE('',#386,#394,#396,.T.);
#394 = VERTEX_POINT('',#395);
#395 = CARTESIAN_POINT('',(-12.3940820053,2.33,10.8));
#396 = CIRCLE('',#397,0.9);
#397 = AXIS2_PLACEMENT_3D('',#398,#399,#400);
#398 = CARTESIAN_POINT('',(-12.3940820053,1.43,10.8));
#399 = DIRECTION('',(-0.,0.,-1.));
#400 = DIRECTION('',(-0.984205601544,-0.177029189369,0.));
#401 = ORIENTED_EDGE('',*,*,#402,.T.);
#402 = EDGE_CURVE('',#394,#403,#405,.T.);
#403 = VERTEX_POINT('',#404);
#404 = CARTESIAN_POINT('',(1.314082005303,2.33,10.8));
#405 = LINE('',#406,#407);
#406 = CARTESIAN_POINT('',(-12.3940820053,2.33,10.8));
#407 = VECTOR('',#408,1.);
#408 = DIRECTION('',(1.,0.,0.));
#409 = ORIENTED_EDGE('',*,*,#410,.T.);
#410 = EDGE_CURVE('',#403,#411,#413,.T.);
#411 = VERTEX_POINT('',#412);
#412 = CARTESIAN_POINT('',(2.199867046693,1.270673729568,10.8));
#413 = CIRCLE('',#414,0.9);
#414 = AXIS2_PLACEMENT_3D('',#415,#416,#417);
#415 = CARTESIAN_POINT('',(1.314082005303,1.43,10.8));
#416 = DIRECTION('',(0.,0.,-1.));
#417 = DIRECTION('',(0.,1.,0.));
#418 = ORIENTED_EDGE('',*,*,#419,.T.);
#419 = EDGE_CURVE('',#411,#359,#420,.T.);
#420 = LINE('',#421,#422);
#421 = CARTESIAN_POINT('',(2.199867046693,1.270673729568,10.8));
#422 = VECTOR('',#423,1.);
#423 = DIRECTION('',(-0.177029189369,-0.984205601544,0.));
#424 = ORIENTED_EDGE('',*,*,#358,.T.);
#425 = FACE_BOUND('',#426,.F.);
#426 = EDGE_LOOP('',(#427));
#427 = ORIENTED_EDGE('',*,*,#428,.F.);
#428 = EDGE_CURVE('',#429,#429,#431,.T.);
#429 = VERTEX_POINT('',#430);
#430 = CARTESIAN_POINT('',(-0.858333333333,-3.15,10.8));
#431 = CIRCLE('',#432,0.526666666667);
#432 = AXIS2_PLACEMENT_3D('',#433,#434,#435);
#433 = CARTESIAN_POINT('',(-1.385,-3.15,10.8));
#434 = DIRECTION('',(0.,0.,-1.));
#435 = DIRECTION('',(1.,0.,0.));
#436 = FACE_BOUND('',#437,.F.);
#437 = EDGE_LOOP('',(#438));
#438 = ORIENTED_EDGE('',*,*,#439,.F.);
#439 = EDGE_CURVE('',#440,#440,#442,.T.);
#440 = VERTEX_POINT('',#441);
#441 = CARTESIAN_POINT('',(-3.628333333333,-3.15,10.8));
#442 = CIRCLE('',#443,0.526666666667);
#443 = AXIS2_PLACEMENT_3D('',#444,#445,#446);
#444 = CARTESIAN_POINT('',(-4.155,-3.15,10.8));
#445 = DIRECTION('',(0.,0.,-1.));
#446 = DIRECTION('',(1.,0.,0.));
#447 = FACE_BOUND('',#448,.F.);
#448 = EDGE_LOOP('',(#449));
#449 = ORIENTED_EDGE('',*,*,#450,.F.);
#450 = EDGE_CURVE('',#451,#451,#453,.T.);
#451 = VERTEX_POINT('',#452);
#452 = CARTESIAN_POINT('',(-6.398333333333,-3.15,10.8));
#453 = CIRCLE('',#454,0.526666666667);
#454 = AXIS2_PLACEMENT_3D('',#455,#456,#457);
#455 = CARTESIAN_POINT('',(-6.925,-3.15,10.8));
#456 = DIRECTION('',(0.,0.,-1.));
#457 = DIRECTION('',(1.,0.,0.));
#458 = FACE_BOUND('',#459,.F.);
#459 = EDGE_LOOP('',(#460));
#460 = ORIENTED_EDGE('',*,*,#461,.F.);
#461 = EDGE_CURVE('',#462,#462,#464,.T.);
#462 = VERTEX_POINT('',#463);
#463 = CARTESIAN_POINT('',(-9.168333333333,-3.15,10.8));
#464 = CIRCLE('',#465,0.526666666667);
#465 = AXIS2_PLACEMENT_3D('',#466,#467,#468);
#466 = CARTESIAN_POINT('',(-9.695,-3.15,10.8));
#467 = DIRECTION('',(0.,0.,-1.));
#468 = DIRECTION('',(1.,0.,0.));
#469 = FACE_BOUND('',#470,.F.);
#470 = EDGE_LOOP('',(#471));
#471 = ORIENTED_EDGE('',*,*,#472,.F.);
#472 = EDGE_CURVE('',#473,#473,#475,.T.);
#473 = VERTEX_POINT('',#474);
#474 = CARTESIAN_POINT('',(0.526666666667,-0.31,10.8));
#475 = CIRCLE('',#476,0.526666666667);
#476 = AXIS2_PLACEMENT_3D('',#477,#478,#479);
#477 = CARTESIAN_POINT('',(0.,-0.31,10.8));
#478 = DIRECTION('',(0.,0.,-1.));
#479 = DIRECTION('',(1.,0.,0.));
#480 = FACE_BOUND('',#481,.F.);
#481 = EDGE_LOOP('',(#482));
#482 = ORIENTED_EDGE('',*,*,#483,.F.);
#483 = EDGE_CURVE('',#484,#484,#486,.T.);
#484 = VERTEX_POINT('',#485);
#485 = CARTESIAN_POINT('',(-2.243333333333,-0.31,10.8));
#486 = CIRCLE('',#487,0.526666666667);
#487 = AXIS2_PLACEMENT_3D('',#488,#489,#490);
#488 = CARTESIAN_POINT('',(-2.77,-0.31,10.8));
#489 = DIRECTION('',(0.,0.,-1.));
#490 = DIRECTION('',(1.,0.,0.));
#491 = FACE_BOUND('',#492,.F.);
#492 = EDGE_LOOP('',(#493));
#493 = ORIENTED_EDGE('',*,*,#494,.F.);
#494 = EDGE_CURVE('',#495,#495,#497,.T.);
#495 = VERTEX_POINT('',#496);
#496 = CARTESIAN_POINT('',(-5.013333333333,-0.31,10.8));
#497 = CIRCLE('',#498,0.526666666667);
#498 = AXIS2_PLACEMENT_3D('',#499,#500,#501);
#499 = CARTESIAN_POINT('',(-5.54,-0.31,10.8));
#500 = DIRECTION('',(0.,0.,-1.));
#501 = DIRECTION('',(1.,0.,0.));
#502 = FACE_BOUND('',#503,.F.);
#503 = EDGE_LOOP('',(#504));
#504 = ORIENTED_EDGE('',*,*,#505,.F.);
#505 = EDGE_CURVE('',#506,#506,#508,.T.);
#506 = VERTEX_POINT('',#507);
#507 = CARTESIAN_POINT('',(-7.783333333333,-0.31,10.8));
#508 = CIRCLE('',#509,0.526666666667);
#509 = AXIS2_PLACEMENT_3D('',#510,#511,#512);
#510 = CARTESIAN_POINT('',(-8.31,-0.31,10.8));
#511 = DIRECTION('',(0.,0.,-1.));
#512 = DIRECTION('',(1.,0.,0.));
#513 = FACE_BOUND('',#514,.F.);
#514 = EDGE_LOOP('',(#515));
#515 = ORIENTED_EDGE('',*,*,#516,.F.);
#516 = EDGE_CURVE('',#517,#517,#519,.T.);
#517 = VERTEX_POINT('',#518);
#518 = CARTESIAN_POINT('',(-10.55333333333,-0.31,10.8));
#519 = CIRCLE('',#520,0.526666666667);
#520 = AXIS2_PLACEMENT_3D('',#521,#522,#523);
#521 = CARTESIAN_POINT('',(-11.08,-0.31,10.8));
#522 = DIRECTION('',(0.,0.,-1.));
#523 = DIRECTION('',(1.,0.,0.));
#524 = PLANE('',#525);
#525 = AXIS2_PLACEMENT_3D('',#526,#527,#528);
#526 = CARTESIAN_POINT('',(-5.54,-1.183416652393,10.8));
#527 = DIRECTION('',(-0.,-0.,-1.));
#528 = DIRECTION('',(-1.,0.,0.));
#529 = ADVANCED_FACE('',(#530),#548,.T.);
#530 = FACE_BOUND('',#531,.T.);
#531 = EDGE_LOOP('',(#532,#533,#534,#542));
#532 = ORIENTED_EDGE('',*,*,#174,.F.);
#533 = ORIENTED_EDGE('',*,*,#261,.T.);
#534 = ORIENTED_EDGE('',*,*,#535,.T.);
#535 = EDGE_CURVE('',#262,#536,#538,.T.);
#536 = VERTEX_POINT('',#537);
#537 = CARTESIAN_POINT('',(2.298287606847,1.252970810631,10.7));
#538 = LINE('',#539,#540);
#539 = CARTESIAN_POINT('',(2.298287606847,1.252970810631,4.8));
#540 = VECTOR('',#541,1.);
#541 = DIRECTION('',(0.,0.,1.));
#542 = ORIENTED_EDGE('',*,*,#543,.T.);
#543 = EDGE_CURVE('',#536,#156,#544,.T.);
#544 = LINE('',#545,#546);
#545 = CARTESIAN_POINT('',(2.298287606847,1.252970810631,10.7));
#546 = VECTOR('',#547,1.);
#547 = DIRECTION('',(-0.177029189369,-0.984205601544,0.));
#548 = PLANE('',#549);
#549 = AXIS2_PLACEMENT_3D('',#550,#551,#552);
#550 = CARTESIAN_POINT('',(2.51,2.43,4.8));
#551 = DIRECTION('',(0.984205601544,-0.177029189369,0.));
#552 = DIRECTION('',(-0.177029189369,-0.984205601544,0.));
#553 = ADVANCED_FACE('',(#554),#580,.T.);
#554 = FACE_BOUND('',#555,.T.);
#555 = EDGE_LOOP('',(#556,#564,#573,#579));
#556 = ORIENTED_EDGE('',*,*,#557,.F.);
#557 = EDGE_CURVE('',#558,#189,#560,.T.);
#558 = VERTEX_POINT('',#559);
#559 = CARTESIAN_POINT('',(-12.49943192049,2.53,10.45));
#560 = LINE('',#561,#562);
#561 = CARTESIAN_POINT('',(-12.49943192049,2.53,10.45));
#562 = VECTOR('',#563,1.);
#563 = DIRECTION('',(-3.140184917366E-16,-0.707106781187,0.707106781187)
  );
#564 = ORIENTED_EDGE('',*,*,#565,.T.);
#565 = EDGE_CURVE('',#558,#566,#568,.T.);
#566 = VERTEX_POINT('',#567);
#567 = CARTESIAN_POINT('',(-13.4844094143,1.357317236845,10.45));
#568 = CIRCLE('',#569,1.);
#569 = AXIS2_PLACEMENT_3D('',#570,#571,#572);
#570 = CARTESIAN_POINT('',(-12.49943192049,1.53,10.45));
#571 = DIRECTION('',(0.,-0.,1.));
#572 = DIRECTION('',(8.881784197001E-16,1.,0.));
#573 = ORIENTED_EDGE('',*,*,#574,.T.);
#574 = EDGE_CURVE('',#566,#191,#575,.T.);
#575 = LINE('',#576,#577);
#576 = CARTESIAN_POINT('',(-13.4844094143,1.357317236845,10.45));
#577 = VECTOR('',#578,1.);
#578 = DIRECTION('',(0.696484265188,0.122105152821,0.707106781187));
#579 = ORIENTED_EDGE('',*,*,#188,.F.);
#580 = CONICAL_SURFACE('',#581,1.,0.785398163397);
#581 = AXIS2_PLACEMENT_3D('',#582,#583,#584);
#582 = CARTESIAN_POINT('',(-12.49943192049,1.53,10.45));
#583 = DIRECTION('',(0.,0.,-1.));
#584 = DIRECTION('',(8.881784197001E-16,1.,0.));
#585 = ADVANCED_FACE('',(#586),#604,.F.);
#586 = FACE_BOUND('',#587,.T.);
#587 = EDGE_LOOP('',(#588,#596,#602,#603));
#588 = ORIENTED_EDGE('',*,*,#589,.F.);
#589 = EDGE_CURVE('',#590,#200,#592,.T.);
#590 = VERTEX_POINT('',#591);
#591 = CARTESIAN_POINT('',(1.419431920499,2.53,10.45));
#592 = LINE('',#593,#594);
#593 = CARTESIAN_POINT('',(1.419431920499,2.53,10.45));
#594 = VECTOR('',#595,1.);
#595 = DIRECTION('',(1.38777878078E-17,-0.707106781187,0.707106781187));
#596 = ORIENTED_EDGE('',*,*,#597,.T.);
#597 = EDGE_CURVE('',#590,#558,#598,.T.);
#598 = LINE('',#599,#600);
#599 = CARTESIAN_POINT('',(1.419431920499,2.53,10.45));
#600 = VECTOR('',#601,1.);
#601 = DIRECTION('',(-1.,-0.,-0.));
#602 = ORIENTED_EDGE('',*,*,#557,.T.);
#603 = ORIENTED_EDGE('',*,*,#199,.F.);
#604 = PLANE('',#605);
#605 = AXIS2_PLACEMENT_3D('',#606,#607,#608);
#606 = CARTESIAN_POINT('',(1.419431920499,2.505,10.475));
#607 = DIRECTION('',(0.,-0.707106781187,-0.707106781187));
#608 = DIRECTION('',(1.,0.,0.));
#609 = ADVANCED_FACE('',(#610),#628,.F.);
#610 = FACE_BOUND('',#611,.T.);
#611 = EDGE_LOOP('',(#612,#613,#621,#627));
#612 = ORIENTED_EDGE('',*,*,#574,.F.);
#613 = ORIENTED_EDGE('',*,*,#614,.T.);
#614 = EDGE_CURVE('',#566,#615,#617,.T.);
#615 = VERTEX_POINT('',#616);
#616 = CARTESIAN_POINT('',(-12.4500423257,-4.542682763155,10.45));
#617 = LINE('',#618,#619);
#618 = CARTESIAN_POINT('',(-13.4844094143,1.357317236845,10.45));
#619 = VECTOR('',#620,1.);
#620 = DIRECTION('',(0.172682763155,-0.984977493808,0.));
#621 = ORIENTED_EDGE('',*,*,#622,.T.);
#622 = EDGE_CURVE('',#615,#242,#623,.T.);
#623 = LINE('',#624,#625);
#624 = CARTESIAN_POINT('',(-12.42541788835,-4.538365694076,10.475));
#625 = VECTOR('',#626,1.);
#626 = DIRECTION('',(0.696484265188,0.122105152821,0.707106781187));
#627 = ORIENTED_EDGE('',*,*,#250,.F.);
#628 = PLANE('',#629);
#629 = AXIS2_PLACEMENT_3D('',#630,#631,#632);
#630 = CARTESIAN_POINT('',(-13.45978497696,1.361634305924,10.475));
#631 = DIRECTION('',(0.696484265188,0.122105152821,-0.707106781187));
#632 = DIRECTION('',(-0.172682763155,0.984977493808,1.96822456172E-14));
#633 = ADVANCED_FACE('',(#634),#653,.T.);
#634 = FACE_BOUND('',#635,.T.);
#635 = EDGE_LOOP('',(#636,#644,#651,#652));
#636 = ORIENTED_EDGE('',*,*,#637,.F.);
#637 = EDGE_CURVE('',#638,#208,#640,.T.);
#638 = VERTEX_POINT('',#639);
#639 = CARTESIAN_POINT('',(2.404409414308,1.357317236845,10.45));
#640 = LINE('',#641,#642);
#641 = CARTESIAN_POINT('',(2.379784976962,1.361634305924,10.475));
#642 = VECTOR('',#643,1.);
#643 = DIRECTION('',(-0.696484265188,0.122105152821,0.707106781187));
#644 = ORIENTED_EDGE('',*,*,#645,.T.);
#645 = EDGE_CURVE('',#638,#590,#646,.T.);
#646 = CIRCLE('',#647,1.);
#647 = AXIS2_PLACEMENT_3D('',#648,#649,#650);
#648 = CARTESIAN_POINT('',(1.419431920499,1.53,10.45));
#649 = DIRECTION('',(-0.,0.,1.));
#650 = DIRECTION('',(0.984977493808,-0.172682763155,0.));
#651 = ORIENTED_EDGE('',*,*,#589,.T.);
#652 = ORIENTED_EDGE('',*,*,#207,.F.);
#653 = CONICAL_SURFACE('',#654,1.,0.785398163397);
#654 = AXIS2_PLACEMENT_3D('',#655,#656,#657);
#655 = CARTESIAN_POINT('',(1.419431920499,1.53,10.45));
#656 = DIRECTION('',(0.,0.,-1.));
#657 = DIRECTION('',(0.984977493808,-0.172682763155,0.));
#658 = ADVANCED_FACE('',(#659),#678,.T.);
#659 = FACE_BOUND('',#660,.T.);
#660 = EDGE_LOOP('',(#661,#662,#671,#677));
#661 = ORIENTED_EDGE('',*,*,#622,.F.);
#662 = ORIENTED_EDGE('',*,*,#663,.T.);
#663 = EDGE_CURVE('',#615,#664,#666,.T.);
#664 = VERTEX_POINT('',#665);
#665 = CARTESIAN_POINT('',(-11.46506483189,-5.37,10.45));
#666 = CIRCLE('',#667,1.);
#667 = AXIS2_PLACEMENT_3D('',#668,#669,#670);
#668 = CARTESIAN_POINT('',(-11.46506483189,-4.37,10.45));
#669 = DIRECTION('',(0.,0.,1.));
#670 = DIRECTION('',(-0.984977493808,-0.172682763155,0.));
#671 = ORIENTED_EDGE('',*,*,#672,.T.);
#672 = EDGE_CURVE('',#664,#234,#673,.T.);
#673 = LINE('',#674,#675);
#674 = CARTESIAN_POINT('',(-11.46506483189,-5.37,10.45));
#675 = VECTOR('',#676,1.);
#676 = DIRECTION('',(0.,0.707106781187,0.707106781187));
#677 = ORIENTED_EDGE('',*,*,#241,.F.);
#678 = CONICAL_SURFACE('',#679,1.,0.785398163397);
#679 = AXIS2_PLACEMENT_3D('',#680,#681,#682);
#680 = CARTESIAN_POINT('',(-11.46506483189,-4.37,10.45));
#681 = DIRECTION('',(0.,0.,-1.));
#682 = DIRECTION('',(-0.984977493808,-0.172682763155,-0.));
#683 = ADVANCED_FACE('',(#684),#702,.F.);
#684 = FACE_BOUND('',#685,.T.);
#685 = EDGE_LOOP('',(#686,#694,#700,#701));
#686 = ORIENTED_EDGE('',*,*,#687,.F.);
#687 = EDGE_CURVE('',#688,#217,#690,.T.);
#688 = VERTEX_POINT('',#689);
#689 = CARTESIAN_POINT('',(1.3700423257,-4.542682763155,10.45));
#690 = LINE('',#691,#692);
#691 = CARTESIAN_POINT('',(1.3700423257,-4.542682763155,10.45));
#692 = VECTOR('',#693,1.);
#693 = DIRECTION('',(-0.696484265188,0.122105152821,0.707106781187));
#694 = ORIENTED_EDGE('',*,*,#695,.T.);
#695 = EDGE_CURVE('',#688,#638,#696,.T.);
#696 = LINE('',#697,#698);
#697 = CARTESIAN_POINT('',(1.3700423257,-4.542682763155,10.45));
#698 = VECTOR('',#699,1.);
#699 = DIRECTION('',(0.172682763155,0.984977493808,0.));
#700 = ORIENTED_EDGE('',*,*,#637,.T.);
#701 = ORIENTED_EDGE('',*,*,#216,.F.);
#702 = PLANE('',#703);
#703 = AXIS2_PLACEMENT_3D('',#704,#705,#706);
#704 = CARTESIAN_POINT('',(1.345417888355,-4.538365694076,10.475));
#705 = DIRECTION('',(-0.696484265188,0.122105152821,-0.707106781187));
#706 = DIRECTION('',(-0.172682763155,-0.984977493808,-1.966291429551E-14
    ));
#707 = ADVANCED_FACE('',(#708),#726,.F.);
#708 = FACE_BOUND('',#709,.T.);
#709 = EDGE_LOOP('',(#710,#711,#719,#725));
#710 = ORIENTED_EDGE('',*,*,#672,.F.);
#711 = ORIENTED_EDGE('',*,*,#712,.T.);
#712 = EDGE_CURVE('',#664,#713,#715,.T.);
#713 = VERTEX_POINT('',#714);
#714 = CARTESIAN_POINT('',(0.385064831892,-5.37,10.45));
#715 = LINE('',#716,#717);
#716 = CARTESIAN_POINT('',(-11.46506483189,-5.37,10.45));
#717 = VECTOR('',#718,1.);
#718 = DIRECTION('',(1.,0.,0.));
#719 = ORIENTED_EDGE('',*,*,#720,.T.);
#720 = EDGE_CURVE('',#713,#225,#721,.T.);
#721 = LINE('',#722,#723);
#722 = CARTESIAN_POINT('',(0.385064831892,-5.345,10.475));
#723 = VECTOR('',#724,1.);
#724 = DIRECTION('',(0.,0.707106781187,0.707106781187));
#725 = ORIENTED_EDGE('',*,*,#233,.F.);
#726 = PLANE('',#727);
#727 = AXIS2_PLACEMENT_3D('',#728,#729,#730);
#728 = CARTESIAN_POINT('',(-11.46506483189,-5.345,10.475));
#729 = DIRECTION('',(0.,0.707106781187,-0.707106781187));
#730 = DIRECTION('',(-1.,0.,0.));
#731 = ADVANCED_FACE('',(#732),#744,.T.);
#732 = FACE_BOUND('',#733,.T.);
#733 = EDGE_LOOP('',(#734,#735,#742,#743));
#734 = ORIENTED_EDGE('',*,*,#720,.F.);
#735 = ORIENTED_EDGE('',*,*,#736,.T.);
#736 = EDGE_CURVE('',#713,#688,#737,.T.);
#737 = CIRCLE('',#738,1.);
#738 = AXIS2_PLACEMENT_3D('',#739,#740,#741);
#739 = CARTESIAN_POINT('',(0.385064831892,-4.37,10.45));
#740 = DIRECTION('',(-0.,0.,1.));
#741 = DIRECTION('',(0.,-1.,0.));
#742 = ORIENTED_EDGE('',*,*,#687,.T.);
#743 = ORIENTED_EDGE('',*,*,#224,.F.);
#744 = CONICAL_SURFACE('',#745,1.,0.785398163397);
#745 = AXIS2_PLACEMENT_3D('',#746,#747,#748);
#746 = CARTESIAN_POINT('',(0.385064831892,-4.37,10.45));
#747 = DIRECTION('',(0.,0.,-1.));
#748 = DIRECTION('',(0.,-1.,0.));
#749 = ADVANCED_FACE('',(#750),#769,.T.);
#750 = FACE_BOUND('',#751,.T.);
#751 = EDGE_LOOP('',(#752,#760,#761,#762));
#752 = ORIENTED_EDGE('',*,*,#753,.F.);
#753 = EDGE_CURVE('',#279,#754,#756,.T.);
#754 = VERTEX_POINT('',#755);
#755 = CARTESIAN_POINT('',(-12.3940820053,2.43,10.7));
#756 = LINE('',#757,#758);
#757 = CARTESIAN_POINT('',(-12.3940820053,2.43,4.8));
#758 = VECTOR('',#759,1.);
#759 = DIRECTION('',(0.,0.,1.));
#760 = ORIENTED_EDGE('',*,*,#286,.T.);
#761 = ORIENTED_EDGE('',*,*,#344,.T.);
#762 = ORIENTED_EDGE('',*,*,#763,.T.);
#763 = EDGE_CURVE('',#337,#754,#764,.T.);
#764 = CIRCLE('',#765,1.);
#765 = AXIS2_PLACEMENT_3D('',#766,#767,#768);
#766 = CARTESIAN_POINT('',(-12.3940820053,1.43,10.7));
#767 = DIRECTION('',(-0.,0.,-1.));
#768 = DIRECTION('',(-0.984205601544,-0.177029189369,0.));
#769 = CYLINDRICAL_SURFACE('',#770,1.);
#770 = AXIS2_PLACEMENT_3D('',#771,#772,#773);
#771 = CARTESIAN_POINT('',(-12.3940820053,1.43,4.8));
#772 = DIRECTION('',(0.,0.,1.));
#773 = DIRECTION('',(0.,1.,0.));
#774 = ADVANCED_FACE('',(#775),#793,.T.);
#775 = FACE_BOUND('',#776,.T.);
#776 = EDGE_LOOP('',(#777,#778,#779,#787));
#777 = ORIENTED_EDGE('',*,*,#278,.T.);
#778 = ORIENTED_EDGE('',*,*,#753,.T.);
#779 = ORIENTED_EDGE('',*,*,#780,.T.);
#780 = EDGE_CURVE('',#754,#781,#783,.T.);
#781 = VERTEX_POINT('',#782);
#782 = CARTESIAN_POINT('',(1.314082005303,2.43,10.7));
#783 = LINE('',#784,#785);
#784 = CARTESIAN_POINT('',(-12.3940820053,2.43,10.7));
#785 = VECTOR('',#786,1.);
#786 = DIRECTION('',(1.,0.,0.));
#787 = ORIENTED_EDGE('',*,*,#788,.F.);
#788 = EDGE_CURVE('',#270,#781,#789,.T.);
#789 = LINE('',#790,#791);
#790 = CARTESIAN_POINT('',(1.314082005303,2.43,4.8));
#791 = VECTOR('',#792,1.);
#792 = DIRECTION('',(0.,0.,1.));
#793 = PLANE('',#794);
#794 = AXIS2_PLACEMENT_3D('',#795,#796,#797);
#795 = CARTESIAN_POINT('',(-13.59,2.43,4.8));
#796 = DIRECTION('',(0.,1.,0.));
#797 = DIRECTION('',(1.,0.,0.));
#798 = ADVANCED_FACE('',(#799),#811,.T.);
#799 = FACE_BOUND('',#800,.T.);
#800 = EDGE_LOOP('',(#801,#808,#809,#810));
#801 = ORIENTED_EDGE('',*,*,#802,.T.);
#802 = EDGE_CURVE('',#781,#536,#803,.T.);
#803 = CIRCLE('',#804,1.);
#804 = AXIS2_PLACEMENT_3D('',#805,#806,#807);
#805 = CARTESIAN_POINT('',(1.314082005303,1.43,10.7));
#806 = DIRECTION('',(0.,0.,-1.));
#807 = DIRECTION('',(0.,1.,0.));
#808 = ORIENTED_EDGE('',*,*,#535,.F.);
#809 = ORIENTED_EDGE('',*,*,#269,.T.);
#810 = ORIENTED_EDGE('',*,*,#788,.T.);
#811 = CYLINDRICAL_SURFACE('',#812,1.);
#812 = AXIS2_PLACEMENT_3D('',#813,#814,#815);
#813 = CARTESIAN_POINT('',(1.314082005303,1.43,4.8));
#814 = DIRECTION('',(0.,0.,1.));
#815 = DIRECTION('',(0.,1.,0.));
#816 = ADVANCED_FACE('',(#817),#828,.F.);
#817 = FACE_BOUND('',#818,.F.);
#818 = EDGE_LOOP('',(#819,#820,#821,#827));
#819 = ORIENTED_EDGE('',*,*,#318,.F.);
#820 = ORIENTED_EDGE('',*,*,#336,.T.);
#821 = ORIENTED_EDGE('',*,*,#822,.T.);
#822 = EDGE_CURVE('',#337,#386,#823,.T.);
#823 = LINE('',#824,#825);
#824 = CARTESIAN_POINT('',(-13.32907732677,1.2618222701,10.75));
#825 = VECTOR('',#826,1.);
#826 = DIRECTION('',(0.695938454934,0.125178540271,0.707106781187));
#827 = ORIENTED_EDGE('',*,*,#385,.F.);
#828 = PLANE('',#829);
#829 = AXIS2_PLACEMENT_3D('',#830,#831,#832);
#830 = CARTESIAN_POINT('',(-12.30381758651,-4.4381777299,10.75));
#831 = DIRECTION('',(0.695938454934,0.125178540271,-0.707106781187));
#832 = DIRECTION('',(-0.177029189369,0.984205601544,9.830421548067E-14)
  );
#833 = ADVANCED_FACE('',(#834),#845,.F.);
#834 = FACE_BOUND('',#835,.F.);
#835 = EDGE_LOOP('',(#836,#842,#843,#844));
#836 = ORIENTED_EDGE('',*,*,#837,.F.);
#837 = EDGE_CURVE('',#536,#411,#838,.T.);
#838 = LINE('',#839,#840);
#839 = CARTESIAN_POINT('',(2.298287606847,1.252970810631,10.7));
#840 = VECTOR('',#841,1.);
#841 = DIRECTION('',(-0.695938454934,0.125178540271,0.707106781187));
#842 = ORIENTED_EDGE('',*,*,#543,.T.);
#843 = ORIENTED_EDGE('',*,*,#369,.T.);
#844 = ORIENTED_EDGE('',*,*,#419,.F.);
#845 = PLANE('',#846);
#846 = AXIS2_PLACEMENT_3D('',#847,#848,#849);
#847 = CARTESIAN_POINT('',(2.24907732677,1.2618222701,10.75));
#848 = DIRECTION('',(-0.695938454934,0.125178540271,-0.707106781187));
#849 = DIRECTION('',(-0.177029189369,-0.984205601544,-9.830421548067E-14
    ));
#850 = ADVANCED_FACE('',(#851),#862,.T.);
#851 = FACE_BOUND('',#852,.T.);
#852 = EDGE_LOOP('',(#853,#854,#855,#856));
#853 = ORIENTED_EDGE('',*,*,#410,.T.);
#854 = ORIENTED_EDGE('',*,*,#837,.F.);
#855 = ORIENTED_EDGE('',*,*,#802,.F.);
#856 = ORIENTED_EDGE('',*,*,#857,.T.);
#857 = EDGE_CURVE('',#781,#403,#858,.T.);
#858 = LINE('',#859,#860);
#859 = CARTESIAN_POINT('',(1.314082005303,2.38,10.75));
#860 = VECTOR('',#861,1.);
#861 = DIRECTION('',(0.,-0.707106781187,0.707106781187));
#862 = CONICAL_SURFACE('',#863,1.,0.785398163397);
#863 = AXIS2_PLACEMENT_3D('',#864,#865,#866);
#864 = CARTESIAN_POINT('',(1.314082005303,1.43,10.7));
#865 = DIRECTION('',(0.,0.,-1.));
#866 = DIRECTION('',(0.,1.,0.));
#867 = ADVANCED_FACE('',(#868),#879,.T.);
#868 = FACE_BOUND('',#869,.T.);
#869 = EDGE_LOOP('',(#870,#871,#877,#878));
#870 = ORIENTED_EDGE('',*,*,#393,.T.);
#871 = ORIENTED_EDGE('',*,*,#872,.F.);
#872 = EDGE_CURVE('',#754,#394,#873,.T.);
#873 = LINE('',#874,#875);
#874 = CARTESIAN_POINT('',(-12.3940820053,2.43,10.7));
#875 = VECTOR('',#876,1.);
#876 = DIRECTION('',(-4.163336342341E-17,-0.707106781187,0.707106781187)
  );
#877 = ORIENTED_EDGE('',*,*,#763,.F.);
#878 = ORIENTED_EDGE('',*,*,#822,.T.);
#879 = CONICAL_SURFACE('',#880,1.,0.785398163397);
#880 = AXIS2_PLACEMENT_3D('',#881,#882,#883);
#881 = CARTESIAN_POINT('',(-12.3940820053,1.43,10.7));
#882 = DIRECTION('',(0.,0.,-1.));
#883 = DIRECTION('',(-0.984205601544,-0.177029189369,-0.));
#884 = ADVANCED_FACE('',(#885),#891,.F.);
#885 = FACE_BOUND('',#886,.F.);
#886 = EDGE_LOOP('',(#887,#888,#889,#890));
#887 = ORIENTED_EDGE('',*,*,#872,.F.);
#888 = ORIENTED_EDGE('',*,*,#780,.T.);
#889 = ORIENTED_EDGE('',*,*,#857,.T.);
#890 = ORIENTED_EDGE('',*,*,#402,.F.);
#891 = PLANE('',#892);
#892 = AXIS2_PLACEMENT_3D('',#893,#894,#895);
#893 = CARTESIAN_POINT('',(-12.3940820053,2.38,10.75));
#894 = DIRECTION('',(0.,-0.707106781187,-0.707106781187));
#895 = DIRECTION('',(1.,0.,0.));
#896 = ADVANCED_FACE('',(#897),#916,.F.);
#897 = FACE_BOUND('',#898,.F.);
#898 = EDGE_LOOP('',(#899,#900,#908,#915));
#899 = ORIENTED_EDGE('',*,*,#428,.T.);
#900 = ORIENTED_EDGE('',*,*,#901,.F.);
#901 = EDGE_CURVE('',#902,#429,#904,.T.);
#902 = VERTEX_POINT('',#903);
#903 = CARTESIAN_POINT('',(-0.958333333333,-3.15,10.7));
#904 = LINE('',#905,#906);
#905 = CARTESIAN_POINT('',(-0.958333333333,-3.15,10.7));
#906 = VECTOR('',#907,1.);
#907 = DIRECTION('',(0.707106781187,0.,0.707106781187));
#908 = ORIENTED_EDGE('',*,*,#909,.F.);
#909 = EDGE_CURVE('',#902,#902,#910,.T.);
#910 = CIRCLE('',#911,0.426666666667);
#911 = AXIS2_PLACEMENT_3D('',#912,#913,#914);
#912 = CARTESIAN_POINT('',(-1.385,-3.15,10.7));
#913 = DIRECTION('',(0.,0.,-1.));
#914 = DIRECTION('',(1.,0.,0.));
#915 = ORIENTED_EDGE('',*,*,#901,.T.);
#916 = CONICAL_SURFACE('',#917,0.426666666667,0.785398163397);
#917 = AXIS2_PLACEMENT_3D('',#918,#919,#920);
#918 = CARTESIAN_POINT('',(-1.385,-3.15,10.7));
#919 = DIRECTION('',(0.,0.,1.));
#920 = DIRECTION('',(1.,0.,-0.));
#921 = ADVANCED_FACE('',(#922),#941,.F.);
#922 = FACE_BOUND('',#923,.F.);
#923 = EDGE_LOOP('',(#924,#925,#933,#940));
#924 = ORIENTED_EDGE('',*,*,#439,.T.);
#925 = ORIENTED_EDGE('',*,*,#926,.F.);
#926 = EDGE_CURVE('',#927,#440,#929,.T.);
#927 = VERTEX_POINT('',#928);
#928 = CARTESIAN_POINT('',(-3.728333333333,-3.15,10.7));
#929 = LINE('',#930,#931);
#930 = CARTESIAN_POINT('',(-3.728333333333,-3.15,10.7));
#931 = VECTOR('',#932,1.);
#932 = DIRECTION('',(0.707106781187,0.,0.707106781187));
#933 = ORIENTED_EDGE('',*,*,#934,.F.);
#934 = EDGE_CURVE('',#927,#927,#935,.T.);
#935 = CIRCLE('',#936,0.426666666667);
#936 = AXIS2_PLACEMENT_3D('',#937,#938,#939);
#937 = CARTESIAN_POINT('',(-4.155,-3.15,10.7));
#938 = DIRECTION('',(0.,0.,-1.));
#939 = DIRECTION('',(1.,0.,0.));
#940 = ORIENTED_EDGE('',*,*,#926,.T.);
#941 = CONICAL_SURFACE('',#942,0.426666666667,0.785398163397);
#942 = AXIS2_PLACEMENT_3D('',#943,#944,#945);
#943 = CARTESIAN_POINT('',(-4.155,-3.15,10.7));
#944 = DIRECTION('',(0.,0.,1.));
#945 = DIRECTION('',(1.,0.,-0.));
#946 = ADVANCED_FACE('',(#947),#966,.F.);
#947 = FACE_BOUND('',#948,.F.);
#948 = EDGE_LOOP('',(#949,#950,#958,#965));
#949 = ORIENTED_EDGE('',*,*,#450,.T.);
#950 = ORIENTED_EDGE('',*,*,#951,.F.);
#951 = EDGE_CURVE('',#952,#451,#954,.T.);
#952 = VERTEX_POINT('',#953);
#953 = CARTESIAN_POINT('',(-6.498333333333,-3.15,10.7));
#954 = LINE('',#955,#956);
#955 = CARTESIAN_POINT('',(-6.498333333333,-3.15,10.7));
#956 = VECTOR('',#957,1.);
#957 = DIRECTION('',(0.707106781187,0.,0.707106781187));
#958 = ORIENTED_EDGE('',*,*,#959,.F.);
#959 = EDGE_CURVE('',#952,#952,#960,.T.);
#960 = CIRCLE('',#961,0.426666666667);
#961 = AXIS2_PLACEMENT_3D('',#962,#963,#964);
#962 = CARTESIAN_POINT('',(-6.925,-3.15,10.7));
#963 = DIRECTION('',(0.,0.,-1.));
#964 = DIRECTION('',(1.,0.,0.));
#965 = ORIENTED_EDGE('',*,*,#951,.T.);
#966 = CONICAL_SURFACE('',#967,0.426666666667,0.785398163397);
#967 = AXIS2_PLACEMENT_3D('',#968,#969,#970);
#968 = CARTESIAN_POINT('',(-6.925,-3.15,10.7));
#969 = DIRECTION('',(0.,0.,1.));
#970 = DIRECTION('',(1.,0.,-0.));
#971 = ADVANCED_FACE('',(#972),#991,.F.);
#972 = FACE_BOUND('',#973,.F.);
#973 = EDGE_LOOP('',(#974,#975,#983,#990));
#974 = ORIENTED_EDGE('',*,*,#461,.T.);
#975 = ORIENTED_EDGE('',*,*,#976,.F.);
#976 = EDGE_CURVE('',#977,#462,#979,.T.);
#977 = VERTEX_POINT('',#978);
#978 = CARTESIAN_POINT('',(-9.268333333333,-3.15,10.7));
#979 = LINE('',#980,#981);
#980 = CARTESIAN_POINT('',(-9.268333333333,-3.15,10.7));
#981 = VECTOR('',#982,1.);
#982 = DIRECTION('',(0.707106781187,0.,0.707106781187));
#983 = ORIENTED_EDGE('',*,*,#984,.F.);
#984 = EDGE_CURVE('',#977,#977,#985,.T.);
#985 = CIRCLE('',#986,0.426666666667);
#986 = AXIS2_PLACEMENT_3D('',#987,#988,#989);
#987 = CARTESIAN_POINT('',(-9.695,-3.15,10.7));
#988 = DIRECTION('',(0.,0.,-1.));
#989 = DIRECTION('',(1.,0.,0.));
#990 = ORIENTED_EDGE('',*,*,#976,.T.);
#991 = CONICAL_SURFACE('',#992,0.426666666667,0.785398163397);
#992 = AXIS2_PLACEMENT_3D('',#993,#994,#995);
#993 = CARTESIAN_POINT('',(-9.695,-3.15,10.7));
#994 = DIRECTION('',(0.,0.,1.));
#995 = DIRECTION('',(1.,0.,-0.));
#996 = ADVANCED_FACE('',(#997),#1016,.F.);
#997 = FACE_BOUND('',#998,.F.);
#998 = EDGE_LOOP('',(#999,#1000,#1008,#1015));
#999 = ORIENTED_EDGE('',*,*,#472,.T.);
#1000 = ORIENTED_EDGE('',*,*,#1001,.F.);
#1001 = EDGE_CURVE('',#1002,#473,#1004,.T.);
#1002 = VERTEX_POINT('',#1003);
#1003 = CARTESIAN_POINT('',(0.426666666667,-0.31,10.7));
#1004 = LINE('',#1005,#1006);
#1005 = CARTESIAN_POINT('',(0.426666666667,-0.31,10.7));
#1006 = VECTOR('',#1007,1.);
#1007 = DIRECTION('',(0.707106781187,0.,0.707106781187));
#1008 = ORIENTED_EDGE('',*,*,#1009,.F.);
#1009 = EDGE_CURVE('',#1002,#1002,#1010,.T.);
#1010 = CIRCLE('',#1011,0.426666666667);
#1011 = AXIS2_PLACEMENT_3D('',#1012,#1013,#1014);
#1012 = CARTESIAN_POINT('',(0.,-0.31,10.7));
#1013 = DIRECTION('',(0.,0.,-1.));
#1014 = DIRECTION('',(1.,0.,0.));
#1015 = ORIENTED_EDGE('',*,*,#1001,.T.);
#1016 = CONICAL_SURFACE('',#1017,0.426666666667,0.785398163397);
#1017 = AXIS2_PLACEMENT_3D('',#1018,#1019,#1020);
#1018 = CARTESIAN_POINT('',(0.,-0.31,10.7));
#1019 = DIRECTION('',(0.,0.,1.));
#1020 = DIRECTION('',(1.,0.,-0.));
#1021 = ADVANCED_FACE('',(#1022),#1041,.F.);
#1022 = FACE_BOUND('',#1023,.F.);
#1023 = EDGE_LOOP('',(#1024,#1025,#1033,#1040));
#1024 = ORIENTED_EDGE('',*,*,#483,.T.);
#1025 = ORIENTED_EDGE('',*,*,#1026,.F.);
#1026 = EDGE_CURVE('',#1027,#484,#1029,.T.);
#1027 = VERTEX_POINT('',#1028);
#1028 = CARTESIAN_POINT('',(-2.343333333333,-0.31,10.7));
#1029 = LINE('',#1030,#1031);
#1030 = CARTESIAN_POINT('',(-2.343333333333,-0.31,10.7));
#1031 = VECTOR('',#1032,1.);
#1032 = DIRECTION('',(0.707106781187,0.,0.707106781187));
#1033 = ORIENTED_EDGE('',*,*,#1034,.F.);
#1034 = EDGE_CURVE('',#1027,#1027,#1035,.T.);
#1035 = CIRCLE('',#1036,0.426666666667);
#1036 = AXIS2_PLACEMENT_3D('',#1037,#1038,#1039);
#1037 = CARTESIAN_POINT('',(-2.77,-0.31,10.7));
#1038 = DIRECTION('',(0.,0.,-1.));
#1039 = DIRECTION('',(1.,0.,0.));
#1040 = ORIENTED_EDGE('',*,*,#1026,.T.);
#1041 = CONICAL_SURFACE('',#1042,0.426666666667,0.785398163397);
#1042 = AXIS2_PLACEMENT_3D('',#1043,#1044,#1045);
#1043 = CARTESIAN_POINT('',(-2.77,-0.31,10.7));
#1044 = DIRECTION('',(0.,0.,1.));
#1045 = DIRECTION('',(1.,0.,-0.));
#1046 = ADVANCED_FACE('',(#1047),#1066,.F.);
#1047 = FACE_BOUND('',#1048,.F.);
#1048 = EDGE_LOOP('',(#1049,#1050,#1058,#1065));
#1049 = ORIENTED_EDGE('',*,*,#494,.T.);
#1050 = ORIENTED_EDGE('',*,*,#1051,.F.);
#1051 = EDGE_CURVE('',#1052,#495,#1054,.T.);
#1052 = VERTEX_POINT('',#1053);
#1053 = CARTESIAN_POINT('',(-5.113333333333,-0.31,10.7));
#1054 = LINE('',#1055,#1056);
#1055 = CARTESIAN_POINT('',(-5.113333333333,-0.31,10.7));
#1056 = VECTOR('',#1057,1.);
#1057 = DIRECTION('',(0.707106781187,0.,0.707106781187));
#1058 = ORIENTED_EDGE('',*,*,#1059,.F.);
#1059 = EDGE_CURVE('',#1052,#1052,#1060,.T.);
#1060 = CIRCLE('',#1061,0.426666666667);
#1061 = AXIS2_PLACEMENT_3D('',#1062,#1063,#1064);
#1062 = CARTESIAN_POINT('',(-5.54,-0.31,10.7));
#1063 = DIRECTION('',(0.,0.,-1.));
#1064 = DIRECTION('',(1.,0.,0.));
#1065 = ORIENTED_EDGE('',*,*,#1051,.T.);
#1066 = CONICAL_SURFACE('',#1067,0.426666666667,0.785398163397);
#1067 = AXIS2_PLACEMENT_3D('',#1068,#1069,#1070);
#1068 = CARTESIAN_POINT('',(-5.54,-0.31,10.7));
#1069 = DIRECTION('',(0.,0.,1.));
#1070 = DIRECTION('',(1.,0.,-0.));
#1071 = ADVANCED_FACE('',(#1072),#1091,.F.);
#1072 = FACE_BOUND('',#1073,.F.);
#1073 = EDGE_LOOP('',(#1074,#1075,#1083,#1090));
#1074 = ORIENTED_EDGE('',*,*,#505,.T.);
#1075 = ORIENTED_EDGE('',*,*,#1076,.F.);
#1076 = EDGE_CURVE('',#1077,#506,#1079,.T.);
#1077 = VERTEX_POINT('',#1078);
#1078 = CARTESIAN_POINT('',(-7.883333333333,-0.31,10.7));
#1079 = LINE('',#1080,#1081);
#1080 = CARTESIAN_POINT('',(-7.883333333333,-0.31,10.7));
#1081 = VECTOR('',#1082,1.);
#1082 = DIRECTION('',(0.707106781187,0.,0.707106781187));
#1083 = ORIENTED_EDGE('',*,*,#1084,.F.);
#1084 = EDGE_CURVE('',#1077,#1077,#1085,.T.);
#1085 = CIRCLE('',#1086,0.426666666667);
#1086 = AXIS2_PLACEMENT_3D('',#1087,#1088,#1089);
#1087 = CARTESIAN_POINT('',(-8.31,-0.31,10.7));
#1088 = DIRECTION('',(0.,0.,-1.));
#1089 = DIRECTION('',(1.,0.,0.));
#1090 = ORIENTED_EDGE('',*,*,#1076,.T.);
#1091 = CONICAL_SURFACE('',#1092,0.426666666667,0.785398163397);
#1092 = AXIS2_PLACEMENT_3D('',#1093,#1094,#1095);
#1093 = CARTESIAN_POINT('',(-8.31,-0.31,10.7));
#1094 = DIRECTION('',(0.,0.,1.));
#1095 = DIRECTION('',(1.,0.,-0.));
#1096 = ADVANCED_FACE('',(#1097),#1116,.F.);
#1097 = FACE_BOUND('',#1098,.F.);
#1098 = EDGE_LOOP('',(#1099,#1100,#1108,#1115));
#1099 = ORIENTED_EDGE('',*,*,#516,.T.);
#1100 = ORIENTED_EDGE('',*,*,#1101,.F.);
#1101 = EDGE_CURVE('',#1102,#517,#1104,.T.);
#1102 = VERTEX_POINT('',#1103);
#1103 = CARTESIAN_POINT('',(-10.65333333333,-0.31,10.7));
#1104 = LINE('',#1105,#1106);
#1105 = CARTESIAN_POINT('',(-10.65333333333,-0.31,10.7));
#1106 = VECTOR('',#1107,1.);
#1107 = DIRECTION('',(0.707106781187,0.,0.707106781187));
#1108 = ORIENTED_EDGE('',*,*,#1109,.F.);
#1109 = EDGE_CURVE('',#1102,#1102,#1110,.T.);
#1110 = CIRCLE('',#1111,0.426666666667);
#1111 = AXIS2_PLACEMENT_3D('',#1112,#1113,#1114);
#1112 = CARTESIAN_POINT('',(-11.08,-0.31,10.7));
#1113 = DIRECTION('',(0.,0.,-1.));
#1114 = DIRECTION('',(1.,0.,0.));
#1115 = ORIENTED_EDGE('',*,*,#1101,.T.);
#1116 = CONICAL_SURFACE('',#1117,0.426666666667,0.785398163397);
#1117 = AXIS2_PLACEMENT_3D('',#1118,#1119,#1120);
#1118 = CARTESIAN_POINT('',(-11.08,-0.31,10.7));
#1119 = DIRECTION('',(0.,0.,1.));
#1120 = DIRECTION('',(1.,0.,-0.));
#1121 = ADVANCED_FACE('',(#1122),#1148,.T.);
#1122 = FACE_BOUND('',#1123,.T.);
#1123 = EDGE_LOOP('',(#1124,#1132,#1141,#1147));
#1124 = ORIENTED_EDGE('',*,*,#1125,.F.);
#1125 = EDGE_CURVE('',#1126,#558,#1128,.T.);
#1126 = VERTEX_POINT('',#1127);
#1127 = CARTESIAN_POINT('',(-12.49943192049,2.53,5.3));
#1128 = LINE('',#1129,#1130);
#1129 = CARTESIAN_POINT('',(-12.49943192049,2.53,4.7));
#1130 = VECTOR('',#1131,1.);
#1131 = DIRECTION('',(0.,0.,1.));
#1132 = ORIENTED_EDGE('',*,*,#1133,.F.);
#1133 = EDGE_CURVE('',#1134,#1126,#1136,.T.);
#1134 = VERTEX_POINT('',#1135);
#1135 = CARTESIAN_POINT('',(-13.4844094143,1.357317236845,5.3));
#1136 = CIRCLE('',#1137,1.);
#1137 = AXIS2_PLACEMENT_3D('',#1138,#1139,#1140);
#1138 = CARTESIAN_POINT('',(-12.49943192049,1.53,5.3));
#1139 = DIRECTION('',(-0.,0.,-1.));
#1140 = DIRECTION('',(-0.984977493808,-0.172682763155,0.));
#1141 = ORIENTED_EDGE('',*,*,#1142,.T.);
#1142 = EDGE_CURVE('',#1134,#566,#1143,.T.);
#1143 = LINE('',#1144,#1145);
#1144 = CARTESIAN_POINT('',(-13.4844094143,1.357317236845,4.7));
#1145 = VECTOR('',#1146,1.);
#1146 = DIRECTION('',(0.,0.,1.));
#1147 = ORIENTED_EDGE('',*,*,#565,.F.);
#1148 = CYLINDRICAL_SURFACE('',#1149,1.);
#1149 = AXIS2_PLACEMENT_3D('',#1150,#1151,#1152);
#1150 = CARTESIAN_POINT('',(-12.49943192049,1.53,4.7));
#1151 = DIRECTION('',(0.,0.,1.));
#1152 = DIRECTION('',(0.,1.,0.));
#1153 = ADVANCED_FACE('',(#1154),#1172,.T.);
#1154 = FACE_BOUND('',#1155,.T.);
#1155 = EDGE_LOOP('',(#1156,#1157,#1158,#1166));
#1156 = ORIENTED_EDGE('',*,*,#1125,.T.);
#1157 = ORIENTED_EDGE('',*,*,#597,.F.);
#1158 = ORIENTED_EDGE('',*,*,#1159,.F.);
#1159 = EDGE_CURVE('',#1160,#590,#1162,.T.);
#1160 = VERTEX_POINT('',#1161);
#1161 = CARTESIAN_POINT('',(1.419431920499,2.53,5.3));
#1162 = LINE('',#1163,#1164);
#1163 = CARTESIAN_POINT('',(1.419431920499,2.53,4.7));
#1164 = VECTOR('',#1165,1.);
#1165 = DIRECTION('',(0.,0.,1.));
#1166 = ORIENTED_EDGE('',*,*,#1167,.F.);
#1167 = EDGE_CURVE('',#1126,#1160,#1168,.T.);
#1168 = LINE('',#1169,#1170);
#1169 = CARTESIAN_POINT('',(-12.49943192049,2.53,5.3));
#1170 = VECTOR('',#1171,1.);
#1171 = DIRECTION('',(1.,0.,0.));
#1172 = PLANE('',#1173);
#1173 = AXIS2_PLACEMENT_3D('',#1174,#1175,#1176);
#1174 = CARTESIAN_POINT('',(-13.69,2.53,4.7));
#1175 = DIRECTION('',(0.,1.,0.));
#1176 = DIRECTION('',(1.,0.,0.));
#1177 = ADVANCED_FACE('',(#1178),#1196,.T.);
#1178 = FACE_BOUND('',#1179,.T.);
#1179 = EDGE_LOOP('',(#1180,#1188,#1189,#1190));
#1180 = ORIENTED_EDGE('',*,*,#1181,.T.);
#1181 = EDGE_CURVE('',#1182,#615,#1184,.T.);
#1182 = VERTEX_POINT('',#1183);
#1183 = CARTESIAN_POINT('',(-12.4500423257,-4.542682763155,5.3));
#1184 = LINE('',#1185,#1186);
#1185 = CARTESIAN_POINT('',(-12.4500423257,-4.542682763155,4.7));
#1186 = VECTOR('',#1187,1.);
#1187 = DIRECTION('',(0.,0.,1.));
#1188 = ORIENTED_EDGE('',*,*,#614,.F.);
#1189 = ORIENTED_EDGE('',*,*,#1142,.F.);
#1190 = ORIENTED_EDGE('',*,*,#1191,.F.);
#1191 = EDGE_CURVE('',#1182,#1134,#1192,.T.);
#1192 = LINE('',#1193,#1194);
#1193 = CARTESIAN_POINT('',(-12.4500423257,-4.542682763155,5.3));
#1194 = VECTOR('',#1195,1.);
#1195 = DIRECTION('',(-0.172682763155,0.984977493808,0.));
#1196 = PLANE('',#1197);
#1197 = AXIS2_PLACEMENT_3D('',#1198,#1199,#1200);
#1198 = CARTESIAN_POINT('',(-12.305,-5.37,4.7));
#1199 = DIRECTION('',(-0.984977493808,-0.172682763155,0.));
#1200 = DIRECTION('',(-0.172682763155,0.984977493808,0.));
#1201 = ADVANCED_FACE('',(#1202),#1221,.T.);
#1202 = FACE_BOUND('',#1203,.T.);
#1203 = EDGE_LOOP('',(#1204,#1205,#1213,#1220));
#1204 = ORIENTED_EDGE('',*,*,#645,.F.);
#1205 = ORIENTED_EDGE('',*,*,#1206,.F.);
#1206 = EDGE_CURVE('',#1207,#638,#1209,.T.);
#1207 = VERTEX_POINT('',#1208);
#1208 = CARTESIAN_POINT('',(2.404409414308,1.357317236845,5.3));
#1209 = LINE('',#1210,#1211);
#1210 = CARTESIAN_POINT('',(2.404409414308,1.357317236845,4.7));
#1211 = VECTOR('',#1212,1.);
#1212 = DIRECTION('',(0.,0.,1.));
#1213 = ORIENTED_EDGE('',*,*,#1214,.F.);
#1214 = EDGE_CURVE('',#1160,#1207,#1215,.T.);
#1215 = CIRCLE('',#1216,1.);
#1216 = AXIS2_PLACEMENT_3D('',#1217,#1218,#1219);
#1217 = CARTESIAN_POINT('',(1.419431920499,1.53,5.3));
#1218 = DIRECTION('',(0.,0.,-1.));
#1219 = DIRECTION('',(0.,1.,0.));
#1220 = ORIENTED_EDGE('',*,*,#1159,.T.);
#1221 = CYLINDRICAL_SURFACE('',#1222,1.);
#1222 = AXIS2_PLACEMENT_3D('',#1223,#1224,#1225);
#1223 = CARTESIAN_POINT('',(1.419431920499,1.53,4.7));
#1224 = DIRECTION('',(0.,0.,1.));
#1225 = DIRECTION('',(0.,1.,0.));
#1226 = ADVANCED_FACE('',(#1227),#1246,.T.);
#1227 = FACE_BOUND('',#1228,.T.);
#1228 = EDGE_LOOP('',(#1229,#1230,#1231,#1240));
#1229 = ORIENTED_EDGE('',*,*,#663,.F.);
#1230 = ORIENTED_EDGE('',*,*,#1181,.F.);
#1231 = ORIENTED_EDGE('',*,*,#1232,.F.);
#1232 = EDGE_CURVE('',#1233,#1182,#1235,.T.);
#1233 = VERTEX_POINT('',#1234);
#1234 = CARTESIAN_POINT('',(-11.46506483189,-5.37,5.3));
#1235 = CIRCLE('',#1236,1.);
#1236 = AXIS2_PLACEMENT_3D('',#1237,#1238,#1239);
#1237 = CARTESIAN_POINT('',(-11.46506483189,-4.37,5.3));
#1238 = DIRECTION('',(-0.,-0.,-1.));
#1239 = DIRECTION('',(0.,-1.,0.));
#1240 = ORIENTED_EDGE('',*,*,#1241,.T.);
#1241 = EDGE_CURVE('',#1233,#664,#1242,.T.);
#1242 = LINE('',#1243,#1244);
#1243 = CARTESIAN_POINT('',(-11.46506483189,-5.37,4.7));
#1244 = VECTOR('',#1245,1.);
#1245 = DIRECTION('',(0.,0.,1.));
#1246 = CYLINDRICAL_SURFACE('',#1247,1.);
#1247 = AXIS2_PLACEMENT_3D('',#1248,#1249,#1250);
#1248 = CARTESIAN_POINT('',(-11.46506483189,-4.37,4.7));
#1249 = DIRECTION('',(0.,0.,1.));
#1250 = DIRECTION('',(0.,-1.,0.));
#1251 = ADVANCED_FACE('',(#1252),#1270,.T.);
#1252 = FACE_BOUND('',#1253,.T.);
#1253 = EDGE_LOOP('',(#1254,#1262,#1268,#1269));
#1254 = ORIENTED_EDGE('',*,*,#1255,.F.);
#1255 = EDGE_CURVE('',#1256,#688,#1258,.T.);
#1256 = VERTEX_POINT('',#1257);
#1257 = CARTESIAN_POINT('',(1.3700423257,-4.542682763155,5.3));
#1258 = LINE('',#1259,#1260);
#1259 = CARTESIAN_POINT('',(1.3700423257,-4.542682763155,4.7));
#1260 = VECTOR('',#1261,1.);
#1261 = DIRECTION('',(0.,0.,1.));
#1262 = ORIENTED_EDGE('',*,*,#1263,.F.);
#1263 = EDGE_CURVE('',#1207,#1256,#1264,.T.);
#1264 = LINE('',#1265,#1266);
#1265 = CARTESIAN_POINT('',(2.404409414308,1.357317236845,5.3));
#1266 = VECTOR('',#1267,1.);
#1267 = DIRECTION('',(-0.172682763155,-0.984977493808,0.));
#1268 = ORIENTED_EDGE('',*,*,#1206,.T.);
#1269 = ORIENTED_EDGE('',*,*,#695,.F.);
#1270 = PLANE('',#1271);
#1271 = AXIS2_PLACEMENT_3D('',#1272,#1273,#1274);
#1272 = CARTESIAN_POINT('',(2.61,2.53,4.7));
#1273 = DIRECTION('',(0.984977493808,-0.172682763155,0.));
#1274 = DIRECTION('',(-0.172682763155,-0.984977493808,0.));
#1275 = ADVANCED_FACE('',(#1276),#1294,.T.);
#1276 = FACE_BOUND('',#1277,.T.);
#1277 = EDGE_LOOP('',(#1278,#1279,#1287,#1293));
#1278 = ORIENTED_EDGE('',*,*,#1241,.F.);
#1279 = ORIENTED_EDGE('',*,*,#1280,.F.);
#1280 = EDGE_CURVE('',#1281,#1233,#1283,.T.);
#1281 = VERTEX_POINT('',#1282);
#1282 = CARTESIAN_POINT('',(0.385064831892,-5.37,5.3));
#1283 = LINE('',#1284,#1285);
#1284 = CARTESIAN_POINT('',(0.385064831892,-5.37,5.3));
#1285 = VECTOR('',#1286,1.);
#1286 = DIRECTION('',(-1.,0.,0.));
#1287 = ORIENTED_EDGE('',*,*,#1288,.T.);
#1288 = EDGE_CURVE('',#1281,#713,#1289,.T.);
#1289 = LINE('',#1290,#1291);
#1290 = CARTESIAN_POINT('',(0.385064831892,-5.37,4.7));
#1291 = VECTOR('',#1292,1.);
#1292 = DIRECTION('',(0.,0.,1.));
#1293 = ORIENTED_EDGE('',*,*,#712,.F.);
#1294 = PLANE('',#1295);
#1295 = AXIS2_PLACEMENT_3D('',#1296,#1297,#1298);
#1296 = CARTESIAN_POINT('',(1.225,-5.37,4.7));
#1297 = DIRECTION('',(0.,-1.,0.));
#1298 = DIRECTION('',(-1.,0.,0.));
#1299 = ADVANCED_FACE('',(#1300),#1312,.T.);
#1300 = FACE_BOUND('',#1301,.T.);
#1301 = EDGE_LOOP('',(#1302,#1303,#1304,#1311));
#1302 = ORIENTED_EDGE('',*,*,#736,.F.);
#1303 = ORIENTED_EDGE('',*,*,#1288,.F.);
#1304 = ORIENTED_EDGE('',*,*,#1305,.F.);
#1305 = EDGE_CURVE('',#1256,#1281,#1306,.T.);
#1306 = CIRCLE('',#1307,1.);
#1307 = AXIS2_PLACEMENT_3D('',#1308,#1309,#1310);
#1308 = CARTESIAN_POINT('',(0.385064831892,-4.37,5.3));
#1309 = DIRECTION('',(0.,-0.,-1.));
#1310 = DIRECTION('',(0.984977493808,-0.172682763155,0.));
#1311 = ORIENTED_EDGE('',*,*,#1255,.T.);
#1312 = CYLINDRICAL_SURFACE('',#1313,1.);
#1313 = AXIS2_PLACEMENT_3D('',#1314,#1315,#1316);
#1314 = CARTESIAN_POINT('',(0.385064831892,-4.37,4.7));
#1315 = DIRECTION('',(0.,0.,1.));
#1316 = DIRECTION('',(0.984977493808,-0.172682763155,0.));
#1317 = ADVANCED_FACE('',(#1318),#1337,.F.);
#1318 = FACE_BOUND('',#1319,.F.);
#1319 = EDGE_LOOP('',(#1320,#1321,#1329,#1336));
#1320 = ORIENTED_EDGE('',*,*,#909,.T.);
#1321 = ORIENTED_EDGE('',*,*,#1322,.F.);
#1322 = EDGE_CURVE('',#1323,#902,#1325,.T.);
#1323 = VERTEX_POINT('',#1324);
#1324 = CARTESIAN_POINT('',(-0.958333333333,-3.15,4.8));
#1325 = LINE('',#1326,#1327);
#1326 = CARTESIAN_POINT('',(-0.958333333333,-3.15,2.));
#1327 = VECTOR('',#1328,1.);
#1328 = DIRECTION('',(0.,0.,1.));
#1329 = ORIENTED_EDGE('',*,*,#1330,.F.);
#1330 = EDGE_CURVE('',#1323,#1323,#1331,.T.);
#1331 = CIRCLE('',#1332,0.426666666667);
#1332 = AXIS2_PLACEMENT_3D('',#1333,#1334,#1335);
#1333 = CARTESIAN_POINT('',(-1.385,-3.15,4.8));
#1334 = DIRECTION('',(0.,0.,-1.));
#1335 = DIRECTION('',(1.,0.,0.));
#1336 = ORIENTED_EDGE('',*,*,#1322,.T.);
#1337 = CYLINDRICAL_SURFACE('',#1338,0.426666666667);
#1338 = AXIS2_PLACEMENT_3D('',#1339,#1340,#1341);
#1339 = CARTESIAN_POINT('',(-1.385,-3.15,2.));
#1340 = DIRECTION('',(-0.,-0.,-1.));
#1341 = DIRECTION('',(1.,0.,0.));
#1342 = ADVANCED_FACE('',(#1343),#1362,.F.);
#1343 = FACE_BOUND('',#1344,.F.);
#1344 = EDGE_LOOP('',(#1345,#1346,#1354,#1361));
#1345 = ORIENTED_EDGE('',*,*,#934,.T.);
#1346 = ORIENTED_EDGE('',*,*,#1347,.F.);
#1347 = EDGE_CURVE('',#1348,#927,#1350,.T.);
#1348 = VERTEX_POINT('',#1349);
#1349 = CARTESIAN_POINT('',(-3.728333333333,-3.15,4.8));
#1350 = LINE('',#1351,#1352);
#1351 = CARTESIAN_POINT('',(-3.728333333333,-3.15,2.));
#1352 = VECTOR('',#1353,1.);
#1353 = DIRECTION('',(0.,0.,1.));
#1354 = ORIENTED_EDGE('',*,*,#1355,.F.);
#1355 = EDGE_CURVE('',#1348,#1348,#1356,.T.);
#1356 = CIRCLE('',#1357,0.426666666667);
#1357 = AXIS2_PLACEMENT_3D('',#1358,#1359,#1360);
#1358 = CARTESIAN_POINT('',(-4.155,-3.15,4.8));
#1359 = DIRECTION('',(0.,0.,-1.));
#1360 = DIRECTION('',(1.,0.,0.));
#1361 = ORIENTED_EDGE('',*,*,#1347,.T.);
#1362 = CYLINDRICAL_SURFACE('',#1363,0.426666666667);
#1363 = AXIS2_PLACEMENT_3D('',#1364,#1365,#1366);
#1364 = CARTESIAN_POINT('',(-4.155,-3.15,2.));
#1365 = DIRECTION('',(-0.,-0.,-1.));
#1366 = DIRECTION('',(1.,0.,0.));
#1367 = ADVANCED_FACE('',(#1368),#1387,.F.);
#1368 = FACE_BOUND('',#1369,.F.);
#1369 = EDGE_LOOP('',(#1370,#1371,#1379,#1386));
#1370 = ORIENTED_EDGE('',*,*,#959,.T.);
#1371 = ORIENTED_EDGE('',*,*,#1372,.F.);
#1372 = EDGE_CURVE('',#1373,#952,#1375,.T.);
#1373 = VERTEX_POINT('',#1374);
#1374 = CARTESIAN_POINT('',(-6.498333333333,-3.15,4.8));
#1375 = LINE('',#1376,#1377);
#1376 = CARTESIAN_POINT('',(-6.498333333333,-3.15,2.));
#1377 = VECTOR('',#1378,1.);
#1378 = DIRECTION('',(0.,0.,1.));
#1379 = ORIENTED_EDGE('',*,*,#1380,.F.);
#1380 = EDGE_CURVE('',#1373,#1373,#1381,.T.);
#1381 = CIRCLE('',#1382,0.426666666667);
#1382 = AXIS2_PLACEMENT_3D('',#1383,#1384,#1385);
#1383 = CARTESIAN_POINT('',(-6.925,-3.15,4.8));
#1384 = DIRECTION('',(0.,0.,-1.));
#1385 = DIRECTION('',(1.,0.,0.));
#1386 = ORIENTED_EDGE('',*,*,#1372,.T.);
#1387 = CYLINDRICAL_SURFACE('',#1388,0.426666666667);
#1388 = AXIS2_PLACEMENT_3D('',#1389,#1390,#1391);
#1389 = CARTESIAN_POINT('',(-6.925,-3.15,2.));
#1390 = DIRECTION('',(-0.,-0.,-1.));
#1391 = DIRECTION('',(1.,0.,0.));
#1392 = ADVANCED_FACE('',(#1393),#1412,.F.);
#1393 = FACE_BOUND('',#1394,.F.);
#1394 = EDGE_LOOP('',(#1395,#1396,#1404,#1411));
#1395 = ORIENTED_EDGE('',*,*,#984,.T.);
#1396 = ORIENTED_EDGE('',*,*,#1397,.F.);
#1397 = EDGE_CURVE('',#1398,#977,#1400,.T.);
#1398 = VERTEX_POINT('',#1399);
#1399 = CARTESIAN_POINT('',(-9.268333333333,-3.15,4.8));
#1400 = LINE('',#1401,#1402);
#1401 = CARTESIAN_POINT('',(-9.268333333333,-3.15,2.));
#1402 = VECTOR('',#1403,1.);
#1403 = DIRECTION('',(0.,0.,1.));
#1404 = ORIENTED_EDGE('',*,*,#1405,.F.);
#1405 = EDGE_CURVE('',#1398,#1398,#1406,.T.);
#1406 = CIRCLE('',#1407,0.426666666667);
#1407 = AXIS2_PLACEMENT_3D('',#1408,#1409,#1410);
#1408 = CARTESIAN_POINT('',(-9.695,-3.15,4.8));
#1409 = DIRECTION('',(0.,0.,-1.));
#1410 = DIRECTION('',(1.,0.,0.));
#1411 = ORIENTED_EDGE('',*,*,#1397,.T.);
#1412 = CYLINDRICAL_SURFACE('',#1413,0.426666666667);
#1413 = AXIS2_PLACEMENT_3D('',#1414,#1415,#1416);
#1414 = CARTESIAN_POINT('',(-9.695,-3.15,2.));
#1415 = DIRECTION('',(-0.,-0.,-1.));
#1416 = DIRECTION('',(1.,0.,0.));
#1417 = ADVANCED_FACE('',(#1418),#1437,.F.);
#1418 = FACE_BOUND('',#1419,.F.);
#1419 = EDGE_LOOP('',(#1420,#1421,#1429,#1436));
#1420 = ORIENTED_EDGE('',*,*,#1009,.T.);
#1421 = ORIENTED_EDGE('',*,*,#1422,.F.);
#1422 = EDGE_CURVE('',#1423,#1002,#1425,.T.);
#1423 = VERTEX_POINT('',#1424);
#1424 = CARTESIAN_POINT('',(0.426666666667,-0.31,4.8));
#1425 = LINE('',#1426,#1427);
#1426 = CARTESIAN_POINT('',(0.426666666667,-0.31,2.));
#1427 = VECTOR('',#1428,1.);
#1428 = DIRECTION('',(0.,0.,1.));
#1429 = ORIENTED_EDGE('',*,*,#1430,.F.);
#1430 = EDGE_CURVE('',#1423,#1423,#1431,.T.);
#1431 = CIRCLE('',#1432,0.426666666667);
#1432 = AXIS2_PLACEMENT_3D('',#1433,#1434,#1435);
#1433 = CARTESIAN_POINT('',(0.,-0.31,4.8));
#1434 = DIRECTION('',(0.,0.,-1.));
#1435 = DIRECTION('',(1.,0.,0.));
#1436 = ORIENTED_EDGE('',*,*,#1422,.T.);
#1437 = CYLINDRICAL_SURFACE('',#1438,0.426666666667);
#1438 = AXIS2_PLACEMENT_3D('',#1439,#1440,#1441);
#1439 = CARTESIAN_POINT('',(0.,-0.31,2.));
#1440 = DIRECTION('',(-0.,-0.,-1.));
#1441 = DIRECTION('',(1.,0.,0.));
#1442 = ADVANCED_FACE('',(#1443),#1462,.F.);
#1443 = FACE_BOUND('',#1444,.F.);
#1444 = EDGE_LOOP('',(#1445,#1446,#1454,#1461));
#1445 = ORIENTED_EDGE('',*,*,#1034,.T.);
#1446 = ORIENTED_EDGE('',*,*,#1447,.F.);
#1447 = EDGE_CURVE('',#1448,#1027,#1450,.T.);
#1448 = VERTEX_POINT('',#1449);
#1449 = CARTESIAN_POINT('',(-2.343333333333,-0.31,4.8));
#1450 = LINE('',#1451,#1452);
#1451 = CARTESIAN_POINT('',(-2.343333333333,-0.31,2.));
#1452 = VECTOR('',#1453,1.);
#1453 = DIRECTION('',(0.,0.,1.));
#1454 = ORIENTED_EDGE('',*,*,#1455,.F.);
#1455 = EDGE_CURVE('',#1448,#1448,#1456,.T.);
#1456 = CIRCLE('',#1457,0.426666666667);
#1457 = AXIS2_PLACEMENT_3D('',#1458,#1459,#1460);
#1458 = CARTESIAN_POINT('',(-2.77,-0.31,4.8));
#1459 = DIRECTION('',(0.,0.,-1.));
#1460 = DIRECTION('',(1.,0.,0.));
#1461 = ORIENTED_EDGE('',*,*,#1447,.T.);
#1462 = CYLINDRICAL_SURFACE('',#1463,0.426666666667);
#1463 = AXIS2_PLACEMENT_3D('',#1464,#1465,#1466);
#1464 = CARTESIAN_POINT('',(-2.77,-0.31,2.));
#1465 = DIRECTION('',(-0.,-0.,-1.));
#1466 = DIRECTION('',(1.,0.,0.));
#1467 = ADVANCED_FACE('',(#1468),#1487,.F.);
#1468 = FACE_BOUND('',#1469,.F.);
#1469 = EDGE_LOOP('',(#1470,#1471,#1479,#1486));
#1470 = ORIENTED_EDGE('',*,*,#1059,.T.);
#1471 = ORIENTED_EDGE('',*,*,#1472,.F.);
#1472 = EDGE_CURVE('',#1473,#1052,#1475,.T.);
#1473 = VERTEX_POINT('',#1474);
#1474 = CARTESIAN_POINT('',(-5.113333333333,-0.31,4.8));
#1475 = LINE('',#1476,#1477);
#1476 = CARTESIAN_POINT('',(-5.113333333333,-0.31,2.));
#1477 = VECTOR('',#1478,1.);
#1478 = DIRECTION('',(0.,0.,1.));
#1479 = ORIENTED_EDGE('',*,*,#1480,.F.);
#1480 = EDGE_CURVE('',#1473,#1473,#1481,.T.);
#1481 = CIRCLE('',#1482,0.426666666667);
#1482 = AXIS2_PLACEMENT_3D('',#1483,#1484,#1485);
#1483 = CARTESIAN_POINT('',(-5.54,-0.31,4.8));
#1484 = DIRECTION('',(0.,0.,-1.));
#1485 = DIRECTION('',(1.,0.,0.));
#1486 = ORIENTED_EDGE('',*,*,#1472,.T.);
#1487 = CYLINDRICAL_SURFACE('',#1488,0.426666666667);
#1488 = AXIS2_PLACEMENT_3D('',#1489,#1490,#1491);
#1489 = CARTESIAN_POINT('',(-5.54,-0.31,2.));
#1490 = DIRECTION('',(-0.,-0.,-1.));
#1491 = DIRECTION('',(1.,0.,0.));
#1492 = ADVANCED_FACE('',(#1493),#1512,.F.);
#1493 = FACE_BOUND('',#1494,.F.);
#1494 = EDGE_LOOP('',(#1495,#1496,#1504,#1511));
#1495 = ORIENTED_EDGE('',*,*,#1084,.T.);
#1496 = ORIENTED_EDGE('',*,*,#1497,.F.);
#1497 = EDGE_CURVE('',#1498,#1077,#1500,.T.);
#1498 = VERTEX_POINT('',#1499);
#1499 = CARTESIAN_POINT('',(-7.883333333333,-0.31,4.8));
#1500 = LINE('',#1501,#1502);
#1501 = CARTESIAN_POINT('',(-7.883333333333,-0.31,2.));
#1502 = VECTOR('',#1503,1.);
#1503 = DIRECTION('',(0.,0.,1.));
#1504 = ORIENTED_EDGE('',*,*,#1505,.F.);
#1505 = EDGE_CURVE('',#1498,#1498,#1506,.T.);
#1506 = CIRCLE('',#1507,0.426666666667);
#1507 = AXIS2_PLACEMENT_3D('',#1508,#1509,#1510);
#1508 = CARTESIAN_POINT('',(-8.31,-0.31,4.8));
#1509 = DIRECTION('',(0.,0.,-1.));
#1510 = DIRECTION('',(1.,0.,0.));
#1511 = ORIENTED_EDGE('',*,*,#1497,.T.);
#1512 = CYLINDRICAL_SURFACE('',#1513,0.426666666667);
#1513 = AXIS2_PLACEMENT_3D('',#1514,#1515,#1516);
#1514 = CARTESIAN_POINT('',(-8.31,-0.31,2.));
#1515 = DIRECTION('',(-0.,-0.,-1.));
#1516 = DIRECTION('',(1.,0.,0.));
#1517 = ADVANCED_FACE('',(#1518),#1537,.F.);
#1518 = FACE_BOUND('',#1519,.F.);
#1519 = EDGE_LOOP('',(#1520,#1521,#1529,#1536));
#1520 = ORIENTED_EDGE('',*,*,#1109,.T.);
#1521 = ORIENTED_EDGE('',*,*,#1522,.F.);
#1522 = EDGE_CURVE('',#1523,#1102,#1525,.T.);
#1523 = VERTEX_POINT('',#1524);
#1524 = CARTESIAN_POINT('',(-10.65333333333,-0.31,4.8));
#1525 = LINE('',#1526,#1527);
#1526 = CARTESIAN_POINT('',(-10.65333333333,-0.31,2.));
#1527 = VECTOR('',#1528,1.);
#1528 = DIRECTION('',(0.,0.,1.));
#1529 = ORIENTED_EDGE('',*,*,#1530,.F.);
#1530 = EDGE_CURVE('',#1523,#1523,#1531,.T.);
#1531 = CIRCLE('',#1532,0.426666666667);
#1532 = AXIS2_PLACEMENT_3D('',#1533,#1534,#1535);
#1533 = CARTESIAN_POINT('',(-11.08,-0.31,4.8));
#1534 = DIRECTION('',(0.,0.,-1.));
#1535 = DIRECTION('',(1.,0.,0.));
#1536 = ORIENTED_EDGE('',*,*,#1522,.T.);
#1537 = CYLINDRICAL_SURFACE('',#1538,0.426666666667);
#1538 = AXIS2_PLACEMENT_3D('',#1539,#1540,#1541);
#1539 = CARTESIAN_POINT('',(-11.08,-0.31,2.));
#1540 = DIRECTION('',(-0.,-0.,-1.));
#1541 = DIRECTION('',(1.,0.,0.));
#1542 = ADVANCED_FACE('',(#1543),#1571,.F.);
#1543 = FACE_BOUND('',#1544,.F.);
#1544 = EDGE_LOOP('',(#1545,#1554,#1563,#1570));
#1545 = ORIENTED_EDGE('',*,*,#1546,.F.);
#1546 = EDGE_CURVE('',#1547,#1134,#1549,.T.);
#1547 = VERTEX_POINT('',#1548);
#1548 = CARTESIAN_POINT('',(-14.07539591059,1.253707578952,4.7));
#1549 = CIRCLE('',#1550,0.6);
#1550 = AXIS2_PLACEMENT_3D('',#1551,#1552,#1553);
#1551 = CARTESIAN_POINT('',(-14.07539591059,1.253707578952,5.3));
#1552 = DIRECTION('',(0.172682763155,-0.984977493808,0.));
#1553 = DIRECTION('',(0.,0.,-1.));
#1554 = ORIENTED_EDGE('',*,*,#1555,.T.);
#1555 = EDGE_CURVE('',#1547,#1556,#1558,.T.);
#1556 = VERTEX_POINT('',#1557);
#1557 = CARTESIAN_POINT('',(-12.49943192049,3.13,4.7));
#1558 = CIRCLE('',#1559,1.6);
#1559 = AXIS2_PLACEMENT_3D('',#1560,#1561,#1562);
#1560 = CARTESIAN_POINT('',(-12.49943192049,1.53,4.7));
#1561 = DIRECTION('',(-0.,0.,-1.));
#1562 = DIRECTION('',(-0.984977493808,-0.172682763155,0.));
#1563 = ORIENTED_EDGE('',*,*,#1564,.T.);
#1564 = EDGE_CURVE('',#1556,#1126,#1565,.T.);
#1565 = CIRCLE('',#1566,0.6);
#1566 = AXIS2_PLACEMENT_3D('',#1567,#1568,#1569);
#1567 = CARTESIAN_POINT('',(-12.49943192049,3.13,5.3));
#1568 = DIRECTION('',(-1.,2.775557561563E-17,0.));
#1569 = DIRECTION('',(2.775557561563E-17,1.,0.));
#1570 = ORIENTED_EDGE('',*,*,#1133,.F.);
#1571 = TOROIDAL_SURFACE('',#1572,1.6,0.6);
#1572 = AXIS2_PLACEMENT_3D('',#1573,#1574,#1575);
#1573 = CARTESIAN_POINT('',(-12.49943192049,1.53,5.3));
#1574 = DIRECTION('',(-0.,-0.,-1.));
#1575 = DIRECTION('',(-0.984977493808,-0.172682763155,0.));
#1576 = ADVANCED_FACE('',(#1577),#1596,.F.);
#1577 = FACE_BOUND('',#1578,.F.);
#1578 = EDGE_LOOP('',(#1579,#1587,#1594,#1595));
#1579 = ORIENTED_EDGE('',*,*,#1580,.T.);
#1580 = EDGE_CURVE('',#1556,#1581,#1583,.T.);
#1581 = VERTEX_POINT('',#1582);
#1582 = CARTESIAN_POINT('',(1.419431920499,3.13,4.7));
#1583 = LINE('',#1584,#1585);
#1584 = CARTESIAN_POINT('',(-12.49943192049,3.13,4.7));
#1585 = VECTOR('',#1586,1.);
#1586 = DIRECTION('',(1.,0.,0.));
#1587 = ORIENTED_EDGE('',*,*,#1588,.T.);
#1588 = EDGE_CURVE('',#1581,#1160,#1589,.T.);
#1589 = CIRCLE('',#1590,0.6);
#1590 = AXIS2_PLACEMENT_3D('',#1591,#1592,#1593);
#1591 = CARTESIAN_POINT('',(1.419431920499,3.13,5.3));
#1592 = DIRECTION('',(-1.,-0.,-0.));
#1593 = DIRECTION('',(0.,0.,-1.));
#1594 = ORIENTED_EDGE('',*,*,#1167,.F.);
#1595 = ORIENTED_EDGE('',*,*,#1564,.F.);
#1596 = CYLINDRICAL_SURFACE('',#1597,0.6);
#1597 = AXIS2_PLACEMENT_3D('',#1598,#1599,#1600);
#1598 = CARTESIAN_POINT('',(-12.49943192049,3.13,5.3));
#1599 = DIRECTION('',(1.,0.,0.));
#1600 = DIRECTION('',(0.,0.,-1.));
#1601 = ADVANCED_FACE('',(#1602),#1621,.F.);
#1602 = FACE_BOUND('',#1603,.F.);
#1603 = EDGE_LOOP('',(#1604,#1612,#1613,#1614));
#1604 = ORIENTED_EDGE('',*,*,#1605,.T.);
#1605 = EDGE_CURVE('',#1606,#1547,#1608,.T.);
#1606 = VERTEX_POINT('',#1607);
#1607 = CARTESIAN_POINT('',(-13.04102882198,-4.646292421048,4.7));
#1608 = LINE('',#1609,#1610);
#1609 = CARTESIAN_POINT('',(-13.04102882198,-4.646292421048,4.7));
#1610 = VECTOR('',#1611,1.);
#1611 = DIRECTION('',(-0.172682763155,0.984977493808,0.));
#1612 = ORIENTED_EDGE('',*,*,#1546,.T.);
#1613 = ORIENTED_EDGE('',*,*,#1191,.F.);
#1614 = ORIENTED_EDGE('',*,*,#1615,.F.);
#1615 = EDGE_CURVE('',#1606,#1182,#1616,.T.);
#1616 = CIRCLE('',#1617,0.6);
#1617 = AXIS2_PLACEMENT_3D('',#1618,#1619,#1620);
#1618 = CARTESIAN_POINT('',(-13.04102882198,-4.646292421048,5.3));
#1619 = DIRECTION('',(0.172682763155,-0.984977493808,0.));
#1620 = DIRECTION('',(-0.984977493808,-0.172682763155,0.));
#1621 = CYLINDRICAL_SURFACE('',#1622,0.6);
#1622 = AXIS2_PLACEMENT_3D('',#1623,#1624,#1625);
#1623 = CARTESIAN_POINT('',(-13.04102882198,-4.646292421048,5.3));
#1624 = DIRECTION('',(-0.172682763155,0.984977493808,0.));
#1625 = DIRECTION('',(0.,0.,-1.));
#1626 = ADVANCED_FACE('',(#1627),#1647,.F.);
#1627 = FACE_BOUND('',#1628,.F.);
#1628 = EDGE_LOOP('',(#1629,#1630,#1639,#1646));
#1629 = ORIENTED_EDGE('',*,*,#1588,.F.);
#1630 = ORIENTED_EDGE('',*,*,#1631,.T.);
#1631 = EDGE_CURVE('',#1581,#1632,#1634,.T.);
#1632 = VERTEX_POINT('',#1633);
#1633 = CARTESIAN_POINT('',(2.995395910593,1.253707578952,4.7));
#1634 = CIRCLE('',#1635,1.6);
#1635 = AXIS2_PLACEMENT_3D('',#1636,#1637,#1638);
#1636 = CARTESIAN_POINT('',(1.419431920499,1.53,4.7));
#1637 = DIRECTION('',(0.,0.,-1.));
#1638 = DIRECTION('',(0.,1.,0.));
#1639 = ORIENTED_EDGE('',*,*,#1640,.T.);
#1640 = EDGE_CURVE('',#1632,#1207,#1641,.T.);
#1641 = CIRCLE('',#1642,0.6);
#1642 = AXIS2_PLACEMENT_3D('',#1643,#1644,#1645);
#1643 = CARTESIAN_POINT('',(2.995395910593,1.253707578952,5.3));
#1644 = DIRECTION('',(0.172682763155,0.984977493808,0.));
#1645 = DIRECTION('',(0.,0.,-1.));
#1646 = ORIENTED_EDGE('',*,*,#1214,.F.);
#1647 = TOROIDAL_SURFACE('',#1648,1.6,0.6);
#1648 = AXIS2_PLACEMENT_3D('',#1649,#1650,#1651);
#1649 = CARTESIAN_POINT('',(1.419431920499,1.53,5.3));
#1650 = DIRECTION('',(-0.,-0.,-1.));
#1651 = DIRECTION('',(0.,1.,-0.));
#1652 = ADVANCED_FACE('',(#1653),#1673,.F.);
#1653 = FACE_BOUND('',#1654,.F.);
#1654 = EDGE_LOOP('',(#1655,#1664,#1671,#1672));
#1655 = ORIENTED_EDGE('',*,*,#1656,.F.);
#1656 = EDGE_CURVE('',#1657,#1233,#1659,.T.);
#1657 = VERTEX_POINT('',#1658);
#1658 = CARTESIAN_POINT('',(-11.46506483189,-5.97,4.7));
#1659 = CIRCLE('',#1660,0.6);
#1660 = AXIS2_PLACEMENT_3D('',#1661,#1662,#1663);
#1661 = CARTESIAN_POINT('',(-11.46506483189,-5.97,5.3));
#1662 = DIRECTION('',(1.,-0.,0.));
#1663 = DIRECTION('',(0.,0.,-1.));
#1664 = ORIENTED_EDGE('',*,*,#1665,.T.);
#1665 = EDGE_CURVE('',#1657,#1606,#1666,.T.);
#1666 = CIRCLE('',#1667,1.6);
#1667 = AXIS2_PLACEMENT_3D('',#1668,#1669,#1670);
#1668 = CARTESIAN_POINT('',(-11.46506483189,-4.37,4.7));
#1669 = DIRECTION('',(-0.,-0.,-1.));
#1670 = DIRECTION('',(0.,-1.,0.));
#1671 = ORIENTED_EDGE('',*,*,#1615,.T.);
#1672 = ORIENTED_EDGE('',*,*,#1232,.F.);
#1673 = TOROIDAL_SURFACE('',#1674,1.6,0.6);
#1674 = AXIS2_PLACEMENT_3D('',#1675,#1676,#1677);
#1675 = CARTESIAN_POINT('',(-11.46506483189,-4.37,5.3));
#1676 = DIRECTION('',(-0.,-0.,-1.));
#1677 = DIRECTION('',(0.,-1.,0.));
#1678 = ADVANCED_FACE('',(#1679),#1698,.F.);
#1679 = FACE_BOUND('',#1680,.F.);
#1680 = EDGE_LOOP('',(#1681,#1689,#1696,#1697));
#1681 = ORIENTED_EDGE('',*,*,#1682,.T.);
#1682 = EDGE_CURVE('',#1632,#1683,#1685,.T.);
#1683 = VERTEX_POINT('',#1684);
#1684 = CARTESIAN_POINT('',(1.961028821985,-4.646292421048,4.7));
#1685 = LINE('',#1686,#1687);
#1686 = CARTESIAN_POINT('',(2.995395910593,1.253707578952,4.7));
#1687 = VECTOR('',#1688,1.);
#1688 = DIRECTION('',(-0.172682763155,-0.984977493808,0.));
#1689 = ORIENTED_EDGE('',*,*,#1690,.T.);
#1690 = EDGE_CURVE('',#1683,#1256,#1691,.T.);
#1691 = CIRCLE('',#1692,0.6);
#1692 = AXIS2_PLACEMENT_3D('',#1693,#1694,#1695);
#1693 = CARTESIAN_POINT('',(1.961028821985,-4.646292421048,5.3));
#1694 = DIRECTION('',(0.172682763155,0.984977493808,0.));
#1695 = DIRECTION('',(0.,0.,-1.));
#1696 = ORIENTED_EDGE('',*,*,#1263,.F.);
#1697 = ORIENTED_EDGE('',*,*,#1640,.F.);
#1698 = CYLINDRICAL_SURFACE('',#1699,0.6);
#1699 = AXIS2_PLACEMENT_3D('',#1700,#1701,#1702);
#1700 = CARTESIAN_POINT('',(2.995395910593,1.253707578952,5.3));
#1701 = DIRECTION('',(-0.172682763155,-0.984977493808,0.));
#1702 = DIRECTION('',(-0.,0.,-1.));
#1703 = ADVANCED_FACE('',(#1704),#1723,.F.);
#1704 = FACE_BOUND('',#1705,.F.);
#1705 = EDGE_LOOP('',(#1706,#1714,#1715,#1716));
#1706 = ORIENTED_EDGE('',*,*,#1707,.T.);
#1707 = EDGE_CURVE('',#1708,#1657,#1710,.T.);
#1708 = VERTEX_POINT('',#1709);
#1709 = CARTESIAN_POINT('',(0.385064831892,-5.97,4.7));
#1710 = LINE('',#1711,#1712);
#1711 = CARTESIAN_POINT('',(0.385064831892,-5.97,4.7));
#1712 = VECTOR('',#1713,1.);
#1713 = DIRECTION('',(-1.,0.,0.));
#1714 = ORIENTED_EDGE('',*,*,#1656,.T.);
#1715 = ORIENTED_EDGE('',*,*,#1280,.F.);
#1716 = ORIENTED_EDGE('',*,*,#1717,.F.);
#1717 = EDGE_CURVE('',#1708,#1281,#1718,.T.);
#1718 = CIRCLE('',#1719,0.6);
#1719 = AXIS2_PLACEMENT_3D('',#1720,#1721,#1722);
#1720 = CARTESIAN_POINT('',(0.385064831892,-5.97,5.3));
#1721 = DIRECTION('',(1.,2.22044604925E-16,0.));
#1722 = DIRECTION('',(2.22044604925E-16,-1.,0.));
#1723 = CYLINDRICAL_SURFACE('',#1724,0.6);
#1724 = AXIS2_PLACEMENT_3D('',#1725,#1726,#1727);
#1725 = CARTESIAN_POINT('',(0.385064831892,-5.97,5.3));
#1726 = DIRECTION('',(-1.,0.,0.));
#1727 = DIRECTION('',(0.,0.,-1.));
#1728 = ADVANCED_FACE('',(#1729),#1741,.F.);
#1729 = FACE_BOUND('',#1730,.F.);
#1730 = EDGE_LOOP('',(#1731,#1732,#1739,#1740));
#1731 = ORIENTED_EDGE('',*,*,#1690,.F.);
#1732 = ORIENTED_EDGE('',*,*,#1733,.T.);
#1733 = EDGE_CURVE('',#1683,#1708,#1734,.T.);
#1734 = CIRCLE('',#1735,1.6);
#1735 = AXIS2_PLACEMENT_3D('',#1736,#1737,#1738);
#1736 = CARTESIAN_POINT('',(0.385064831892,-4.37,4.7));
#1737 = DIRECTION('',(0.,-0.,-1.));
#1738 = DIRECTION('',(0.984977493808,-0.172682763155,0.));
#1739 = ORIENTED_EDGE('',*,*,#1717,.T.);
#1740 = ORIENTED_EDGE('',*,*,#1305,.F.);
#1741 = TOROIDAL_SURFACE('',#1742,1.6,0.6);
#1742 = AXIS2_PLACEMENT_3D('',#1743,#1744,#1745);
#1743 = CARTESIAN_POINT('',(0.385064831892,-4.37,5.3));
#1744 = DIRECTION('',(-0.,-0.,-1.));
#1745 = DIRECTION('',(0.984977493808,-0.172682763155,0.));
#1746 = ADVANCED_FACE('',(#1747,#1923,#1926,#1929,#1932,#1935,#1938,
    #1941,#1944,#1947),#1950,.T.);
#1747 = FACE_BOUND('',#1748,.T.);
#1748 = EDGE_LOOP('',(#1749,#1774,#1782,#1846,#1854,#1886,#1894,#1917));
#1749 = ORIENTED_EDGE('',*,*,#1750,.F.);
#1750 = EDGE_CURVE('',#1751,#1753,#1755,.T.);
#1751 = VERTEX_POINT('',#1752);
#1752 = CARTESIAN_POINT('',(-9.422162569365E-02,-4.601662479036,4.8));
#1753 = VERTEX_POINT('',#1754);
#1754 = CARTESIAN_POINT('',(0.623132322557,-4.013990611352,4.8));
#1755 = B_SPLINE_CURVE_WITH_KNOTS('',5,(#1756,#1757,#1758,#1759,#1760,
    #1761,#1762,#1763,#1764,#1765,#1766,#1767,#1768,#1769,#1770,#1771,
    #1772,#1773),.UNSPECIFIED.,.F.,.F.,(6,4,4,4,6),(0.,0.261999905964,
    0.521999843393,0.793999573802,1.),.UNSPECIFIED.);
#1756 = CARTESIAN_POINT('',(-9.422162569365E-02,-4.601662479036,4.8));
#1757 = CARTESIAN_POINT('',(-4.159357539919E-02,-4.601662479036,4.8));
#1758 = CARTESIAN_POINT('',(1.103541580628E-02,-4.596930545633,4.8));
#1759 = CARTESIAN_POINT('',(6.309534524345E-02,-4.587466677703,4.8));
#1760 = CARTESIAN_POINT('',(0.114022546485,-4.573373343012,4.8));
#1761 = CARTESIAN_POINT('',(0.212168392947,-4.536470350241,4.8));
#1762 = CARTESIAN_POINT('',(0.259414095507,-4.513727405709,4.8));
#1763 = CARTESIAN_POINT('',(0.304499221427,-4.486818354332,4.8));
#1764 = CARTESIAN_POINT('',(0.346943079776,-4.456030096429,4.8));
#1765 = CARTESIAN_POINT('',(0.427525835838,-4.385843717401,4.8));
#1766 = CARTESIAN_POINT('',(0.465377231504,-4.346112403625,4.8));
#1767 = CARTESIAN_POINT('',(0.499398710744,-4.302953574914,4.8));
#1768 = CARTESIAN_POINT('',(0.529193117662,-4.256871053665,4.8));
#1769 = CARTESIAN_POINT('',(0.573605381334,-4.171743810627,4.8));
#1770 = CARTESIAN_POINT('',(0.590152133915,-4.133703421464,4.8));
#1771 = CARTESIAN_POINT('',(0.603977188047,-4.094555903561,4.8));
#1772 = CARTESIAN_POINT('',(0.61498888715,-4.054560794966,4.8));
#1773 = CARTESIAN_POINT('',(0.623132322557,-4.013990611352,4.8));
#1774 = ORIENTED_EDGE('',*,*,#1775,.T.);
#1775 = EDGE_CURVE('',#1751,#1776,#1778,.T.);
#1776 = VERTEX_POINT('',#1777);
#1777 = CARTESIAN_POINT('',(-10.9857783743,-4.601662479036,4.8));
#1778 = LINE('',#1779,#1780);
#1779 = CARTESIAN_POINT('',(-9.422162569365E-02,-4.601662479036,4.8));
#1780 = VECTOR('',#1781,1.);
#1781 = DIRECTION('',(-1.,0.,0.));
#1782 = ORIENTED_EDGE('',*,*,#1783,.F.);
#1783 = EDGE_CURVE('',#1784,#1776,#1786,.T.);
#1784 = VERTEX_POINT('',#1785);
#1785 = CARTESIAN_POINT('',(-11.70313232255,-4.013990611352,4.8));
#1786 = B_SPLINE_CURVE_WITH_KNOTS('',4,(#1787,#1788,#1789,#1790,#1791,
    #1792,#1793,#1794,#1795,#1796,#1797,#1798,#1799,#1800,#1801,#1802,
    #1803,#1804,#1805,#1806,#1807,#1808,#1809,#1810,#1811,#1812,#1813,
    #1814,#1815,#1816,#1817,#1818,#1819,#1820,#1821,#1822,#1823,#1824,
    #1825,#1826,#1827,#1828,#1829,#1830,#1831,#1832,#1833,#1834,#1835,
    #1836,#1837,#1838,#1839,#1840,#1841,#1842,#1843,#1844,#1845),
  .UNSPECIFIED.,.F.,.F.,(5,3,3,3,3,3,3,3,3,3,3,3,3,3,3,3,3,3,3,5),(0.,
    3.800001034003E-02,7.800002120795E-02,0.105000028591,0.120000032699,
    0.189000050255,0.214000057094,0.23800006366,0.289000077333,
    0.316000084716,0.34900009372,0.385000103529,0.413000111183,
    0.433000116658,0.456000122953,0.497000134083,0.681999999948,
    0.778000019247,0.844000036249,1.),.UNSPECIFIED.);
#1787 = CARTESIAN_POINT('',(-11.70313232255,-4.013990611352,4.8));
#1788 = CARTESIAN_POINT('',(-11.70125458579,-4.023345401022,4.8));
#1789 = CARTESIAN_POINT('',(-11.69921419177,-4.032667541609,4.8));
#1790 = CARTESIAN_POINT('',(-11.69701199229,-4.041952789605,4.8));
#1791 = CARTESIAN_POINT('',(-11.69216176124,-4.060927648591,4.8));
#1792 = CARTESIAN_POINT('',(-11.68949636496,-4.07061282147,4.8));
#1793 = CARTESIAN_POINT('',(-11.6866541206,-4.080247579282,4.8));
#1794 = CARTESIAN_POINT('',(-11.6815996813,-4.096293288155,4.8));
#1795 = CARTESIAN_POINT('',(-11.67948293231,-4.10273430529,4.8));
#1796 = CARTESIAN_POINT('',(-11.67728676432,-4.109148677761,4.8));
#1797 = CARTESIAN_POINT('',(-11.67374777268,-4.119082868539,4.8));
#1798 = CARTESIAN_POINT('',(-11.67245949584,-4.122622118841,4.8));
#1799 = CARTESIAN_POINT('',(-11.67114695705,-4.126152443451,4.8));
#1800 = CARTESIAN_POINT('',(-11.66366140205,-4.145870883684,4.8));
#1801 = CARTESIAN_POINT('',(-11.65700116759,-4.161874045372,4.8));
#1802 = CARTESIAN_POINT('',(-11.64983875034,-4.177658838252,4.8));
#1803 = CARTESIAN_POINT('',(-11.6394127238,-4.198833580923,4.8));
#1804 = CARTESIAN_POINT('',(-11.63657542357,-4.204433442,4.8));
#1805 = CARTESIAN_POINT('',(-11.63367424688,-4.210000478061,4.8));
#1806 = CARTESIAN_POINT('',(-11.62786388333,-4.220845402777,4.8));
#1807 = CARTESIAN_POINT('',(-11.62495965873,-4.226125950113,4.8));
#1808 = CARTESIAN_POINT('',(-11.62199761674,-4.231374283943,4.8));
#1809 = CARTESIAN_POINT('',(-11.61256226326,-4.247671711451,4.8));
#1810 = CARTESIAN_POINT('',(-11.60588760731,-4.258604238471,4.8));
#1811 = CARTESIAN_POINT('',(-11.59895957946,-4.269377984768,4.8));
#1812 = CARTESIAN_POINT('',(-11.58798523098,-4.285599380783,4.8));
#1813 = CARTESIAN_POINT('',(-11.58411704719,-4.291167547643,4.8));
#1814 = CARTESIAN_POINT('',(-11.58018036239,-4.296687496996,4.8));
#1815 = CARTESIAN_POINT('',(-11.57128198703,-4.308844117507,4.8));
#1816 = CARTESIAN_POINT('',(-11.56628692149,-4.315456359118,4.8));
#1817 = CARTESIAN_POINT('',(-11.56119257101,-4.321992413899,4.8));
#1818 = CARTESIAN_POINT('',(-11.55033686496,-4.335494791674,4.8));
#1819 = CARTESIAN_POINT('',(-11.54455697444,-4.342446213222,4.8));
#1820 = CARTESIAN_POINT('',(-11.53866334589,-4.34930146948,4.8));
#1821 = CARTESIAN_POINT('',(-11.52798792915,-4.361312741224,4.8));
#1822 = CARTESIAN_POINT('',(-11.5232501086,-4.366507834717,4.8));
#1823 = CARTESIAN_POINT('',(-11.51844611248,-4.371641796261,4.8));
#1824 = CARTESIAN_POINT('',(-11.51009930214,-4.380335934592,4.8));
#1825 = CARTESIAN_POINT('',(-11.50658831316,-4.383926665291,4.8));
#1826 = CARTESIAN_POINT('',(-11.50304460977,-4.387485113945,4.8));
#1827 = CARTESIAN_POINT('',(-11.49535627737,-4.395065419834,4.8));
#1828 = CARTESIAN_POINT('',(-11.49120124283,-4.399076723284,4.8));
#1829 = CARTESIAN_POINT('',(-11.48700422087,-4.403044074291,4.8));
#1830 = CARTESIAN_POINT('',(-11.475210676,-4.413959543622,4.8));
#1831 = CARTESIAN_POINT('',(-11.46752425058,-4.420810527898,4.8));
#1832 = CARTESIAN_POINT('',(-11.45971062931,-4.42751608112,4.8));
#1833 = CARTESIAN_POINT('',(-11.41596243473,-4.463657638731,4.8));
#1834 = CARTESIAN_POINT('',(-11.37764598548,-4.490211443922,4.8));
#1835 = CARTESIAN_POINT('',(-11.33721228943,-4.513414268704,4.8));
#1836 = CARTESIAN_POINT('',(-11.27327246216,-4.543244503675,4.8));
#1837 = CARTESIAN_POINT('',(-11.25098055501,-4.552476090271,4.8));
#1838 = CARTESIAN_POINT('',(-11.22830430453,-4.560718600767,4.8));
#1839 = CARTESIAN_POINT('',(-11.18950205515,-4.57292337572,4.8));
#1840 = CARTESIAN_POINT('',(-11.17354356589,-4.577418289264,4.8));
#1841 = CARTESIAN_POINT('',(-11.15745655615,-4.581428993049,4.8));
#1842 = CARTESIAN_POINT('',(-11.10298800406,-4.593274612047,4.8));
#1843 = CARTESIAN_POINT('',(-11.06411837684,-4.598866491308,4.8));
#1844 = CARTESIAN_POINT('',(-11.0249482417,-4.601662479036,4.8));
#1845 = CARTESIAN_POINT('',(-10.9857783743,-4.601662479036,4.8));
#1846 = ORIENTED_EDGE('',*,*,#1847,.T.);
#1847 = EDGE_CURVE('',#1784,#1848,#1850,.T.);
#1848 = VERTEX_POINT('',#1849);
#1849 = CARTESIAN_POINT('',(-12.68668304719,0.886009388648,4.8));
#1850 = LINE('',#1851,#1852);
#1851 = CARTESIAN_POINT('',(-11.70313232255,-4.013990611352,4.8));
#1852 = VECTOR('',#1853,1.);
#1853 = DIRECTION('',(-0.196799228439,0.98044380955,0.));
#1854 = ORIENTED_EDGE('',*,*,#1855,.F.);
#1855 = EDGE_CURVE('',#1856,#1848,#1858,.T.);
#1856 = VERTEX_POINT('',#1857);
#1857 = CARTESIAN_POINT('',(-11.96932909894,1.761662479036,4.8));
#1858 = B_SPLINE_CURVE_WITH_KNOTS('',6,(#1859,#1860,#1861,#1862,#1863,
    #1864,#1865,#1866,#1867,#1868,#1869,#1870,#1871,#1872,#1873,#1874,
    #1875,#1876,#1877,#1878,#1879,#1880,#1881,#1882,#1883,#1884,#1885),
  .UNSPECIFIED.,.F.,.F.,(7,5,5,5,5,7),(0.,0.321005045393,0.746990062242,
    0.85599433554,0.959998418736,1.),.UNSPECIFIED.);
#1859 = CARTESIAN_POINT('',(-11.96932909894,1.761662479036,4.8));
#1860 = CARTESIAN_POINT('',(-12.03856872185,1.761662479036,4.8));
#1861 = CARTESIAN_POINT('',(-12.10781433465,1.753799114476,4.8));
#1862 = CARTESIAN_POINT('',(-12.17593663374,1.738072322982,4.8));
#1863 = CARTESIAN_POINT('',(-12.24182682119,1.714695779156,4.8));
#1864 = CARTESIAN_POINT('',(-12.30443518075,1.684085638541,4.8));
#1865 = CARTESIAN_POINT('',(-12.44027463832,1.597435322607,4.8));
#1866 = CARTESIAN_POINT('',(-12.51031492587,1.536333354864,4.8));
#1867 = CARTESIAN_POINT('',(-12.57067323845,1.464967643801,4.8));
#1868 = CARTESIAN_POINT('',(-12.61955877945,1.385303382711,4.8));
#1869 = CARTESIAN_POINT('',(-12.6556656812,1.299656526443,4.8));
#1870 = CARTESIAN_POINT('',(-12.68415192247,1.187832569977,4.8));
#1871 = CARTESIAN_POINT('',(-12.6890774188,1.164824517776,4.8));
#1872 = CARTESIAN_POINT('',(-12.69311350919,1.141635101985,4.8));
#1873 = CARTESIAN_POINT('',(-12.6962521495,1.118307265236,4.8));
#1874 = CARTESIAN_POINT('',(-12.69848807108,1.094884378249,4.8));
#1875 = CARTESIAN_POINT('',(-12.70108844881,1.049012895475,4.8));
#1876 = CARTESIAN_POINT('',(-12.70153405386,1.026568786128,4.8));
#1877 = CARTESIAN_POINT('',(-12.70115344771,1.004115943497,4.8));
#1878 = CARTESIAN_POINT('',(-12.69994680814,0.981692317023,4.8));
#1879 = CARTESIAN_POINT('',(-12.69791663896,0.95933577388,4.8));
#1880 = CARTESIAN_POINT('',(-12.69397205077,0.928525760155,4.8));
#1881 = CARTESIAN_POINT('',(-12.69275522157,0.919982926562,4.8));
#1882 = CARTESIAN_POINT('',(-12.69141755678,0.911457741591,4.8));
#1883 = CARTESIAN_POINT('',(-12.68995938109,0.902952340393,4.8));
#1884 = CARTESIAN_POINT('',(-12.68838106948,0.894468849863,4.8));
#1885 = CARTESIAN_POINT('',(-12.68668304719,0.886009388648,4.8));
#1886 = ORIENTED_EDGE('',*,*,#1887,.T.);
#1887 = EDGE_CURVE('',#1856,#1888,#1890,.T.);
#1888 = VERTEX_POINT('',#1889);
#1889 = CARTESIAN_POINT('',(0.889329098944,1.761662479036,4.8));
#1890 = LINE('',#1891,#1892);
#1891 = CARTESIAN_POINT('',(-11.96932909894,1.761662479036,4.8));
#1892 = VECTOR('',#1893,1.);
#1893 = DIRECTION('',(1.,0.,0.));
#1894 = ORIENTED_EDGE('',*,*,#1895,.F.);
#1895 = EDGE_CURVE('',#1896,#1888,#1898,.T.);
#1896 = VERTEX_POINT('',#1897);
#1897 = CARTESIAN_POINT('',(1.606683047195,0.886009388648,4.8));
#1898 = B_SPLINE_CURVE_WITH_KNOTS('',5,(#1899,#1900,#1901,#1902,#1903,
    #1904,#1905,#1906,#1907,#1908,#1909,#1910,#1911,#1912,#1913,#1914,
    #1915,#1916),.UNSPECIFIED.,.F.,.F.,(6,4,4,4,6),(0.,0.25,0.5,0.75,1.)
  ,.UNSPECIFIED.);
#1899 = CARTESIAN_POINT('',(1.606683047195,0.886009388648,4.8));
#1900 = CARTESIAN_POINT('',(1.619418100429,0.949454780212,4.8));
#1901 = CARTESIAN_POINT('',(1.625139317487,1.014310693352,4.8));
#1902 = CARTESIAN_POINT('',(1.623637647955,1.079535713437,4.8));
#1903 = CARTESIAN_POINT('',(1.614937731643,1.144059610173,4.8));
#1904 = CARTESIAN_POINT('',(1.583654918052,1.269643776134,4.8));
#1905 = CARTESIAN_POINT('',(1.561070754396,1.330709129205,4.8));
#1906 = CARTESIAN_POINT('',(1.53180056574,1.389017055875,4.8));
#1907 = CARTESIAN_POINT('',(1.496324625493,1.443610823444,4.8));
#1908 = CARTESIAN_POINT('',(1.414307521643,1.543726715502,4.8));
#1909 = CARTESIAN_POINT('',(1.367763037859,1.58925289284,4.8));
#1910 = CARTESIAN_POINT('',(1.316355742651,1.629425623093,4.8));
#1911 = CARTESIAN_POINT('',(1.260929141237,1.663585740912,4.8));
#1912 = CARTESIAN_POINT('',(1.143957356721,1.718971648808,4.8));
#1913 = CARTESIAN_POINT('',(1.082407438416,1.740199680993,4.8));
#1914 = CARTESIAN_POINT('',(1.018753498651,1.754508217218,4.8));
#1915 = CARTESIAN_POINT('',(0.954039988998,1.761662479036,4.8));
#1916 = CARTESIAN_POINT('',(0.889329098944,1.761662479036,4.8));
#1917 = ORIENTED_EDGE('',*,*,#1918,.T.);
#1918 = EDGE_CURVE('',#1896,#1753,#1919,.T.);
#1919 = LINE('',#1920,#1921);
#1920 = CARTESIAN_POINT('',(1.606683047195,0.886009388648,4.8));
#1921 = VECTOR('',#1922,1.);
#1922 = DIRECTION('',(-0.196799228439,-0.98044380955,0.));
#1923 = FACE_BOUND('',#1924,.T.);
#1924 = EDGE_LOOP('',(#1925));
#1925 = ORIENTED_EDGE('',*,*,#1330,.F.);
#1926 = FACE_BOUND('',#1927,.T.);
#1927 = EDGE_LOOP('',(#1928));
#1928 = ORIENTED_EDGE('',*,*,#1355,.F.);
#1929 = FACE_BOUND('',#1930,.T.);
#1930 = EDGE_LOOP('',(#1931));
#1931 = ORIENTED_EDGE('',*,*,#1380,.F.);
#1932 = FACE_BOUND('',#1933,.T.);
#1933 = EDGE_LOOP('',(#1934));
#1934 = ORIENTED_EDGE('',*,*,#1405,.F.);
#1935 = FACE_BOUND('',#1936,.T.);
#1936 = EDGE_LOOP('',(#1937));
#1937 = ORIENTED_EDGE('',*,*,#1430,.F.);
#1938 = FACE_BOUND('',#1939,.T.);
#1939 = EDGE_LOOP('',(#1940));
#1940 = ORIENTED_EDGE('',*,*,#1455,.F.);
#1941 = FACE_BOUND('',#1942,.T.);
#1942 = EDGE_LOOP('',(#1943));
#1943 = ORIENTED_EDGE('',*,*,#1480,.F.);
#1944 = FACE_BOUND('',#1945,.T.);
#1945 = EDGE_LOOP('',(#1946));
#1946 = ORIENTED_EDGE('',*,*,#1505,.F.);
#1947 = FACE_BOUND('',#1948,.T.);
#1948 = EDGE_LOOP('',(#1949));
#1949 = ORIENTED_EDGE('',*,*,#1530,.F.);
#1950 = PLANE('',#1951);
#1951 = AXIS2_PLACEMENT_3D('',#1952,#1953,#1954);
#1952 = CARTESIAN_POINT('',(-5.54,-1.183416652393,4.8));
#1953 = DIRECTION('',(-0.,-0.,-1.));
#1954 = DIRECTION('',(-1.,0.,0.));
#1955 = ADVANCED_FACE('',(#1956,#1966,#2036,#2047),#2058,.T.);
#1956 = FACE_BOUND('',#1957,.T.);
#1957 = EDGE_LOOP('',(#1958,#1959,#1960,#1961,#1962,#1963,#1964,#1965));
#1958 = ORIENTED_EDGE('',*,*,#1682,.T.);
#1959 = ORIENTED_EDGE('',*,*,#1733,.T.);
#1960 = ORIENTED_EDGE('',*,*,#1707,.T.);
#1961 = ORIENTED_EDGE('',*,*,#1665,.T.);
#1962 = ORIENTED_EDGE('',*,*,#1605,.T.);
#1963 = ORIENTED_EDGE('',*,*,#1555,.T.);
#1964 = ORIENTED_EDGE('',*,*,#1580,.T.);
#1965 = ORIENTED_EDGE('',*,*,#1631,.T.);
#1966 = FACE_BOUND('',#1967,.T.);
#1967 = EDGE_LOOP('',(#1968,#1978,#1987,#1995,#2004,#2012,#2021,#2029));
#1968 = ORIENTED_EDGE('',*,*,#1969,.T.);
#1969 = EDGE_CURVE('',#1970,#1972,#1974,.T.);
#1970 = VERTEX_POINT('',#1971);
#1971 = CARTESIAN_POINT('',(8.86,4.73,4.7));
#1972 = VERTEX_POINT('',#1973);
#1973 = CARTESIAN_POINT('',(-19.94,4.73,4.7));
#1974 = LINE('',#1975,#1976);
#1975 = CARTESIAN_POINT('',(8.86,4.73,4.7));
#1976 = VECTOR('',#1977,1.);
#1977 = DIRECTION('',(-1.,0.,0.));
#1978 = ORIENTED_EDGE('',*,*,#1979,.T.);
#1979 = EDGE_CURVE('',#1972,#1980,#1982,.T.);
#1980 = VERTEX_POINT('',#1981);
#1981 = CARTESIAN_POINT('',(-20.84,3.83,4.7));
#1982 = CIRCLE('',#1983,0.9);
#1983 = AXIS2_PLACEMENT_3D('',#1984,#1985,#1986);
#1984 = CARTESIAN_POINT('',(-19.94,3.83,4.7));
#1985 = DIRECTION('',(0.,-0.,1.));
#1986 = DIRECTION('',(0.,1.,0.));
#1987 = ORIENTED_EDGE('',*,*,#1988,.T.);
#1988 = EDGE_CURVE('',#1980,#1989,#1991,.T.);
#1989 = VERTEX_POINT('',#1990);
#1990 = CARTESIAN_POINT('',(-20.84,-6.67,4.7));
#1991 = LINE('',#1992,#1993);
#1992 = CARTESIAN_POINT('',(-20.84,3.83,4.7));
#1993 = VECTOR('',#1994,1.);
#1994 = DIRECTION('',(0.,-1.,0.));
#1995 = ORIENTED_EDGE('',*,*,#1996,.T.);
#1996 = EDGE_CURVE('',#1989,#1997,#1999,.T.);
#1997 = VERTEX_POINT('',#1998);
#1998 = CARTESIAN_POINT('',(-19.94,-7.57,4.7));
#1999 = CIRCLE('',#2000,0.9);
#2000 = AXIS2_PLACEMENT_3D('',#2001,#2002,#2003);
#2001 = CARTESIAN_POINT('',(-19.94,-6.67,4.7));
#2002 = DIRECTION('',(0.,0.,1.));
#2003 = DIRECTION('',(-1.,0.,0.));
#2004 = ORIENTED_EDGE('',*,*,#2005,.T.);
#2005 = EDGE_CURVE('',#1997,#2006,#2008,.T.);
#2006 = VERTEX_POINT('',#2007);
#2007 = CARTESIAN_POINT('',(8.86,-7.57,4.7));
#2008 = LINE('',#2009,#2010);
#2009 = CARTESIAN_POINT('',(-19.94,-7.57,4.7));
#2010 = VECTOR('',#2011,1.);
#2011 = DIRECTION('',(1.,0.,0.));
#2012 = ORIENTED_EDGE('',*,*,#2013,.T.);
#2013 = EDGE_CURVE('',#2006,#2014,#2016,.T.);
#2014 = VERTEX_POINT('',#2015);
#2015 = CARTESIAN_POINT('',(9.76,-6.67,4.7));
#2016 = CIRCLE('',#2017,0.9);
#2017 = AXIS2_PLACEMENT_3D('',#2018,#2019,#2020);
#2018 = CARTESIAN_POINT('',(8.86,-6.67,4.7));
#2019 = DIRECTION('',(-0.,0.,1.));
#2020 = DIRECTION('',(0.,-1.,0.));
#2021 = ORIENTED_EDGE('',*,*,#2022,.T.);
#2022 = EDGE_CURVE('',#2014,#2023,#2025,.T.);
#2023 = VERTEX_POINT('',#2024);
#2024 = CARTESIAN_POINT('',(9.76,3.83,4.7));
#2025 = LINE('',#2026,#2027);
#2026 = CARTESIAN_POINT('',(9.76,-6.67,4.7));
#2027 = VECTOR('',#2028,1.);
#2028 = DIRECTION('',(0.,1.,0.));
#2029 = ORIENTED_EDGE('',*,*,#2030,.T.);
#2030 = EDGE_CURVE('',#2023,#1970,#2031,.T.);
#2031 = CIRCLE('',#2032,0.9);
#2032 = AXIS2_PLACEMENT_3D('',#2033,#2034,#2035);
#2033 = CARTESIAN_POINT('',(8.86,3.83,4.7));
#2034 = DIRECTION('',(0.,0.,1.));
#2035 = DIRECTION('',(1.,0.,-0.));
#2036 = FACE_BOUND('',#2037,.T.);
#2037 = EDGE_LOOP('',(#2038));
#2038 = ORIENTED_EDGE('',*,*,#2039,.F.);
#2039 = EDGE_CURVE('',#2040,#2040,#2042,.T.);
#2040 = VERTEX_POINT('',#2041);
#2041 = CARTESIAN_POINT('',(-16.34,-1.42,4.7));
#2042 = CIRCLE('',#2043,1.7);
#2043 = AXIS2_PLACEMENT_3D('',#2044,#2045,#2046);
#2044 = CARTESIAN_POINT('',(-18.04,-1.42,4.7));
#2045 = DIRECTION('',(0.,0.,1.));
#2046 = DIRECTION('',(1.,0.,-0.));
#2047 = FACE_BOUND('',#2048,.T.);
#2048 = EDGE_LOOP('',(#2049));
#2049 = ORIENTED_EDGE('',*,*,#2050,.F.);
#2050 = EDGE_CURVE('',#2051,#2051,#2053,.T.);
#2051 = VERTEX_POINT('',#2052);
#2052 = CARTESIAN_POINT('',(8.66,-1.42,4.7));
#2053 = CIRCLE('',#2054,1.7);
#2054 = AXIS2_PLACEMENT_3D('',#2055,#2056,#2057);
#2055 = CARTESIAN_POINT('',(6.96,-1.42,4.7));
#2056 = DIRECTION('',(0.,0.,1.));
#2057 = DIRECTION('',(1.,0.,-0.));
#2058 = PLANE('',#2059);
#2059 = AXIS2_PLACEMENT_3D('',#2060,#2061,#2062);
#2060 = CARTESIAN_POINT('',(-5.54,-1.42,4.7));
#2061 = DIRECTION('',(0.,0.,1.));
#2062 = DIRECTION('',(1.,0.,-0.));
#2063 = ADVANCED_FACE('',(#2064),#2092,.F.);
#2064 = FACE_BOUND('',#2065,.F.);
#2065 = EDGE_LOOP('',(#2066,#2075,#2076,#2085));
#2066 = ORIENTED_EDGE('',*,*,#2067,.F.);
#2067 = EDGE_CURVE('',#1753,#2068,#2070,.T.);
#2068 = VERTEX_POINT('',#2069);
#2069 = CARTESIAN_POINT('',(0.297955898127,-3.948719691376,4.7));
#2070 = CIRCLE('',#2071,0.6);
#2071 = AXIS2_PLACEMENT_3D('',#2072,#2073,#2074);
#2072 = CARTESIAN_POINT('',(0.297955898127,-3.948719691376,5.3));
#2073 = DIRECTION('',(0.196799228439,0.98044380955,0.));
#2074 = DIRECTION('',(0.98044380955,-0.196799228439,0.));
#2075 = ORIENTED_EDGE('',*,*,#1750,.F.);
#2076 = ORIENTED_EDGE('',*,*,#2077,.T.);
#2077 = EDGE_CURVE('',#1751,#2078,#2080,.T.);
#2078 = VERTEX_POINT('',#2079);
#2079 = CARTESIAN_POINT('',(-9.422162569365E-02,-4.27,4.7));
#2080 = CIRCLE('',#2081,0.6);
#2081 = AXIS2_PLACEMENT_3D('',#2082,#2083,#2084);
#2082 = CARTESIAN_POINT('',(-9.422162569365E-02,-4.27,5.3));
#2083 = DIRECTION('',(1.,-4.718447854657E-16,0.));
#2084 = DIRECTION('',(-4.718447854657E-16,-1.,0.));
#2085 = ORIENTED_EDGE('',*,*,#2086,.F.);
#2086 = EDGE_CURVE('',#2068,#2078,#2087,.T.);
#2087 = CIRCLE('',#2088,0.4);
#2088 = AXIS2_PLACEMENT_3D('',#2089,#2090,#2091);
#2089 = CARTESIAN_POINT('',(-9.422162569365E-02,-3.87,4.7));
#2090 = DIRECTION('',(0.,-0.,-1.));
#2091 = DIRECTION('',(0.98044380955,-0.196799228439,0.));
#2092 = SURFACE_OF_REVOLUTION('',#2093,#2100);
#2093 = B_SPLINE_CURVE_WITH_KNOTS('',5,(#2094,#2095,#2096,#2097,#2098,
    #2099),.UNSPECIFIED.,.F.,.F.,(6,6),(0.985110783338,1.570796326795),
  .PIECEWISE_BEZIER_KNOTS.);
#2094 = CARTESIAN_POINT('',(0.623132322557,-4.013990611352,4.8));
#2095 = CARTESIAN_POINT('',(0.565709146015,-4.002464365046,
    4.761150016144));
#2096 = CARTESIAN_POINT('',(0.50270898642,-3.989818680837,4.730875000496
    ));
#2097 = CARTESIAN_POINT('',(0.43577171187,-3.976382720656,4.710290090423
    ));
#2098 = CARTESIAN_POINT('',(0.366863709978,-3.962551186943,4.7));
#2099 = CARTESIAN_POINT('',(0.297955898127,-3.948719691376,4.7));
#2100 = AXIS1_PLACEMENT('',#2101,#2102);
#2101 = CARTESIAN_POINT('',(-9.422162569365E-02,-3.87,5.3));
#2102 = DIRECTION('',(-0.,-0.,-1.));
#2103 = ADVANCED_FACE('',(#2104),#2123,.F.);
#2104 = FACE_BOUND('',#2105,.F.);
#2105 = EDGE_LOOP('',(#2106,#2107,#2115,#2122));
#2106 = ORIENTED_EDGE('',*,*,#2067,.T.);
#2107 = ORIENTED_EDGE('',*,*,#2108,.F.);
#2108 = EDGE_CURVE('',#2109,#2068,#2111,.T.);
#2109 = VERTEX_POINT('',#2110);
#2110 = CARTESIAN_POINT('',(1.281506622764,0.951280308624,4.7));
#2111 = LINE('',#2112,#2113);
#2112 = CARTESIAN_POINT('',(1.281506622764,0.951280308624,4.7));
#2113 = VECTOR('',#2114,1.);
#2114 = DIRECTION('',(-0.196799228439,-0.98044380955,0.));
#2115 = ORIENTED_EDGE('',*,*,#2116,.F.);
#2116 = EDGE_CURVE('',#1896,#2109,#2117,.T.);
#2117 = CIRCLE('',#2118,0.6);
#2118 = AXIS2_PLACEMENT_3D('',#2119,#2120,#2121);
#2119 = CARTESIAN_POINT('',(1.281506622764,0.951280308624,5.3));
#2120 = DIRECTION('',(0.196799228439,0.98044380955,0.));
#2121 = DIRECTION('',(0.98044380955,-0.196799228439,0.));
#2122 = ORIENTED_EDGE('',*,*,#1918,.T.);
#2123 = CYLINDRICAL_SURFACE('',#2124,0.6);
#2124 = AXIS2_PLACEMENT_3D('',#2125,#2126,#2127);
#2125 = CARTESIAN_POINT('',(1.281506622764,0.951280308624,5.3));
#2126 = DIRECTION('',(-0.196799228439,-0.98044380955,0.));
#2127 = DIRECTION('',(0.98044380955,-0.196799228439,0.));
#2128 = ADVANCED_FACE('',(#2129),#2149,.F.);
#2129 = FACE_BOUND('',#2130,.F.);
#2130 = EDGE_LOOP('',(#2131,#2140,#2141,#2142));
#2131 = ORIENTED_EDGE('',*,*,#2132,.F.);
#2132 = EDGE_CURVE('',#1888,#2133,#2135,.T.);
#2133 = VERTEX_POINT('',#2134);
#2134 = CARTESIAN_POINT('',(0.889329098944,1.43,4.7));
#2135 = CIRCLE('',#2136,0.6);
#2136 = AXIS2_PLACEMENT_3D('',#2137,#2138,#2139);
#2137 = CARTESIAN_POINT('',(0.889329098944,1.43,5.3));
#2138 = DIRECTION('',(-1.,0.,0.));
#2139 = DIRECTION('',(0.,1.,0.));
#2140 = ORIENTED_EDGE('',*,*,#1895,.F.);
#2141 = ORIENTED_EDGE('',*,*,#2116,.T.);
#2142 = ORIENTED_EDGE('',*,*,#2143,.F.);
#2143 = EDGE_CURVE('',#2133,#2109,#2144,.T.);
#2144 = CIRCLE('',#2145,0.4);
#2145 = AXIS2_PLACEMENT_3D('',#2146,#2147,#2148);
#2146 = CARTESIAN_POINT('',(0.889329098944,1.03,4.7));
#2147 = DIRECTION('',(0.,0.,-1.));
#2148 = DIRECTION('',(0.,1.,0.));
#2149 = SURFACE_OF_REVOLUTION('',#2150,#2157);
#2150 = B_SPLINE_CURVE_WITH_KNOTS('',5,(#2151,#2152,#2153,#2154,#2155,
    #2156),.UNSPECIFIED.,.F.,.F.,(6,6),(0.985110783338,1.570796326795),
  .PIECEWISE_BEZIER_KNOTS.);
#2151 = CARTESIAN_POINT('',(0.889329098944,1.761662479036,4.8));
#2152 = CARTESIAN_POINT('',(0.889329098944,1.70309392469,4.761150016144)
  );
#2153 = CARTESIAN_POINT('',(0.889329098944,1.638837147319,4.730875000496
    ));
#2154 = CARTESIAN_POINT('',(0.889329098944,1.570564724262,4.710290090423
    ));
#2155 = CARTESIAN_POINT('',(0.889329098944,1.500282265215,4.7));
#2156 = CARTESIAN_POINT('',(0.889329098944,1.43,4.7));
#2157 = AXIS1_PLACEMENT('',#2158,#2159);
#2158 = CARTESIAN_POINT('',(0.889329098944,1.03,5.3));
#2159 = DIRECTION('',(-0.,-0.,-1.));
#2160 = ADVANCED_FACE('',(#2161),#2180,.F.);
#2161 = FACE_BOUND('',#2162,.F.);
#2162 = EDGE_LOOP('',(#2163,#2164,#2172,#2179));
#2163 = ORIENTED_EDGE('',*,*,#2132,.T.);
#2164 = ORIENTED_EDGE('',*,*,#2165,.F.);
#2165 = EDGE_CURVE('',#2166,#2133,#2168,.T.);
#2166 = VERTEX_POINT('',#2167);
#2167 = CARTESIAN_POINT('',(-11.96932909894,1.43,4.7));
#2168 = LINE('',#2169,#2170);
#2169 = CARTESIAN_POINT('',(-11.96932909894,1.43,4.7));
#2170 = VECTOR('',#2171,1.);
#2171 = DIRECTION('',(1.,0.,0.));
#2172 = ORIENTED_EDGE('',*,*,#2173,.F.);
#2173 = EDGE_CURVE('',#1856,#2166,#2174,.T.);
#2174 = CIRCLE('',#2175,0.6);
#2175 = AXIS2_PLACEMENT_3D('',#2176,#2177,#2178);
#2176 = CARTESIAN_POINT('',(-11.96932909894,1.43,5.3));
#2177 = DIRECTION('',(-1.,8.326672684689E-17,0.));
#2178 = DIRECTION('',(8.326672684689E-17,1.,0.));
#2179 = ORIENTED_EDGE('',*,*,#1887,.T.);
#2180 = CYLINDRICAL_SURFACE('',#2181,0.6);
#2181 = AXIS2_PLACEMENT_3D('',#2182,#2183,#2184);
#2182 = CARTESIAN_POINT('',(-11.96932909894,1.43,5.3));
#2183 = DIRECTION('',(1.,0.,0.));
#2184 = DIRECTION('',(-0.,1.,0.));
#2185 = ADVANCED_FACE('',(#2186),#2206,.F.);
#2186 = FACE_BOUND('',#2187,.F.);
#2187 = EDGE_LOOP('',(#2188,#2197,#2198,#2199));
#2188 = ORIENTED_EDGE('',*,*,#2189,.F.);
#2189 = EDGE_CURVE('',#1848,#2190,#2192,.T.);
#2190 = VERTEX_POINT('',#2191);
#2191 = CARTESIAN_POINT('',(-12.36150662276,0.951280308624,4.7));
#2192 = CIRCLE('',#2193,0.6);
#2193 = AXIS2_PLACEMENT_3D('',#2194,#2195,#2196);
#2194 = CARTESIAN_POINT('',(-12.36150662276,0.951280308624,5.3));
#2195 = DIRECTION('',(0.196799228439,-0.98044380955,0.));
#2196 = DIRECTION('',(-0.98044380955,-0.196799228439,0.));
#2197 = ORIENTED_EDGE('',*,*,#1855,.F.);
#2198 = ORIENTED_EDGE('',*,*,#2173,.T.);
#2199 = ORIENTED_EDGE('',*,*,#2200,.F.);
#2200 = EDGE_CURVE('',#2190,#2166,#2201,.T.);
#2201 = CIRCLE('',#2202,0.4);
#2202 = AXIS2_PLACEMENT_3D('',#2203,#2204,#2205);
#2203 = CARTESIAN_POINT('',(-11.96932909894,1.03,4.7));
#2204 = DIRECTION('',(-0.,0.,-1.));
#2205 = DIRECTION('',(-0.98044380955,-0.196799228439,0.));
#2206 = SURFACE_OF_REVOLUTION('',#2207,#2214);
#2207 = B_SPLINE_CURVE_WITH_KNOTS('',5,(#2208,#2209,#2210,#2211,#2212,
    #2213),.UNSPECIFIED.,.F.,.F.,(6,6),(0.985110783338,1.570796326795),
  .PIECEWISE_BEZIER_KNOTS.);
#2208 = CARTESIAN_POINT('',(-12.68668304719,0.886009388648,4.8));
#2209 = CARTESIAN_POINT('',(-12.62925987065,0.897535634954,
    4.761150016144));
#2210 = CARTESIAN_POINT('',(-12.56625971105,0.910181319163,
    4.730875000496));
#2211 = CARTESIAN_POINT('',(-12.4993224365,0.923617279344,4.710290090423
    ));
#2212 = CARTESIAN_POINT('',(-12.43041443461,0.937448813057,4.7));
#2213 = CARTESIAN_POINT('',(-12.36150662276,0.951280308624,4.7));
#2214 = AXIS1_PLACEMENT('',#2215,#2216);
#2215 = CARTESIAN_POINT('',(-11.96932909894,1.03,5.3));
#2216 = DIRECTION('',(-0.,-0.,-1.));
#2217 = ADVANCED_FACE('',(#2218),#2237,.F.);
#2218 = FACE_BOUND('',#2219,.F.);
#2219 = EDGE_LOOP('',(#2220,#2221,#2229,#2236));
#2220 = ORIENTED_EDGE('',*,*,#2189,.T.);
#2221 = ORIENTED_EDGE('',*,*,#2222,.F.);
#2222 = EDGE_CURVE('',#2223,#2190,#2225,.T.);
#2223 = VERTEX_POINT('',#2224);
#2224 = CARTESIAN_POINT('',(-11.37795589812,-3.948719691376,4.7));
#2225 = LINE('',#2226,#2227);
#2226 = CARTESIAN_POINT('',(-11.37795589812,-3.948719691376,4.7));
#2227 = VECTOR('',#2228,1.);
#2228 = DIRECTION('',(-0.196799228439,0.98044380955,0.));
#2229 = ORIENTED_EDGE('',*,*,#2230,.F.);
#2230 = EDGE_CURVE('',#1784,#2223,#2231,.T.);
#2231 = CIRCLE('',#2232,0.6);
#2232 = AXIS2_PLACEMENT_3D('',#2233,#2234,#2235);
#2233 = CARTESIAN_POINT('',(-11.37795589812,-3.948719691376,5.3));
#2234 = DIRECTION('',(0.196799228439,-0.98044380955,0.));
#2235 = DIRECTION('',(-0.98044380955,-0.196799228439,0.));
#2236 = ORIENTED_EDGE('',*,*,#1847,.T.);
#2237 = CYLINDRICAL_SURFACE('',#2238,0.6);
#2238 = AXIS2_PLACEMENT_3D('',#2239,#2240,#2241);
#2239 = CARTESIAN_POINT('',(-11.37795589812,-3.948719691376,5.3));
#2240 = DIRECTION('',(-0.196799228439,0.98044380955,0.));
#2241 = DIRECTION('',(-0.98044380955,-0.196799228439,0.));
#2242 = ADVANCED_FACE('',(#2243),#2263,.F.);
#2243 = FACE_BOUND('',#2244,.F.);
#2244 = EDGE_LOOP('',(#2245,#2254,#2255,#2256));
#2245 = ORIENTED_EDGE('',*,*,#2246,.F.);
#2246 = EDGE_CURVE('',#1776,#2247,#2249,.T.);
#2247 = VERTEX_POINT('',#2248);
#2248 = CARTESIAN_POINT('',(-10.9857783743,-4.27,4.7));
#2249 = CIRCLE('',#2250,0.6);
#2250 = AXIS2_PLACEMENT_3D('',#2251,#2252,#2253);
#2251 = CARTESIAN_POINT('',(-10.9857783743,-4.27,5.3));
#2252 = DIRECTION('',(1.,0.,0.));
#2253 = DIRECTION('',(0.,-1.,0.));
#2254 = ORIENTED_EDGE('',*,*,#1783,.F.);
#2255 = ORIENTED_EDGE('',*,*,#2230,.T.);
#2256 = ORIENTED_EDGE('',*,*,#2257,.F.);
#2257 = EDGE_CURVE('',#2247,#2223,#2258,.T.);
#2258 = CIRCLE('',#2259,0.4);
#2259 = AXIS2_PLACEMENT_3D('',#2260,#2261,#2262);
#2260 = CARTESIAN_POINT('',(-10.9857783743,-3.87,4.7));
#2261 = DIRECTION('',(-0.,-0.,-1.));
#2262 = DIRECTION('',(0.,-1.,0.));
#2263 = SURFACE_OF_REVOLUTION('',#2264,#2271);
#2264 = B_SPLINE_CURVE_WITH_KNOTS('',5,(#2265,#2266,#2267,#2268,#2269,
    #2270),.UNSPECIFIED.,.F.,.F.,(6,6),(0.985110783338,1.570796326795),
  .PIECEWISE_BEZIER_KNOTS.);
#2265 = CARTESIAN_POINT('',(-10.9857783743,-4.601662479036,4.8));
#2266 = CARTESIAN_POINT('',(-10.9857783743,-4.54309392469,4.761150016144
    ));
#2267 = CARTESIAN_POINT('',(-10.9857783743,-4.478837147319,
    4.730875000496));
#2268 = CARTESIAN_POINT('',(-10.9857783743,-4.410564724262,
    4.710290090423));
#2269 = CARTESIAN_POINT('',(-10.9857783743,-4.340282265215,4.7));
#2270 = CARTESIAN_POINT('',(-10.9857783743,-4.27,4.7));
#2271 = AXIS1_PLACEMENT('',#2272,#2273);
#2272 = CARTESIAN_POINT('',(-10.9857783743,-3.87,5.3));
#2273 = DIRECTION('',(-0.,-0.,-1.));
#2274 = ADVANCED_FACE('',(#2275),#2286,.F.);
#2275 = FACE_BOUND('',#2276,.F.);
#2276 = EDGE_LOOP('',(#2277,#2278,#2284,#2285));
#2277 = ORIENTED_EDGE('',*,*,#2246,.T.);
#2278 = ORIENTED_EDGE('',*,*,#2279,.F.);
#2279 = EDGE_CURVE('',#2078,#2247,#2280,.T.);
#2280 = LINE('',#2281,#2282);
#2281 = CARTESIAN_POINT('',(-9.422162569365E-02,-4.27,4.7));
#2282 = VECTOR('',#2283,1.);
#2283 = DIRECTION('',(-1.,0.,0.));
#2284 = ORIENTED_EDGE('',*,*,#2077,.F.);
#2285 = ORIENTED_EDGE('',*,*,#1775,.T.);
#2286 = CYLINDRICAL_SURFACE('',#2287,0.6);
#2287 = AXIS2_PLACEMENT_3D('',#2288,#2289,#2290);
#2288 = CARTESIAN_POINT('',(-9.422162569365E-02,-4.27,5.3));
#2289 = DIRECTION('',(-1.,0.,0.));
#2290 = DIRECTION('',(0.,-1.,0.));
#2291 = ADVANCED_FACE('',(#2292),#2319,.T.);
#2292 = FACE_BOUND('',#2293,.T.);
#2293 = EDGE_LOOP('',(#2294,#2304,#2311,#2312));
#2294 = ORIENTED_EDGE('',*,*,#2295,.T.);
#2295 = EDGE_CURVE('',#2296,#2298,#2300,.T.);
#2296 = VERTEX_POINT('',#2297);
#2297 = CARTESIAN_POINT('',(8.86,4.83,4.6));
#2298 = VERTEX_POINT('',#2299);
#2299 = CARTESIAN_POINT('',(-19.94,4.83,4.6));
#2300 = LINE('',#2301,#2302);
#2301 = CARTESIAN_POINT('',(8.86,4.83,4.6));
#2302 = VECTOR('',#2303,1.);
#2303 = DIRECTION('',(-1.,0.,0.));
#2304 = ORIENTED_EDGE('',*,*,#2305,.T.);
#2305 = EDGE_CURVE('',#2298,#1972,#2306,.T.);
#2306 = CIRCLE('',#2307,0.1);
#2307 = AXIS2_PLACEMENT_3D('',#2308,#2309,#2310);
#2308 = CARTESIAN_POINT('',(-19.94,4.73,4.6));
#2309 = DIRECTION('',(1.,0.,0.));
#2310 = DIRECTION('',(-0.,1.,0.));
#2311 = ORIENTED_EDGE('',*,*,#1969,.F.);
#2312 = ORIENTED_EDGE('',*,*,#2313,.F.);
#2313 = EDGE_CURVE('',#2296,#1970,#2314,.T.);
#2314 = CIRCLE('',#2315,0.1);
#2315 = AXIS2_PLACEMENT_3D('',#2316,#2317,#2318);
#2316 = CARTESIAN_POINT('',(8.86,4.73,4.6));
#2317 = DIRECTION('',(1.,0.,0.));
#2318 = DIRECTION('',(-0.,1.,0.));
#2319 = CYLINDRICAL_SURFACE('',#2320,0.1);
#2320 = AXIS2_PLACEMENT_3D('',#2321,#2322,#2323);
#2321 = CARTESIAN_POINT('',(8.86,4.73,4.6));
#2322 = DIRECTION('',(-1.,0.,0.));
#2323 = DIRECTION('',(0.,1.,0.));
#2324 = ADVANCED_FACE('',(#2325),#2345,.T.);
#2325 = FACE_BOUND('',#2326,.T.);
#2326 = EDGE_LOOP('',(#2327,#2336,#2343,#2344));
#2327 = ORIENTED_EDGE('',*,*,#2328,.F.);
#2328 = EDGE_CURVE('',#2329,#2023,#2331,.T.);
#2329 = VERTEX_POINT('',#2330);
#2330 = CARTESIAN_POINT('',(9.86,3.83,4.6));
#2331 = CIRCLE('',#2332,0.1);
#2332 = AXIS2_PLACEMENT_3D('',#2333,#2334,#2335);
#2333 = CARTESIAN_POINT('',(9.76,3.83,4.6));
#2334 = DIRECTION('',(0.,-1.,0.));
#2335 = DIRECTION('',(1.,0.,0.));
#2336 = ORIENTED_EDGE('',*,*,#2337,.T.);
#2337 = EDGE_CURVE('',#2329,#2296,#2338,.T.);
#2338 = CIRCLE('',#2339,1.);
#2339 = AXIS2_PLACEMENT_3D('',#2340,#2341,#2342);
#2340 = CARTESIAN_POINT('',(8.86,3.83,4.6));
#2341 = DIRECTION('',(0.,0.,1.));
#2342 = DIRECTION('',(1.,0.,-0.));
#2343 = ORIENTED_EDGE('',*,*,#2313,.T.);
#2344 = ORIENTED_EDGE('',*,*,#2030,.F.);
#2345 = TOROIDAL_SURFACE('',#2346,0.9,0.1);
#2346 = AXIS2_PLACEMENT_3D('',#2347,#2348,#2349);
#2347 = CARTESIAN_POINT('',(8.86,3.83,4.6));
#2348 = DIRECTION('',(0.,0.,1.));
#2349 = DIRECTION('',(1.,0.,-0.));
#2350 = ADVANCED_FACE('',(#2351),#2371,.T.);
#2351 = FACE_BOUND('',#2352,.T.);
#2352 = EDGE_LOOP('',(#2353,#2354,#2363,#2370));
#2353 = ORIENTED_EDGE('',*,*,#2305,.F.);
#2354 = ORIENTED_EDGE('',*,*,#2355,.T.);
#2355 = EDGE_CURVE('',#2298,#2356,#2358,.T.);
#2356 = VERTEX_POINT('',#2357);
#2357 = CARTESIAN_POINT('',(-20.94,3.83,4.6));
#2358 = CIRCLE('',#2359,1.);
#2359 = AXIS2_PLACEMENT_3D('',#2360,#2361,#2362);
#2360 = CARTESIAN_POINT('',(-19.94,3.83,4.6));
#2361 = DIRECTION('',(0.,-0.,1.));
#2362 = DIRECTION('',(0.,1.,0.));
#2363 = ORIENTED_EDGE('',*,*,#2364,.T.);
#2364 = EDGE_CURVE('',#2356,#1980,#2365,.T.);
#2365 = CIRCLE('',#2366,0.1);
#2366 = AXIS2_PLACEMENT_3D('',#2367,#2368,#2369);
#2367 = CARTESIAN_POINT('',(-20.84,3.83,4.6));
#2368 = DIRECTION('',(6.123233995737E-17,1.,-0.));
#2369 = DIRECTION('',(-1.,6.123233995737E-17,0.));
#2370 = ORIENTED_EDGE('',*,*,#1979,.F.);
#2371 = TOROIDAL_SURFACE('',#2372,0.9,0.1);
#2372 = AXIS2_PLACEMENT_3D('',#2373,#2374,#2375);
#2373 = CARTESIAN_POINT('',(-19.94,3.83,4.6));
#2374 = DIRECTION('',(0.,0.,1.));
#2375 = DIRECTION('',(0.,1.,0.));
#2376 = ADVANCED_FACE('',(#2377),#2396,.T.);
#2377 = FACE_BOUND('',#2378,.T.);
#2378 = EDGE_LOOP('',(#2379,#2387,#2388,#2389));
#2379 = ORIENTED_EDGE('',*,*,#2380,.T.);
#2380 = EDGE_CURVE('',#2381,#2329,#2383,.T.);
#2381 = VERTEX_POINT('',#2382);
#2382 = CARTESIAN_POINT('',(9.86,-6.67,4.6));
#2383 = LINE('',#2384,#2385);
#2384 = CARTESIAN_POINT('',(9.86,-6.67,4.6));
#2385 = VECTOR('',#2386,1.);
#2386 = DIRECTION('',(0.,1.,0.));
#2387 = ORIENTED_EDGE('',*,*,#2328,.T.);
#2388 = ORIENTED_EDGE('',*,*,#2022,.F.);
#2389 = ORIENTED_EDGE('',*,*,#2390,.F.);
#2390 = EDGE_CURVE('',#2381,#2014,#2391,.T.);
#2391 = CIRCLE('',#2392,0.1);
#2392 = AXIS2_PLACEMENT_3D('',#2393,#2394,#2395);
#2393 = CARTESIAN_POINT('',(9.76,-6.67,4.6));
#2394 = DIRECTION('',(-6.123233995737E-17,-1.,0.));
#2395 = DIRECTION('',(1.,-6.123233995737E-17,0.));
#2396 = CYLINDRICAL_SURFACE('',#2397,0.1);
#2397 = AXIS2_PLACEMENT_3D('',#2398,#2399,#2400);
#2398 = CARTESIAN_POINT('',(9.76,-6.67,4.6));
#2399 = DIRECTION('',(0.,1.,0.));
#2400 = DIRECTION('',(1.,0.,0.));
#2401 = ADVANCED_FACE('',(#2402),#2421,.T.);
#2402 = FACE_BOUND('',#2403,.T.);
#2403 = EDGE_LOOP('',(#2404,#2412,#2419,#2420));
#2404 = ORIENTED_EDGE('',*,*,#2405,.T.);
#2405 = EDGE_CURVE('',#2356,#2406,#2408,.T.);
#2406 = VERTEX_POINT('',#2407);
#2407 = CARTESIAN_POINT('',(-20.94,-6.67,4.6));
#2408 = LINE('',#2409,#2410);
#2409 = CARTESIAN_POINT('',(-20.94,3.83,4.6));
#2410 = VECTOR('',#2411,1.);
#2411 = DIRECTION('',(0.,-1.,0.));
#2412 = ORIENTED_EDGE('',*,*,#2413,.T.);
#2413 = EDGE_CURVE('',#2406,#1989,#2414,.T.);
#2414 = CIRCLE('',#2415,0.1);
#2415 = AXIS2_PLACEMENT_3D('',#2416,#2417,#2418);
#2416 = CARTESIAN_POINT('',(-20.84,-6.67,4.6));
#2417 = DIRECTION('',(0.,1.,-0.));
#2418 = DIRECTION('',(-1.,0.,0.));
#2419 = ORIENTED_EDGE('',*,*,#1988,.F.);
#2420 = ORIENTED_EDGE('',*,*,#2364,.F.);
#2421 = CYLINDRICAL_SURFACE('',#2422,0.1);
#2422 = AXIS2_PLACEMENT_3D('',#2423,#2424,#2425);
#2423 = CARTESIAN_POINT('',(-20.84,3.83,4.6));
#2424 = DIRECTION('',(0.,-1.,0.));
#2425 = DIRECTION('',(-1.,0.,0.));
#2426 = ADVANCED_FACE('',(#2427),#2447,.T.);
#2427 = FACE_BOUND('',#2428,.T.);
#2428 = EDGE_LOOP('',(#2429,#2438,#2445,#2446));
#2429 = ORIENTED_EDGE('',*,*,#2430,.F.);
#2430 = EDGE_CURVE('',#2431,#2006,#2433,.T.);
#2431 = VERTEX_POINT('',#2432);
#2432 = CARTESIAN_POINT('',(8.86,-7.67,4.6));
#2433 = CIRCLE('',#2434,0.1);
#2434 = AXIS2_PLACEMENT_3D('',#2435,#2436,#2437);
#2435 = CARTESIAN_POINT('',(8.86,-7.57,4.6));
#2436 = DIRECTION('',(-1.,0.,0.));
#2437 = DIRECTION('',(0.,-1.,0.));
#2438 = ORIENTED_EDGE('',*,*,#2439,.T.);
#2439 = EDGE_CURVE('',#2431,#2381,#2440,.T.);
#2440 = CIRCLE('',#2441,1.);
#2441 = AXIS2_PLACEMENT_3D('',#2442,#2443,#2444);
#2442 = CARTESIAN_POINT('',(8.86,-6.67,4.6));
#2443 = DIRECTION('',(-0.,0.,1.));
#2444 = DIRECTION('',(0.,-1.,0.));
#2445 = ORIENTED_EDGE('',*,*,#2390,.T.);
#2446 = ORIENTED_EDGE('',*,*,#2013,.F.);
#2447 = TOROIDAL_SURFACE('',#2448,0.9,0.1);
#2448 = AXIS2_PLACEMENT_3D('',#2449,#2450,#2451);
#2449 = CARTESIAN_POINT('',(8.86,-6.67,4.6));
#2450 = DIRECTION('',(0.,0.,1.));
#2451 = DIRECTION('',(0.,-1.,0.));
#2452 = ADVANCED_FACE('',(#2453),#2473,.T.);
#2453 = FACE_BOUND('',#2454,.T.);
#2454 = EDGE_LOOP('',(#2455,#2456,#2465,#2472));
#2455 = ORIENTED_EDGE('',*,*,#2413,.F.);
#2456 = ORIENTED_EDGE('',*,*,#2457,.T.);
#2457 = EDGE_CURVE('',#2406,#2458,#2460,.T.);
#2458 = VERTEX_POINT('',#2459);
#2459 = CARTESIAN_POINT('',(-19.94,-7.67,4.6));
#2460 = CIRCLE('',#2461,1.);
#2461 = AXIS2_PLACEMENT_3D('',#2462,#2463,#2464);
#2462 = CARTESIAN_POINT('',(-19.94,-6.67,4.6));
#2463 = DIRECTION('',(0.,0.,1.));
#2464 = DIRECTION('',(-1.,0.,0.));
#2465 = ORIENTED_EDGE('',*,*,#2466,.T.);
#2466 = EDGE_CURVE('',#2458,#1997,#2467,.T.);
#2467 = CIRCLE('',#2468,0.1);
#2468 = AXIS2_PLACEMENT_3D('',#2469,#2470,#2471);
#2469 = CARTESIAN_POINT('',(-19.94,-7.57,4.6));
#2470 = DIRECTION('',(-1.,6.123233995737E-17,0.));
#2471 = DIRECTION('',(-6.123233995737E-17,-1.,0.));
#2472 = ORIENTED_EDGE('',*,*,#1996,.F.);
#2473 = TOROIDAL_SURFACE('',#2474,0.9,0.1);
#2474 = AXIS2_PLACEMENT_3D('',#2475,#2476,#2477);
#2475 = CARTESIAN_POINT('',(-19.94,-6.67,4.6));
#2476 = DIRECTION('',(0.,0.,1.));
#2477 = DIRECTION('',(-1.,0.,0.));
#2478 = ADVANCED_FACE('',(#2479),#2490,.T.);
#2479 = FACE_BOUND('',#2480,.T.);
#2480 = EDGE_LOOP('',(#2481,#2487,#2488,#2489));
#2481 = ORIENTED_EDGE('',*,*,#2482,.T.);
#2482 = EDGE_CURVE('',#2458,#2431,#2483,.T.);
#2483 = LINE('',#2484,#2485);
#2484 = CARTESIAN_POINT('',(-19.94,-7.67,4.6));
#2485 = VECTOR('',#2486,1.);
#2486 = DIRECTION('',(1.,0.,0.));
#2487 = ORIENTED_EDGE('',*,*,#2430,.T.);
#2488 = ORIENTED_EDGE('',*,*,#2005,.F.);
#2489 = ORIENTED_EDGE('',*,*,#2466,.F.);
#2490 = CYLINDRICAL_SURFACE('',#2491,0.1);
#2491 = AXIS2_PLACEMENT_3D('',#2492,#2493,#2494);
#2492 = CARTESIAN_POINT('',(-19.94,-7.57,4.6));
#2493 = DIRECTION('',(1.,0.,0.));
#2494 = DIRECTION('',(0.,-1.,0.));
#2495 = ADVANCED_FACE('',(#2496),#2516,.T.);
#2496 = FACE_BOUND('',#2497,.T.);
#2497 = EDGE_LOOP('',(#2498,#2507,#2514,#2515));
#2498 = ORIENTED_EDGE('',*,*,#2499,.F.);
#2499 = EDGE_CURVE('',#2500,#2040,#2502,.T.);
#2500 = VERTEX_POINT('',#2501);
#2501 = CARTESIAN_POINT('',(-16.44,-1.42,4.6));
#2502 = CIRCLE('',#2503,0.1);
#2503 = AXIS2_PLACEMENT_3D('',#2504,#2505,#2506);
#2504 = CARTESIAN_POINT('',(-16.34,-1.42,4.6));
#2505 = DIRECTION('',(-0.,1.,0.));
#2506 = DIRECTION('',(1.,0.,0.));
#2507 = ORIENTED_EDGE('',*,*,#2508,.F.);
#2508 = EDGE_CURVE('',#2500,#2500,#2509,.T.);
#2509 = CIRCLE('',#2510,1.6);
#2510 = AXIS2_PLACEMENT_3D('',#2511,#2512,#2513);
#2511 = CARTESIAN_POINT('',(-18.04,-1.42,4.6));
#2512 = DIRECTION('',(0.,0.,1.));
#2513 = DIRECTION('',(1.,0.,-0.));
#2514 = ORIENTED_EDGE('',*,*,#2499,.T.);
#2515 = ORIENTED_EDGE('',*,*,#2039,.T.);
#2516 = TOROIDAL_SURFACE('',#2517,1.7,0.1);
#2517 = AXIS2_PLACEMENT_3D('',#2518,#2519,#2520);
#2518 = CARTESIAN_POINT('',(-18.04,-1.42,4.6));
#2519 = DIRECTION('',(-0.,-0.,-1.));
#2520 = DIRECTION('',(1.,0.,0.));
#2521 = ADVANCED_FACE('',(#2522),#2542,.T.);
#2522 = FACE_BOUND('',#2523,.T.);
#2523 = EDGE_LOOP('',(#2524,#2533,#2540,#2541));
#2524 = ORIENTED_EDGE('',*,*,#2525,.F.);
#2525 = EDGE_CURVE('',#2526,#2051,#2528,.T.);
#2526 = VERTEX_POINT('',#2527);
#2527 = CARTESIAN_POINT('',(8.56,-1.42,4.6));
#2528 = CIRCLE('',#2529,0.1);
#2529 = AXIS2_PLACEMENT_3D('',#2530,#2531,#2532);
#2530 = CARTESIAN_POINT('',(8.66,-1.42,4.6));
#2531 = DIRECTION('',(-0.,1.,0.));
#2532 = DIRECTION('',(1.,0.,0.));
#2533 = ORIENTED_EDGE('',*,*,#2534,.F.);
#2534 = EDGE_CURVE('',#2526,#2526,#2535,.T.);
#2535 = CIRCLE('',#2536,1.6);
#2536 = AXIS2_PLACEMENT_3D('',#2537,#2538,#2539);
#2537 = CARTESIAN_POINT('',(6.96,-1.42,4.6));
#2538 = DIRECTION('',(0.,0.,1.));
#2539 = DIRECTION('',(1.,0.,-0.));
#2540 = ORIENTED_EDGE('',*,*,#2525,.T.);
#2541 = ORIENTED_EDGE('',*,*,#2050,.T.);
#2542 = TOROIDAL_SURFACE('',#2543,1.7,0.1);
#2543 = AXIS2_PLACEMENT_3D('',#2544,#2545,#2546);
#2544 = CARTESIAN_POINT('',(6.96,-1.42,4.6));
#2545 = DIRECTION('',(-0.,-0.,-1.));
#2546 = DIRECTION('',(1.,0.,0.));
#2547 = ADVANCED_FACE('',(#2548),#2558,.T.);
#2548 = FACE_BOUND('',#2549,.T.);
#2549 = EDGE_LOOP('',(#2550,#2551,#2552,#2553,#2554,#2555,#2556,#2557));
#2550 = ORIENTED_EDGE('',*,*,#2086,.F.);
#2551 = ORIENTED_EDGE('',*,*,#2108,.F.);
#2552 = ORIENTED_EDGE('',*,*,#2143,.F.);
#2553 = ORIENTED_EDGE('',*,*,#2165,.F.);
#2554 = ORIENTED_EDGE('',*,*,#2200,.F.);
#2555 = ORIENTED_EDGE('',*,*,#2222,.F.);
#2556 = ORIENTED_EDGE('',*,*,#2257,.F.);
#2557 = ORIENTED_EDGE('',*,*,#2279,.F.);
#2558 = PLANE('',#2559);
#2559 = AXIS2_PLACEMENT_3D('',#2560,#2561,#2562);
#2560 = CARTESIAN_POINT('',(-5.54,-1.42,4.7));
#2561 = DIRECTION('',(0.,0.,1.));
#2562 = DIRECTION('',(1.,0.,-0.));
#2563 = ADVANCED_FACE('',(#2564),#2589,.F.);
#2564 = FACE_BOUND('',#2565,.F.);
#2565 = EDGE_LOOP('',(#2566,#2574,#2582,#2588));
#2566 = ORIENTED_EDGE('',*,*,#2567,.F.);
#2567 = EDGE_CURVE('',#2568,#2298,#2570,.T.);
#2568 = VERTEX_POINT('',#2569);
#2569 = CARTESIAN_POINT('',(-19.94,4.83,4.4));
#2570 = LINE('',#2571,#2572);
#2571 = CARTESIAN_POINT('',(-19.94,4.83,4.3));
#2572 = VECTOR('',#2573,1.);
#2573 = DIRECTION('',(0.,0.,1.));
#2574 = ORIENTED_EDGE('',*,*,#2575,.F.);
#2575 = EDGE_CURVE('',#2576,#2568,#2578,.T.);
#2576 = VERTEX_POINT('',#2577);
#2577 = CARTESIAN_POINT('',(8.86,4.83,4.4));
#2578 = LINE('',#2579,#2580);
#2579 = CARTESIAN_POINT('',(8.86,4.83,4.4));
#2580 = VECTOR('',#2581,1.);
#2581 = DIRECTION('',(-1.,0.,0.));
#2582 = ORIENTED_EDGE('',*,*,#2583,.T.);
#2583 = EDGE_CURVE('',#2576,#2296,#2584,.T.);
#2584 = LINE('',#2585,#2586);
#2585 = CARTESIAN_POINT('',(8.86,4.83,4.3));
#2586 = VECTOR('',#2587,1.);
#2587 = DIRECTION('',(0.,0.,1.));
#2588 = ORIENTED_EDGE('',*,*,#2295,.T.);
#2589 = PLANE('',#2590);
#2590 = AXIS2_PLACEMENT_3D('',#2591,#2592,#2593);
#2591 = CARTESIAN_POINT('',(9.86,4.83,4.3));
#2592 = DIRECTION('',(0.,-1.,0.));
#2593 = DIRECTION('',(-1.,0.,0.));
#2594 = ADVANCED_FACE('',(#2595),#2614,.T.);
#2595 = FACE_BOUND('',#2596,.T.);
#2596 = EDGE_LOOP('',(#2597,#2605,#2612,#2613));
#2597 = ORIENTED_EDGE('',*,*,#2598,.F.);
#2598 = EDGE_CURVE('',#2599,#2329,#2601,.T.);
#2599 = VERTEX_POINT('',#2600);
#2600 = CARTESIAN_POINT('',(9.86,3.83,4.4));
#2601 = LINE('',#2602,#2603);
#2602 = CARTESIAN_POINT('',(9.86,3.83,4.3));
#2603 = VECTOR('',#2604,1.);
#2604 = DIRECTION('',(0.,0.,1.));
#2605 = ORIENTED_EDGE('',*,*,#2606,.T.);
#2606 = EDGE_CURVE('',#2599,#2576,#2607,.T.);
#2607 = CIRCLE('',#2608,1.);
#2608 = AXIS2_PLACEMENT_3D('',#2609,#2610,#2611);
#2609 = CARTESIAN_POINT('',(8.86,3.83,4.4));
#2610 = DIRECTION('',(0.,0.,1.));
#2611 = DIRECTION('',(1.,0.,-0.));
#2612 = ORIENTED_EDGE('',*,*,#2583,.T.);
#2613 = ORIENTED_EDGE('',*,*,#2337,.F.);
#2614 = CYLINDRICAL_SURFACE('',#2615,1.);
#2615 = AXIS2_PLACEMENT_3D('',#2616,#2617,#2618);
#2616 = CARTESIAN_POINT('',(8.86,3.83,4.3));
#2617 = DIRECTION('',(0.,0.,1.));
#2618 = DIRECTION('',(1.,0.,-0.));
#2619 = ADVANCED_FACE('',(#2620),#2639,.T.);
#2620 = FACE_BOUND('',#2621,.T.);
#2621 = EDGE_LOOP('',(#2622,#2623,#2632,#2638));
#2622 = ORIENTED_EDGE('',*,*,#2567,.F.);
#2623 = ORIENTED_EDGE('',*,*,#2624,.T.);
#2624 = EDGE_CURVE('',#2568,#2625,#2627,.T.);
#2625 = VERTEX_POINT('',#2626);
#2626 = CARTESIAN_POINT('',(-20.94,3.83,4.4));
#2627 = CIRCLE('',#2628,1.);
#2628 = AXIS2_PLACEMENT_3D('',#2629,#2630,#2631);
#2629 = CARTESIAN_POINT('',(-19.94,3.83,4.4));
#2630 = DIRECTION('',(0.,-0.,1.));
#2631 = DIRECTION('',(0.,1.,0.));
#2632 = ORIENTED_EDGE('',*,*,#2633,.T.);
#2633 = EDGE_CURVE('',#2625,#2356,#2634,.T.);
#2634 = LINE('',#2635,#2636);
#2635 = CARTESIAN_POINT('',(-20.94,3.83,4.3));
#2636 = VECTOR('',#2637,1.);
#2637 = DIRECTION('',(0.,0.,1.));
#2638 = ORIENTED_EDGE('',*,*,#2355,.F.);
#2639 = CYLINDRICAL_SURFACE('',#2640,1.);
#2640 = AXIS2_PLACEMENT_3D('',#2641,#2642,#2643);
#2641 = CARTESIAN_POINT('',(-19.94,3.83,4.3));
#2642 = DIRECTION('',(0.,0.,1.));
#2643 = DIRECTION('',(0.,1.,0.));
#2644 = ADVANCED_FACE('',(#2645),#2663,.F.);
#2645 = FACE_BOUND('',#2646,.F.);
#2646 = EDGE_LOOP('',(#2647,#2648,#2656,#2662));
#2647 = ORIENTED_EDGE('',*,*,#2598,.F.);
#2648 = ORIENTED_EDGE('',*,*,#2649,.F.);
#2649 = EDGE_CURVE('',#2650,#2599,#2652,.T.);
#2650 = VERTEX_POINT('',#2651);
#2651 = CARTESIAN_POINT('',(9.86,-6.67,4.4));
#2652 = LINE('',#2653,#2654);
#2653 = CARTESIAN_POINT('',(9.86,-6.67,4.4));
#2654 = VECTOR('',#2655,1.);
#2655 = DIRECTION('',(0.,1.,0.));
#2656 = ORIENTED_EDGE('',*,*,#2657,.T.);
#2657 = EDGE_CURVE('',#2650,#2381,#2658,.T.);
#2658 = LINE('',#2659,#2660);
#2659 = CARTESIAN_POINT('',(9.86,-6.67,4.3));
#2660 = VECTOR('',#2661,1.);
#2661 = DIRECTION('',(0.,0.,1.));
#2662 = ORIENTED_EDGE('',*,*,#2380,.T.);
#2663 = PLANE('',#2664);
#2664 = AXIS2_PLACEMENT_3D('',#2665,#2666,#2667);
#2665 = CARTESIAN_POINT('',(9.86,-7.67,4.3));
#2666 = DIRECTION('',(-1.,0.,0.));
#2667 = DIRECTION('',(0.,1.,0.));
#2668 = ADVANCED_FACE('',(#2669),#2687,.F.);
#2669 = FACE_BOUND('',#2670,.F.);
#2670 = EDGE_LOOP('',(#2671,#2672,#2673,#2681));
#2671 = ORIENTED_EDGE('',*,*,#2633,.T.);
#2672 = ORIENTED_EDGE('',*,*,#2405,.T.);
#2673 = ORIENTED_EDGE('',*,*,#2674,.F.);
#2674 = EDGE_CURVE('',#2675,#2406,#2677,.T.);
#2675 = VERTEX_POINT('',#2676);
#2676 = CARTESIAN_POINT('',(-20.94,-6.67,4.4));
#2677 = LINE('',#2678,#2679);
#2678 = CARTESIAN_POINT('',(-20.94,-6.67,4.3));
#2679 = VECTOR('',#2680,1.);
#2680 = DIRECTION('',(0.,0.,1.));
#2681 = ORIENTED_EDGE('',*,*,#2682,.F.);
#2682 = EDGE_CURVE('',#2625,#2675,#2683,.T.);
#2683 = LINE('',#2684,#2685);
#2684 = CARTESIAN_POINT('',(-20.94,3.83,4.4));
#2685 = VECTOR('',#2686,1.);
#2686 = DIRECTION('',(0.,-1.,0.));
#2687 = PLANE('',#2688);
#2688 = AXIS2_PLACEMENT_3D('',#2689,#2690,#2691);
#2689 = CARTESIAN_POINT('',(-20.94,4.83,4.3));
#2690 = DIRECTION('',(1.,0.,0.));
#2691 = DIRECTION('',(0.,-1.,0.));
#2692 = ADVANCED_FACE('',(#2693),#2712,.T.);
#2693 = FACE_BOUND('',#2694,.T.);
#2694 = EDGE_LOOP('',(#2695,#2703,#2710,#2711));
#2695 = ORIENTED_EDGE('',*,*,#2696,.F.);
#2696 = EDGE_CURVE('',#2697,#2431,#2699,.T.);
#2697 = VERTEX_POINT('',#2698);
#2698 = CARTESIAN_POINT('',(8.86,-7.67,4.4));
#2699 = LINE('',#2700,#2701);
#2700 = CARTESIAN_POINT('',(8.86,-7.67,4.3));
#2701 = VECTOR('',#2702,1.);
#2702 = DIRECTION('',(0.,0.,1.));
#2703 = ORIENTED_EDGE('',*,*,#2704,.T.);
#2704 = EDGE_CURVE('',#2697,#2650,#2705,.T.);
#2705 = CIRCLE('',#2706,1.);
#2706 = AXIS2_PLACEMENT_3D('',#2707,#2708,#2709);
#2707 = CARTESIAN_POINT('',(8.86,-6.67,4.4));
#2708 = DIRECTION('',(-0.,0.,1.));
#2709 = DIRECTION('',(0.,-1.,0.));
#2710 = ORIENTED_EDGE('',*,*,#2657,.T.);
#2711 = ORIENTED_EDGE('',*,*,#2439,.F.);
#2712 = CYLINDRICAL_SURFACE('',#2713,1.);
#2713 = AXIS2_PLACEMENT_3D('',#2714,#2715,#2716);
#2714 = CARTESIAN_POINT('',(8.86,-6.67,4.3));
#2715 = DIRECTION('',(0.,0.,1.));
#2716 = DIRECTION('',(0.,-1.,0.));
#2717 = ADVANCED_FACE('',(#2718),#2737,.T.);
#2718 = FACE_BOUND('',#2719,.T.);
#2719 = EDGE_LOOP('',(#2720,#2721,#2722,#2731));
#2720 = ORIENTED_EDGE('',*,*,#2457,.F.);
#2721 = ORIENTED_EDGE('',*,*,#2674,.F.);
#2722 = ORIENTED_EDGE('',*,*,#2723,.T.);
#2723 = EDGE_CURVE('',#2675,#2724,#2726,.T.);
#2724 = VERTEX_POINT('',#2725);
#2725 = CARTESIAN_POINT('',(-19.94,-7.67,4.4));
#2726 = CIRCLE('',#2727,1.);
#2727 = AXIS2_PLACEMENT_3D('',#2728,#2729,#2730);
#2728 = CARTESIAN_POINT('',(-19.94,-6.67,4.4));
#2729 = DIRECTION('',(0.,0.,1.));
#2730 = DIRECTION('',(-1.,0.,0.));
#2731 = ORIENTED_EDGE('',*,*,#2732,.T.);
#2732 = EDGE_CURVE('',#2724,#2458,#2733,.T.);
#2733 = LINE('',#2734,#2735);
#2734 = CARTESIAN_POINT('',(-19.94,-7.67,4.3));
#2735 = VECTOR('',#2736,1.);
#2736 = DIRECTION('',(0.,0.,1.));
#2737 = CYLINDRICAL_SURFACE('',#2738,1.);
#2738 = AXIS2_PLACEMENT_3D('',#2739,#2740,#2741);
#2739 = CARTESIAN_POINT('',(-19.94,-6.67,4.3));
#2740 = DIRECTION('',(0.,0.,1.));
#2741 = DIRECTION('',(0.,-1.,0.));
#2742 = ADVANCED_FACE('',(#2743),#2754,.F.);
#2743 = FACE_BOUND('',#2744,.F.);
#2744 = EDGE_LOOP('',(#2745,#2746,#2752,#2753));
#2745 = ORIENTED_EDGE('',*,*,#2696,.F.);
#2746 = ORIENTED_EDGE('',*,*,#2747,.F.);
#2747 = EDGE_CURVE('',#2724,#2697,#2748,.T.);
#2748 = LINE('',#2749,#2750);
#2749 = CARTESIAN_POINT('',(-19.94,-7.67,4.4));
#2750 = VECTOR('',#2751,1.);
#2751 = DIRECTION('',(1.,0.,0.));
#2752 = ORIENTED_EDGE('',*,*,#2732,.T.);
#2753 = ORIENTED_EDGE('',*,*,#2482,.T.);
#2754 = PLANE('',#2755);
#2755 = AXIS2_PLACEMENT_3D('',#2756,#2757,#2758);
#2756 = CARTESIAN_POINT('',(-20.94,-7.67,4.3));
#2757 = DIRECTION('',(0.,1.,0.));
#2758 = DIRECTION('',(1.,0.,0.));
#2759 = ADVANCED_FACE('',(#2760),#2779,.F.);
#2760 = FACE_BOUND('',#2761,.F.);
#2761 = EDGE_LOOP('',(#2762,#2770,#2771,#2772));
#2762 = ORIENTED_EDGE('',*,*,#2763,.F.);
#2763 = EDGE_CURVE('',#2500,#2764,#2766,.T.);
#2764 = VERTEX_POINT('',#2765);
#2765 = CARTESIAN_POINT('',(-16.44,-1.42,4.4));
#2766 = LINE('',#2767,#2768);
#2767 = CARTESIAN_POINT('',(-16.44,-1.42,4.8));
#2768 = VECTOR('',#2769,1.);
#2769 = DIRECTION('',(-0.,-0.,-1.));
#2770 = ORIENTED_EDGE('',*,*,#2508,.F.);
#2771 = ORIENTED_EDGE('',*,*,#2763,.T.);
#2772 = ORIENTED_EDGE('',*,*,#2773,.T.);
#2773 = EDGE_CURVE('',#2764,#2764,#2774,.T.);
#2774 = CIRCLE('',#2775,1.6);
#2775 = AXIS2_PLACEMENT_3D('',#2776,#2777,#2778);
#2776 = CARTESIAN_POINT('',(-18.04,-1.42,4.4));
#2777 = DIRECTION('',(0.,0.,1.));
#2778 = DIRECTION('',(1.,0.,-0.));
#2779 = CYLINDRICAL_SURFACE('',#2780,1.6);
#2780 = AXIS2_PLACEMENT_3D('',#2781,#2782,#2783);
#2781 = CARTESIAN_POINT('',(-18.04,-1.42,4.8));
#2782 = DIRECTION('',(0.,0.,1.));
#2783 = DIRECTION('',(1.,0.,-0.));
#2784 = ADVANCED_FACE('',(#2785),#2804,.F.);
#2785 = FACE_BOUND('',#2786,.F.);
#2786 = EDGE_LOOP('',(#2787,#2795,#2796,#2797));
#2787 = ORIENTED_EDGE('',*,*,#2788,.F.);
#2788 = EDGE_CURVE('',#2526,#2789,#2791,.T.);
#2789 = VERTEX_POINT('',#2790);
#2790 = CARTESIAN_POINT('',(8.56,-1.42,4.4));
#2791 = LINE('',#2792,#2793);
#2792 = CARTESIAN_POINT('',(8.56,-1.42,4.8));
#2793 = VECTOR('',#2794,1.);
#2794 = DIRECTION('',(-0.,-0.,-1.));
#2795 = ORIENTED_EDGE('',*,*,#2534,.F.);
#2796 = ORIENTED_EDGE('',*,*,#2788,.T.);
#2797 = ORIENTED_EDGE('',*,*,#2798,.T.);
#2798 = EDGE_CURVE('',#2789,#2789,#2799,.T.);
#2799 = CIRCLE('',#2800,1.6);
#2800 = AXIS2_PLACEMENT_3D('',#2801,#2802,#2803);
#2801 = CARTESIAN_POINT('',(6.96,-1.42,4.4));
#2802 = DIRECTION('',(0.,0.,1.));
#2803 = DIRECTION('',(1.,0.,-0.));
#2804 = CYLINDRICAL_SURFACE('',#2805,1.6);
#2805 = AXIS2_PLACEMENT_3D('',#2806,#2807,#2808);
#2806 = CARTESIAN_POINT('',(6.96,-1.42,4.8));
#2807 = DIRECTION('',(0.,0.,1.));
#2808 = DIRECTION('',(1.,0.,-0.));
#2809 = ADVANCED_FACE('',(#2810),#2837,.T.);
#2810 = FACE_BOUND('',#2811,.T.);
#2811 = EDGE_LOOP('',(#2812,#2821,#2829,#2836));
#2812 = ORIENTED_EDGE('',*,*,#2813,.T.);
#2813 = EDGE_CURVE('',#2576,#2814,#2816,.T.);
#2814 = VERTEX_POINT('',#2815);
#2815 = CARTESIAN_POINT('',(8.86,4.73,4.3));
#2816 = CIRCLE('',#2817,0.1);
#2817 = AXIS2_PLACEMENT_3D('',#2818,#2819,#2820);
#2818 = CARTESIAN_POINT('',(8.86,4.73,4.4));
#2819 = DIRECTION('',(-1.,0.,0.));
#2820 = DIRECTION('',(0.,1.,0.));
#2821 = ORIENTED_EDGE('',*,*,#2822,.T.);
#2822 = EDGE_CURVE('',#2814,#2823,#2825,.T.);
#2823 = VERTEX_POINT('',#2824);
#2824 = CARTESIAN_POINT('',(-19.94,4.73,4.3));
#2825 = LINE('',#2826,#2827);
#2826 = CARTESIAN_POINT('',(8.86,4.73,4.3));
#2827 = VECTOR('',#2828,1.);
#2828 = DIRECTION('',(-1.,0.,0.));
#2829 = ORIENTED_EDGE('',*,*,#2830,.F.);
#2830 = EDGE_CURVE('',#2568,#2823,#2831,.T.);
#2831 = CIRCLE('',#2832,0.1);
#2832 = AXIS2_PLACEMENT_3D('',#2833,#2834,#2835);
#2833 = CARTESIAN_POINT('',(-19.94,4.73,4.4));
#2834 = DIRECTION('',(-1.,0.,0.));
#2835 = DIRECTION('',(0.,1.,0.));
#2836 = ORIENTED_EDGE('',*,*,#2575,.F.);
#2837 = CYLINDRICAL_SURFACE('',#2838,0.1);
#2838 = AXIS2_PLACEMENT_3D('',#2839,#2840,#2841);
#2839 = CARTESIAN_POINT('',(8.86,4.73,4.4));
#2840 = DIRECTION('',(-1.,0.,0.));
#2841 = DIRECTION('',(0.,1.,0.));
#2842 = ADVANCED_FACE('',(#2843),#2863,.T.);
#2843 = FACE_BOUND('',#2844,.T.);
#2844 = EDGE_LOOP('',(#2845,#2854,#2855,#2856));
#2845 = ORIENTED_EDGE('',*,*,#2846,.T.);
#2846 = EDGE_CURVE('',#2847,#2814,#2849,.T.);
#2847 = VERTEX_POINT('',#2848);
#2848 = CARTESIAN_POINT('',(9.76,3.83,4.3));
#2849 = CIRCLE('',#2850,0.9);
#2850 = AXIS2_PLACEMENT_3D('',#2851,#2852,#2853);
#2851 = CARTESIAN_POINT('',(8.86,3.83,4.3));
#2852 = DIRECTION('',(0.,0.,1.));
#2853 = DIRECTION('',(1.,0.,-0.));
#2854 = ORIENTED_EDGE('',*,*,#2813,.F.);
#2855 = ORIENTED_EDGE('',*,*,#2606,.F.);
#2856 = ORIENTED_EDGE('',*,*,#2857,.T.);
#2857 = EDGE_CURVE('',#2599,#2847,#2858,.T.);
#2858 = CIRCLE('',#2859,0.1);
#2859 = AXIS2_PLACEMENT_3D('',#2860,#2861,#2862);
#2860 = CARTESIAN_POINT('',(9.76,3.83,4.4));
#2861 = DIRECTION('',(-0.,1.,0.));
#2862 = DIRECTION('',(1.,0.,0.));
#2863 = TOROIDAL_SURFACE('',#2864,0.9,0.1);
#2864 = AXIS2_PLACEMENT_3D('',#2865,#2866,#2867);
#2865 = CARTESIAN_POINT('',(8.86,3.83,4.4));
#2866 = DIRECTION('',(-0.,-0.,-1.));
#2867 = DIRECTION('',(1.,0.,0.));
#2868 = ADVANCED_FACE('',(#2869),#2889,.T.);
#2869 = FACE_BOUND('',#2870,.T.);
#2870 = EDGE_LOOP('',(#2871,#2880,#2887,#2888));
#2871 = ORIENTED_EDGE('',*,*,#2872,.T.);
#2872 = EDGE_CURVE('',#2823,#2873,#2875,.T.);
#2873 = VERTEX_POINT('',#2874);
#2874 = CARTESIAN_POINT('',(-20.84,3.83,4.3));
#2875 = CIRCLE('',#2876,0.9);
#2876 = AXIS2_PLACEMENT_3D('',#2877,#2878,#2879);
#2877 = CARTESIAN_POINT('',(-19.94,3.83,4.3));
#2878 = DIRECTION('',(0.,-0.,1.));
#2879 = DIRECTION('',(0.,1.,0.));
#2880 = ORIENTED_EDGE('',*,*,#2881,.F.);
#2881 = EDGE_CURVE('',#2625,#2873,#2882,.T.);
#2882 = CIRCLE('',#2883,0.1);
#2883 = AXIS2_PLACEMENT_3D('',#2884,#2885,#2886);
#2884 = CARTESIAN_POINT('',(-20.84,3.83,4.4));
#2885 = DIRECTION('',(-6.123233995737E-17,-1.,-0.));
#2886 = DIRECTION('',(-1.,6.123233995737E-17,0.));
#2887 = ORIENTED_EDGE('',*,*,#2624,.F.);
#2888 = ORIENTED_EDGE('',*,*,#2830,.T.);
#2889 = TOROIDAL_SURFACE('',#2890,0.9,0.1);
#2890 = AXIS2_PLACEMENT_3D('',#2891,#2892,#2893);
#2891 = CARTESIAN_POINT('',(-19.94,3.83,4.4));
#2892 = DIRECTION('',(-0.,-0.,-1.));
#2893 = DIRECTION('',(0.,1.,-0.));
#2894 = ADVANCED_FACE('',(#2895),#2914,.T.);
#2895 = FACE_BOUND('',#2896,.T.);
#2896 = EDGE_LOOP('',(#2897,#2906,#2912,#2913));
#2897 = ORIENTED_EDGE('',*,*,#2898,.T.);
#2898 = EDGE_CURVE('',#2650,#2899,#2901,.T.);
#2899 = VERTEX_POINT('',#2900);
#2900 = CARTESIAN_POINT('',(9.76,-6.67,4.3));
#2901 = CIRCLE('',#2902,0.1);
#2902 = AXIS2_PLACEMENT_3D('',#2903,#2904,#2905);
#2903 = CARTESIAN_POINT('',(9.76,-6.67,4.4));
#2904 = DIRECTION('',(6.123233995737E-17,1.,0.));
#2905 = DIRECTION('',(1.,-6.123233995737E-17,0.));
#2906 = ORIENTED_EDGE('',*,*,#2907,.T.);
#2907 = EDGE_CURVE('',#2899,#2847,#2908,.T.);
#2908 = LINE('',#2909,#2910);
#2909 = CARTESIAN_POINT('',(9.76,-6.67,4.3));
#2910 = VECTOR('',#2911,1.);
#2911 = DIRECTION('',(0.,1.,0.));
#2912 = ORIENTED_EDGE('',*,*,#2857,.F.);
#2913 = ORIENTED_EDGE('',*,*,#2649,.F.);
#2914 = CYLINDRICAL_SURFACE('',#2915,0.1);
#2915 = AXIS2_PLACEMENT_3D('',#2916,#2917,#2918);
#2916 = CARTESIAN_POINT('',(9.76,-6.67,4.4));
#2917 = DIRECTION('',(0.,1.,0.));
#2918 = DIRECTION('',(1.,0.,0.));
#2919 = ADVANCED_FACE('',(#2920),#2939,.T.);
#2920 = FACE_BOUND('',#2921,.T.);
#2921 = EDGE_LOOP('',(#2922,#2923,#2931,#2938));
#2922 = ORIENTED_EDGE('',*,*,#2881,.T.);
#2923 = ORIENTED_EDGE('',*,*,#2924,.T.);
#2924 = EDGE_CURVE('',#2873,#2925,#2927,.T.);
#2925 = VERTEX_POINT('',#2926);
#2926 = CARTESIAN_POINT('',(-20.84,-6.67,4.3));
#2927 = LINE('',#2928,#2929);
#2928 = CARTESIAN_POINT('',(-20.84,3.83,4.3));
#2929 = VECTOR('',#2930,1.);
#2930 = DIRECTION('',(0.,-1.,0.));
#2931 = ORIENTED_EDGE('',*,*,#2932,.F.);
#2932 = EDGE_CURVE('',#2675,#2925,#2933,.T.);
#2933 = CIRCLE('',#2934,0.1);
#2934 = AXIS2_PLACEMENT_3D('',#2935,#2936,#2937);
#2935 = CARTESIAN_POINT('',(-20.84,-6.67,4.4));
#2936 = DIRECTION('',(0.,-1.,0.));
#2937 = DIRECTION('',(-1.,0.,0.));
#2938 = ORIENTED_EDGE('',*,*,#2682,.F.);
#2939 = CYLINDRICAL_SURFACE('',#2940,0.1);
#2940 = AXIS2_PLACEMENT_3D('',#2941,#2942,#2943);
#2941 = CARTESIAN_POINT('',(-20.84,3.83,4.4));
#2942 = DIRECTION('',(0.,-1.,0.));
#2943 = DIRECTION('',(-1.,0.,0.));
#2944 = ADVANCED_FACE('',(#2945),#2965,.T.);
#2945 = FACE_BOUND('',#2946,.T.);
#2946 = EDGE_LOOP('',(#2947,#2956,#2957,#2958));
#2947 = ORIENTED_EDGE('',*,*,#2948,.T.);
#2948 = EDGE_CURVE('',#2949,#2899,#2951,.T.);
#2949 = VERTEX_POINT('',#2950);
#2950 = CARTESIAN_POINT('',(8.86,-7.57,4.3));
#2951 = CIRCLE('',#2952,0.9);
#2952 = AXIS2_PLACEMENT_3D('',#2953,#2954,#2955);
#2953 = CARTESIAN_POINT('',(8.86,-6.67,4.3));
#2954 = DIRECTION('',(-0.,0.,1.));
#2955 = DIRECTION('',(0.,-1.,0.));
#2956 = ORIENTED_EDGE('',*,*,#2898,.F.);
#2957 = ORIENTED_EDGE('',*,*,#2704,.F.);
#2958 = ORIENTED_EDGE('',*,*,#2959,.T.);
#2959 = EDGE_CURVE('',#2697,#2949,#2960,.T.);
#2960 = CIRCLE('',#2961,0.1);
#2961 = AXIS2_PLACEMENT_3D('',#2962,#2963,#2964);
#2962 = CARTESIAN_POINT('',(8.86,-7.57,4.4));
#2963 = DIRECTION('',(1.,0.,0.));
#2964 = DIRECTION('',(0.,-1.,0.));
#2965 = TOROIDAL_SURFACE('',#2966,0.9,0.1);
#2966 = AXIS2_PLACEMENT_3D('',#2967,#2968,#2969);
#2967 = CARTESIAN_POINT('',(8.86,-6.67,4.4));
#2968 = DIRECTION('',(-0.,-0.,-1.));
#2969 = DIRECTION('',(0.,-1.,0.));
#2970 = ADVANCED_FACE('',(#2971),#2991,.T.);
#2971 = FACE_BOUND('',#2972,.T.);
#2972 = EDGE_LOOP('',(#2973,#2982,#2989,#2990));
#2973 = ORIENTED_EDGE('',*,*,#2974,.T.);
#2974 = EDGE_CURVE('',#2925,#2975,#2977,.T.);
#2975 = VERTEX_POINT('',#2976);
#2976 = CARTESIAN_POINT('',(-19.94,-7.57,4.3));
#2977 = CIRCLE('',#2978,0.9);
#2978 = AXIS2_PLACEMENT_3D('',#2979,#2980,#2981);
#2979 = CARTESIAN_POINT('',(-19.94,-6.67,4.3));
#2980 = DIRECTION('',(0.,0.,1.));
#2981 = DIRECTION('',(-1.,0.,0.));
#2982 = ORIENTED_EDGE('',*,*,#2983,.F.);
#2983 = EDGE_CURVE('',#2724,#2975,#2984,.T.);
#2984 = CIRCLE('',#2985,0.1);
#2985 = AXIS2_PLACEMENT_3D('',#2986,#2987,#2988);
#2986 = CARTESIAN_POINT('',(-19.94,-7.57,4.4));
#2987 = DIRECTION('',(1.,-6.123233995737E-17,0.));
#2988 = DIRECTION('',(-6.123233995737E-17,-1.,0.));
#2989 = ORIENTED_EDGE('',*,*,#2723,.F.);
#2990 = ORIENTED_EDGE('',*,*,#2932,.T.);
#2991 = TOROIDAL_SURFACE('',#2992,0.9,0.1);
#2992 = AXIS2_PLACEMENT_3D('',#2993,#2994,#2995);
#2993 = CARTESIAN_POINT('',(-19.94,-6.67,4.4));
#2994 = DIRECTION('',(-0.,-0.,-1.));
#2995 = DIRECTION('',(-1.,0.,0.));
#2996 = ADVANCED_FACE('',(#2997),#3008,.T.);
#2997 = FACE_BOUND('',#2998,.T.);
#2998 = EDGE_LOOP('',(#2999,#3000,#3006,#3007));
#2999 = ORIENTED_EDGE('',*,*,#2983,.T.);
#3000 = ORIENTED_EDGE('',*,*,#3001,.T.);
#3001 = EDGE_CURVE('',#2975,#2949,#3002,.T.);
#3002 = LINE('',#3003,#3004);
#3003 = CARTESIAN_POINT('',(-19.94,-7.57,4.3));
#3004 = VECTOR('',#3005,1.);
#3005 = DIRECTION('',(1.,0.,0.));
#3006 = ORIENTED_EDGE('',*,*,#2959,.F.);
#3007 = ORIENTED_EDGE('',*,*,#2747,.F.);
#3008 = CYLINDRICAL_SURFACE('',#3009,0.1);
#3009 = AXIS2_PLACEMENT_3D('',#3010,#3011,#3012);
#3010 = CARTESIAN_POINT('',(-19.94,-7.57,4.4));
#3011 = DIRECTION('',(1.,0.,0.));
#3012 = DIRECTION('',(0.,-1.,0.));
#3013 = ADVANCED_FACE('',(#3014),#3034,.T.);
#3014 = FACE_BOUND('',#3015,.T.);
#3015 = EDGE_LOOP('',(#3016,#3025,#3032,#3033));
#3016 = ORIENTED_EDGE('',*,*,#3017,.F.);
#3017 = EDGE_CURVE('',#3018,#2764,#3020,.T.);
#3018 = VERTEX_POINT('',#3019);
#3019 = CARTESIAN_POINT('',(-16.34,-1.42,4.3));
#3020 = CIRCLE('',#3021,0.1);
#3021 = AXIS2_PLACEMENT_3D('',#3022,#3023,#3024);
#3022 = CARTESIAN_POINT('',(-16.34,-1.42,4.4));
#3023 = DIRECTION('',(-0.,1.,0.));
#3024 = DIRECTION('',(1.,0.,0.));
#3025 = ORIENTED_EDGE('',*,*,#3026,.F.);
#3026 = EDGE_CURVE('',#3018,#3018,#3027,.T.);
#3027 = CIRCLE('',#3028,1.7);
#3028 = AXIS2_PLACEMENT_3D('',#3029,#3030,#3031);
#3029 = CARTESIAN_POINT('',(-18.04,-1.42,4.3));
#3030 = DIRECTION('',(0.,0.,1.));
#3031 = DIRECTION('',(1.,0.,-0.));
#3032 = ORIENTED_EDGE('',*,*,#3017,.T.);
#3033 = ORIENTED_EDGE('',*,*,#2773,.T.);
#3034 = TOROIDAL_SURFACE('',#3035,1.7,0.1);
#3035 = AXIS2_PLACEMENT_3D('',#3036,#3037,#3038);
#3036 = CARTESIAN_POINT('',(-18.04,-1.42,4.4));
#3037 = DIRECTION('',(-0.,-0.,-1.));
#3038 = DIRECTION('',(1.,0.,0.));
#3039 = ADVANCED_FACE('',(#3040),#3060,.T.);
#3040 = FACE_BOUND('',#3041,.T.);
#3041 = EDGE_LOOP('',(#3042,#3051,#3058,#3059));
#3042 = ORIENTED_EDGE('',*,*,#3043,.F.);
#3043 = EDGE_CURVE('',#3044,#2789,#3046,.T.);
#3044 = VERTEX_POINT('',#3045);
#3045 = CARTESIAN_POINT('',(8.66,-1.42,4.3));
#3046 = CIRCLE('',#3047,0.1);
#3047 = AXIS2_PLACEMENT_3D('',#3048,#3049,#3050);
#3048 = CARTESIAN_POINT('',(8.66,-1.42,4.4));
#3049 = DIRECTION('',(-0.,1.,0.));
#3050 = DIRECTION('',(1.,0.,0.));
#3051 = ORIENTED_EDGE('',*,*,#3052,.F.);
#3052 = EDGE_CURVE('',#3044,#3044,#3053,.T.);
#3053 = CIRCLE('',#3054,1.7);
#3054 = AXIS2_PLACEMENT_3D('',#3055,#3056,#3057);
#3055 = CARTESIAN_POINT('',(6.96,-1.42,4.3));
#3056 = DIRECTION('',(0.,0.,1.));
#3057 = DIRECTION('',(1.,0.,-0.));
#3058 = ORIENTED_EDGE('',*,*,#3043,.T.);
#3059 = ORIENTED_EDGE('',*,*,#2798,.T.);
#3060 = TOROIDAL_SURFACE('',#3061,1.7,0.1);
#3061 = AXIS2_PLACEMENT_3D('',#3062,#3063,#3064);
#3062 = CARTESIAN_POINT('',(6.96,-1.42,4.4));
#3063 = DIRECTION('',(-0.,-0.,-1.));
#3064 = DIRECTION('',(1.,0.,0.));
#3065 = ADVANCED_FACE('',(#3066,#3076,#3079,#3149),#3152,.F.);
#3066 = FACE_BOUND('',#3067,.F.);
#3067 = EDGE_LOOP('',(#3068,#3069,#3070,#3071,#3072,#3073,#3074,#3075));
#3068 = ORIENTED_EDGE('',*,*,#2822,.T.);
#3069 = ORIENTED_EDGE('',*,*,#2872,.T.);
#3070 = ORIENTED_EDGE('',*,*,#2924,.T.);
#3071 = ORIENTED_EDGE('',*,*,#2974,.T.);
#3072 = ORIENTED_EDGE('',*,*,#3001,.T.);
#3073 = ORIENTED_EDGE('',*,*,#2948,.T.);
#3074 = ORIENTED_EDGE('',*,*,#2907,.T.);
#3075 = ORIENTED_EDGE('',*,*,#2846,.T.);
#3076 = FACE_BOUND('',#3077,.F.);
#3077 = EDGE_LOOP('',(#3078));
#3078 = ORIENTED_EDGE('',*,*,#3026,.F.);
#3079 = FACE_BOUND('',#3080,.F.);
#3080 = EDGE_LOOP('',(#3081,#3091,#3100,#3108,#3117,#3125,#3134,#3142));
#3081 = ORIENTED_EDGE('',*,*,#3082,.F.);
#3082 = EDGE_CURVE('',#3083,#3085,#3087,.T.);
#3083 = VERTEX_POINT('',#3084);
#3084 = CARTESIAN_POINT('',(3.06,3.53,4.3));
#3085 = VERTEX_POINT('',#3086);
#3086 = CARTESIAN_POINT('',(-14.14,3.53,4.3));
#3087 = LINE('',#3088,#3089);
#3088 = CARTESIAN_POINT('',(4.06,3.53,4.3));
#3089 = VECTOR('',#3090,1.);
#3090 = DIRECTION('',(-1.,0.,0.));
#3091 = ORIENTED_EDGE('',*,*,#3092,.T.);
#3092 = EDGE_CURVE('',#3083,#3093,#3095,.T.);
#3093 = VERTEX_POINT('',#3094);
#3094 = CARTESIAN_POINT('',(4.06,2.53,4.3));
#3095 = CIRCLE('',#3096,1.);
#3096 = AXIS2_PLACEMENT_3D('',#3097,#3098,#3099);
#3097 = CARTESIAN_POINT('',(3.06,2.53,4.3));
#3098 = DIRECTION('',(-0.,-0.,-1.));
#3099 = DIRECTION('',(0.,-1.,0.));
#3100 = ORIENTED_EDGE('',*,*,#3101,.F.);
#3101 = EDGE_CURVE('',#3102,#3093,#3104,.T.);
#3102 = VERTEX_POINT('',#3103);
#3103 = CARTESIAN_POINT('',(4.06,-5.37,4.3));
#3104 = LINE('',#3105,#3106);
#3105 = CARTESIAN_POINT('',(4.06,-6.37,4.3));
#3106 = VECTOR('',#3107,1.);
#3107 = DIRECTION('',(0.,1.,0.));
#3108 = ORIENTED_EDGE('',*,*,#3109,.F.);
#3109 = EDGE_CURVE('',#3110,#3102,#3112,.T.);
#3110 = VERTEX_POINT('',#3111);
#3111 = CARTESIAN_POINT('',(3.06,-6.37,4.3));
#3112 = CIRCLE('',#3113,1.);
#3113 = AXIS2_PLACEMENT_3D('',#3114,#3115,#3116);
#3114 = CARTESIAN_POINT('',(3.06,-5.37,4.3));
#3115 = DIRECTION('',(-0.,0.,1.));
#3116 = DIRECTION('',(0.,-1.,0.));
#3117 = ORIENTED_EDGE('',*,*,#3118,.F.);
#3118 = EDGE_CURVE('',#3119,#3110,#3121,.T.);
#3119 = VERTEX_POINT('',#3120);
#3120 = CARTESIAN_POINT('',(-14.14,-6.37,4.3));
#3121 = LINE('',#3122,#3123);
#3122 = CARTESIAN_POINT('',(-15.14,-6.37,4.3));
#3123 = VECTOR('',#3124,1.);
#3124 = DIRECTION('',(1.,0.,0.));
#3125 = ORIENTED_EDGE('',*,*,#3126,.T.);
#3126 = EDGE_CURVE('',#3119,#3127,#3129,.T.);
#3127 = VERTEX_POINT('',#3128);
#3128 = CARTESIAN_POINT('',(-15.14,-5.37,4.3));
#3129 = CIRCLE('',#3130,1.);
#3130 = AXIS2_PLACEMENT_3D('',#3131,#3132,#3133);
#3131 = CARTESIAN_POINT('',(-14.14,-5.37,4.3));
#3132 = DIRECTION('',(-0.,-0.,-1.));
#3133 = DIRECTION('',(0.,-1.,0.));
#3134 = ORIENTED_EDGE('',*,*,#3135,.F.);
#3135 = EDGE_CURVE('',#3136,#3127,#3138,.T.);
#3136 = VERTEX_POINT('',#3137);
#3137 = CARTESIAN_POINT('',(-15.14,2.53,4.3));
#3138 = LINE('',#3139,#3140);
#3139 = CARTESIAN_POINT('',(-15.14,3.53,4.3));
#3140 = VECTOR('',#3141,1.);
#3141 = DIRECTION('',(0.,-1.,0.));
#3142 = ORIENTED_EDGE('',*,*,#3143,.T.);
#3143 = EDGE_CURVE('',#3136,#3085,#3144,.T.);
#3144 = CIRCLE('',#3145,1.);
#3145 = AXIS2_PLACEMENT_3D('',#3146,#3147,#3148);
#3146 = CARTESIAN_POINT('',(-14.14,2.53,4.3));
#3147 = DIRECTION('',(-0.,-0.,-1.));
#3148 = DIRECTION('',(0.,-1.,0.));
#3149 = FACE_BOUND('',#3150,.F.);
#3150 = EDGE_LOOP('',(#3151));
#3151 = ORIENTED_EDGE('',*,*,#3052,.F.);
#3152 = PLANE('',#3153);
#3153 = AXIS2_PLACEMENT_3D('',#3154,#3155,#3156);
#3154 = CARTESIAN_POINT('',(-5.54,-1.42,4.3));
#3155 = DIRECTION('',(0.,0.,1.));
#3156 = DIRECTION('',(1.,0.,-0.));
#3157 = ADVANCED_FACE('',(#3158),#3183,.F.);
#3158 = FACE_BOUND('',#3159,.F.);
#3159 = EDGE_LOOP('',(#3160,#3168,#3169,#3177));
#3160 = ORIENTED_EDGE('',*,*,#3161,.T.);
#3161 = EDGE_CURVE('',#3162,#3083,#3164,.T.);
#3162 = VERTEX_POINT('',#3163);
#3163 = CARTESIAN_POINT('',(3.06,3.53,1.3));
#3164 = LINE('',#3165,#3166);
#3165 = CARTESIAN_POINT('',(3.06,3.53,0.3));
#3166 = VECTOR('',#3167,1.);
#3167 = DIRECTION('',(0.,0.,1.));
#3168 = ORIENTED_EDGE('',*,*,#3082,.T.);
#3169 = ORIENTED_EDGE('',*,*,#3170,.F.);
#3170 = EDGE_CURVE('',#3171,#3085,#3173,.T.);
#3171 = VERTEX_POINT('',#3172);
#3172 = CARTESIAN_POINT('',(-14.14,3.53,1.3));
#3173 = LINE('',#3174,#3175);
#3174 = CARTESIAN_POINT('',(-14.14,3.53,0.3));
#3175 = VECTOR('',#3176,1.);
#3176 = DIRECTION('',(0.,0.,1.));
#3177 = ORIENTED_EDGE('',*,*,#3178,.F.);
#3178 = EDGE_CURVE('',#3162,#3171,#3179,.T.);
#3179 = LINE('',#3180,#3181);
#3180 = CARTESIAN_POINT('',(3.06,3.53,1.3));
#3181 = VECTOR('',#3182,1.);
#3182 = DIRECTION('',(-1.,0.,0.));
#3183 = PLANE('',#3184);
#3184 = AXIS2_PLACEMENT_3D('',#3185,#3186,#3187);
#3185 = CARTESIAN_POINT('',(4.06,3.53,0.3));
#3186 = DIRECTION('',(0.,-1.,0.));
#3187 = DIRECTION('',(-1.,0.,0.));
#3188 = ADVANCED_FACE('',(#3189),#3208,.T.);
#3189 = FACE_BOUND('',#3190,.T.);
#3190 = EDGE_LOOP('',(#3191,#3192,#3193,#3202));
#3191 = ORIENTED_EDGE('',*,*,#3143,.T.);
#3192 = ORIENTED_EDGE('',*,*,#3170,.F.);
#3193 = ORIENTED_EDGE('',*,*,#3194,.T.);
#3194 = EDGE_CURVE('',#3171,#3195,#3197,.T.);
#3195 = VERTEX_POINT('',#3196);
#3196 = CARTESIAN_POINT('',(-15.14,2.53,1.3));
#3197 = CIRCLE('',#3198,1.);
#3198 = AXIS2_PLACEMENT_3D('',#3199,#3200,#3201);
#3199 = CARTESIAN_POINT('',(-14.14,2.53,1.3));
#3200 = DIRECTION('',(0.,-0.,1.));
#3201 = DIRECTION('',(0.,1.,0.));
#3202 = ORIENTED_EDGE('',*,*,#3203,.T.);
#3203 = EDGE_CURVE('',#3195,#3136,#3204,.T.);
#3204 = LINE('',#3205,#3206);
#3205 = CARTESIAN_POINT('',(-15.14,2.53,0.3));
#3206 = VECTOR('',#3207,1.);
#3207 = DIRECTION('',(0.,0.,1.));
#3208 = CYLINDRICAL_SURFACE('',#3209,1.);
#3209 = AXIS2_PLACEMENT_3D('',#3210,#3211,#3212);
#3210 = CARTESIAN_POINT('',(-14.14,2.53,0.3));
#3211 = DIRECTION('',(0.,0.,1.));
#3212 = DIRECTION('',(-1.,0.,0.));
#3213 = ADVANCED_FACE('',(#3214),#3232,.F.);
#3214 = FACE_BOUND('',#3215,.F.);
#3215 = EDGE_LOOP('',(#3216,#3217,#3218,#3226));
#3216 = ORIENTED_EDGE('',*,*,#3203,.T.);
#3217 = ORIENTED_EDGE('',*,*,#3135,.T.);
#3218 = ORIENTED_EDGE('',*,*,#3219,.F.);
#3219 = EDGE_CURVE('',#3220,#3127,#3222,.T.);
#3220 = VERTEX_POINT('',#3221);
#3221 = CARTESIAN_POINT('',(-15.14,-5.37,1.3));
#3222 = LINE('',#3223,#3224);
#3223 = CARTESIAN_POINT('',(-15.14,-5.37,0.3));
#3224 = VECTOR('',#3225,1.);
#3225 = DIRECTION('',(0.,0.,1.));
#3226 = ORIENTED_EDGE('',*,*,#3227,.F.);
#3227 = EDGE_CURVE('',#3195,#3220,#3228,.T.);
#3228 = LINE('',#3229,#3230);
#3229 = CARTESIAN_POINT('',(-15.14,2.53,1.3));
#3230 = VECTOR('',#3231,1.);
#3231 = DIRECTION('',(0.,-1.,0.));
#3232 = PLANE('',#3233);
#3233 = AXIS2_PLACEMENT_3D('',#3234,#3235,#3236);
#3234 = CARTESIAN_POINT('',(-15.14,3.53,0.3));
#3235 = DIRECTION('',(1.,0.,0.));
#3236 = DIRECTION('',(0.,-1.,0.));
#3237 = ADVANCED_FACE('',(#3238),#3257,.T.);
#3238 = FACE_BOUND('',#3239,.T.);
#3239 = EDGE_LOOP('',(#3240,#3241,#3242,#3251));
#3240 = ORIENTED_EDGE('',*,*,#3126,.T.);
#3241 = ORIENTED_EDGE('',*,*,#3219,.F.);
#3242 = ORIENTED_EDGE('',*,*,#3243,.T.);
#3243 = EDGE_CURVE('',#3220,#3244,#3246,.T.);
#3244 = VERTEX_POINT('',#3245);
#3245 = CARTESIAN_POINT('',(-14.14,-6.37,1.3));
#3246 = CIRCLE('',#3247,1.);
#3247 = AXIS2_PLACEMENT_3D('',#3248,#3249,#3250);
#3248 = CARTESIAN_POINT('',(-14.14,-5.37,1.3));
#3249 = DIRECTION('',(0.,0.,1.));
#3250 = DIRECTION('',(-1.,0.,0.));
#3251 = ORIENTED_EDGE('',*,*,#3252,.T.);
#3252 = EDGE_CURVE('',#3244,#3119,#3253,.T.);
#3253 = LINE('',#3254,#3255);
#3254 = CARTESIAN_POINT('',(-14.14,-6.37,0.3));
#3255 = VECTOR('',#3256,1.);
#3256 = DIRECTION('',(0.,0.,1.));
#3257 = CYLINDRICAL_SURFACE('',#3258,1.);
#3258 = AXIS2_PLACEMENT_3D('',#3259,#3260,#3261);
#3259 = CARTESIAN_POINT('',(-14.14,-5.37,0.3));
#3260 = DIRECTION('',(0.,0.,1.));
#3261 = DIRECTION('',(0.,-1.,0.));
#3262 = ADVANCED_FACE('',(#3263),#3281,.F.);
#3263 = FACE_BOUND('',#3264,.F.);
#3264 = EDGE_LOOP('',(#3265,#3273,#3279,#3280));
#3265 = ORIENTED_EDGE('',*,*,#3266,.F.);
#3266 = EDGE_CURVE('',#3267,#3110,#3269,.T.);
#3267 = VERTEX_POINT('',#3268);
#3268 = CARTESIAN_POINT('',(3.06,-6.37,1.3));
#3269 = LINE('',#3270,#3271);
#3270 = CARTESIAN_POINT('',(3.06,-6.37,0.3));
#3271 = VECTOR('',#3272,1.);
#3272 = DIRECTION('',(0.,0.,1.));
#3273 = ORIENTED_EDGE('',*,*,#3274,.F.);
#3274 = EDGE_CURVE('',#3244,#3267,#3275,.T.);
#3275 = LINE('',#3276,#3277);
#3276 = CARTESIAN_POINT('',(-14.14,-6.37,1.3));
#3277 = VECTOR('',#3278,1.);
#3278 = DIRECTION('',(1.,0.,0.));
#3279 = ORIENTED_EDGE('',*,*,#3252,.T.);
#3280 = ORIENTED_EDGE('',*,*,#3118,.T.);
#3281 = PLANE('',#3282);
#3282 = AXIS2_PLACEMENT_3D('',#3283,#3284,#3285);
#3283 = CARTESIAN_POINT('',(-15.14,-6.37,0.3));
#3284 = DIRECTION('',(0.,1.,0.));
#3285 = DIRECTION('',(1.,0.,0.));
#3286 = ADVANCED_FACE('',(#3287),#3306,.T.);
#3287 = FACE_BOUND('',#3288,.T.);
#3288 = EDGE_LOOP('',(#3289,#3290,#3299,#3305));
#3289 = ORIENTED_EDGE('',*,*,#3266,.F.);
#3290 = ORIENTED_EDGE('',*,*,#3291,.T.);
#3291 = EDGE_CURVE('',#3267,#3292,#3294,.T.);
#3292 = VERTEX_POINT('',#3293);
#3293 = CARTESIAN_POINT('',(4.06,-5.37,1.3));
#3294 = CIRCLE('',#3295,1.);
#3295 = AXIS2_PLACEMENT_3D('',#3296,#3297,#3298);
#3296 = CARTESIAN_POINT('',(3.06,-5.37,1.3));
#3297 = DIRECTION('',(-0.,0.,1.));
#3298 = DIRECTION('',(0.,-1.,0.));
#3299 = ORIENTED_EDGE('',*,*,#3300,.T.);
#3300 = EDGE_CURVE('',#3292,#3102,#3301,.T.);
#3301 = LINE('',#3302,#3303);
#3302 = CARTESIAN_POINT('',(4.06,-5.37,0.3));
#3303 = VECTOR('',#3304,1.);
#3304 = DIRECTION('',(0.,0.,1.));
#3305 = ORIENTED_EDGE('',*,*,#3109,.F.);
#3306 = CYLINDRICAL_SURFACE('',#3307,1.);
#3307 = AXIS2_PLACEMENT_3D('',#3308,#3309,#3310);
#3308 = CARTESIAN_POINT('',(3.06,-5.37,0.3));
#3309 = DIRECTION('',(0.,0.,1.));
#3310 = DIRECTION('',(0.,-1.,0.));
#3311 = ADVANCED_FACE('',(#3312),#3330,.F.);
#3312 = FACE_BOUND('',#3313,.F.);
#3313 = EDGE_LOOP('',(#3314,#3322,#3328,#3329));
#3314 = ORIENTED_EDGE('',*,*,#3315,.F.);
#3315 = EDGE_CURVE('',#3316,#3093,#3318,.T.);
#3316 = VERTEX_POINT('',#3317);
#3317 = CARTESIAN_POINT('',(4.06,2.53,1.3));
#3318 = LINE('',#3319,#3320);
#3319 = CARTESIAN_POINT('',(4.06,2.53,0.3));
#3320 = VECTOR('',#3321,1.);
#3321 = DIRECTION('',(0.,0.,1.));
#3322 = ORIENTED_EDGE('',*,*,#3323,.F.);
#3323 = EDGE_CURVE('',#3292,#3316,#3324,.T.);
#3324 = LINE('',#3325,#3326);
#3325 = CARTESIAN_POINT('',(4.06,-5.37,1.3));
#3326 = VECTOR('',#3327,1.);
#3327 = DIRECTION('',(0.,1.,0.));
#3328 = ORIENTED_EDGE('',*,*,#3300,.T.);
#3329 = ORIENTED_EDGE('',*,*,#3101,.T.);
#3330 = PLANE('',#3331);
#3331 = AXIS2_PLACEMENT_3D('',#3332,#3333,#3334);
#3332 = CARTESIAN_POINT('',(4.06,-6.37,0.3));
#3333 = DIRECTION('',(-1.,0.,0.));
#3334 = DIRECTION('',(0.,1.,0.));
#3335 = ADVANCED_FACE('',(#3336),#3348,.T.);
#3336 = FACE_BOUND('',#3337,.T.);
#3337 = EDGE_LOOP('',(#3338,#3339,#3340,#3347));
#3338 = ORIENTED_EDGE('',*,*,#3092,.T.);
#3339 = ORIENTED_EDGE('',*,*,#3315,.F.);
#3340 = ORIENTED_EDGE('',*,*,#3341,.T.);
#3341 = EDGE_CURVE('',#3316,#3162,#3342,.T.);
#3342 = CIRCLE('',#3343,1.);
#3343 = AXIS2_PLACEMENT_3D('',#3344,#3345,#3346);
#3344 = CARTESIAN_POINT('',(3.06,2.53,1.3));
#3345 = DIRECTION('',(0.,0.,1.));
#3346 = DIRECTION('',(1.,0.,-0.));
#3347 = ORIENTED_EDGE('',*,*,#3161,.T.);
#3348 = CYLINDRICAL_SURFACE('',#3349,1.);
#3349 = AXIS2_PLACEMENT_3D('',#3350,#3351,#3352);
#3350 = CARTESIAN_POINT('',(3.06,2.53,0.3));
#3351 = DIRECTION('',(0.,0.,1.));
#3352 = DIRECTION('',(0.,1.,0.));
#3353 = ADVANCED_FACE('',(#3354),#3381,.T.);
#3354 = FACE_BOUND('',#3355,.T.);
#3355 = EDGE_LOOP('',(#3356,#3366,#3373,#3374));
#3356 = ORIENTED_EDGE('',*,*,#3357,.T.);
#3357 = EDGE_CURVE('',#3358,#3360,#3362,.T.);
#3358 = VERTEX_POINT('',#3359);
#3359 = CARTESIAN_POINT('',(3.06,2.53,0.3));
#3360 = VERTEX_POINT('',#3361);
#3361 = CARTESIAN_POINT('',(-14.14,2.53,0.3));
#3362 = LINE('',#3363,#3364);
#3363 = CARTESIAN_POINT('',(3.06,2.53,0.3));
#3364 = VECTOR('',#3365,1.);
#3365 = DIRECTION('',(-1.,0.,0.));
#3366 = ORIENTED_EDGE('',*,*,#3367,.T.);
#3367 = EDGE_CURVE('',#3360,#3171,#3368,.T.);
#3368 = CIRCLE('',#3369,1.);
#3369 = AXIS2_PLACEMENT_3D('',#3370,#3371,#3372);
#3370 = CARTESIAN_POINT('',(-14.14,2.53,1.3));
#3371 = DIRECTION('',(1.,-0.,0.));
#3372 = DIRECTION('',(0.,0.,-1.));
#3373 = ORIENTED_EDGE('',*,*,#3178,.F.);
#3374 = ORIENTED_EDGE('',*,*,#3375,.F.);
#3375 = EDGE_CURVE('',#3358,#3162,#3376,.T.);
#3376 = CIRCLE('',#3377,1.);
#3377 = AXIS2_PLACEMENT_3D('',#3378,#3379,#3380);
#3378 = CARTESIAN_POINT('',(3.06,2.53,1.3));
#3379 = DIRECTION('',(1.,-0.,0.));
#3380 = DIRECTION('',(0.,0.,-1.));
#3381 = CYLINDRICAL_SURFACE('',#3382,1.);
#3382 = AXIS2_PLACEMENT_3D('',#3383,#3384,#3385);
#3383 = CARTESIAN_POINT('',(3.06,2.53,1.3));
#3384 = DIRECTION('',(-1.,0.,0.));
#3385 = DIRECTION('',(0.,0.,-1.));
#3386 = ADVANCED_FACE('',(#3387),#3398,.T.);
#3387 = FACE_BOUND('',#3388,.T.);
#3388 = EDGE_LOOP('',(#3389,#3390,#3397));
#3389 = ORIENTED_EDGE('',*,*,#3367,.F.);
#3390 = ORIENTED_EDGE('',*,*,#3391,.T.);
#3391 = EDGE_CURVE('',#3360,#3195,#3392,.T.);
#3392 = CIRCLE('',#3393,1.);
#3393 = AXIS2_PLACEMENT_3D('',#3394,#3395,#3396);
#3394 = CARTESIAN_POINT('',(-14.14,2.53,1.3));
#3395 = DIRECTION('',(6.123233995737E-17,1.,-0.));
#3396 = DIRECTION('',(-1.,6.123233995737E-17,0.));
#3397 = ORIENTED_EDGE('',*,*,#3194,.F.);
#3398 = SPHERICAL_SURFACE('',#3399,1.);
#3399 = AXIS2_PLACEMENT_3D('',#3400,#3401,#3402);
#3400 = CARTESIAN_POINT('',(-14.14,2.53,1.3));
#3401 = DIRECTION('',(0.,0.,1.));
#3402 = DIRECTION('',(0.,1.,0.));
#3403 = ADVANCED_FACE('',(#3404),#3423,.T.);
#3404 = FACE_BOUND('',#3405,.T.);
#3405 = EDGE_LOOP('',(#3406,#3414,#3421,#3422));
#3406 = ORIENTED_EDGE('',*,*,#3407,.T.);
#3407 = EDGE_CURVE('',#3360,#3408,#3410,.T.);
#3408 = VERTEX_POINT('',#3409);
#3409 = CARTESIAN_POINT('',(-14.14,-5.37,0.3));
#3410 = LINE('',#3411,#3412);
#3411 = CARTESIAN_POINT('',(-14.14,2.53,0.3));
#3412 = VECTOR('',#3413,1.);
#3413 = DIRECTION('',(0.,-1.,0.));
#3414 = ORIENTED_EDGE('',*,*,#3415,.T.);
#3415 = EDGE_CURVE('',#3408,#3220,#3416,.T.);
#3416 = CIRCLE('',#3417,1.);
#3417 = AXIS2_PLACEMENT_3D('',#3418,#3419,#3420);
#3418 = CARTESIAN_POINT('',(-14.14,-5.37,1.3));
#3419 = DIRECTION('',(0.,1.,0.));
#3420 = DIRECTION('',(0.,0.,-1.));
#3421 = ORIENTED_EDGE('',*,*,#3227,.F.);
#3422 = ORIENTED_EDGE('',*,*,#3391,.F.);
#3423 = CYLINDRICAL_SURFACE('',#3424,1.);
#3424 = AXIS2_PLACEMENT_3D('',#3425,#3426,#3427);
#3425 = CARTESIAN_POINT('',(-14.14,2.53,1.3));
#3426 = DIRECTION('',(0.,-1.,0.));
#3427 = DIRECTION('',(-0.,-0.,-1.));
#3428 = ADVANCED_FACE('',(#3429),#3440,.T.);
#3429 = FACE_BOUND('',#3430,.T.);
#3430 = EDGE_LOOP('',(#3431,#3432,#3439));
#3431 = ORIENTED_EDGE('',*,*,#3415,.F.);
#3432 = ORIENTED_EDGE('',*,*,#3433,.T.);
#3433 = EDGE_CURVE('',#3408,#3244,#3434,.T.);
#3434 = CIRCLE('',#3435,1.);
#3435 = AXIS2_PLACEMENT_3D('',#3436,#3437,#3438);
#3436 = CARTESIAN_POINT('',(-14.14,-5.37,1.3));
#3437 = DIRECTION('',(-1.,6.123233995737E-17,0.));
#3438 = DIRECTION('',(-6.123233995737E-17,-1.,0.));
#3439 = ORIENTED_EDGE('',*,*,#3243,.F.);
#3440 = SPHERICAL_SURFACE('',#3441,1.);
#3441 = AXIS2_PLACEMENT_3D('',#3442,#3443,#3444);
#3442 = CARTESIAN_POINT('',(-14.14,-5.37,1.3));
#3443 = DIRECTION('',(0.,0.,1.));
#3444 = DIRECTION('',(-1.,0.,0.));
#3445 = ADVANCED_FACE('',(#3446),#3465,.T.);
#3446 = FACE_BOUND('',#3447,.T.);
#3447 = EDGE_LOOP('',(#3448,#3456,#3463,#3464));
#3448 = ORIENTED_EDGE('',*,*,#3449,.T.);
#3449 = EDGE_CURVE('',#3408,#3450,#3452,.T.);
#3450 = VERTEX_POINT('',#3451);
#3451 = CARTESIAN_POINT('',(3.06,-5.37,0.3));
#3452 = LINE('',#3453,#3454);
#3453 = CARTESIAN_POINT('',(-14.14,-5.37,0.3));
#3454 = VECTOR('',#3455,1.);
#3455 = DIRECTION('',(1.,0.,0.));
#3456 = ORIENTED_EDGE('',*,*,#3457,.T.);
#3457 = EDGE_CURVE('',#3450,#3267,#3458,.T.);
#3458 = CIRCLE('',#3459,1.);
#3459 = AXIS2_PLACEMENT_3D('',#3460,#3461,#3462);
#3460 = CARTESIAN_POINT('',(3.06,-5.37,1.3));
#3461 = DIRECTION('',(-1.,-0.,-0.));
#3462 = DIRECTION('',(0.,0.,-1.));
#3463 = ORIENTED_EDGE('',*,*,#3274,.F.);
#3464 = ORIENTED_EDGE('',*,*,#3433,.F.);
#3465 = CYLINDRICAL_SURFACE('',#3466,1.);
#3466 = AXIS2_PLACEMENT_3D('',#3467,#3468,#3469);
#3467 = CARTESIAN_POINT('',(-14.14,-5.37,1.3));
#3468 = DIRECTION('',(1.,0.,0.));
#3469 = DIRECTION('',(0.,0.,-1.));
#3470 = ADVANCED_FACE('',(#3471),#3482,.T.);
#3471 = FACE_BOUND('',#3472,.T.);
#3472 = EDGE_LOOP('',(#3473,#3474,#3481));
#3473 = ORIENTED_EDGE('',*,*,#3457,.F.);
#3474 = ORIENTED_EDGE('',*,*,#3475,.T.);
#3475 = EDGE_CURVE('',#3450,#3292,#3476,.T.);
#3476 = CIRCLE('',#3477,1.);
#3477 = AXIS2_PLACEMENT_3D('',#3478,#3479,#3480);
#3478 = CARTESIAN_POINT('',(3.06,-5.37,1.3));
#3479 = DIRECTION('',(-6.123233995737E-17,-1.,0.));
#3480 = DIRECTION('',(1.,-6.123233995737E-17,0.));
#3481 = ORIENTED_EDGE('',*,*,#3291,.F.);
#3482 = SPHERICAL_SURFACE('',#3483,1.);
#3483 = AXIS2_PLACEMENT_3D('',#3484,#3485,#3486);
#3484 = CARTESIAN_POINT('',(3.06,-5.37,1.3));
#3485 = DIRECTION('',(0.,0.,1.));
#3486 = DIRECTION('',(0.,-1.,0.));
#3487 = ADVANCED_FACE('',(#3488),#3505,.T.);
#3488 = FACE_BOUND('',#3489,.T.);
#3489 = EDGE_LOOP('',(#3490,#3496,#3503,#3504));
#3490 = ORIENTED_EDGE('',*,*,#3491,.T.);
#3491 = EDGE_CURVE('',#3450,#3358,#3492,.T.);
#3492 = LINE('',#3493,#3494);
#3493 = CARTESIAN_POINT('',(3.06,-5.37,0.3));
#3494 = VECTOR('',#3495,1.);
#3495 = DIRECTION('',(0.,1.,0.));
#3496 = ORIENTED_EDGE('',*,*,#3497,.T.);
#3497 = EDGE_CURVE('',#3358,#3316,#3498,.T.);
#3498 = CIRCLE('',#3499,1.);
#3499 = AXIS2_PLACEMENT_3D('',#3500,#3501,#3502);
#3500 = CARTESIAN_POINT('',(3.06,2.53,1.3));
#3501 = DIRECTION('',(0.,-1.,0.));
#3502 = DIRECTION('',(0.,0.,-1.));
#3503 = ORIENTED_EDGE('',*,*,#3323,.F.);
#3504 = ORIENTED_EDGE('',*,*,#3475,.F.);
#3505 = CYLINDRICAL_SURFACE('',#3506,1.);
#3506 = AXIS2_PLACEMENT_3D('',#3507,#3508,#3509);
#3507 = CARTESIAN_POINT('',(3.06,-5.37,1.3));
#3508 = DIRECTION('',(0.,1.,0.));
#3509 = DIRECTION('',(0.,0.,-1.));
#3510 = ADVANCED_FACE('',(#3511),#3516,.T.);
#3511 = FACE_BOUND('',#3512,.T.);
#3512 = EDGE_LOOP('',(#3513,#3514,#3515));
#3513 = ORIENTED_EDGE('',*,*,#3497,.F.);
#3514 = ORIENTED_EDGE('',*,*,#3375,.T.);
#3515 = ORIENTED_EDGE('',*,*,#3341,.F.);
#3516 = SPHERICAL_SURFACE('',#3517,1.);
#3517 = AXIS2_PLACEMENT_3D('',#3518,#3519,#3520);
#3518 = CARTESIAN_POINT('',(3.06,2.53,1.3));
#3519 = DIRECTION('',(0.,0.,1.));
#3520 = DIRECTION('',(1.,0.,-0.));
#3521 = ADVANCED_FACE('',(#3522,#3528),#3562,.F.);
#3522 = FACE_BOUND('',#3523,.F.);
#3523 = EDGE_LOOP('',(#3524,#3525,#3526,#3527));
#3524 = ORIENTED_EDGE('',*,*,#3357,.T.);
#3525 = ORIENTED_EDGE('',*,*,#3407,.T.);
#3526 = ORIENTED_EDGE('',*,*,#3449,.T.);
#3527 = ORIENTED_EDGE('',*,*,#3491,.T.);
#3528 = FACE_BOUND('',#3529,.F.);
#3529 = EDGE_LOOP('',(#3530,#3540,#3548,#3556));
#3530 = ORIENTED_EDGE('',*,*,#3531,.F.);
#3531 = EDGE_CURVE('',#3532,#3534,#3536,.T.);
#3532 = VERTEX_POINT('',#3533);
#3533 = CARTESIAN_POINT('',(-13.64,-4.87,0.3));
#3534 = VERTEX_POINT('',#3535);
#3535 = CARTESIAN_POINT('',(2.56,-4.87,0.3));
#3536 = LINE('',#3537,#3538);
#3537 = CARTESIAN_POINT('',(-9.59,-4.87,0.3));
#3538 = VECTOR('',#3539,1.);
#3539 = DIRECTION('',(1.,0.,0.));
#3540 = ORIENTED_EDGE('',*,*,#3541,.F.);
#3541 = EDGE_CURVE('',#3542,#3532,#3544,.T.);
#3542 = VERTEX_POINT('',#3543);
#3543 = CARTESIAN_POINT('',(-13.64,2.03,0.3));
#3544 = LINE('',#3545,#3546);
#3545 = CARTESIAN_POINT('',(-13.64,0.305,0.3));
#3546 = VECTOR('',#3547,1.);
#3547 = DIRECTION('',(0.,-1.,0.));
#3548 = ORIENTED_EDGE('',*,*,#3549,.F.);
#3549 = EDGE_CURVE('',#3550,#3542,#3552,.T.);
#3550 = VERTEX_POINT('',#3551);
#3551 = CARTESIAN_POINT('',(2.56,2.03,0.3));
#3552 = LINE('',#3553,#3554);
#3553 = CARTESIAN_POINT('',(-1.49,2.03,0.3));
#3554 = VECTOR('',#3555,1.);
#3555 = DIRECTION('',(-1.,0.,0.));
#3556 = ORIENTED_EDGE('',*,*,#3557,.F.);
#3557 = EDGE_CURVE('',#3534,#3550,#3558,.T.);
#3558 = LINE('',#3559,#3560);
#3559 = CARTESIAN_POINT('',(2.56,-3.145,0.3));
#3560 = VECTOR('',#3561,1.);
#3561 = DIRECTION('',(0.,1.,-0.));
#3562 = PLANE('',#3563);
#3563 = AXIS2_PLACEMENT_3D('',#3564,#3565,#3566);
#3564 = CARTESIAN_POINT('',(-5.54,-1.42,0.3));
#3565 = DIRECTION('',(0.,0.,1.));
#3566 = DIRECTION('',(1.,0.,-0.));
#3567 = ADVANCED_FACE('',(#3568),#3593,.F.);
#3568 = FACE_BOUND('',#3569,.F.);
#3569 = EDGE_LOOP('',(#3570,#3580,#3586,#3587));
#3570 = ORIENTED_EDGE('',*,*,#3571,.F.);
#3571 = EDGE_CURVE('',#3572,#3574,#3576,.T.);
#3572 = VERTEX_POINT('',#3573);
#3573 = CARTESIAN_POINT('',(-13.64,-4.87,0.));
#3574 = VERTEX_POINT('',#3575);
#3575 = CARTESIAN_POINT('',(2.56,-4.87,0.));
#3576 = LINE('',#3577,#3578);
#3577 = CARTESIAN_POINT('',(-13.64,-4.87,0.));
#3578 = VECTOR('',#3579,1.);
#3579 = DIRECTION('',(1.,0.,0.));
#3580 = ORIENTED_EDGE('',*,*,#3581,.T.);
#3581 = EDGE_CURVE('',#3572,#3532,#3582,.T.);
#3582 = LINE('',#3583,#3584);
#3583 = CARTESIAN_POINT('',(-13.64,-4.87,0.));
#3584 = VECTOR('',#3585,1.);
#3585 = DIRECTION('',(0.,0.,1.));
#3586 = ORIENTED_EDGE('',*,*,#3531,.T.);
#3587 = ORIENTED_EDGE('',*,*,#3588,.F.);
#3588 = EDGE_CURVE('',#3574,#3534,#3589,.T.);
#3589 = LINE('',#3590,#3591);
#3590 = CARTESIAN_POINT('',(2.56,-4.87,0.));
#3591 = VECTOR('',#3592,1.);
#3592 = DIRECTION('',(0.,0.,1.));
#3593 = PLANE('',#3594);
#3594 = AXIS2_PLACEMENT_3D('',#3595,#3596,#3597);
#3595 = CARTESIAN_POINT('',(-13.64,-4.87,0.));
#3596 = DIRECTION('',(0.,1.,0.));
#3597 = DIRECTION('',(1.,0.,0.));
#3598 = ADVANCED_FACE('',(#3599),#3617,.F.);
#3599 = FACE_BOUND('',#3600,.F.);
#3600 = EDGE_LOOP('',(#3601,#3609,#3610,#3611));
#3601 = ORIENTED_EDGE('',*,*,#3602,.F.);
#3602 = EDGE_CURVE('',#3574,#3603,#3605,.T.);
#3603 = VERTEX_POINT('',#3604);
#3604 = CARTESIAN_POINT('',(2.56,2.03,0.));
#3605 = LINE('',#3606,#3607);
#3606 = CARTESIAN_POINT('',(2.56,-4.87,0.));
#3607 = VECTOR('',#3608,1.);
#3608 = DIRECTION('',(0.,1.,0.));
#3609 = ORIENTED_EDGE('',*,*,#3588,.T.);
#3610 = ORIENTED_EDGE('',*,*,#3557,.T.);
#3611 = ORIENTED_EDGE('',*,*,#3612,.F.);
#3612 = EDGE_CURVE('',#3603,#3550,#3613,.T.);
#3613 = LINE('',#3614,#3615);
#3614 = CARTESIAN_POINT('',(2.56,2.03,0.));
#3615 = VECTOR('',#3616,1.);
#3616 = DIRECTION('',(0.,0.,1.));
#3617 = PLANE('',#3618);
#3618 = AXIS2_PLACEMENT_3D('',#3619,#3620,#3621);
#3619 = CARTESIAN_POINT('',(2.56,-4.87,0.));
#3620 = DIRECTION('',(-1.,0.,0.));
#3621 = DIRECTION('',(0.,1.,0.));
#3622 = ADVANCED_FACE('',(#3623),#3641,.F.);
#3623 = FACE_BOUND('',#3624,.F.);
#3624 = EDGE_LOOP('',(#3625,#3633,#3634,#3635));
#3625 = ORIENTED_EDGE('',*,*,#3626,.F.);
#3626 = EDGE_CURVE('',#3603,#3627,#3629,.T.);
#3627 = VERTEX_POINT('',#3628);
#3628 = CARTESIAN_POINT('',(-13.64,2.03,0.));
#3629 = LINE('',#3630,#3631);
#3630 = CARTESIAN_POINT('',(2.56,2.03,0.));
#3631 = VECTOR('',#3632,1.);
#3632 = DIRECTION('',(-1.,0.,0.));
#3633 = ORIENTED_EDGE('',*,*,#3612,.T.);
#3634 = ORIENTED_EDGE('',*,*,#3549,.T.);
#3635 = ORIENTED_EDGE('',*,*,#3636,.F.);
#3636 = EDGE_CURVE('',#3627,#3542,#3637,.T.);
#3637 = LINE('',#3638,#3639);
#3638 = CARTESIAN_POINT('',(-13.64,2.03,0.));
#3639 = VECTOR('',#3640,1.);
#3640 = DIRECTION('',(0.,0.,1.));
#3641 = PLANE('',#3642);
#3642 = AXIS2_PLACEMENT_3D('',#3643,#3644,#3645);
#3643 = CARTESIAN_POINT('',(2.56,2.03,0.));
#3644 = DIRECTION('',(0.,-1.,0.));
#3645 = DIRECTION('',(-1.,0.,0.));
#3646 = ADVANCED_FACE('',(#3647),#3658,.F.);
#3647 = FACE_BOUND('',#3648,.F.);
#3648 = EDGE_LOOP('',(#3649,#3655,#3656,#3657));
#3649 = ORIENTED_EDGE('',*,*,#3650,.F.);
#3650 = EDGE_CURVE('',#3627,#3572,#3651,.T.);
#3651 = LINE('',#3652,#3653);
#3652 = CARTESIAN_POINT('',(-13.64,2.03,0.));
#3653 = VECTOR('',#3654,1.);
#3654 = DIRECTION('',(0.,-1.,0.));
#3655 = ORIENTED_EDGE('',*,*,#3636,.T.);
#3656 = ORIENTED_EDGE('',*,*,#3541,.T.);
#3657 = ORIENTED_EDGE('',*,*,#3581,.F.);
#3658 = PLANE('',#3659);
#3659 = AXIS2_PLACEMENT_3D('',#3660,#3661,#3662);
#3660 = CARTESIAN_POINT('',(-13.64,2.03,0.));
#3661 = DIRECTION('',(1.,0.,0.));
#3662 = DIRECTION('',(0.,-1.,0.));
#3663 = ADVANCED_FACE('',(#3664,#3670,#3681,#3692,#3703,#3714,#3725,
    #3736,#3747,#3758),#3769,.F.);
#3664 = FACE_BOUND('',#3665,.F.);
#3665 = EDGE_LOOP('',(#3666,#3667,#3668,#3669));
#3666 = ORIENTED_EDGE('',*,*,#3571,.T.);
#3667 = ORIENTED_EDGE('',*,*,#3602,.T.);
#3668 = ORIENTED_EDGE('',*,*,#3626,.T.);
#3669 = ORIENTED_EDGE('',*,*,#3650,.T.);
#3670 = FACE_BOUND('',#3671,.F.);
#3671 = EDGE_LOOP('',(#3672));
#3672 = ORIENTED_EDGE('',*,*,#3673,.F.);
#3673 = EDGE_CURVE('',#3674,#3674,#3676,.T.);
#3674 = VERTEX_POINT('',#3675);
#3675 = CARTESIAN_POINT('',(-9.375,-2.84,0.));
#3676 = CIRCLE('',#3677,0.32);
#3677 = AXIS2_PLACEMENT_3D('',#3678,#3679,#3680);
#3678 = CARTESIAN_POINT('',(-9.695,-2.84,0.));
#3679 = DIRECTION('',(0.,0.,1.));
#3680 = DIRECTION('',(1.,0.,-0.));
#3681 = FACE_BOUND('',#3682,.F.);
#3682 = EDGE_LOOP('',(#3683));
#3683 = ORIENTED_EDGE('',*,*,#3684,.F.);
#3684 = EDGE_CURVE('',#3685,#3685,#3687,.T.);
#3685 = VERTEX_POINT('',#3686);
#3686 = CARTESIAN_POINT('',(-6.605,-2.84,0.));
#3687 = CIRCLE('',#3688,0.32);
#3688 = AXIS2_PLACEMENT_3D('',#3689,#3690,#3691);
#3689 = CARTESIAN_POINT('',(-6.925,-2.84,0.));
#3690 = DIRECTION('',(0.,0.,1.));
#3691 = DIRECTION('',(1.,0.,-0.));
#3692 = FACE_BOUND('',#3693,.F.);
#3693 = EDGE_LOOP('',(#3694));
#3694 = ORIENTED_EDGE('',*,*,#3695,.F.);
#3695 = EDGE_CURVE('',#3696,#3696,#3698,.T.);
#3696 = VERTEX_POINT('',#3697);
#3697 = CARTESIAN_POINT('',(-3.835,-2.84,0.));
#3698 = CIRCLE('',#3699,0.32);
#3699 = AXIS2_PLACEMENT_3D('',#3700,#3701,#3702);
#3700 = CARTESIAN_POINT('',(-4.155,-2.84,0.));
#3701 = DIRECTION('',(0.,0.,1.));
#3702 = DIRECTION('',(1.,0.,-0.));
#3703 = FACE_BOUND('',#3704,.F.);
#3704 = EDGE_LOOP('',(#3705));
#3705 = ORIENTED_EDGE('',*,*,#3706,.F.);
#3706 = EDGE_CURVE('',#3707,#3707,#3709,.T.);
#3707 = VERTEX_POINT('',#3708);
#3708 = CARTESIAN_POINT('',(-1.065,-2.84,0.));
#3709 = CIRCLE('',#3710,0.32);
#3710 = AXIS2_PLACEMENT_3D('',#3711,#3712,#3713);
#3711 = CARTESIAN_POINT('',(-1.385,-2.84,0.));
#3712 = DIRECTION('',(0.,0.,1.));
#3713 = DIRECTION('',(1.,0.,-0.));
#3714 = FACE_BOUND('',#3715,.F.);
#3715 = EDGE_LOOP('',(#3716));
#3716 = ORIENTED_EDGE('',*,*,#3717,.F.);
#3717 = EDGE_CURVE('',#3718,#3718,#3720,.T.);
#3718 = VERTEX_POINT('',#3719);
#3719 = CARTESIAN_POINT('',(-10.76,0.,0.));
#3720 = CIRCLE('',#3721,0.32);
#3721 = AXIS2_PLACEMENT_3D('',#3722,#3723,#3724);
#3722 = CARTESIAN_POINT('',(-11.08,0.,0.));
#3723 = DIRECTION('',(0.,0.,1.));
#3724 = DIRECTION('',(1.,0.,-0.));
#3725 = FACE_BOUND('',#3726,.F.);
#3726 = EDGE_LOOP('',(#3727));
#3727 = ORIENTED_EDGE('',*,*,#3728,.F.);
#3728 = EDGE_CURVE('',#3729,#3729,#3731,.T.);
#3729 = VERTEX_POINT('',#3730);
#3730 = CARTESIAN_POINT('',(-7.99,0.,0.));
#3731 = CIRCLE('',#3732,0.32);
#3732 = AXIS2_PLACEMENT_3D('',#3733,#3734,#3735);
#3733 = CARTESIAN_POINT('',(-8.31,0.,0.));
#3734 = DIRECTION('',(0.,0.,1.));
#3735 = DIRECTION('',(1.,0.,-0.));
#3736 = FACE_BOUND('',#3737,.F.);
#3737 = EDGE_LOOP('',(#3738));
#3738 = ORIENTED_EDGE('',*,*,#3739,.F.);
#3739 = EDGE_CURVE('',#3740,#3740,#3742,.T.);
#3740 = VERTEX_POINT('',#3741);
#3741 = CARTESIAN_POINT('',(-5.22,0.,0.));
#3742 = CIRCLE('',#3743,0.32);
#3743 = AXIS2_PLACEMENT_3D('',#3744,#3745,#3746);
#3744 = CARTESIAN_POINT('',(-5.54,0.,0.));
#3745 = DIRECTION('',(0.,0.,1.));
#3746 = DIRECTION('',(1.,0.,-0.));
#3747 = FACE_BOUND('',#3748,.F.);
#3748 = EDGE_LOOP('',(#3749));
#3749 = ORIENTED_EDGE('',*,*,#3750,.F.);
#3750 = EDGE_CURVE('',#3751,#3751,#3753,.T.);
#3751 = VERTEX_POINT('',#3752);
#3752 = CARTESIAN_POINT('',(-2.45,0.,0.));
#3753 = CIRCLE('',#3754,0.32);
#3754 = AXIS2_PLACEMENT_3D('',#3755,#3756,#3757);
#3755 = CARTESIAN_POINT('',(-2.77,0.,0.));
#3756 = DIRECTION('',(0.,0.,1.));
#3757 = DIRECTION('',(1.,0.,-0.));
#3758 = FACE_BOUND('',#3759,.F.);
#3759 = EDGE_LOOP('',(#3760));
#3760 = ORIENTED_EDGE('',*,*,#3761,.F.);
#3761 = EDGE_CURVE('',#3762,#3762,#3764,.T.);
#3762 = VERTEX_POINT('',#3763);
#3763 = CARTESIAN_POINT('',(0.32,0.,0.));
#3764 = CIRCLE('',#3765,0.32);
#3765 = AXIS2_PLACEMENT_3D('',#3766,#3767,#3768);
#3766 = CARTESIAN_POINT('',(0.,0.,0.));
#3767 = DIRECTION('',(0.,0.,1.));
#3768 = DIRECTION('',(1.,0.,-0.));
#3769 = PLANE('',#3770);
#3770 = AXIS2_PLACEMENT_3D('',#3771,#3772,#3773);
#3771 = CARTESIAN_POINT('',(-5.54,-1.42,0.));
#3772 = DIRECTION('',(0.,0.,1.));
#3773 = DIRECTION('',(1.,0.,-0.));
#3774 = ADVANCED_FACE('',(#3775),#3794,.T.);
#3775 = FACE_BOUND('',#3776,.T.);
#3776 = EDGE_LOOP('',(#3777,#3778,#3786,#3793));
#3777 = ORIENTED_EDGE('',*,*,#3673,.F.);
#3778 = ORIENTED_EDGE('',*,*,#3779,.T.);
#3779 = EDGE_CURVE('',#3674,#3780,#3782,.T.);
#3780 = VERTEX_POINT('',#3781);
#3781 = CARTESIAN_POINT('',(-9.375,-2.84,-3.74));
#3782 = LINE('',#3783,#3784);
#3783 = CARTESIAN_POINT('',(-9.375,-2.84,0.4));
#3784 = VECTOR('',#3785,1.);
#3785 = DIRECTION('',(-0.,-0.,-1.));
#3786 = ORIENTED_EDGE('',*,*,#3787,.T.);
#3787 = EDGE_CURVE('',#3780,#3780,#3788,.T.);
#3788 = CIRCLE('',#3789,0.32);
#3789 = AXIS2_PLACEMENT_3D('',#3790,#3791,#3792);
#3790 = CARTESIAN_POINT('',(-9.695,-2.84,-3.74));
#3791 = DIRECTION('',(0.,0.,1.));
#3792 = DIRECTION('',(1.,0.,-0.));
#3793 = ORIENTED_EDGE('',*,*,#3779,.F.);
#3794 = CYLINDRICAL_SURFACE('',#3795,0.32);
#3795 = AXIS2_PLACEMENT_3D('',#3796,#3797,#3798);
#3796 = CARTESIAN_POINT('',(-9.695,-2.84,0.4));
#3797 = DIRECTION('',(0.,0.,1.));
#3798 = DIRECTION('',(1.,0.,-0.));
#3799 = ADVANCED_FACE('',(#3800),#3819,.T.);
#3800 = FACE_BOUND('',#3801,.T.);
#3801 = EDGE_LOOP('',(#3802,#3803,#3811,#3818));
#3802 = ORIENTED_EDGE('',*,*,#3684,.F.);
#3803 = ORIENTED_EDGE('',*,*,#3804,.T.);
#3804 = EDGE_CURVE('',#3685,#3805,#3807,.T.);
#3805 = VERTEX_POINT('',#3806);
#3806 = CARTESIAN_POINT('',(-6.605,-2.84,-3.74));
#3807 = LINE('',#3808,#3809);
#3808 = CARTESIAN_POINT('',(-6.605,-2.84,0.4));
#3809 = VECTOR('',#3810,1.);
#3810 = DIRECTION('',(-0.,-0.,-1.));
#3811 = ORIENTED_EDGE('',*,*,#3812,.T.);
#3812 = EDGE_CURVE('',#3805,#3805,#3813,.T.);
#3813 = CIRCLE('',#3814,0.32);
#3814 = AXIS2_PLACEMENT_3D('',#3815,#3816,#3817);
#3815 = CARTESIAN_POINT('',(-6.925,-2.84,-3.74));
#3816 = DIRECTION('',(0.,0.,1.));
#3817 = DIRECTION('',(1.,0.,-0.));
#3818 = ORIENTED_EDGE('',*,*,#3804,.F.);
#3819 = CYLINDRICAL_SURFACE('',#3820,0.32);
#3820 = AXIS2_PLACEMENT_3D('',#3821,#3822,#3823);
#3821 = CARTESIAN_POINT('',(-6.925,-2.84,0.4));
#3822 = DIRECTION('',(0.,0.,1.));
#3823 = DIRECTION('',(1.,0.,-0.));
#3824 = ADVANCED_FACE('',(#3825),#3844,.T.);
#3825 = FACE_BOUND('',#3826,.T.);
#3826 = EDGE_LOOP('',(#3827,#3828,#3836,#3843));
#3827 = ORIENTED_EDGE('',*,*,#3695,.F.);
#3828 = ORIENTED_EDGE('',*,*,#3829,.T.);
#3829 = EDGE_CURVE('',#3696,#3830,#3832,.T.);
#3830 = VERTEX_POINT('',#3831);
#3831 = CARTESIAN_POINT('',(-3.835,-2.84,-3.74));
#3832 = LINE('',#3833,#3834);
#3833 = CARTESIAN_POINT('',(-3.835,-2.84,0.4));
#3834 = VECTOR('',#3835,1.);
#3835 = DIRECTION('',(-0.,-0.,-1.));
#3836 = ORIENTED_EDGE('',*,*,#3837,.T.);
#3837 = EDGE_CURVE('',#3830,#3830,#3838,.T.);
#3838 = CIRCLE('',#3839,0.32);
#3839 = AXIS2_PLACEMENT_3D('',#3840,#3841,#3842);
#3840 = CARTESIAN_POINT('',(-4.155,-2.84,-3.74));
#3841 = DIRECTION('',(0.,0.,1.));
#3842 = DIRECTION('',(1.,0.,-0.));
#3843 = ORIENTED_EDGE('',*,*,#3829,.F.);
#3844 = CYLINDRICAL_SURFACE('',#3845,0.32);
#3845 = AXIS2_PLACEMENT_3D('',#3846,#3847,#3848);
#3846 = CARTESIAN_POINT('',(-4.155,-2.84,0.4));
#3847 = DIRECTION('',(0.,0.,1.));
#3848 = DIRECTION('',(1.,0.,-0.));
#3849 = ADVANCED_FACE('',(#3850),#3869,.T.);
#3850 = FACE_BOUND('',#3851,.T.);
#3851 = EDGE_LOOP('',(#3852,#3853,#3861,#3868));
#3852 = ORIENTED_EDGE('',*,*,#3706,.F.);
#3853 = ORIENTED_EDGE('',*,*,#3854,.T.);
#3854 = EDGE_CURVE('',#3707,#3855,#3857,.T.);
#3855 = VERTEX_POINT('',#3856);
#3856 = CARTESIAN_POINT('',(-1.065,-2.84,-3.74));
#3857 = LINE('',#3858,#3859);
#3858 = CARTESIAN_POINT('',(-1.065,-2.84,0.4));
#3859 = VECTOR('',#3860,1.);
#3860 = DIRECTION('',(-0.,-0.,-1.));
#3861 = ORIENTED_EDGE('',*,*,#3862,.T.);
#3862 = EDGE_CURVE('',#3855,#3855,#3863,.T.);
#3863 = CIRCLE('',#3864,0.32);
#3864 = AXIS2_PLACEMENT_3D('',#3865,#3866,#3867);
#3865 = CARTESIAN_POINT('',(-1.385,-2.84,-3.74));
#3866 = DIRECTION('',(0.,0.,1.));
#3867 = DIRECTION('',(1.,0.,-0.));
#3868 = ORIENTED_EDGE('',*,*,#3854,.F.);
#3869 = CYLINDRICAL_SURFACE('',#3870,0.32);
#3870 = AXIS2_PLACEMENT_3D('',#3871,#3872,#3873);
#3871 = CARTESIAN_POINT('',(-1.385,-2.84,0.4));
#3872 = DIRECTION('',(0.,0.,1.));
#3873 = DIRECTION('',(1.,0.,-0.));
#3874 = ADVANCED_FACE('',(#3875),#3894,.T.);
#3875 = FACE_BOUND('',#3876,.T.);
#3876 = EDGE_LOOP('',(#3877,#3878,#3886,#3893));
#3877 = ORIENTED_EDGE('',*,*,#3717,.F.);
#3878 = ORIENTED_EDGE('',*,*,#3879,.T.);
#3879 = EDGE_CURVE('',#3718,#3880,#3882,.T.);
#3880 = VERTEX_POINT('',#3881);
#3881 = CARTESIAN_POINT('',(-10.76,0.,-3.74));
#3882 = LINE('',#3883,#3884);
#3883 = CARTESIAN_POINT('',(-10.76,0.,0.4));
#3884 = VECTOR('',#3885,1.);
#3885 = DIRECTION('',(-0.,-0.,-1.));
#3886 = ORIENTED_EDGE('',*,*,#3887,.T.);
#3887 = EDGE_CURVE('',#3880,#3880,#3888,.T.);
#3888 = CIRCLE('',#3889,0.32);
#3889 = AXIS2_PLACEMENT_3D('',#3890,#3891,#3892);
#3890 = CARTESIAN_POINT('',(-11.08,0.,-3.74));
#3891 = DIRECTION('',(0.,0.,1.));
#3892 = DIRECTION('',(1.,0.,-0.));
#3893 = ORIENTED_EDGE('',*,*,#3879,.F.);
#3894 = CYLINDRICAL_SURFACE('',#3895,0.32);
#3895 = AXIS2_PLACEMENT_3D('',#3896,#3897,#3898);
#3896 = CARTESIAN_POINT('',(-11.08,0.,0.4));
#3897 = DIRECTION('',(0.,0.,1.));
#3898 = DIRECTION('',(1.,0.,-0.));
#3899 = ADVANCED_FACE('',(#3900),#3919,.T.);
#3900 = FACE_BOUND('',#3901,.T.);
#3901 = EDGE_LOOP('',(#3902,#3903,#3911,#3918));
#3902 = ORIENTED_EDGE('',*,*,#3728,.F.);
#3903 = ORIENTED_EDGE('',*,*,#3904,.T.);
#3904 = EDGE_CURVE('',#3729,#3905,#3907,.T.);
#3905 = VERTEX_POINT('',#3906);
#3906 = CARTESIAN_POINT('',(-7.99,0.,-3.74));
#3907 = LINE('',#3908,#3909);
#3908 = CARTESIAN_POINT('',(-7.99,0.,0.4));
#3909 = VECTOR('',#3910,1.);
#3910 = DIRECTION('',(-0.,-0.,-1.));
#3911 = ORIENTED_EDGE('',*,*,#3912,.T.);
#3912 = EDGE_CURVE('',#3905,#3905,#3913,.T.);
#3913 = CIRCLE('',#3914,0.32);
#3914 = AXIS2_PLACEMENT_3D('',#3915,#3916,#3917);
#3915 = CARTESIAN_POINT('',(-8.31,0.,-3.74));
#3916 = DIRECTION('',(0.,0.,1.));
#3917 = DIRECTION('',(1.,0.,-0.));
#3918 = ORIENTED_EDGE('',*,*,#3904,.F.);
#3919 = CYLINDRICAL_SURFACE('',#3920,0.32);
#3920 = AXIS2_PLACEMENT_3D('',#3921,#3922,#3923);
#3921 = CARTESIAN_POINT('',(-8.31,0.,0.4));
#3922 = DIRECTION('',(0.,0.,1.));
#3923 = DIRECTION('',(1.,0.,-0.));
#3924 = ADVANCED_FACE('',(#3925),#3944,.T.);
#3925 = FACE_BOUND('',#3926,.T.);
#3926 = EDGE_LOOP('',(#3927,#3928,#3936,#3943));
#3927 = ORIENTED_EDGE('',*,*,#3739,.F.);
#3928 = ORIENTED_EDGE('',*,*,#3929,.T.);
#3929 = EDGE_CURVE('',#3740,#3930,#3932,.T.);
#3930 = VERTEX_POINT('',#3931);
#3931 = CARTESIAN_POINT('',(-5.22,0.,-3.74));
#3932 = LINE('',#3933,#3934);
#3933 = CARTESIAN_POINT('',(-5.22,0.,0.4));
#3934 = VECTOR('',#3935,1.);
#3935 = DIRECTION('',(-0.,-0.,-1.));
#3936 = ORIENTED_EDGE('',*,*,#3937,.T.);
#3937 = EDGE_CURVE('',#3930,#3930,#3938,.T.);
#3938 = CIRCLE('',#3939,0.32);
#3939 = AXIS2_PLACEMENT_3D('',#3940,#3941,#3942);
#3940 = CARTESIAN_POINT('',(-5.54,0.,-3.74));
#3941 = DIRECTION('',(0.,0.,1.));
#3942 = DIRECTION('',(1.,0.,-0.));
#3943 = ORIENTED_EDGE('',*,*,#3929,.F.);
#3944 = CYLINDRICAL_SURFACE('',#3945,0.32);
#3945 = AXIS2_PLACEMENT_3D('',#3946,#3947,#3948);
#3946 = CARTESIAN_POINT('',(-5.54,0.,0.4));
#3947 = DIRECTION('',(0.,0.,1.));
#3948 = DIRECTION('',(1.,0.,-0.));
#3949 = ADVANCED_FACE('',(#3950),#3969,.T.);
#3950 = FACE_BOUND('',#3951,.T.);
#3951 = EDGE_LOOP('',(#3952,#3953,#3961,#3968));
#3952 = ORIENTED_EDGE('',*,*,#3750,.F.);
#3953 = ORIENTED_EDGE('',*,*,#3954,.T.);
#3954 = EDGE_CURVE('',#3751,#3955,#3957,.T.);
#3955 = VERTEX_POINT('',#3956);
#3956 = CARTESIAN_POINT('',(-2.45,0.,-3.74));
#3957 = LINE('',#3958,#3959);
#3958 = CARTESIAN_POINT('',(-2.45,0.,0.4));
#3959 = VECTOR('',#3960,1.);
#3960 = DIRECTION('',(-0.,-0.,-1.));
#3961 = ORIENTED_EDGE('',*,*,#3962,.T.);
#3962 = EDGE_CURVE('',#3955,#3955,#3963,.T.);
#3963 = CIRCLE('',#3964,0.32);
#3964 = AXIS2_PLACEMENT_3D('',#3965,#3966,#3967);
#3965 = CARTESIAN_POINT('',(-2.77,0.,-3.74));
#3966 = DIRECTION('',(0.,0.,1.));
#3967 = DIRECTION('',(1.,0.,-0.));
#3968 = ORIENTED_EDGE('',*,*,#3954,.F.);
#3969 = CYLINDRICAL_SURFACE('',#3970,0.32);
#3970 = AXIS2_PLACEMENT_3D('',#3971,#3972,#3973);
#3971 = CARTESIAN_POINT('',(-2.77,0.,0.4));
#3972 = DIRECTION('',(0.,0.,1.));
#3973 = DIRECTION('',(1.,0.,-0.));
#3974 = ADVANCED_FACE('',(#3975),#3994,.T.);
#3975 = FACE_BOUND('',#3976,.T.);
#3976 = EDGE_LOOP('',(#3977,#3978,#3986,#3993));
#3977 = ORIENTED_EDGE('',*,*,#3761,.F.);
#3978 = ORIENTED_EDGE('',*,*,#3979,.T.);
#3979 = EDGE_CURVE('',#3762,#3980,#3982,.T.);
#3980 = VERTEX_POINT('',#3981);
#3981 = CARTESIAN_POINT('',(0.32,0.,-3.74));
#3982 = LINE('',#3983,#3984);
#3983 = CARTESIAN_POINT('',(0.32,0.,0.4));
#3984 = VECTOR('',#3985,1.);
#3985 = DIRECTION('',(-0.,-0.,-1.));
#3986 = ORIENTED_EDGE('',*,*,#3987,.T.);
#3987 = EDGE_CURVE('',#3980,#3980,#3988,.T.);
#3988 = CIRCLE('',#3989,0.32);
#3989 = AXIS2_PLACEMENT_3D('',#3990,#3991,#3992);
#3990 = CARTESIAN_POINT('',(0.,0.,-3.74));
#3991 = DIRECTION('',(0.,0.,1.));
#3992 = DIRECTION('',(1.,0.,-0.));
#3993 = ORIENTED_EDGE('',*,*,#3979,.F.);
#3994 = CYLINDRICAL_SURFACE('',#3995,0.32);
#3995 = AXIS2_PLACEMENT_3D('',#3996,#3997,#3998);
#3996 = CARTESIAN_POINT('',(0.,0.,0.4));
#3997 = DIRECTION('',(0.,0.,1.));
#3998 = DIRECTION('',(1.,0.,-0.));
#3999 = ADVANCED_FACE('',(#4000),#4020,.T.);
#4000 = FACE_BOUND('',#4001,.T.);
#4001 = EDGE_LOOP('',(#4002,#4011,#4012,#4013));
#4002 = ORIENTED_EDGE('',*,*,#4003,.F.);
#4003 = EDGE_CURVE('',#3780,#4004,#4006,.T.);
#4004 = VERTEX_POINT('',#4005);
#4005 = CARTESIAN_POINT('',(-9.535,-2.84,-3.9));
#4006 = CIRCLE('',#4007,0.16);
#4007 = AXIS2_PLACEMENT_3D('',#4008,#4009,#4010);
#4008 = CARTESIAN_POINT('',(-9.535,-2.84,-3.74));
#4009 = DIRECTION('',(-0.,1.,0.));
#4010 = DIRECTION('',(1.,0.,0.));
#4011 = ORIENTED_EDGE('',*,*,#3787,.F.);
#4012 = ORIENTED_EDGE('',*,*,#4003,.T.);
#4013 = ORIENTED_EDGE('',*,*,#4014,.T.);
#4014 = EDGE_CURVE('',#4004,#4004,#4015,.T.);
#4015 = CIRCLE('',#4016,0.16);
#4016 = AXIS2_PLACEMENT_3D('',#4017,#4018,#4019);
#4017 = CARTESIAN_POINT('',(-9.695,-2.84,-3.9));
#4018 = DIRECTION('',(0.,0.,1.));
#4019 = DIRECTION('',(1.,0.,-0.));
#4020 = TOROIDAL_SURFACE('',#4021,0.16,0.16);
#4021 = AXIS2_PLACEMENT_3D('',#4022,#4023,#4024);
#4022 = CARTESIAN_POINT('',(-9.695,-2.84,-3.74));
#4023 = DIRECTION('',(-0.,-0.,-1.));
#4024 = DIRECTION('',(1.,0.,0.));
#4025 = ADVANCED_FACE('',(#4026),#4046,.T.);
#4026 = FACE_BOUND('',#4027,.T.);
#4027 = EDGE_LOOP('',(#4028,#4037,#4038,#4039));
#4028 = ORIENTED_EDGE('',*,*,#4029,.F.);
#4029 = EDGE_CURVE('',#3805,#4030,#4032,.T.);
#4030 = VERTEX_POINT('',#4031);
#4031 = CARTESIAN_POINT('',(-6.765,-2.84,-3.9));
#4032 = CIRCLE('',#4033,0.16);
#4033 = AXIS2_PLACEMENT_3D('',#4034,#4035,#4036);
#4034 = CARTESIAN_POINT('',(-6.765,-2.84,-3.74));
#4035 = DIRECTION('',(-0.,1.,0.));
#4036 = DIRECTION('',(1.,0.,0.));
#4037 = ORIENTED_EDGE('',*,*,#3812,.F.);
#4038 = ORIENTED_EDGE('',*,*,#4029,.T.);
#4039 = ORIENTED_EDGE('',*,*,#4040,.T.);
#4040 = EDGE_CURVE('',#4030,#4030,#4041,.T.);
#4041 = CIRCLE('',#4042,0.16);
#4042 = AXIS2_PLACEMENT_3D('',#4043,#4044,#4045);
#4043 = CARTESIAN_POINT('',(-6.925,-2.84,-3.9));
#4044 = DIRECTION('',(0.,0.,1.));
#4045 = DIRECTION('',(1.,0.,-0.));
#4046 = TOROIDAL_SURFACE('',#4047,0.16,0.16);
#4047 = AXIS2_PLACEMENT_3D('',#4048,#4049,#4050);
#4048 = CARTESIAN_POINT('',(-6.925,-2.84,-3.74));
#4049 = DIRECTION('',(-0.,-0.,-1.));
#4050 = DIRECTION('',(1.,0.,0.));
#4051 = ADVANCED_FACE('',(#4052),#4072,.T.);
#4052 = FACE_BOUND('',#4053,.T.);
#4053 = EDGE_LOOP('',(#4054,#4063,#4064,#4065));
#4054 = ORIENTED_EDGE('',*,*,#4055,.F.);
#4055 = EDGE_CURVE('',#3830,#4056,#4058,.T.);
#4056 = VERTEX_POINT('',#4057);
#4057 = CARTESIAN_POINT('',(-3.995,-2.84,-3.9));
#4058 = CIRCLE('',#4059,0.16);
#4059 = AXIS2_PLACEMENT_3D('',#4060,#4061,#4062);
#4060 = CARTESIAN_POINT('',(-3.995,-2.84,-3.74));
#4061 = DIRECTION('',(-0.,1.,0.));
#4062 = DIRECTION('',(1.,0.,0.));
#4063 = ORIENTED_EDGE('',*,*,#3837,.F.);
#4064 = ORIENTED_EDGE('',*,*,#4055,.T.);
#4065 = ORIENTED_EDGE('',*,*,#4066,.T.);
#4066 = EDGE_CURVE('',#4056,#4056,#4067,.T.);
#4067 = CIRCLE('',#4068,0.16);
#4068 = AXIS2_PLACEMENT_3D('',#4069,#4070,#4071);
#4069 = CARTESIAN_POINT('',(-4.155,-2.84,-3.9));
#4070 = DIRECTION('',(0.,0.,1.));
#4071 = DIRECTION('',(1.,0.,-0.));
#4072 = TOROIDAL_SURFACE('',#4073,0.16,0.16);
#4073 = AXIS2_PLACEMENT_3D('',#4074,#4075,#4076);
#4074 = CARTESIAN_POINT('',(-4.155,-2.84,-3.74));
#4075 = DIRECTION('',(-0.,-0.,-1.));
#4076 = DIRECTION('',(1.,0.,0.));
#4077 = ADVANCED_FACE('',(#4078),#4098,.T.);
#4078 = FACE_BOUND('',#4079,.T.);
#4079 = EDGE_LOOP('',(#4080,#4089,#4090,#4091));
#4080 = ORIENTED_EDGE('',*,*,#4081,.F.);
#4081 = EDGE_CURVE('',#3855,#4082,#4084,.T.);
#4082 = VERTEX_POINT('',#4083);
#4083 = CARTESIAN_POINT('',(-1.225,-2.84,-3.9));
#4084 = CIRCLE('',#4085,0.16);
#4085 = AXIS2_PLACEMENT_3D('',#4086,#4087,#4088);
#4086 = CARTESIAN_POINT('',(-1.225,-2.84,-3.74));
#4087 = DIRECTION('',(-0.,1.,0.));
#4088 = DIRECTION('',(1.,0.,0.));
#4089 = ORIENTED_EDGE('',*,*,#3862,.F.);
#4090 = ORIENTED_EDGE('',*,*,#4081,.T.);
#4091 = ORIENTED_EDGE('',*,*,#4092,.T.);
#4092 = EDGE_CURVE('',#4082,#4082,#4093,.T.);
#4093 = CIRCLE('',#4094,0.16);
#4094 = AXIS2_PLACEMENT_3D('',#4095,#4096,#4097);
#4095 = CARTESIAN_POINT('',(-1.385,-2.84,-3.9));
#4096 = DIRECTION('',(0.,0.,1.));
#4097 = DIRECTION('',(1.,0.,-0.));
#4098 = TOROIDAL_SURFACE('',#4099,0.16,0.16);
#4099 = AXIS2_PLACEMENT_3D('',#4100,#4101,#4102);
#4100 = CARTESIAN_POINT('',(-1.385,-2.84,-3.74));
#4101 = DIRECTION('',(-0.,-0.,-1.));
#4102 = DIRECTION('',(1.,0.,0.));
#4103 = ADVANCED_FACE('',(#4104),#4124,.T.);
#4104 = FACE_BOUND('',#4105,.T.);
#4105 = EDGE_LOOP('',(#4106,#4115,#4116,#4117));
#4106 = ORIENTED_EDGE('',*,*,#4107,.F.);
#4107 = EDGE_CURVE('',#3880,#4108,#4110,.T.);
#4108 = VERTEX_POINT('',#4109);
#4109 = CARTESIAN_POINT('',(-10.92,0.,-3.9));
#4110 = CIRCLE('',#4111,0.16);
#4111 = AXIS2_PLACEMENT_3D('',#4112,#4113,#4114);
#4112 = CARTESIAN_POINT('',(-10.92,0.,-3.74));
#4113 = DIRECTION('',(-0.,1.,0.));
#4114 = DIRECTION('',(1.,0.,0.));
#4115 = ORIENTED_EDGE('',*,*,#3887,.F.);
#4116 = ORIENTED_EDGE('',*,*,#4107,.T.);
#4117 = ORIENTED_EDGE('',*,*,#4118,.T.);
#4118 = EDGE_CURVE('',#4108,#4108,#4119,.T.);
#4119 = CIRCLE('',#4120,0.16);
#4120 = AXIS2_PLACEMENT_3D('',#4121,#4122,#4123);
#4121 = CARTESIAN_POINT('',(-11.08,0.,-3.9));
#4122 = DIRECTION('',(0.,0.,1.));
#4123 = DIRECTION('',(1.,0.,-0.));
#4124 = TOROIDAL_SURFACE('',#4125,0.16,0.16);
#4125 = AXIS2_PLACEMENT_3D('',#4126,#4127,#4128);
#4126 = CARTESIAN_POINT('',(-11.08,0.,-3.74));
#4127 = DIRECTION('',(-0.,-0.,-1.));
#4128 = DIRECTION('',(1.,0.,0.));
#4129 = ADVANCED_FACE('',(#4130),#4150,.T.);
#4130 = FACE_BOUND('',#4131,.T.);
#4131 = EDGE_LOOP('',(#4132,#4141,#4142,#4143));
#4132 = ORIENTED_EDGE('',*,*,#4133,.F.);
#4133 = EDGE_CURVE('',#3905,#4134,#4136,.T.);
#4134 = VERTEX_POINT('',#4135);
#4135 = CARTESIAN_POINT('',(-8.15,0.,-3.9));
#4136 = CIRCLE('',#4137,0.16);
#4137 = AXIS2_PLACEMENT_3D('',#4138,#4139,#4140);
#4138 = CARTESIAN_POINT('',(-8.15,0.,-3.74));
#4139 = DIRECTION('',(-0.,1.,0.));
#4140 = DIRECTION('',(1.,0.,0.));
#4141 = ORIENTED_EDGE('',*,*,#3912,.F.);
#4142 = ORIENTED_EDGE('',*,*,#4133,.T.);
#4143 = ORIENTED_EDGE('',*,*,#4144,.T.);
#4144 = EDGE_CURVE('',#4134,#4134,#4145,.T.);
#4145 = CIRCLE('',#4146,0.16);
#4146 = AXIS2_PLACEMENT_3D('',#4147,#4148,#4149);
#4147 = CARTESIAN_POINT('',(-8.31,0.,-3.9));
#4148 = DIRECTION('',(0.,0.,1.));
#4149 = DIRECTION('',(1.,0.,-0.));
#4150 = TOROIDAL_SURFACE('',#4151,0.16,0.16);
#4151 = AXIS2_PLACEMENT_3D('',#4152,#4153,#4154);
#4152 = CARTESIAN_POINT('',(-8.31,0.,-3.74));
#4153 = DIRECTION('',(-0.,-0.,-1.));
#4154 = DIRECTION('',(1.,0.,0.));
#4155 = ADVANCED_FACE('',(#4156),#4176,.T.);
#4156 = FACE_BOUND('',#4157,.T.);
#4157 = EDGE_LOOP('',(#4158,#4167,#4168,#4169));
#4158 = ORIENTED_EDGE('',*,*,#4159,.F.);
#4159 = EDGE_CURVE('',#3930,#4160,#4162,.T.);
#4160 = VERTEX_POINT('',#4161);
#4161 = CARTESIAN_POINT('',(-5.38,0.,-3.9));
#4162 = CIRCLE('',#4163,0.16);
#4163 = AXIS2_PLACEMENT_3D('',#4164,#4165,#4166);
#4164 = CARTESIAN_POINT('',(-5.38,0.,-3.74));
#4165 = DIRECTION('',(-0.,1.,0.));
#4166 = DIRECTION('',(1.,0.,0.));
#4167 = ORIENTED_EDGE('',*,*,#3937,.F.);
#4168 = ORIENTED_EDGE('',*,*,#4159,.T.);
#4169 = ORIENTED_EDGE('',*,*,#4170,.T.);
#4170 = EDGE_CURVE('',#4160,#4160,#4171,.T.);
#4171 = CIRCLE('',#4172,0.16);
#4172 = AXIS2_PLACEMENT_3D('',#4173,#4174,#4175);
#4173 = CARTESIAN_POINT('',(-5.54,0.,-3.9));
#4174 = DIRECTION('',(0.,0.,1.));
#4175 = DIRECTION('',(1.,0.,-0.));
#4176 = TOROIDAL_SURFACE('',#4177,0.16,0.16);
#4177 = AXIS2_PLACEMENT_3D('',#4178,#4179,#4180);
#4178 = CARTESIAN_POINT('',(-5.54,0.,-3.74));
#4179 = DIRECTION('',(-0.,-0.,-1.));
#4180 = DIRECTION('',(1.,0.,0.));
#4181 = ADVANCED_FACE('',(#4182),#4202,.T.);
#4182 = FACE_BOUND('',#4183,.T.);
#4183 = EDGE_LOOP('',(#4184,#4193,#4194,#4195));
#4184 = ORIENTED_EDGE('',*,*,#4185,.F.);
#4185 = EDGE_CURVE('',#3955,#4186,#4188,.T.);
#4186 = VERTEX_POINT('',#4187);
#4187 = CARTESIAN_POINT('',(-2.61,0.,-3.9));
#4188 = CIRCLE('',#4189,0.16);
#4189 = AXIS2_PLACEMENT_3D('',#4190,#4191,#4192);
#4190 = CARTESIAN_POINT('',(-2.61,0.,-3.74));
#4191 = DIRECTION('',(-0.,1.,0.));
#4192 = DIRECTION('',(1.,0.,0.));
#4193 = ORIENTED_EDGE('',*,*,#3962,.F.);
#4194 = ORIENTED_EDGE('',*,*,#4185,.T.);
#4195 = ORIENTED_EDGE('',*,*,#4196,.T.);
#4196 = EDGE_CURVE('',#4186,#4186,#4197,.T.);
#4197 = CIRCLE('',#4198,0.16);
#4198 = AXIS2_PLACEMENT_3D('',#4199,#4200,#4201);
#4199 = CARTESIAN_POINT('',(-2.77,0.,-3.9));
#4200 = DIRECTION('',(0.,0.,1.));
#4201 = DIRECTION('',(1.,0.,-0.));
#4202 = TOROIDAL_SURFACE('',#4203,0.16,0.16);
#4203 = AXIS2_PLACEMENT_3D('',#4204,#4205,#4206);
#4204 = CARTESIAN_POINT('',(-2.77,0.,-3.74));
#4205 = DIRECTION('',(-0.,-0.,-1.));
#4206 = DIRECTION('',(1.,0.,0.));
#4207 = ADVANCED_FACE('',(#4208),#4228,.T.);
#4208 = FACE_BOUND('',#4209,.T.);
#4209 = EDGE_LOOP('',(#4210,#4219,#4220,#4221));
#4210 = ORIENTED_EDGE('',*,*,#4211,.F.);
#4211 = EDGE_CURVE('',#3980,#4212,#4214,.T.);
#4212 = VERTEX_POINT('',#4213);
#4213 = CARTESIAN_POINT('',(0.16,0.,-3.9));
#4214 = CIRCLE('',#4215,0.16);
#4215 = AXIS2_PLACEMENT_3D('',#4216,#4217,#4218);
#4216 = CARTESIAN_POINT('',(0.16,0.,-3.74));
#4217 = DIRECTION('',(-0.,1.,0.));
#4218 = DIRECTION('',(1.,0.,0.));
#4219 = ORIENTED_EDGE('',*,*,#3987,.F.);
#4220 = ORIENTED_EDGE('',*,*,#4211,.T.);
#4221 = ORIENTED_EDGE('',*,*,#4222,.T.);
#4222 = EDGE_CURVE('',#4212,#4212,#4223,.T.);
#4223 = CIRCLE('',#4224,0.16);
#4224 = AXIS2_PLACEMENT_3D('',#4225,#4226,#4227);
#4225 = CARTESIAN_POINT('',(0.,0.,-3.9));
#4226 = DIRECTION('',(0.,0.,1.));
#4227 = DIRECTION('',(1.,0.,-0.));
#4228 = TOROIDAL_SURFACE('',#4229,0.16,0.16);
#4229 = AXIS2_PLACEMENT_3D('',#4230,#4231,#4232);
#4230 = CARTESIAN_POINT('',(0.,0.,-3.74));
#4231 = DIRECTION('',(-0.,-0.,-1.));
#4232 = DIRECTION('',(1.,0.,0.));
#4233 = ADVANCED_FACE('',(#4234),#4237,.F.);
#4234 = FACE_BOUND('',#4235,.F.);
#4235 = EDGE_LOOP('',(#4236));
#4236 = ORIENTED_EDGE('',*,*,#4014,.T.);
#4237 = PLANE('',#4238);
#4238 = AXIS2_PLACEMENT_3D('',#4239,#4240,#4241);
#4239 = CARTESIAN_POINT('',(-9.695,-2.84,-3.9));
#4240 = DIRECTION('',(0.,0.,1.));
#4241 = DIRECTION('',(1.,0.,-0.));
#4242 = ADVANCED_FACE('',(#4243),#4246,.F.);
#4243 = FACE_BOUND('',#4244,.F.);
#4244 = EDGE_LOOP('',(#4245));
#4245 = ORIENTED_EDGE('',*,*,#4040,.T.);
#4246 = PLANE('',#4247);
#4247 = AXIS2_PLACEMENT_3D('',#4248,#4249,#4250);
#4248 = CARTESIAN_POINT('',(-6.925,-2.84,-3.9));
#4249 = DIRECTION('',(0.,0.,1.));
#4250 = DIRECTION('',(1.,0.,-0.));
#4251 = ADVANCED_FACE('',(#4252),#4255,.F.);
#4252 = FACE_BOUND('',#4253,.F.);
#4253 = EDGE_LOOP('',(#4254));
#4254 = ORIENTED_EDGE('',*,*,#4066,.T.);
#4255 = PLANE('',#4256);
#4256 = AXIS2_PLACEMENT_3D('',#4257,#4258,#4259);
#4257 = CARTESIAN_POINT('',(-4.155,-2.84,-3.9));
#4258 = DIRECTION('',(0.,0.,1.));
#4259 = DIRECTION('',(1.,0.,-0.));
#4260 = ADVANCED_FACE('',(#4261),#4264,.F.);
#4261 = FACE_BOUND('',#4262,.F.);
#4262 = EDGE_LOOP('',(#4263));
#4263 = ORIENTED_EDGE('',*,*,#4092,.T.);
#4264 = PLANE('',#4265);
#4265 = AXIS2_PLACEMENT_3D('',#4266,#4267,#4268);
#4266 = CARTESIAN_POINT('',(-1.385,-2.84,-3.9));
#4267 = DIRECTION('',(0.,0.,1.));
#4268 = DIRECTION('',(1.,0.,-0.));
#4269 = ADVANCED_FACE('',(#4270),#4273,.F.);
#4270 = FACE_BOUND('',#4271,.F.);
#4271 = EDGE_LOOP('',(#4272));
#4272 = ORIENTED_EDGE('',*,*,#4118,.T.);
#4273 = PLANE('',#4274);
#4274 = AXIS2_PLACEMENT_3D('',#4275,#4276,#4277);
#4275 = CARTESIAN_POINT('',(-11.08,3.629485239508E-18,-3.9));
#4276 = DIRECTION('',(0.,0.,1.));
#4277 = DIRECTION('',(1.,0.,-0.));
#4278 = ADVANCED_FACE('',(#4279),#4282,.F.);
#4279 = FACE_BOUND('',#4280,.F.);
#4280 = EDGE_LOOP('',(#4281));
#4281 = ORIENTED_EDGE('',*,*,#4144,.T.);
#4282 = PLANE('',#4283);
#4283 = AXIS2_PLACEMENT_3D('',#4284,#4285,#4286);
#4284 = CARTESIAN_POINT('',(-8.31,3.629485239508E-18,-3.9));
#4285 = DIRECTION('',(0.,0.,1.));
#4286 = DIRECTION('',(1.,0.,-0.));
#4287 = ADVANCED_FACE('',(#4288),#4291,.F.);
#4288 = FACE_BOUND('',#4289,.F.);
#4289 = EDGE_LOOP('',(#4290));
#4290 = ORIENTED_EDGE('',*,*,#4170,.T.);
#4291 = PLANE('',#4292);
#4292 = AXIS2_PLACEMENT_3D('',#4293,#4294,#4295);
#4293 = CARTESIAN_POINT('',(-5.54,3.629485239508E-18,-3.9));
#4294 = DIRECTION('',(0.,0.,1.));
#4295 = DIRECTION('',(1.,0.,-0.));
#4296 = ADVANCED_FACE('',(#4297),#4300,.F.);
#4297 = FACE_BOUND('',#4298,.F.);
#4298 = EDGE_LOOP('',(#4299));
#4299 = ORIENTED_EDGE('',*,*,#4196,.T.);
#4300 = PLANE('',#4301);
#4301 = AXIS2_PLACEMENT_3D('',#4302,#4303,#4304);
#4302 = CARTESIAN_POINT('',(-2.77,-2.975528362132E-17,-3.9));
#4303 = DIRECTION('',(0.,0.,1.));
#4304 = DIRECTION('',(1.,0.,-0.));
#4305 = ADVANCED_FACE('',(#4306),#4309,.F.);
#4306 = FACE_BOUND('',#4307,.F.);
#4307 = EDGE_LOOP('',(#4308));
#4308 = ORIENTED_EDGE('',*,*,#4222,.T.);
#4309 = PLANE('',#4310);
#4310 = AXIS2_PLACEMENT_3D('',#4311,#4312,#4313);
#4311 = CARTESIAN_POINT('',(-2.503857664562E-17,2.032186966992E-17,-3.9)
  );
#4312 = DIRECTION('',(0.,0.,1.));
#4313 = DIRECTION('',(1.,0.,-0.));
#4314 = ( GEOMETRIC_REPRESENTATION_CONTEXT(3) 
GLOBAL_UNCERTAINTY_ASSIGNED_CONTEXT((#4318)) 
GLOBAL_UNIT_ASSIGNED_CONTEXT((#4315,#4316,#4317)) REPRESENTATION_CONTEXT
('Context #1','3D Context with UNIT and UNCERTAINTY') );
#4315 = ( LENGTH_UNIT() NAMED_UNIT(*) SI_UNIT(.MILLI.,.METRE.) );
#4316 = ( NAMED_UNIT(*) PLANE_ANGLE_UNIT() SI_UNIT($,.RADIAN.) );
#4317 = ( NAMED_UNIT(*) SI_UNIT($,.STERADIAN.) SOLID_ANGLE_UNIT() );
#4318 = UNCERTAINTY_MEASURE_WITH_UNIT(LENGTH_MEASURE(1.E-07),#4315,
  'distance_accuracy_value','confusion accuracy');
#4319 = CONTEXT_DEPENDENT_SHAPE_REPRESENTATION(#4320,#4322);
#4320 = ( REPRESENTATION_RELATIONSHIP('','',#44,#10) 
REPRESENTATION_RELATIONSHIP_WITH_TRANSFORMATION(#4321) 
SHAPE_REPRESENTATION_RELATIONSHIP() );
#4321 = ITEM_DEFINED_TRANSFORMATION('','',#11,#15);
#4322 = PRODUCT_DEFINITION_SHAPE('Placement','Placement of an item',
  #4323);
#4323 = NEXT_ASSEMBLY_USAGE_OCCURRENCE('1','VectorNavInput1','',#5,#39,$
  );
#4324 = PRODUCT_RELATED_PRODUCT_CATEGORY('part',$,(#41));
#4325 = SHAPE_DEFINITION_REPRESENTATION(#4326,#4332);
#4326 = PRODUCT_DEFINITION_SHAPE('','',#4327);
#4327 = PRODUCT_DEFINITION('design','',#4328,#4331);
#4328 = PRODUCT_DEFINITION_FORMATION('','',#4329);
#4329 = PRODUCT('0039281063','0039281063','',(#4330));
#4330 = PRODUCT_CONTEXT('',#2,'mechanical');
#4331 = PRODUCT_DEFINITION_CONTEXT('part definition',#2,'design');
#4332 = ADVANCED_BREP_SHAPE_REPRESENTATION('',(#11,#4333),#9863);
#4333 = MANIFOLD_SOLID_BREP('',#4334);
#4334 = CLOSED_SHELL('',(#4335,#4377,#4433,#4489,#4520,#4551,#4639,#4679
    ,#4719,#4759,#4831,#4871,#4902,#4995,#5019,#5059,#5122,#5185,#5218,
    #5324,#5398,#5548,#5645,#5719,#5743,#5774,#5805,#5836,#5867,#5898,
    #5929,#5953,#5970,#6001,#6018,#6086,#6103,#6132,#6177,#6196,#6236,
    #6248,#6260,#6286,#6312,#6330,#6618,#6649,#6673,#6697,#6714,#6726,
    #6789,#6801,#6813,#6825,#6842,#6912,#6977,#6989,#7001,#7013,#7025,
    #7037,#7049,#7061,#7109,#7157,#7196,#7235,#7316,#7381,#7455,#7545,
    #7567,#7584,#7601,#7618,#7635,#7647,#7669,#7686,#7703,#7715,#7737,
    #7754,#7771,#7783,#7805,#7822,#7839,#7856,#7873,#7885,#7909,#7933,
    #7957,#7974,#7987,#8026,#8065,#8104,#8121,#8138,#8155,#8167,#8184,
    #8201,#8218,#8230,#8247,#8264,#8281,#8293,#8332,#8371,#8410,#8449,
    #8473,#8505,#8544,#8583,#8622,#8639,#8656,#8668,#8685,#8702,#8719,
    #8731,#8748,#8765,#8782,#8794,#8811,#8828,#8845,#8857,#8869,#8881,
    #8912,#8936,#8960,#8977,#9023,#9113,#9135,#9152,#9169,#9186,#9203,
    #9215,#9254,#9293,#9332,#9371,#9395,#9427,#9466,#9505,#9544,#9561,
    #9578,#9590,#9607,#9624,#9641,#9653,#9670,#9687,#9704,#9716,#9733,
    #9750,#9767,#9779,#9791,#9803,#9815,#9827,#9839,#9851));
#4335 = ADVANCED_FACE('',(#4336),#4372,.T.);
#4336 = FACE_BOUND('',#4337,.T.);
#4337 = EDGE_LOOP('',(#4338,#4348,#4357,#4365));
#4338 = ORIENTED_EDGE('',*,*,#4339,.F.);
#4339 = EDGE_CURVE('',#4340,#4342,#4344,.T.);
#4340 = VERTEX_POINT('',#4341);
#4341 = CARTESIAN_POINT('',(7.3,12.8,2.6));
#4342 = VERTEX_POINT('',#4343);
#4343 = CARTESIAN_POINT('',(7.3,0.2,2.6));
#4344 = LINE('',#4345,#4346);
#4345 = CARTESIAN_POINT('',(7.3,12.8,2.6));
#4346 = VECTOR('',#4347,1.);
#4347 = DIRECTION('',(-0.,-1.,0.));
#4348 = ORIENTED_EDGE('',*,*,#4349,.T.);
#4349 = EDGE_CURVE('',#4340,#4350,#4352,.T.);
#4350 = VERTEX_POINT('',#4351);
#4351 = CARTESIAN_POINT('',(6.9,12.8,3.));
#4352 = CIRCLE('',#4353,0.4);
#4353 = AXIS2_PLACEMENT_3D('',#4354,#4355,#4356);
#4354 = CARTESIAN_POINT('',(6.9,12.8,2.6));
#4355 = DIRECTION('',(0.,-1.,0.));
#4356 = DIRECTION('',(0.,0.,-1.));
#4357 = ORIENTED_EDGE('',*,*,#4358,.T.);
#4358 = EDGE_CURVE('',#4350,#4359,#4361,.T.);
#4359 = VERTEX_POINT('',#4360);
#4360 = CARTESIAN_POINT('',(6.9,0.2,3.));
#4361 = LINE('',#4362,#4363);
#4362 = CARTESIAN_POINT('',(6.9,12.8,3.));
#4363 = VECTOR('',#4364,1.);
#4364 = DIRECTION('',(0.,-1.,0.));
#4365 = ORIENTED_EDGE('',*,*,#4366,.F.);
#4366 = EDGE_CURVE('',#4342,#4359,#4367,.T.);
#4367 = CIRCLE('',#4368,0.4);
#4368 = AXIS2_PLACEMENT_3D('',#4369,#4370,#4371);
#4369 = CARTESIAN_POINT('',(6.9,0.2,2.6));
#4370 = DIRECTION('',(0.,-1.,0.));
#4371 = DIRECTION('',(0.,0.,-1.));
#4372 = CYLINDRICAL_SURFACE('',#4373,0.4);
#4373 = AXIS2_PLACEMENT_3D('',#4374,#4375,#4376);
#4374 = CARTESIAN_POINT('',(6.9,12.8,2.6));
#4375 = DIRECTION('',(0.,1.,-0.));
#4376 = DIRECTION('',(1.,0.,0.));
#4377 = ADVANCED_FACE('',(#4378),#4428,.F.);
#4378 = FACE_BOUND('',#4379,.T.);
#4379 = EDGE_LOOP('',(#4380,#4390,#4398,#4406,#4414,#4422));
#4380 = ORIENTED_EDGE('',*,*,#4381,.F.);
#4381 = EDGE_CURVE('',#4382,#4384,#4386,.T.);
#4382 = VERTEX_POINT('',#4383);
#4383 = CARTESIAN_POINT('',(-6.9,0.2,-1.59));
#4384 = VERTEX_POINT('',#4385);
#4385 = CARTESIAN_POINT('',(-6.9,12.8,-1.59));
#4386 = LINE('',#4387,#4388);
#4387 = CARTESIAN_POINT('',(-6.9,0.2,-1.59));
#4388 = VECTOR('',#4389,1.);
#4389 = DIRECTION('',(0.,1.,0.));
#4390 = ORIENTED_EDGE('',*,*,#4391,.T.);
#4391 = EDGE_CURVE('',#4382,#4392,#4394,.T.);
#4392 = VERTEX_POINT('',#4393);
#4393 = CARTESIAN_POINT('',(-6.9,0.2,3.8));
#4394 = LINE('',#4395,#4396);
#4395 = CARTESIAN_POINT('',(-6.9,0.2,-1.59));
#4396 = VECTOR('',#4397,1.);
#4397 = DIRECTION('',(0.,0.,1.));
#4398 = ORIENTED_EDGE('',*,*,#4399,.F.);
#4399 = EDGE_CURVE('',#4400,#4392,#4402,.T.);
#4400 = VERTEX_POINT('',#4401);
#4401 = CARTESIAN_POINT('',(-6.9,0.,3.8));
#4402 = LINE('',#4403,#4404);
#4403 = CARTESIAN_POINT('',(-6.9,0.,3.8));
#4404 = VECTOR('',#4405,1.);
#4405 = DIRECTION('',(0.,1.,0.));
#4406 = ORIENTED_EDGE('',*,*,#4407,.F.);
#4407 = EDGE_CURVE('',#4408,#4400,#4410,.T.);
#4408 = VERTEX_POINT('',#4409);
#4409 = CARTESIAN_POINT('',(-6.9,0.,4.8));
#4410 = LINE('',#4411,#4412);
#4411 = CARTESIAN_POINT('',(-6.9,0.,4.8));
#4412 = VECTOR('',#4413,1.);
#4413 = DIRECTION('',(0.,0.,-1.));
#4414 = ORIENTED_EDGE('',*,*,#4415,.F.);
#4415 = EDGE_CURVE('',#4416,#4408,#4418,.T.);
#4416 = VERTEX_POINT('',#4417);
#4417 = CARTESIAN_POINT('',(-6.9,12.8,4.8));
#4418 = LINE('',#4419,#4420);
#4419 = CARTESIAN_POINT('',(-6.9,12.8,4.8));
#4420 = VECTOR('',#4421,1.);
#4421 = DIRECTION('',(0.,-1.,0.));
#4422 = ORIENTED_EDGE('',*,*,#4423,.F.);
#4423 = EDGE_CURVE('',#4384,#4416,#4424,.T.);
#4424 = LINE('',#4425,#4426);
#4425 = CARTESIAN_POINT('',(-6.9,12.8,-1.59));
#4426 = VECTOR('',#4427,1.);
#4427 = DIRECTION('',(0.,0.,1.));
#4428 = PLANE('',#4429);
#4429 = AXIS2_PLACEMENT_3D('',#4430,#4431,#4432);
#4430 = CARTESIAN_POINT('',(-6.9,0.,0.));
#4431 = DIRECTION('',(1.,0.,0.));
#4432 = DIRECTION('',(-0.,1.,0.));
#4433 = ADVANCED_FACE('',(#4434),#4484,.F.);
#4434 = FACE_BOUND('',#4435,.T.);
#4435 = EDGE_LOOP('',(#4436,#4446,#4454,#4462,#4470,#4478));
#4436 = ORIENTED_EDGE('',*,*,#4437,.T.);
#4437 = EDGE_CURVE('',#4438,#4440,#4442,.T.);
#4438 = VERTEX_POINT('',#4439);
#4439 = CARTESIAN_POINT('',(-6.9,0.2,-3.39));
#4440 = VERTEX_POINT('',#4441);
#4441 = CARTESIAN_POINT('',(-6.9,12.8,-3.39));
#4442 = LINE('',#4443,#4444);
#4443 = CARTESIAN_POINT('',(-6.9,0.2,-3.39));
#4444 = VECTOR('',#4445,1.);
#4445 = DIRECTION('',(0.,1.,0.));
#4446 = ORIENTED_EDGE('',*,*,#4447,.F.);
#4447 = EDGE_CURVE('',#4448,#4440,#4450,.T.);
#4448 = VERTEX_POINT('',#4449);
#4449 = CARTESIAN_POINT('',(-6.9,12.8,-4.8));
#4450 = LINE('',#4451,#4452);
#4451 = CARTESIAN_POINT('',(-6.9,12.8,-4.8));
#4452 = VECTOR('',#4453,1.);
#4453 = DIRECTION('',(0.,0.,1.));
#4454 = ORIENTED_EDGE('',*,*,#4455,.F.);
#4455 = EDGE_CURVE('',#4456,#4448,#4458,.T.);
#4456 = VERTEX_POINT('',#4457);
#4457 = CARTESIAN_POINT('',(-6.9,0.,-4.8));
#4458 = LINE('',#4459,#4460);
#4459 = CARTESIAN_POINT('',(-6.9,0.,-4.8));
#4460 = VECTOR('',#4461,1.);
#4461 = DIRECTION('',(0.,1.,0.));
#4462 = ORIENTED_EDGE('',*,*,#4463,.F.);
#4463 = EDGE_CURVE('',#4464,#4456,#4466,.T.);
#4464 = VERTEX_POINT('',#4465);
#4465 = CARTESIAN_POINT('',(-6.9,0.,-3.8));
#4466 = LINE('',#4467,#4468);
#4467 = CARTESIAN_POINT('',(-6.9,0.,-3.8));
#4468 = VECTOR('',#4469,1.);
#4469 = DIRECTION('',(0.,0.,-1.));
#4470 = ORIENTED_EDGE('',*,*,#4471,.T.);
#4471 = EDGE_CURVE('',#4464,#4472,#4474,.T.);
#4472 = VERTEX_POINT('',#4473);
#4473 = CARTESIAN_POINT('',(-6.9,0.2,-3.8));
#4474 = LINE('',#4475,#4476);
#4475 = CARTESIAN_POINT('',(-6.9,0.,-3.8));
#4476 = VECTOR('',#4477,1.);
#4477 = DIRECTION('',(0.,1.,0.));
#4478 = ORIENTED_EDGE('',*,*,#4479,.T.);
#4479 = EDGE_CURVE('',#4472,#4438,#4480,.T.);
#4480 = LINE('',#4481,#4482);
#4481 = CARTESIAN_POINT('',(-6.9,0.2,-3.8));
#4482 = VECTOR('',#4483,1.);
#4483 = DIRECTION('',(0.,0.,1.));
#4484 = PLANE('',#4485);
#4485 = AXIS2_PLACEMENT_3D('',#4486,#4487,#4488);
#4486 = CARTESIAN_POINT('',(-6.9,0.,0.));
#4487 = DIRECTION('',(1.,0.,0.));
#4488 = DIRECTION('',(-0.,1.,0.));
#4489 = ADVANCED_FACE('',(#4490),#4515,.T.);
#4490 = FACE_BOUND('',#4491,.T.);
#4491 = EDGE_LOOP('',(#4492,#4502,#4508,#4509));
#4492 = ORIENTED_EDGE('',*,*,#4493,.T.);
#4493 = EDGE_CURVE('',#4494,#4496,#4498,.T.);
#4494 = VERTEX_POINT('',#4495);
#4495 = CARTESIAN_POINT('',(-7.3,12.8,-1.99));
#4496 = VERTEX_POINT('',#4497);
#4497 = CARTESIAN_POINT('',(-7.3,0.2,-1.99));
#4498 = LINE('',#4499,#4500);
#4499 = CARTESIAN_POINT('',(-7.3,12.8,-1.99));
#4500 = VECTOR('',#4501,1.);
#4501 = DIRECTION('',(0.,-1.,0.));
#4502 = ORIENTED_EDGE('',*,*,#4503,.F.);
#4503 = EDGE_CURVE('',#4382,#4496,#4504,.T.);
#4504 = LINE('',#4505,#4506);
#4505 = CARTESIAN_POINT('',(-6.9,0.2,-1.59));
#4506 = VECTOR('',#4507,1.);
#4507 = DIRECTION('',(-0.707106781187,0.,-0.707106781187));
#4508 = ORIENTED_EDGE('',*,*,#4381,.T.);
#4509 = ORIENTED_EDGE('',*,*,#4510,.T.);
#4510 = EDGE_CURVE('',#4384,#4494,#4511,.T.);
#4511 = LINE('',#4512,#4513);
#4512 = CARTESIAN_POINT('',(-6.9,12.8,-1.59));
#4513 = VECTOR('',#4514,1.);
#4514 = DIRECTION('',(-0.707106781187,0.,-0.707106781187));
#4515 = PLANE('',#4516);
#4516 = AXIS2_PLACEMENT_3D('',#4517,#4518,#4519);
#4517 = CARTESIAN_POINT('',(-6.9,12.8,-1.59));
#4518 = DIRECTION('',(-0.707106781187,0.,0.707106781187));
#4519 = DIRECTION('',(0.,1.,0.));
#4520 = ADVANCED_FACE('',(#4521),#4546,.T.);
#4521 = FACE_BOUND('',#4522,.T.);
#4522 = EDGE_LOOP('',(#4523,#4524,#4532,#4540));
#4523 = ORIENTED_EDGE('',*,*,#4493,.F.);
#4524 = ORIENTED_EDGE('',*,*,#4525,.T.);
#4525 = EDGE_CURVE('',#4494,#4526,#4528,.T.);
#4526 = VERTEX_POINT('',#4527);
#4527 = CARTESIAN_POINT('',(-7.3,12.8,-2.99));
#4528 = LINE('',#4529,#4530);
#4529 = CARTESIAN_POINT('',(-7.3,12.8,-1.99));
#4530 = VECTOR('',#4531,1.);
#4531 = DIRECTION('',(0.,0.,-1.));
#4532 = ORIENTED_EDGE('',*,*,#4533,.T.);
#4533 = EDGE_CURVE('',#4526,#4534,#4536,.T.);
#4534 = VERTEX_POINT('',#4535);
#4535 = CARTESIAN_POINT('',(-7.3,0.2,-2.99));
#4536 = LINE('',#4537,#4538);
#4537 = CARTESIAN_POINT('',(-7.3,12.8,-2.99));
#4538 = VECTOR('',#4539,1.);
#4539 = DIRECTION('',(0.,-1.,0.));
#4540 = ORIENTED_EDGE('',*,*,#4541,.F.);
#4541 = EDGE_CURVE('',#4496,#4534,#4542,.T.);
#4542 = LINE('',#4543,#4544);
#4543 = CARTESIAN_POINT('',(-7.3,0.2,-1.99));
#4544 = VECTOR('',#4545,1.);
#4545 = DIRECTION('',(0.,0.,-1.));
#4546 = PLANE('',#4547);
#4547 = AXIS2_PLACEMENT_3D('',#4548,#4549,#4550);
#4548 = CARTESIAN_POINT('',(-7.3,12.8,-1.99));
#4549 = DIRECTION('',(-1.,0.,0.));
#4550 = DIRECTION('',(0.,0.,1.));
#4551 = ADVANCED_FACE('',(#4552),#4634,.T.);
#4552 = FACE_BOUND('',#4553,.T.);
#4553 = EDGE_LOOP('',(#4554,#4564,#4572,#4580,#4588,#4596,#4604,#4612,
    #4619,#4620,#4628));
#4554 = ORIENTED_EDGE('',*,*,#4555,.F.);
#4555 = EDGE_CURVE('',#4556,#4558,#4560,.T.);
#4556 = VERTEX_POINT('',#4557);
#4557 = CARTESIAN_POINT('',(5.5,0.2,0.5));
#4558 = VERTEX_POINT('',#4559);
#4559 = CARTESIAN_POINT('',(5.5,0.2,3.8));
#4560 = LINE('',#4561,#4562);
#4561 = CARTESIAN_POINT('',(5.5,0.2,0.5));
#4562 = VECTOR('',#4563,1.);
#4563 = DIRECTION('',(0.,0.,1.));
#4564 = ORIENTED_EDGE('',*,*,#4565,.T.);
#4565 = EDGE_CURVE('',#4556,#4566,#4568,.T.);
#4566 = VERTEX_POINT('',#4567);
#4567 = CARTESIAN_POINT('',(5.9,0.2,0.5));
#4568 = LINE('',#4569,#4570);
#4569 = CARTESIAN_POINT('',(5.5,0.2,0.5));
#4570 = VECTOR('',#4571,1.);
#4571 = DIRECTION('',(1.,0.,0.));
#4572 = ORIENTED_EDGE('',*,*,#4573,.T.);
#4573 = EDGE_CURVE('',#4566,#4574,#4576,.T.);
#4574 = VERTEX_POINT('',#4575);
#4575 = CARTESIAN_POINT('',(5.9,0.2,-0.5));
#4576 = LINE('',#4577,#4578);
#4577 = CARTESIAN_POINT('',(5.9,0.2,0.5));
#4578 = VECTOR('',#4579,1.);
#4579 = DIRECTION('',(0.,0.,-1.));
#4580 = ORIENTED_EDGE('',*,*,#4581,.T.);
#4581 = EDGE_CURVE('',#4574,#4582,#4584,.T.);
#4582 = VERTEX_POINT('',#4583);
#4583 = CARTESIAN_POINT('',(5.5,0.2,-0.5));
#4584 = LINE('',#4585,#4586);
#4585 = CARTESIAN_POINT('',(5.9,0.2,-0.5));
#4586 = VECTOR('',#4587,1.);
#4587 = DIRECTION('',(-1.,0.,0.));
#4588 = ORIENTED_EDGE('',*,*,#4589,.F.);
#4589 = EDGE_CURVE('',#4590,#4582,#4592,.T.);
#4590 = VERTEX_POINT('',#4591);
#4591 = CARTESIAN_POINT('',(5.5,0.2,-3.8));
#4592 = LINE('',#4593,#4594);
#4593 = CARTESIAN_POINT('',(5.5,0.2,-3.8));
#4594 = VECTOR('',#4595,1.);
#4595 = DIRECTION('',(0.,0.,1.));
#4596 = ORIENTED_EDGE('',*,*,#4597,.T.);
#4597 = EDGE_CURVE('',#4590,#4598,#4600,.T.);
#4598 = VERTEX_POINT('',#4599);
#4599 = CARTESIAN_POINT('',(6.9,0.2,-3.8));
#4600 = LINE('',#4601,#4602);
#4601 = CARTESIAN_POINT('',(5.5,0.2,-3.8));
#4602 = VECTOR('',#4603,1.);
#4603 = DIRECTION('',(1.,0.,0.));
#4604 = ORIENTED_EDGE('',*,*,#4605,.T.);
#4605 = EDGE_CURVE('',#4598,#4606,#4608,.T.);
#4606 = VERTEX_POINT('',#4607);
#4607 = CARTESIAN_POINT('',(6.9,0.2,2.2));
#4608 = LINE('',#4609,#4610);
#4609 = CARTESIAN_POINT('',(6.9,0.2,-3.8));
#4610 = VECTOR('',#4611,1.);
#4611 = DIRECTION('',(0.,0.,1.));
#4612 = ORIENTED_EDGE('',*,*,#4613,.T.);
#4613 = EDGE_CURVE('',#4606,#4342,#4614,.T.);
#4614 = CIRCLE('',#4615,0.4);
#4615 = AXIS2_PLACEMENT_3D('',#4616,#4617,#4618);
#4616 = CARTESIAN_POINT('',(6.9,0.2,2.6));
#4617 = DIRECTION('',(0.,-1.,0.));
#4618 = DIRECTION('',(0.,0.,-1.));
#4619 = ORIENTED_EDGE('',*,*,#4366,.T.);
#4620 = ORIENTED_EDGE('',*,*,#4621,.T.);
#4621 = EDGE_CURVE('',#4359,#4622,#4624,.T.);
#4622 = VERTEX_POINT('',#4623);
#4623 = CARTESIAN_POINT('',(6.9,0.2,3.8));
#4624 = LINE('',#4625,#4626);
#4625 = CARTESIAN_POINT('',(6.9,0.2,3.));
#4626 = VECTOR('',#4627,1.);
#4627 = DIRECTION('',(0.,0.,1.));
#4628 = ORIENTED_EDGE('',*,*,#4629,.T.);
#4629 = EDGE_CURVE('',#4622,#4558,#4630,.T.);
#4630 = LINE('',#4631,#4632);
#4631 = CARTESIAN_POINT('',(6.9,0.2,3.8));
#4632 = VECTOR('',#4633,1.);
#4633 = DIRECTION('',(-1.,0.,0.));
#4634 = PLANE('',#4635);
#4635 = AXIS2_PLACEMENT_3D('',#4636,#4637,#4638);
#4636 = CARTESIAN_POINT('',(-6.9,0.2,0.));
#4637 = DIRECTION('',(0.,-1.,0.));
#4638 = DIRECTION('',(0.,0.,-1.));
#4639 = ADVANCED_FACE('',(#4640),#4674,.T.);
#4640 = FACE_BOUND('',#4641,.T.);
#4641 = EDGE_LOOP('',(#4642,#4652,#4660,#4668));
#4642 = ORIENTED_EDGE('',*,*,#4643,.T.);
#4643 = EDGE_CURVE('',#4644,#4646,#4648,.T.);
#4644 = VERTEX_POINT('',#4645);
#4645 = CARTESIAN_POINT('',(1.3,0.2,3.8));
#4646 = VERTEX_POINT('',#4647);
#4647 = CARTESIAN_POINT('',(1.3,0.2,0.5));
#4648 = LINE('',#4649,#4650);
#4649 = CARTESIAN_POINT('',(1.3,0.2,3.8));
#4650 = VECTOR('',#4651,1.);
#4651 = DIRECTION('',(0.,0.,-1.));
#4652 = ORIENTED_EDGE('',*,*,#4653,.T.);
#4653 = EDGE_CURVE('',#4646,#4654,#4656,.T.);
#4654 = VERTEX_POINT('',#4655);
#4655 = CARTESIAN_POINT('',(2.9,0.2,0.5));
#4656 = LINE('',#4657,#4658);
#4657 = CARTESIAN_POINT('',(1.3,0.2,0.5));
#4658 = VECTOR('',#4659,1.);
#4659 = DIRECTION('',(1.,0.,0.));
#4660 = ORIENTED_EDGE('',*,*,#4661,.T.);
#4661 = EDGE_CURVE('',#4654,#4662,#4664,.T.);
#4662 = VERTEX_POINT('',#4663);
#4663 = CARTESIAN_POINT('',(2.9,0.2,3.8));
#4664 = LINE('',#4665,#4666);
#4665 = CARTESIAN_POINT('',(2.9,0.2,0.5));
#4666 = VECTOR('',#4667,1.);
#4667 = DIRECTION('',(0.,0.,1.));
#4668 = ORIENTED_EDGE('',*,*,#4669,.T.);
#4669 = EDGE_CURVE('',#4662,#4644,#4670,.T.);
#4670 = LINE('',#4671,#4672);
#4671 = CARTESIAN_POINT('',(2.9,0.2,3.8));
#4672 = VECTOR('',#4673,1.);
#4673 = DIRECTION('',(-1.,0.,0.));
#4674 = PLANE('',#4675);
#4675 = AXIS2_PLACEMENT_3D('',#4676,#4677,#4678);
#4676 = CARTESIAN_POINT('',(-6.9,0.2,0.));
#4677 = DIRECTION('',(0.,-1.,0.));
#4678 = DIRECTION('',(0.,0.,-1.));
#4679 = ADVANCED_FACE('',(#4680),#4714,.T.);
#4680 = FACE_BOUND('',#4681,.T.);
#4681 = EDGE_LOOP('',(#4682,#4692,#4700,#4708));
#4682 = ORIENTED_EDGE('',*,*,#4683,.F.);
#4683 = EDGE_CURVE('',#4684,#4686,#4688,.T.);
#4684 = VERTEX_POINT('',#4685);
#4685 = CARTESIAN_POINT('',(1.3,0.2,-3.8));
#4686 = VERTEX_POINT('',#4687);
#4687 = CARTESIAN_POINT('',(1.3,0.2,-0.5));
#4688 = LINE('',#4689,#4690);
#4689 = CARTESIAN_POINT('',(1.3,0.2,-3.8));
#4690 = VECTOR('',#4691,1.);
#4691 = DIRECTION('',(0.,0.,1.));
#4692 = ORIENTED_EDGE('',*,*,#4693,.T.);
#4693 = EDGE_CURVE('',#4684,#4694,#4696,.T.);
#4694 = VERTEX_POINT('',#4695);
#4695 = CARTESIAN_POINT('',(2.9,0.2,-3.8));
#4696 = LINE('',#4697,#4698);
#4697 = CARTESIAN_POINT('',(1.3,0.2,-3.8));
#4698 = VECTOR('',#4699,1.);
#4699 = DIRECTION('',(1.,0.,0.));
#4700 = ORIENTED_EDGE('',*,*,#4701,.T.);
#4701 = EDGE_CURVE('',#4694,#4702,#4704,.T.);
#4702 = VERTEX_POINT('',#4703);
#4703 = CARTESIAN_POINT('',(2.9,0.2,-0.5));
#4704 = LINE('',#4705,#4706);
#4705 = CARTESIAN_POINT('',(2.9,0.2,-3.8));
#4706 = VECTOR('',#4707,1.);
#4707 = DIRECTION('',(0.,0.,1.));
#4708 = ORIENTED_EDGE('',*,*,#4709,.T.);
#4709 = EDGE_CURVE('',#4702,#4686,#4710,.T.);
#4710 = LINE('',#4711,#4712);
#4711 = CARTESIAN_POINT('',(2.9,0.2,-0.5));
#4712 = VECTOR('',#4713,1.);
#4713 = DIRECTION('',(-1.,0.,0.));
#4714 = PLANE('',#4715);
#4715 = AXIS2_PLACEMENT_3D('',#4716,#4717,#4718);
#4716 = CARTESIAN_POINT('',(-6.9,0.2,0.));
#4717 = DIRECTION('',(0.,-1.,0.));
#4718 = DIRECTION('',(0.,0.,-1.));
#4719 = ADVANCED_FACE('',(#4720),#4754,.T.);
#4720 = FACE_BOUND('',#4721,.T.);
#4721 = EDGE_LOOP('',(#4722,#4732,#4740,#4748));
#4722 = ORIENTED_EDGE('',*,*,#4723,.T.);
#4723 = EDGE_CURVE('',#4724,#4726,#4728,.T.);
#4724 = VERTEX_POINT('',#4725);
#4725 = CARTESIAN_POINT('',(-2.9,0.2,3.8));
#4726 = VERTEX_POINT('',#4727);
#4727 = CARTESIAN_POINT('',(-2.9,0.2,0.5));
#4728 = LINE('',#4729,#4730);
#4729 = CARTESIAN_POINT('',(-2.9,0.2,3.8));
#4730 = VECTOR('',#4731,1.);
#4731 = DIRECTION('',(0.,0.,-1.));
#4732 = ORIENTED_EDGE('',*,*,#4733,.T.);
#4733 = EDGE_CURVE('',#4726,#4734,#4736,.T.);
#4734 = VERTEX_POINT('',#4735);
#4735 = CARTESIAN_POINT('',(-1.3,0.2,0.5));
#4736 = LINE('',#4737,#4738);
#4737 = CARTESIAN_POINT('',(-2.9,0.2,0.5));
#4738 = VECTOR('',#4739,1.);
#4739 = DIRECTION('',(1.,0.,0.));
#4740 = ORIENTED_EDGE('',*,*,#4741,.F.);
#4741 = EDGE_CURVE('',#4742,#4734,#4744,.T.);
#4742 = VERTEX_POINT('',#4743);
#4743 = CARTESIAN_POINT('',(-1.3,0.2,3.8));
#4744 = LINE('',#4745,#4746);
#4745 = CARTESIAN_POINT('',(-1.3,0.2,3.8));
#4746 = VECTOR('',#4747,1.);
#4747 = DIRECTION('',(0.,0.,-1.));
#4748 = ORIENTED_EDGE('',*,*,#4749,.T.);
#4749 = EDGE_CURVE('',#4742,#4724,#4750,.T.);
#4750 = LINE('',#4751,#4752);
#4751 = CARTESIAN_POINT('',(-1.3,0.2,3.8));
#4752 = VECTOR('',#4753,1.);
#4753 = DIRECTION('',(-1.,0.,0.));
#4754 = PLANE('',#4755);
#4755 = AXIS2_PLACEMENT_3D('',#4756,#4757,#4758);
#4756 = CARTESIAN_POINT('',(-6.9,0.2,0.));
#4757 = DIRECTION('',(0.,-1.,0.));
#4758 = DIRECTION('',(0.,0.,-1.));
#4759 = ADVANCED_FACE('',(#4760),#4826,.T.);
#4760 = FACE_BOUND('',#4761,.T.);
#4761 = EDGE_LOOP('',(#4762,#4772,#4778,#4779,#4780,#4781,#4787,#4788,
    #4796,#4804,#4812,#4820));
#4762 = ORIENTED_EDGE('',*,*,#4763,.F.);
#4763 = EDGE_CURVE('',#4764,#4766,#4768,.T.);
#4764 = VERTEX_POINT('',#4765);
#4765 = CARTESIAN_POINT('',(-5.5,0.2,3.8));
#4766 = VERTEX_POINT('',#4767);
#4767 = CARTESIAN_POINT('',(-5.5,0.2,0.5));
#4768 = LINE('',#4769,#4770);
#4769 = CARTESIAN_POINT('',(-5.5,0.2,3.8));
#4770 = VECTOR('',#4771,1.);
#4771 = DIRECTION('',(0.,0.,-1.));
#4772 = ORIENTED_EDGE('',*,*,#4773,.T.);
#4773 = EDGE_CURVE('',#4764,#4392,#4774,.T.);
#4774 = LINE('',#4775,#4776);
#4775 = CARTESIAN_POINT('',(-5.5,0.2,3.8));
#4776 = VECTOR('',#4777,1.);
#4777 = DIRECTION('',(-1.,0.,0.));
#4778 = ORIENTED_EDGE('',*,*,#4391,.F.);
#4779 = ORIENTED_EDGE('',*,*,#4503,.T.);
#4780 = ORIENTED_EDGE('',*,*,#4541,.T.);
#4781 = ORIENTED_EDGE('',*,*,#4782,.T.);
#4782 = EDGE_CURVE('',#4534,#4438,#4783,.T.);
#4783 = LINE('',#4784,#4785);
#4784 = CARTESIAN_POINT('',(-7.3,0.2,-2.99));
#4785 = VECTOR('',#4786,1.);
#4786 = DIRECTION('',(0.707106781187,0.,-0.707106781187));
#4787 = ORIENTED_EDGE('',*,*,#4479,.F.);
#4788 = ORIENTED_EDGE('',*,*,#4789,.T.);
#4789 = EDGE_CURVE('',#4472,#4790,#4792,.T.);
#4790 = VERTEX_POINT('',#4791);
#4791 = CARTESIAN_POINT('',(-5.5,0.2,-3.8));
#4792 = LINE('',#4793,#4794);
#4793 = CARTESIAN_POINT('',(-6.9,0.2,-3.8));
#4794 = VECTOR('',#4795,1.);
#4795 = DIRECTION('',(1.,0.,0.));
#4796 = ORIENTED_EDGE('',*,*,#4797,.T.);
#4797 = EDGE_CURVE('',#4790,#4798,#4800,.T.);
#4798 = VERTEX_POINT('',#4799);
#4799 = CARTESIAN_POINT('',(-5.5,0.2,-0.5));
#4800 = LINE('',#4801,#4802);
#4801 = CARTESIAN_POINT('',(-5.5,0.2,-3.8));
#4802 = VECTOR('',#4803,1.);
#4803 = DIRECTION('',(0.,0.,1.));
#4804 = ORIENTED_EDGE('',*,*,#4805,.T.);
#4805 = EDGE_CURVE('',#4798,#4806,#4808,.T.);
#4806 = VERTEX_POINT('',#4807);
#4807 = CARTESIAN_POINT('',(-5.9,0.2,-0.5));
#4808 = LINE('',#4809,#4810);
#4809 = CARTESIAN_POINT('',(-5.5,0.2,-0.5));
#4810 = VECTOR('',#4811,1.);
#4811 = DIRECTION('',(-1.,0.,0.));
#4812 = ORIENTED_EDGE('',*,*,#4813,.T.);
#4813 = EDGE_CURVE('',#4806,#4814,#4816,.T.);
#4814 = VERTEX_POINT('',#4815);
#4815 = CARTESIAN_POINT('',(-5.9,0.2,0.5));
#4816 = LINE('',#4817,#4818);
#4817 = CARTESIAN_POINT('',(-5.9,0.2,-0.5));
#4818 = VECTOR('',#4819,1.);
#4819 = DIRECTION('',(0.,0.,1.));
#4820 = ORIENTED_EDGE('',*,*,#4821,.T.);
#4821 = EDGE_CURVE('',#4814,#4766,#4822,.T.);
#4822 = LINE('',#4823,#4824);
#4823 = CARTESIAN_POINT('',(-5.9,0.2,0.5));
#4824 = VECTOR('',#4825,1.);
#4825 = DIRECTION('',(1.,0.,0.));
#4826 = PLANE('',#4827);
#4827 = AXIS2_PLACEMENT_3D('',#4828,#4829,#4830);
#4828 = CARTESIAN_POINT('',(-6.9,0.2,0.));
#4829 = DIRECTION('',(0.,-1.,0.));
#4830 = DIRECTION('',(0.,0.,-1.));
#4831 = ADVANCED_FACE('',(#4832),#4866,.T.);
#4832 = FACE_BOUND('',#4833,.T.);
#4833 = EDGE_LOOP('',(#4834,#4844,#4852,#4860));
#4834 = ORIENTED_EDGE('',*,*,#4835,.F.);
#4835 = EDGE_CURVE('',#4836,#4838,#4840,.T.);
#4836 = VERTEX_POINT('',#4837);
#4837 = CARTESIAN_POINT('',(-2.9,0.2,-3.8));
#4838 = VERTEX_POINT('',#4839);
#4839 = CARTESIAN_POINT('',(-2.9,0.2,-0.5));
#4840 = LINE('',#4841,#4842);
#4841 = CARTESIAN_POINT('',(-2.9,0.2,-3.8));
#4842 = VECTOR('',#4843,1.);
#4843 = DIRECTION('',(0.,0.,1.));
#4844 = ORIENTED_EDGE('',*,*,#4845,.T.);
#4845 = EDGE_CURVE('',#4836,#4846,#4848,.T.);
#4846 = VERTEX_POINT('',#4847);
#4847 = CARTESIAN_POINT('',(-1.3,0.2,-3.8));
#4848 = LINE('',#4849,#4850);
#4849 = CARTESIAN_POINT('',(-2.9,0.2,-3.8));
#4850 = VECTOR('',#4851,1.);
#4851 = DIRECTION('',(1.,0.,0.));
#4852 = ORIENTED_EDGE('',*,*,#4853,.T.);
#4853 = EDGE_CURVE('',#4846,#4854,#4856,.T.);
#4854 = VERTEX_POINT('',#4855);
#4855 = CARTESIAN_POINT('',(-1.3,0.2,-0.5));
#4856 = LINE('',#4857,#4858);
#4857 = CARTESIAN_POINT('',(-1.3,0.2,-3.8));
#4858 = VECTOR('',#4859,1.);
#4859 = DIRECTION('',(0.,0.,1.));
#4860 = ORIENTED_EDGE('',*,*,#4861,.T.);
#4861 = EDGE_CURVE('',#4854,#4838,#4862,.T.);
#4862 = LINE('',#4863,#4864);
#4863 = CARTESIAN_POINT('',(-1.3,0.2,-0.5));
#4864 = VECTOR('',#4865,1.);
#4865 = DIRECTION('',(-1.,0.,0.));
#4866 = PLANE('',#4867);
#4867 = AXIS2_PLACEMENT_3D('',#4868,#4869,#4870);
#4868 = CARTESIAN_POINT('',(-6.9,0.2,0.));
#4869 = DIRECTION('',(0.,-1.,0.));
#4870 = DIRECTION('',(0.,0.,-1.));
#4871 = ADVANCED_FACE('',(#4872),#4897,.F.);
#4872 = FACE_BOUND('',#4873,.T.);
#4873 = EDGE_LOOP('',(#4874,#4875,#4883,#4891));
#4874 = ORIENTED_EDGE('',*,*,#4555,.T.);
#4875 = ORIENTED_EDGE('',*,*,#4876,.T.);
#4876 = EDGE_CURVE('',#4558,#4877,#4879,.T.);
#4877 = VERTEX_POINT('',#4878);
#4878 = CARTESIAN_POINT('',(5.5,0.8,3.8));
#4879 = LINE('',#4880,#4881);
#4880 = CARTESIAN_POINT('',(5.5,0.2,3.8));
#4881 = VECTOR('',#4882,1.);
#4882 = DIRECTION('',(0.,1.,0.));
#4883 = ORIENTED_EDGE('',*,*,#4884,.F.);
#4884 = EDGE_CURVE('',#4885,#4877,#4887,.T.);
#4885 = VERTEX_POINT('',#4886);
#4886 = CARTESIAN_POINT('',(5.5,0.8,0.5));
#4887 = LINE('',#4888,#4889);
#4888 = CARTESIAN_POINT('',(5.5,0.8,0.5));
#4889 = VECTOR('',#4890,1.);
#4890 = DIRECTION('',(0.,0.,1.));
#4891 = ORIENTED_EDGE('',*,*,#4892,.F.);
#4892 = EDGE_CURVE('',#4556,#4885,#4893,.T.);
#4893 = LINE('',#4894,#4895);
#4894 = CARTESIAN_POINT('',(5.5,0.2,0.5));
#4895 = VECTOR('',#4896,1.);
#4896 = DIRECTION('',(0.,1.,0.));
#4897 = PLANE('',#4898);
#4898 = AXIS2_PLACEMENT_3D('',#4899,#4900,#4901);
#4899 = CARTESIAN_POINT('',(5.5,0.,0.5));
#4900 = DIRECTION('',(1.,0.,0.));
#4901 = DIRECTION('',(-0.,1.,0.));
#4902 = ADVANCED_FACE('',(#4903),#4990,.F.);
#4903 = FACE_BOUND('',#4904,.T.);
#4904 = EDGE_LOOP('',(#4905,#4906,#4914,#4922,#4928,#4929,#4930,#4938,
    #4944,#4945,#4953,#4961,#4967,#4968,#4976,#4984));
#4905 = ORIENTED_EDGE('',*,*,#4821,.F.);
#4906 = ORIENTED_EDGE('',*,*,#4907,.F.);
#4907 = EDGE_CURVE('',#4908,#4814,#4910,.T.);
#4908 = VERTEX_POINT('',#4909);
#4909 = CARTESIAN_POINT('',(-5.9,0.,0.5));
#4910 = LINE('',#4911,#4912);
#4911 = CARTESIAN_POINT('',(-5.9,0.,0.5));
#4912 = VECTOR('',#4913,1.);
#4913 = DIRECTION('',(0.,1.,0.));
#4914 = ORIENTED_EDGE('',*,*,#4915,.T.);
#4915 = EDGE_CURVE('',#4908,#4916,#4918,.T.);
#4916 = VERTEX_POINT('',#4917);
#4917 = CARTESIAN_POINT('',(5.9,0.,0.5));
#4918 = LINE('',#4919,#4920);
#4919 = CARTESIAN_POINT('',(-5.9,0.,0.5));
#4920 = VECTOR('',#4921,1.);
#4921 = DIRECTION('',(1.,0.,0.));
#4922 = ORIENTED_EDGE('',*,*,#4923,.T.);
#4923 = EDGE_CURVE('',#4916,#4566,#4924,.T.);
#4924 = LINE('',#4925,#4926);
#4925 = CARTESIAN_POINT('',(5.9,0.,0.5));
#4926 = VECTOR('',#4927,1.);
#4927 = DIRECTION('',(0.,1.,0.));
#4928 = ORIENTED_EDGE('',*,*,#4565,.F.);
#4929 = ORIENTED_EDGE('',*,*,#4892,.T.);
#4930 = ORIENTED_EDGE('',*,*,#4931,.F.);
#4931 = EDGE_CURVE('',#4932,#4885,#4934,.T.);
#4932 = VERTEX_POINT('',#4933);
#4933 = CARTESIAN_POINT('',(2.9,0.8,0.5));
#4934 = LINE('',#4935,#4936);
#4935 = CARTESIAN_POINT('',(2.9,0.8,0.5));
#4936 = VECTOR('',#4937,1.);
#4937 = DIRECTION('',(1.,0.,0.));
#4938 = ORIENTED_EDGE('',*,*,#4939,.F.);
#4939 = EDGE_CURVE('',#4654,#4932,#4940,.T.);
#4940 = LINE('',#4941,#4942);
#4941 = CARTESIAN_POINT('',(2.9,0.2,0.5));
#4942 = VECTOR('',#4943,1.);
#4943 = DIRECTION('',(0.,1.,0.));
#4944 = ORIENTED_EDGE('',*,*,#4653,.F.);
#4945 = ORIENTED_EDGE('',*,*,#4946,.T.);
#4946 = EDGE_CURVE('',#4646,#4947,#4949,.T.);
#4947 = VERTEX_POINT('',#4948);
#4948 = CARTESIAN_POINT('',(1.3,0.8,0.5));
#4949 = LINE('',#4950,#4951);
#4950 = CARTESIAN_POINT('',(1.3,0.2,0.5));
#4951 = VECTOR('',#4952,1.);
#4952 = DIRECTION('',(0.,1.,0.));
#4953 = ORIENTED_EDGE('',*,*,#4954,.F.);
#4954 = EDGE_CURVE('',#4955,#4947,#4957,.T.);
#4955 = VERTEX_POINT('',#4956);
#4956 = CARTESIAN_POINT('',(-1.3,0.8,0.5));
#4957 = LINE('',#4958,#4959);
#4958 = CARTESIAN_POINT('',(-1.3,0.8,0.5));
#4959 = VECTOR('',#4960,1.);
#4960 = DIRECTION('',(1.,0.,0.));
#4961 = ORIENTED_EDGE('',*,*,#4962,.F.);
#4962 = EDGE_CURVE('',#4734,#4955,#4963,.T.);
#4963 = LINE('',#4964,#4965);
#4964 = CARTESIAN_POINT('',(-1.3,0.2,0.5));
#4965 = VECTOR('',#4966,1.);
#4966 = DIRECTION('',(0.,1.,0.));
#4967 = ORIENTED_EDGE('',*,*,#4733,.F.);
#4968 = ORIENTED_EDGE('',*,*,#4969,.T.);
#4969 = EDGE_CURVE('',#4726,#4970,#4972,.T.);
#4970 = VERTEX_POINT('',#4971);
#4971 = CARTESIAN_POINT('',(-2.9,0.8,0.5));
#4972 = LINE('',#4973,#4974);
#4973 = CARTESIAN_POINT('',(-2.9,0.2,0.5));
#4974 = VECTOR('',#4975,1.);
#4975 = DIRECTION('',(0.,1.,0.));
#4976 = ORIENTED_EDGE('',*,*,#4977,.F.);
#4977 = EDGE_CURVE('',#4978,#4970,#4980,.T.);
#4978 = VERTEX_POINT('',#4979);
#4979 = CARTESIAN_POINT('',(-5.5,0.8,0.5));
#4980 = LINE('',#4981,#4982);
#4981 = CARTESIAN_POINT('',(-5.5,0.8,0.5));
#4982 = VECTOR('',#4983,1.);
#4983 = DIRECTION('',(1.,0.,0.));
#4984 = ORIENTED_EDGE('',*,*,#4985,.F.);
#4985 = EDGE_CURVE('',#4766,#4978,#4986,.T.);
#4986 = LINE('',#4987,#4988);
#4987 = CARTESIAN_POINT('',(-5.5,0.2,0.5));
#4988 = VECTOR('',#4989,1.);
#4989 = DIRECTION('',(0.,1.,0.));
#4990 = PLANE('',#4991);
#4991 = AXIS2_PLACEMENT_3D('',#4992,#4993,#4994);
#4992 = CARTESIAN_POINT('',(2.9,0.,0.5));
#4993 = DIRECTION('',(0.,0.,-1.));
#4994 = DIRECTION('',(0.,-1.,0.));
#4995 = ADVANCED_FACE('',(#4996),#5014,.F.);
#4996 = FACE_BOUND('',#4997,.T.);
#4997 = EDGE_LOOP('',(#4998,#4999,#5000,#5008));
#4998 = ORIENTED_EDGE('',*,*,#4763,.T.);
#4999 = ORIENTED_EDGE('',*,*,#4985,.T.);
#5000 = ORIENTED_EDGE('',*,*,#5001,.F.);
#5001 = EDGE_CURVE('',#5002,#4978,#5004,.T.);
#5002 = VERTEX_POINT('',#5003);
#5003 = CARTESIAN_POINT('',(-5.5,0.8,3.8));
#5004 = LINE('',#5005,#5006);
#5005 = CARTESIAN_POINT('',(-5.5,0.8,3.8));
#5006 = VECTOR('',#5007,1.);
#5007 = DIRECTION('',(0.,0.,-1.));
#5008 = ORIENTED_EDGE('',*,*,#5009,.F.);
#5009 = EDGE_CURVE('',#4764,#5002,#5010,.T.);
#5010 = LINE('',#5011,#5012);
#5011 = CARTESIAN_POINT('',(-5.5,0.2,3.8));
#5012 = VECTOR('',#5013,1.);
#5013 = DIRECTION('',(0.,1.,0.));
#5014 = PLANE('',#5015);
#5015 = AXIS2_PLACEMENT_3D('',#5016,#5017,#5018);
#5016 = CARTESIAN_POINT('',(-5.5,0.,3.8));
#5017 = DIRECTION('',(-1.,0.,0.));
#5018 = DIRECTION('',(0.,0.,1.));
#5019 = ADVANCED_FACE('',(#5020),#5054,.F.);
#5020 = FACE_BOUND('',#5021,.T.);
#5021 = EDGE_LOOP('',(#5022,#5023,#5031,#5039,#5047,#5053));
#5022 = ORIENTED_EDGE('',*,*,#4629,.F.);
#5023 = ORIENTED_EDGE('',*,*,#5024,.F.);
#5024 = EDGE_CURVE('',#5025,#4622,#5027,.T.);
#5025 = VERTEX_POINT('',#5026);
#5026 = CARTESIAN_POINT('',(6.9,0.,3.8));
#5027 = LINE('',#5028,#5029);
#5028 = CARTESIAN_POINT('',(6.9,0.,3.8));
#5029 = VECTOR('',#5030,1.);
#5030 = DIRECTION('',(0.,1.,0.));
#5031 = ORIENTED_EDGE('',*,*,#5032,.F.);
#5032 = EDGE_CURVE('',#5033,#5025,#5035,.T.);
#5033 = VERTEX_POINT('',#5034);
#5034 = CARTESIAN_POINT('',(5.2,0.,3.8));
#5035 = LINE('',#5036,#5037);
#5036 = CARTESIAN_POINT('',(5.2,0.,3.8));
#5037 = VECTOR('',#5038,1.);
#5038 = DIRECTION('',(1.,0.,0.));
#5039 = ORIENTED_EDGE('',*,*,#5040,.F.);
#5040 = EDGE_CURVE('',#5041,#5033,#5043,.T.);
#5041 = VERTEX_POINT('',#5042);
#5042 = CARTESIAN_POINT('',(5.2,0.8,3.8));
#5043 = LINE('',#5044,#5045);
#5044 = CARTESIAN_POINT('',(5.2,0.8,3.8));
#5045 = VECTOR('',#5046,1.);
#5046 = DIRECTION('',(0.,-1.,0.));
#5047 = ORIENTED_EDGE('',*,*,#5048,.F.);
#5048 = EDGE_CURVE('',#4877,#5041,#5049,.T.);
#5049 = LINE('',#5050,#5051);
#5050 = CARTESIAN_POINT('',(5.5,0.8,3.8));
#5051 = VECTOR('',#5052,1.);
#5052 = DIRECTION('',(-1.,0.,0.));
#5053 = ORIENTED_EDGE('',*,*,#4876,.F.);
#5054 = PLANE('',#5055);
#5055 = AXIS2_PLACEMENT_3D('',#5056,#5057,#5058);
#5056 = CARTESIAN_POINT('',(3.2,0.,3.8));
#5057 = DIRECTION('',(0.,0.,1.));
#5058 = DIRECTION('',(1.,0.,-0.));
#5059 = ADVANCED_FACE('',(#5060),#5117,.F.);
#5060 = FACE_BOUND('',#5061,.T.);
#5061 = EDGE_LOOP('',(#5062,#5063,#5071,#5079,#5087,#5095,#5103,#5111));
#5062 = ORIENTED_EDGE('',*,*,#4669,.F.);
#5063 = ORIENTED_EDGE('',*,*,#5064,.T.);
#5064 = EDGE_CURVE('',#4662,#5065,#5067,.T.);
#5065 = VERTEX_POINT('',#5066);
#5066 = CARTESIAN_POINT('',(2.9,0.8,3.8));
#5067 = LINE('',#5068,#5069);
#5068 = CARTESIAN_POINT('',(2.9,0.2,3.8));
#5069 = VECTOR('',#5070,1.);
#5070 = DIRECTION('',(0.,1.,0.));
#5071 = ORIENTED_EDGE('',*,*,#5072,.F.);
#5072 = EDGE_CURVE('',#5073,#5065,#5075,.T.);
#5073 = VERTEX_POINT('',#5074);
#5074 = CARTESIAN_POINT('',(3.2,0.8,3.8));
#5075 = LINE('',#5076,#5077);
#5076 = CARTESIAN_POINT('',(3.2,0.8,3.8));
#5077 = VECTOR('',#5078,1.);
#5078 = DIRECTION('',(-1.,0.,0.));
#5079 = ORIENTED_EDGE('',*,*,#5080,.F.);
#5080 = EDGE_CURVE('',#5081,#5073,#5083,.T.);
#5081 = VERTEX_POINT('',#5082);
#5082 = CARTESIAN_POINT('',(3.2,0.,3.8));
#5083 = LINE('',#5084,#5085);
#5084 = CARTESIAN_POINT('',(3.2,0.,3.8));
#5085 = VECTOR('',#5086,1.);
#5086 = DIRECTION('',(0.,1.,0.));
#5087 = ORIENTED_EDGE('',*,*,#5088,.F.);
#5088 = EDGE_CURVE('',#5089,#5081,#5091,.T.);
#5089 = VERTEX_POINT('',#5090);
#5090 = CARTESIAN_POINT('',(1.,0.,3.8));
#5091 = LINE('',#5092,#5093);
#5092 = CARTESIAN_POINT('',(1.,0.,3.8));
#5093 = VECTOR('',#5094,1.);
#5094 = DIRECTION('',(1.,0.,0.));
#5095 = ORIENTED_EDGE('',*,*,#5096,.F.);
#5096 = EDGE_CURVE('',#5097,#5089,#5099,.T.);
#5097 = VERTEX_POINT('',#5098);
#5098 = CARTESIAN_POINT('',(1.,0.8,3.8));
#5099 = LINE('',#5100,#5101);
#5100 = CARTESIAN_POINT('',(1.,0.8,3.8));
#5101 = VECTOR('',#5102,1.);
#5102 = DIRECTION('',(0.,-1.,0.));
#5103 = ORIENTED_EDGE('',*,*,#5104,.F.);
#5104 = EDGE_CURVE('',#5105,#5097,#5107,.T.);
#5105 = VERTEX_POINT('',#5106);
#5106 = CARTESIAN_POINT('',(1.3,0.8,3.8));
#5107 = LINE('',#5108,#5109);
#5108 = CARTESIAN_POINT('',(1.3,0.8,3.8));
#5109 = VECTOR('',#5110,1.);
#5110 = DIRECTION('',(-1.,0.,0.));
#5111 = ORIENTED_EDGE('',*,*,#5112,.F.);
#5112 = EDGE_CURVE('',#4644,#5105,#5113,.T.);
#5113 = LINE('',#5114,#5115);
#5114 = CARTESIAN_POINT('',(1.3,0.2,3.8));
#5115 = VECTOR('',#5116,1.);
#5116 = DIRECTION('',(0.,1.,0.));
#5117 = PLANE('',#5118);
#5118 = AXIS2_PLACEMENT_3D('',#5119,#5120,#5121);
#5119 = CARTESIAN_POINT('',(3.2,0.,3.8));
#5120 = DIRECTION('',(0.,0.,1.));
#5121 = DIRECTION('',(1.,0.,-0.));
#5122 = ADVANCED_FACE('',(#5123),#5180,.F.);
#5123 = FACE_BOUND('',#5124,.T.);
#5124 = EDGE_LOOP('',(#5125,#5126,#5134,#5142,#5150,#5158,#5166,#5174));
#5125 = ORIENTED_EDGE('',*,*,#4749,.F.);
#5126 = ORIENTED_EDGE('',*,*,#5127,.T.);
#5127 = EDGE_CURVE('',#4742,#5128,#5130,.T.);
#5128 = VERTEX_POINT('',#5129);
#5129 = CARTESIAN_POINT('',(-1.3,0.8,3.8));
#5130 = LINE('',#5131,#5132);
#5131 = CARTESIAN_POINT('',(-1.3,0.2,3.8));
#5132 = VECTOR('',#5133,1.);
#5133 = DIRECTION('',(0.,1.,0.));
#5134 = ORIENTED_EDGE('',*,*,#5135,.F.);
#5135 = EDGE_CURVE('',#5136,#5128,#5138,.T.);
#5136 = VERTEX_POINT('',#5137);
#5137 = CARTESIAN_POINT('',(-1.,0.8,3.8));
#5138 = LINE('',#5139,#5140);
#5139 = CARTESIAN_POINT('',(-1.,0.8,3.8));
#5140 = VECTOR('',#5141,1.);
#5141 = DIRECTION('',(-1.,0.,0.));
#5142 = ORIENTED_EDGE('',*,*,#5143,.F.);
#5143 = EDGE_CURVE('',#5144,#5136,#5146,.T.);
#5144 = VERTEX_POINT('',#5145);
#5145 = CARTESIAN_POINT('',(-1.,0.,3.8));
#5146 = LINE('',#5147,#5148);
#5147 = CARTESIAN_POINT('',(-1.,0.,3.8));
#5148 = VECTOR('',#5149,1.);
#5149 = DIRECTION('',(0.,1.,0.));
#5150 = ORIENTED_EDGE('',*,*,#5151,.F.);
#5151 = EDGE_CURVE('',#5152,#5144,#5154,.T.);
#5152 = VERTEX_POINT('',#5153);
#5153 = CARTESIAN_POINT('',(-3.2,0.,3.8));
#5154 = LINE('',#5155,#5156);
#5155 = CARTESIAN_POINT('',(-3.2,0.,3.8));
#5156 = VECTOR('',#5157,1.);
#5157 = DIRECTION('',(1.,0.,0.));
#5158 = ORIENTED_EDGE('',*,*,#5159,.F.);
#5159 = EDGE_CURVE('',#5160,#5152,#5162,.T.);
#5160 = VERTEX_POINT('',#5161);
#5161 = CARTESIAN_POINT('',(-3.2,0.8,3.8));
#5162 = LINE('',#5163,#5164);
#5163 = CARTESIAN_POINT('',(-3.2,0.8,3.8));
#5164 = VECTOR('',#5165,1.);
#5165 = DIRECTION('',(0.,-1.,0.));
#5166 = ORIENTED_EDGE('',*,*,#5167,.F.);
#5167 = EDGE_CURVE('',#5168,#5160,#5170,.T.);
#5168 = VERTEX_POINT('',#5169);
#5169 = CARTESIAN_POINT('',(-2.9,0.8,3.8));
#5170 = LINE('',#5171,#5172);
#5171 = CARTESIAN_POINT('',(-2.9,0.8,3.8));
#5172 = VECTOR('',#5173,1.);
#5173 = DIRECTION('',(-1.,0.,0.));
#5174 = ORIENTED_EDGE('',*,*,#5175,.F.);
#5175 = EDGE_CURVE('',#4724,#5168,#5176,.T.);
#5176 = LINE('',#5177,#5178);
#5177 = CARTESIAN_POINT('',(-2.9,0.2,3.8));
#5178 = VECTOR('',#5179,1.);
#5179 = DIRECTION('',(0.,1.,0.));
#5180 = PLANE('',#5181);
#5181 = AXIS2_PLACEMENT_3D('',#5182,#5183,#5184);
#5182 = CARTESIAN_POINT('',(3.2,0.,3.8));
#5183 = DIRECTION('',(0.,0.,1.));
#5184 = DIRECTION('',(1.,0.,-0.));
#5185 = ADVANCED_FACE('',(#5186),#5213,.F.);
#5186 = FACE_BOUND('',#5187,.T.);
#5187 = EDGE_LOOP('',(#5188,#5198,#5204,#5205,#5206,#5207));
#5188 = ORIENTED_EDGE('',*,*,#5189,.F.);
#5189 = EDGE_CURVE('',#5190,#5192,#5194,.T.);
#5190 = VERTEX_POINT('',#5191);
#5191 = CARTESIAN_POINT('',(-5.2,0.,3.8));
#5192 = VERTEX_POINT('',#5193);
#5193 = CARTESIAN_POINT('',(-5.2,0.8,3.8));
#5194 = LINE('',#5195,#5196);
#5195 = CARTESIAN_POINT('',(-5.2,0.,3.8));
#5196 = VECTOR('',#5197,1.);
#5197 = DIRECTION('',(0.,1.,0.));
#5198 = ORIENTED_EDGE('',*,*,#5199,.F.);
#5199 = EDGE_CURVE('',#4400,#5190,#5200,.T.);
#5200 = LINE('',#5201,#5202);
#5201 = CARTESIAN_POINT('',(-6.9,0.,3.8));
#5202 = VECTOR('',#5203,1.);
#5203 = DIRECTION('',(1.,0.,0.));
#5204 = ORIENTED_EDGE('',*,*,#4399,.T.);
#5205 = ORIENTED_EDGE('',*,*,#4773,.F.);
#5206 = ORIENTED_EDGE('',*,*,#5009,.T.);
#5207 = ORIENTED_EDGE('',*,*,#5208,.F.);
#5208 = EDGE_CURVE('',#5192,#5002,#5209,.T.);
#5209 = LINE('',#5210,#5211);
#5210 = CARTESIAN_POINT('',(-5.2,0.8,3.8));
#5211 = VECTOR('',#5212,1.);
#5212 = DIRECTION('',(-1.,0.,0.));
#5213 = PLANE('',#5214);
#5214 = AXIS2_PLACEMENT_3D('',#5215,#5216,#5217);
#5215 = CARTESIAN_POINT('',(3.2,0.,3.8));
#5216 = DIRECTION('',(0.,0.,1.));
#5217 = DIRECTION('',(1.,0.,-0.));
#5218 = ADVANCED_FACE('',(#5219,#5285),#5319,.T.);
#5219 = FACE_BOUND('',#5220,.T.);
#5220 = EDGE_LOOP('',(#5221,#5231,#5239,#5247,#5255,#5263,#5271,#5279));
#5221 = ORIENTED_EDGE('',*,*,#5222,.T.);
#5222 = EDGE_CURVE('',#5223,#5225,#5227,.T.);
#5223 = VERTEX_POINT('',#5224);
#5224 = CARTESIAN_POINT('',(3.2,0.8,-4.8));
#5225 = VERTEX_POINT('',#5226);
#5226 = CARTESIAN_POINT('',(5.2,0.8,-4.8));
#5227 = LINE('',#5228,#5229);
#5228 = CARTESIAN_POINT('',(3.2,0.8,-4.8));
#5229 = VECTOR('',#5230,1.);
#5230 = DIRECTION('',(1.,0.,0.));
#5231 = ORIENTED_EDGE('',*,*,#5232,.T.);
#5232 = EDGE_CURVE('',#5225,#5233,#5235,.T.);
#5233 = VERTEX_POINT('',#5234);
#5234 = CARTESIAN_POINT('',(5.2,0.8,-3.8));
#5235 = LINE('',#5236,#5237);
#5236 = CARTESIAN_POINT('',(5.2,0.8,-4.8));
#5237 = VECTOR('',#5238,1.);
#5238 = DIRECTION('',(0.,0.,1.));
#5239 = ORIENTED_EDGE('',*,*,#5240,.T.);
#5240 = EDGE_CURVE('',#5233,#5241,#5243,.T.);
#5241 = VERTEX_POINT('',#5242);
#5242 = CARTESIAN_POINT('',(5.5,0.8,-3.8));
#5243 = LINE('',#5244,#5245);
#5244 = CARTESIAN_POINT('',(5.2,0.8,-3.8));
#5245 = VECTOR('',#5246,1.);
#5246 = DIRECTION('',(1.,0.,0.));
#5247 = ORIENTED_EDGE('',*,*,#5248,.T.);
#5248 = EDGE_CURVE('',#5241,#5249,#5251,.T.);
#5249 = VERTEX_POINT('',#5250);
#5250 = CARTESIAN_POINT('',(5.5,0.8,-0.5));
#5251 = LINE('',#5252,#5253);
#5252 = CARTESIAN_POINT('',(5.5,0.8,-3.8));
#5253 = VECTOR('',#5254,1.);
#5254 = DIRECTION('',(0.,0.,1.));
#5255 = ORIENTED_EDGE('',*,*,#5256,.T.);
#5256 = EDGE_CURVE('',#5249,#5257,#5259,.T.);
#5257 = VERTEX_POINT('',#5258);
#5258 = CARTESIAN_POINT('',(2.9,0.8,-0.5));
#5259 = LINE('',#5260,#5261);
#5260 = CARTESIAN_POINT('',(5.5,0.8,-0.5));
#5261 = VECTOR('',#5262,1.);
#5262 = DIRECTION('',(-1.,0.,0.));
#5263 = ORIENTED_EDGE('',*,*,#5264,.T.);
#5264 = EDGE_CURVE('',#5257,#5265,#5267,.T.);
#5265 = VERTEX_POINT('',#5266);
#5266 = CARTESIAN_POINT('',(2.9,0.8,-3.8));
#5267 = LINE('',#5268,#5269);
#5268 = CARTESIAN_POINT('',(2.9,0.8,-0.5));
#5269 = VECTOR('',#5270,1.);
#5270 = DIRECTION('',(0.,0.,-1.));
#5271 = ORIENTED_EDGE('',*,*,#5272,.T.);
#5272 = EDGE_CURVE('',#5265,#5273,#5275,.T.);
#5273 = VERTEX_POINT('',#5274);
#5274 = CARTESIAN_POINT('',(3.2,0.8,-3.8));
#5275 = LINE('',#5276,#5277);
#5276 = CARTESIAN_POINT('',(2.9,0.8,-3.8));
#5277 = VECTOR('',#5278,1.);
#5278 = DIRECTION('',(1.,0.,0.));
#5279 = ORIENTED_EDGE('',*,*,#5280,.T.);
#5280 = EDGE_CURVE('',#5273,#5223,#5281,.T.);
#5281 = LINE('',#5282,#5283);
#5282 = CARTESIAN_POINT('',(3.2,0.8,-3.8));
#5283 = VECTOR('',#5284,1.);
#5284 = DIRECTION('',(0.,0.,-1.));
#5285 = FACE_BOUND('',#5286,.T.);
#5286 = EDGE_LOOP('',(#5287,#5297,#5305,#5313));
#5287 = ORIENTED_EDGE('',*,*,#5288,.F.);
#5288 = EDGE_CURVE('',#5289,#5291,#5293,.T.);
#5289 = VERTEX_POINT('',#5290);
#5290 = CARTESIAN_POINT('',(4.77,0.8,-3.25));
#5291 = VERTEX_POINT('',#5292);
#5292 = CARTESIAN_POINT('',(4.77,0.8,-2.65));
#5293 = LINE('',#5294,#5295);
#5294 = CARTESIAN_POINT('',(4.77,0.8,-3.25));
#5295 = VECTOR('',#5296,1.);
#5296 = DIRECTION('',(0.,0.,1.));
#5297 = ORIENTED_EDGE('',*,*,#5298,.T.);
#5298 = EDGE_CURVE('',#5289,#5299,#5301,.T.);
#5299 = VERTEX_POINT('',#5300);
#5300 = CARTESIAN_POINT('',(3.63,0.8,-3.25));
#5301 = LINE('',#5302,#5303);
#5302 = CARTESIAN_POINT('',(4.77,0.8,-3.25));
#5303 = VECTOR('',#5304,1.);
#5304 = DIRECTION('',(-1.,0.,0.));
#5305 = ORIENTED_EDGE('',*,*,#5306,.T.);
#5306 = EDGE_CURVE('',#5299,#5307,#5309,.T.);
#5307 = VERTEX_POINT('',#5308);
#5308 = CARTESIAN_POINT('',(3.63,0.8,-2.65));
#5309 = LINE('',#5310,#5311);
#5310 = CARTESIAN_POINT('',(3.63,0.8,-3.25));
#5311 = VECTOR('',#5312,1.);
#5312 = DIRECTION('',(0.,0.,1.));
#5313 = ORIENTED_EDGE('',*,*,#5314,.F.);
#5314 = EDGE_CURVE('',#5291,#5307,#5315,.T.);
#5315 = LINE('',#5316,#5317);
#5316 = CARTESIAN_POINT('',(4.77,0.8,-2.65));
#5317 = VECTOR('',#5318,1.);
#5318 = DIRECTION('',(-1.,0.,0.));
#5319 = PLANE('',#5320);
#5320 = AXIS2_PLACEMENT_3D('',#5321,#5322,#5323);
#5321 = CARTESIAN_POINT('',(-6.9,0.8,4.8));
#5322 = DIRECTION('',(0.,-1.,0.));
#5323 = DIRECTION('',(0.,0.,-1.));
#5324 = ADVANCED_FACE('',(#5325,#5359),#5393,.T.);
#5325 = FACE_BOUND('',#5326,.T.);
#5326 = EDGE_LOOP('',(#5327,#5337,#5343,#5344,#5350,#5351,#5352,#5353));
#5327 = ORIENTED_EDGE('',*,*,#5328,.F.);
#5328 = EDGE_CURVE('',#5329,#5331,#5333,.T.);
#5329 = VERTEX_POINT('',#5330);
#5330 = CARTESIAN_POINT('',(3.2,0.8,4.8));
#5331 = VERTEX_POINT('',#5332);
#5332 = CARTESIAN_POINT('',(5.2,0.8,4.8));
#5333 = LINE('',#5334,#5335);
#5334 = CARTESIAN_POINT('',(3.2,0.8,4.8));
#5335 = VECTOR('',#5336,1.);
#5336 = DIRECTION('',(1.,0.,0.));
#5337 = ORIENTED_EDGE('',*,*,#5338,.T.);
#5338 = EDGE_CURVE('',#5329,#5073,#5339,.T.);
#5339 = LINE('',#5340,#5341);
#5340 = CARTESIAN_POINT('',(3.2,0.8,4.8));
#5341 = VECTOR('',#5342,1.);
#5342 = DIRECTION('',(0.,0.,-1.));
#5343 = ORIENTED_EDGE('',*,*,#5072,.T.);
#5344 = ORIENTED_EDGE('',*,*,#5345,.T.);
#5345 = EDGE_CURVE('',#5065,#4932,#5346,.T.);
#5346 = LINE('',#5347,#5348);
#5347 = CARTESIAN_POINT('',(2.9,0.8,3.8));
#5348 = VECTOR('',#5349,1.);
#5349 = DIRECTION('',(0.,0.,-1.));
#5350 = ORIENTED_EDGE('',*,*,#4931,.T.);
#5351 = ORIENTED_EDGE('',*,*,#4884,.T.);
#5352 = ORIENTED_EDGE('',*,*,#5048,.T.);
#5353 = ORIENTED_EDGE('',*,*,#5354,.T.);
#5354 = EDGE_CURVE('',#5041,#5331,#5355,.T.);
#5355 = LINE('',#5356,#5357);
#5356 = CARTESIAN_POINT('',(5.2,0.8,3.8));
#5357 = VECTOR('',#5358,1.);
#5358 = DIRECTION('',(0.,0.,1.));
#5359 = FACE_BOUND('',#5360,.T.);
#5360 = EDGE_LOOP('',(#5361,#5371,#5379,#5387));
#5361 = ORIENTED_EDGE('',*,*,#5362,.F.);
#5362 = EDGE_CURVE('',#5363,#5365,#5367,.T.);
#5363 = VERTEX_POINT('',#5364);
#5364 = CARTESIAN_POINT('',(4.77,0.8,2.25));
#5365 = VERTEX_POINT('',#5366);
#5366 = CARTESIAN_POINT('',(4.77,0.8,2.85));
#5367 = LINE('',#5368,#5369);
#5368 = CARTESIAN_POINT('',(4.77,0.8,2.25));
#5369 = VECTOR('',#5370,1.);
#5370 = DIRECTION('',(0.,0.,1.));
#5371 = ORIENTED_EDGE('',*,*,#5372,.T.);
#5372 = EDGE_CURVE('',#5363,#5373,#5375,.T.);
#5373 = VERTEX_POINT('',#5374);
#5374 = CARTESIAN_POINT('',(3.63,0.8,2.25));
#5375 = LINE('',#5376,#5377);
#5376 = CARTESIAN_POINT('',(4.77,0.8,2.25));
#5377 = VECTOR('',#5378,1.);
#5378 = DIRECTION('',(-1.,0.,0.));
#5379 = ORIENTED_EDGE('',*,*,#5380,.T.);
#5380 = EDGE_CURVE('',#5373,#5381,#5383,.T.);
#5381 = VERTEX_POINT('',#5382);
#5382 = CARTESIAN_POINT('',(3.63,0.8,2.85));
#5383 = LINE('',#5384,#5385);
#5384 = CARTESIAN_POINT('',(3.63,0.8,2.25));
#5385 = VECTOR('',#5386,1.);
#5386 = DIRECTION('',(0.,0.,1.));
#5387 = ORIENTED_EDGE('',*,*,#5388,.F.);
#5388 = EDGE_CURVE('',#5365,#5381,#5389,.T.);
#5389 = LINE('',#5390,#5391);
#5390 = CARTESIAN_POINT('',(4.77,0.8,2.85));
#5391 = VECTOR('',#5392,1.);
#5392 = DIRECTION('',(-1.,0.,0.));
#5393 = PLANE('',#5394);
#5394 = AXIS2_PLACEMENT_3D('',#5395,#5396,#5397);
#5395 = CARTESIAN_POINT('',(-6.9,0.8,4.8));
#5396 = DIRECTION('',(0.,-1.,0.));
#5397 = DIRECTION('',(0.,0.,-1.));
#5398 = ADVANCED_FACE('',(#5399),#5543,.T.);
#5399 = FACE_BOUND('',#5400,.T.);
#5400 = EDGE_LOOP('',(#5401,#5411,#5419,#5425,#5426,#5434,#5442,#5450,
    #5458,#5466,#5474,#5482,#5488,#5489,#5497,#5505,#5513,#5521,#5529,
    #5537));
#5401 = ORIENTED_EDGE('',*,*,#5402,.F.);
#5402 = EDGE_CURVE('',#5403,#5405,#5407,.T.);
#5403 = VERTEX_POINT('',#5404);
#5404 = CARTESIAN_POINT('',(-5.2,0.8,-4.8));
#5405 = VERTEX_POINT('',#5406);
#5406 = CARTESIAN_POINT('',(-3.2,0.8,-4.8));
#5407 = LINE('',#5408,#5409);
#5408 = CARTESIAN_POINT('',(-5.2,0.8,-4.8));
#5409 = VECTOR('',#5410,1.);
#5410 = DIRECTION('',(1.,0.,0.));
#5411 = ORIENTED_EDGE('',*,*,#5412,.F.);
#5412 = EDGE_CURVE('',#5413,#5403,#5415,.T.);
#5413 = VERTEX_POINT('',#5414);
#5414 = CARTESIAN_POINT('',(-5.2,0.,-4.8));
#5415 = LINE('',#5416,#5417);
#5416 = CARTESIAN_POINT('',(-5.2,0.,-4.8));
#5417 = VECTOR('',#5418,1.);
#5418 = DIRECTION('',(0.,1.,0.));
#5419 = ORIENTED_EDGE('',*,*,#5420,.F.);
#5420 = EDGE_CURVE('',#4456,#5413,#5421,.T.);
#5421 = LINE('',#5422,#5423);
#5422 = CARTESIAN_POINT('',(-6.9,0.,-4.8));
#5423 = VECTOR('',#5424,1.);
#5424 = DIRECTION('',(1.,0.,0.));
#5425 = ORIENTED_EDGE('',*,*,#4455,.T.);
#5426 = ORIENTED_EDGE('',*,*,#5427,.T.);
#5427 = EDGE_CURVE('',#4448,#5428,#5430,.T.);
#5428 = VERTEX_POINT('',#5429);
#5429 = CARTESIAN_POINT('',(-1.7,12.8,-4.8));
#5430 = LINE('',#5431,#5432);
#5431 = CARTESIAN_POINT('',(-6.9,12.8,-4.8));
#5432 = VECTOR('',#5433,1.);
#5433 = DIRECTION('',(1.,0.,0.));
#5434 = ORIENTED_EDGE('',*,*,#5435,.T.);
#5435 = EDGE_CURVE('',#5428,#5436,#5438,.T.);
#5436 = VERTEX_POINT('',#5437);
#5437 = CARTESIAN_POINT('',(-1.7,9.75,-4.8));
#5438 = LINE('',#5439,#5440);
#5439 = CARTESIAN_POINT('',(-1.7,12.8,-4.8));
#5440 = VECTOR('',#5441,1.);
#5441 = DIRECTION('',(0.,-1.,0.));
#5442 = ORIENTED_EDGE('',*,*,#5443,.T.);
#5443 = EDGE_CURVE('',#5436,#5444,#5446,.T.);
#5444 = VERTEX_POINT('',#5445);
#5445 = CARTESIAN_POINT('',(1.7,9.75,-4.8));
#5446 = LINE('',#5447,#5448);
#5447 = CARTESIAN_POINT('',(-1.7,9.75,-4.8));
#5448 = VECTOR('',#5449,1.);
#5449 = DIRECTION('',(1.,0.,0.));
#5450 = ORIENTED_EDGE('',*,*,#5451,.F.);
#5451 = EDGE_CURVE('',#5452,#5444,#5454,.T.);
#5452 = VERTEX_POINT('',#5453);
#5453 = CARTESIAN_POINT('',(1.7,12.8,-4.8));
#5454 = LINE('',#5455,#5456);
#5455 = CARTESIAN_POINT('',(1.7,12.8,-4.8));
#5456 = VECTOR('',#5457,1.);
#5457 = DIRECTION('',(0.,-1.,0.));
#5458 = ORIENTED_EDGE('',*,*,#5459,.T.);
#5459 = EDGE_CURVE('',#5452,#5460,#5462,.T.);
#5460 = VERTEX_POINT('',#5461);
#5461 = CARTESIAN_POINT('',(6.9,12.8,-4.8));
#5462 = LINE('',#5463,#5464);
#5463 = CARTESIAN_POINT('',(1.7,12.8,-4.8));
#5464 = VECTOR('',#5465,1.);
#5465 = DIRECTION('',(1.,0.,0.));
#5466 = ORIENTED_EDGE('',*,*,#5467,.F.);
#5467 = EDGE_CURVE('',#5468,#5460,#5470,.T.);
#5468 = VERTEX_POINT('',#5469);
#5469 = CARTESIAN_POINT('',(6.9,0.,-4.8));
#5470 = LINE('',#5471,#5472);
#5471 = CARTESIAN_POINT('',(6.9,0.,-4.8));
#5472 = VECTOR('',#5473,1.);
#5473 = DIRECTION('',(0.,1.,0.));
#5474 = ORIENTED_EDGE('',*,*,#5475,.F.);
#5475 = EDGE_CURVE('',#5476,#5468,#5478,.T.);
#5476 = VERTEX_POINT('',#5477);
#5477 = CARTESIAN_POINT('',(5.2,0.,-4.8));
#5478 = LINE('',#5479,#5480);
#5479 = CARTESIAN_POINT('',(5.2,0.,-4.8));
#5480 = VECTOR('',#5481,1.);
#5481 = DIRECTION('',(1.,0.,0.));
#5482 = ORIENTED_EDGE('',*,*,#5483,.T.);
#5483 = EDGE_CURVE('',#5476,#5225,#5484,.T.);
#5484 = LINE('',#5485,#5486);
#5485 = CARTESIAN_POINT('',(5.2,0.,-4.8));
#5486 = VECTOR('',#5487,1.);
#5487 = DIRECTION('',(0.,1.,0.));
#5488 = ORIENTED_EDGE('',*,*,#5222,.F.);
#5489 = ORIENTED_EDGE('',*,*,#5490,.F.);
#5490 = EDGE_CURVE('',#5491,#5223,#5493,.T.);
#5491 = VERTEX_POINT('',#5492);
#5492 = CARTESIAN_POINT('',(3.2,0.,-4.8));
#5493 = LINE('',#5494,#5495);
#5494 = CARTESIAN_POINT('',(3.2,0.,-4.8));
#5495 = VECTOR('',#5496,1.);
#5496 = DIRECTION('',(0.,1.,0.));
#5497 = ORIENTED_EDGE('',*,*,#5498,.F.);
#5498 = EDGE_CURVE('',#5499,#5491,#5501,.T.);
#5499 = VERTEX_POINT('',#5500);
#5500 = CARTESIAN_POINT('',(1.,0.,-4.8));
#5501 = LINE('',#5502,#5503);
#5502 = CARTESIAN_POINT('',(1.,0.,-4.8));
#5503 = VECTOR('',#5504,1.);
#5504 = DIRECTION('',(1.,0.,0.));
#5505 = ORIENTED_EDGE('',*,*,#5506,.T.);
#5506 = EDGE_CURVE('',#5499,#5507,#5509,.T.);
#5507 = VERTEX_POINT('',#5508);
#5508 = CARTESIAN_POINT('',(1.,0.8,-4.8));
#5509 = LINE('',#5510,#5511);
#5510 = CARTESIAN_POINT('',(1.,0.,-4.8));
#5511 = VECTOR('',#5512,1.);
#5512 = DIRECTION('',(0.,1.,0.));
#5513 = ORIENTED_EDGE('',*,*,#5514,.F.);
#5514 = EDGE_CURVE('',#5515,#5507,#5517,.T.);
#5515 = VERTEX_POINT('',#5516);
#5516 = CARTESIAN_POINT('',(-1.,0.8,-4.8));
#5517 = LINE('',#5518,#5519);
#5518 = CARTESIAN_POINT('',(-1.,0.8,-4.8));
#5519 = VECTOR('',#5520,1.);
#5520 = DIRECTION('',(1.,0.,0.));
#5521 = ORIENTED_EDGE('',*,*,#5522,.F.);
#5522 = EDGE_CURVE('',#5523,#5515,#5525,.T.);
#5523 = VERTEX_POINT('',#5524);
#5524 = CARTESIAN_POINT('',(-1.,0.,-4.8));
#5525 = LINE('',#5526,#5527);
#5526 = CARTESIAN_POINT('',(-1.,0.,-4.8));
#5527 = VECTOR('',#5528,1.);
#5528 = DIRECTION('',(0.,1.,0.));
#5529 = ORIENTED_EDGE('',*,*,#5530,.F.);
#5530 = EDGE_CURVE('',#5531,#5523,#5533,.T.);
#5531 = VERTEX_POINT('',#5532);
#5532 = CARTESIAN_POINT('',(-3.2,0.,-4.8));
#5533 = LINE('',#5534,#5535);
#5534 = CARTESIAN_POINT('',(-3.2,0.,-4.8));
#5535 = VECTOR('',#5536,1.);
#5536 = DIRECTION('',(1.,0.,0.));
#5537 = ORIENTED_EDGE('',*,*,#5538,.T.);
#5538 = EDGE_CURVE('',#5531,#5405,#5539,.T.);
#5539 = LINE('',#5540,#5541);
#5540 = CARTESIAN_POINT('',(-3.2,0.,-4.8));
#5541 = VECTOR('',#5542,1.);
#5542 = DIRECTION('',(0.,1.,0.));
#5543 = PLANE('',#5544);
#5544 = AXIS2_PLACEMENT_3D('',#5545,#5546,#5547);
#5545 = CARTESIAN_POINT('',(-6.9,0.,-4.8));
#5546 = DIRECTION('',(0.,0.,-1.));
#5547 = DIRECTION('',(0.,-1.,0.));
#5548 = ADVANCED_FACE('',(#5549,#5606),#5640,.T.);
#5549 = FACE_BOUND('',#5550,.T.);
#5550 = EDGE_LOOP('',(#5551,#5552,#5560,#5568,#5576,#5584,#5592,#5600));
#5551 = ORIENTED_EDGE('',*,*,#5402,.T.);
#5552 = ORIENTED_EDGE('',*,*,#5553,.T.);
#5553 = EDGE_CURVE('',#5405,#5554,#5556,.T.);
#5554 = VERTEX_POINT('',#5555);
#5555 = CARTESIAN_POINT('',(-3.2,0.8,-3.8));
#5556 = LINE('',#5557,#5558);
#5557 = CARTESIAN_POINT('',(-3.2,0.8,-4.8));
#5558 = VECTOR('',#5559,1.);
#5559 = DIRECTION('',(0.,0.,1.));
#5560 = ORIENTED_EDGE('',*,*,#5561,.T.);
#5561 = EDGE_CURVE('',#5554,#5562,#5564,.T.);
#5562 = VERTEX_POINT('',#5563);
#5563 = CARTESIAN_POINT('',(-2.9,0.8,-3.8));
#5564 = LINE('',#5565,#5566);
#5565 = CARTESIAN_POINT('',(-3.2,0.8,-3.8));
#5566 = VECTOR('',#5567,1.);
#5567 = DIRECTION('',(1.,0.,0.));
#5568 = ORIENTED_EDGE('',*,*,#5569,.T.);
#5569 = EDGE_CURVE('',#5562,#5570,#5572,.T.);
#5570 = VERTEX_POINT('',#5571);
#5571 = CARTESIAN_POINT('',(-2.9,0.8,-0.5));
#5572 = LINE('',#5573,#5574);
#5573 = CARTESIAN_POINT('',(-2.9,0.8,-3.8));
#5574 = VECTOR('',#5575,1.);
#5575 = DIRECTION('',(0.,0.,1.));
#5576 = ORIENTED_EDGE('',*,*,#5577,.T.);
#5577 = EDGE_CURVE('',#5570,#5578,#5580,.T.);
#5578 = VERTEX_POINT('',#5579);
#5579 = CARTESIAN_POINT('',(-5.5,0.8,-0.5));
#5580 = LINE('',#5581,#5582);
#5581 = CARTESIAN_POINT('',(-2.9,0.8,-0.5));
#5582 = VECTOR('',#5583,1.);
#5583 = DIRECTION('',(-1.,0.,0.));
#5584 = ORIENTED_EDGE('',*,*,#5585,.T.);
#5585 = EDGE_CURVE('',#5578,#5586,#5588,.T.);
#5586 = VERTEX_POINT('',#5587);
#5587 = CARTESIAN_POINT('',(-5.5,0.8,-3.8));
#5588 = LINE('',#5589,#5590);
#5589 = CARTESIAN_POINT('',(-5.5,0.8,-0.5));
#5590 = VECTOR('',#5591,1.);
#5591 = DIRECTION('',(0.,0.,-1.));
#5592 = ORIENTED_EDGE('',*,*,#5593,.T.);
#5593 = EDGE_CURVE('',#5586,#5594,#5596,.T.);
#5594 = VERTEX_POINT('',#5595);
#5595 = CARTESIAN_POINT('',(-5.2,0.8,-3.8));
#5596 = LINE('',#5597,#5598);
#5597 = CARTESIAN_POINT('',(-5.5,0.8,-3.8));
#5598 = VECTOR('',#5599,1.);
#5599 = DIRECTION('',(1.,0.,0.));
#5600 = ORIENTED_EDGE('',*,*,#5601,.T.);
#5601 = EDGE_CURVE('',#5594,#5403,#5602,.T.);
#5602 = LINE('',#5603,#5604);
#5603 = CARTESIAN_POINT('',(-5.2,0.8,-3.8));
#5604 = VECTOR('',#5605,1.);
#5605 = DIRECTION('',(0.,0.,-1.));
#5606 = FACE_BOUND('',#5607,.T.);
#5607 = EDGE_LOOP('',(#5608,#5618,#5626,#5634));
#5608 = ORIENTED_EDGE('',*,*,#5609,.F.);
#5609 = EDGE_CURVE('',#5610,#5612,#5614,.T.);
#5610 = VERTEX_POINT('',#5611);
#5611 = CARTESIAN_POINT('',(-3.63,0.8,-3.25));
#5612 = VERTEX_POINT('',#5613);
#5613 = CARTESIAN_POINT('',(-3.63,0.8,-2.65));
#5614 = LINE('',#5615,#5616);
#5615 = CARTESIAN_POINT('',(-3.63,0.8,-3.25));
#5616 = VECTOR('',#5617,1.);
#5617 = DIRECTION('',(0.,0.,1.));
#5618 = ORIENTED_EDGE('',*,*,#5619,.T.);
#5619 = EDGE_CURVE('',#5610,#5620,#5622,.T.);
#5620 = VERTEX_POINT('',#5621);
#5621 = CARTESIAN_POINT('',(-4.77,0.8,-3.25));
#5622 = LINE('',#5623,#5624);
#5623 = CARTESIAN_POINT('',(-3.63,0.8,-3.25));
#5624 = VECTOR('',#5625,1.);
#5625 = DIRECTION('',(-1.,0.,0.));
#5626 = ORIENTED_EDGE('',*,*,#5627,.T.);
#5627 = EDGE_CURVE('',#5620,#5628,#5630,.T.);
#5628 = VERTEX_POINT('',#5629);
#5629 = CARTESIAN_POINT('',(-4.77,0.8,-2.65));
#5630 = LINE('',#5631,#5632);
#5631 = CARTESIAN_POINT('',(-4.77,0.8,-3.25));
#5632 = VECTOR('',#5633,1.);
#5633 = DIRECTION('',(0.,0.,1.));
#5634 = ORIENTED_EDGE('',*,*,#5635,.F.);
#5635 = EDGE_CURVE('',#5612,#5628,#5636,.T.);
#5636 = LINE('',#5637,#5638);
#5637 = CARTESIAN_POINT('',(-3.63,0.8,-2.65));
#5638 = VECTOR('',#5639,1.);
#5639 = DIRECTION('',(-1.,0.,0.));
#5640 = PLANE('',#5641);
#5641 = AXIS2_PLACEMENT_3D('',#5642,#5643,#5644);
#5642 = CARTESIAN_POINT('',(-6.9,0.8,4.8));
#5643 = DIRECTION('',(0.,-1.,0.));
#5644 = DIRECTION('',(0.,0.,-1.));
#5645 = ADVANCED_FACE('',(#5646,#5680),#5714,.T.);
#5646 = FACE_BOUND('',#5647,.T.);
#5647 = EDGE_LOOP('',(#5648,#5658,#5664,#5665,#5666,#5667,#5673,#5674));
#5648 = ORIENTED_EDGE('',*,*,#5649,.F.);
#5649 = EDGE_CURVE('',#5650,#5652,#5654,.T.);
#5650 = VERTEX_POINT('',#5651);
#5651 = CARTESIAN_POINT('',(-5.2,0.8,4.8));
#5652 = VERTEX_POINT('',#5653);
#5653 = CARTESIAN_POINT('',(-3.2,0.8,4.8));
#5654 = LINE('',#5655,#5656);
#5655 = CARTESIAN_POINT('',(-5.2,0.8,4.8));
#5656 = VECTOR('',#5657,1.);
#5657 = DIRECTION('',(1.,0.,0.));
#5658 = ORIENTED_EDGE('',*,*,#5659,.T.);
#5659 = EDGE_CURVE('',#5650,#5192,#5660,.T.);
#5660 = LINE('',#5661,#5662);
#5661 = CARTESIAN_POINT('',(-5.2,0.8,4.8));
#5662 = VECTOR('',#5663,1.);
#5663 = DIRECTION('',(0.,0.,-1.));
#5664 = ORIENTED_EDGE('',*,*,#5208,.T.);
#5665 = ORIENTED_EDGE('',*,*,#5001,.T.);
#5666 = ORIENTED_EDGE('',*,*,#4977,.T.);
#5667 = ORIENTED_EDGE('',*,*,#5668,.T.);
#5668 = EDGE_CURVE('',#4970,#5168,#5669,.T.);
#5669 = LINE('',#5670,#5671);
#5670 = CARTESIAN_POINT('',(-2.9,0.8,0.5));
#5671 = VECTOR('',#5672,1.);
#5672 = DIRECTION('',(0.,0.,1.));
#5673 = ORIENTED_EDGE('',*,*,#5167,.T.);
#5674 = ORIENTED_EDGE('',*,*,#5675,.T.);
#5675 = EDGE_CURVE('',#5160,#5652,#5676,.T.);
#5676 = LINE('',#5677,#5678);
#5677 = CARTESIAN_POINT('',(-3.2,0.8,3.8));
#5678 = VECTOR('',#5679,1.);
#5679 = DIRECTION('',(0.,0.,1.));
#5680 = FACE_BOUND('',#5681,.T.);
#5681 = EDGE_LOOP('',(#5682,#5692,#5700,#5708));
#5682 = ORIENTED_EDGE('',*,*,#5683,.F.);
#5683 = EDGE_CURVE('',#5684,#5686,#5688,.T.);
#5684 = VERTEX_POINT('',#5685);
#5685 = CARTESIAN_POINT('',(-3.63,0.8,2.25));
#5686 = VERTEX_POINT('',#5687);
#5687 = CARTESIAN_POINT('',(-3.63,0.8,2.85));
#5688 = LINE('',#5689,#5690);
#5689 = CARTESIAN_POINT('',(-3.63,0.8,2.25));
#5690 = VECTOR('',#5691,1.);
#5691 = DIRECTION('',(0.,0.,1.));
#5692 = ORIENTED_EDGE('',*,*,#5693,.T.);
#5693 = EDGE_CURVE('',#5684,#5694,#5696,.T.);
#5694 = VERTEX_POINT('',#5695);
#5695 = CARTESIAN_POINT('',(-4.77,0.8,2.25));
#5696 = LINE('',#5697,#5698);
#5697 = CARTESIAN_POINT('',(-3.63,0.8,2.25));
#5698 = VECTOR('',#5699,1.);
#5699 = DIRECTION('',(-1.,0.,0.));
#5700 = ORIENTED_EDGE('',*,*,#5701,.T.);
#5701 = EDGE_CURVE('',#5694,#5702,#5704,.T.);
#5702 = VERTEX_POINT('',#5703);
#5703 = CARTESIAN_POINT('',(-4.77,0.8,2.85));
#5704 = LINE('',#5705,#5706);
#5705 = CARTESIAN_POINT('',(-4.77,0.8,2.25));
#5706 = VECTOR('',#5707,1.);
#5707 = DIRECTION('',(0.,0.,1.));
#5708 = ORIENTED_EDGE('',*,*,#5709,.F.);
#5709 = EDGE_CURVE('',#5686,#5702,#5710,.T.);
#5710 = LINE('',#5711,#5712);
#5711 = CARTESIAN_POINT('',(-3.63,0.8,2.85));
#5712 = VECTOR('',#5713,1.);
#5713 = DIRECTION('',(-1.,0.,0.));
#5714 = PLANE('',#5715);
#5715 = AXIS2_PLACEMENT_3D('',#5716,#5717,#5718);
#5716 = CARTESIAN_POINT('',(-6.9,0.8,4.8));
#5717 = DIRECTION('',(0.,-1.,0.));
#5718 = DIRECTION('',(0.,0.,-1.));
#5719 = ADVANCED_FACE('',(#5720),#5738,.F.);
#5720 = FACE_BOUND('',#5721,.T.);
#5721 = EDGE_LOOP('',(#5722,#5730,#5731,#5732));
#5722 = ORIENTED_EDGE('',*,*,#5723,.F.);
#5723 = EDGE_CURVE('',#5413,#5724,#5726,.T.);
#5724 = VERTEX_POINT('',#5725);
#5725 = CARTESIAN_POINT('',(-5.2,0.,-3.8));
#5726 = LINE('',#5727,#5728);
#5727 = CARTESIAN_POINT('',(-5.2,0.,-4.8));
#5728 = VECTOR('',#5729,1.);
#5729 = DIRECTION('',(0.,0.,1.));
#5730 = ORIENTED_EDGE('',*,*,#5412,.T.);
#5731 = ORIENTED_EDGE('',*,*,#5601,.F.);
#5732 = ORIENTED_EDGE('',*,*,#5733,.T.);
#5733 = EDGE_CURVE('',#5594,#5724,#5734,.T.);
#5734 = LINE('',#5735,#5736);
#5735 = CARTESIAN_POINT('',(-5.2,0.8,-3.8));
#5736 = VECTOR('',#5737,1.);
#5737 = DIRECTION('',(0.,-1.,0.));
#5738 = PLANE('',#5739);
#5739 = AXIS2_PLACEMENT_3D('',#5740,#5741,#5742);
#5740 = CARTESIAN_POINT('',(-5.2,0.,-3.8));
#5741 = DIRECTION('',(-1.,0.,0.));
#5742 = DIRECTION('',(0.,0.,1.));
#5743 = ADVANCED_FACE('',(#5744),#5769,.T.);
#5744 = FACE_BOUND('',#5745,.T.);
#5745 = EDGE_LOOP('',(#5746,#5747,#5755,#5763));
#5746 = ORIENTED_EDGE('',*,*,#4915,.F.);
#5747 = ORIENTED_EDGE('',*,*,#5748,.F.);
#5748 = EDGE_CURVE('',#5749,#4908,#5751,.T.);
#5749 = VERTEX_POINT('',#5750);
#5750 = CARTESIAN_POINT('',(-5.9,0.,-0.5));
#5751 = LINE('',#5752,#5753);
#5752 = CARTESIAN_POINT('',(-5.9,0.,-0.5));
#5753 = VECTOR('',#5754,1.);
#5754 = DIRECTION('',(0.,0.,1.));
#5755 = ORIENTED_EDGE('',*,*,#5756,.F.);
#5756 = EDGE_CURVE('',#5757,#5749,#5759,.T.);
#5757 = VERTEX_POINT('',#5758);
#5758 = CARTESIAN_POINT('',(5.9,0.,-0.5));
#5759 = LINE('',#5760,#5761);
#5760 = CARTESIAN_POINT('',(5.9,0.,-0.5));
#5761 = VECTOR('',#5762,1.);
#5762 = DIRECTION('',(-1.,0.,0.));
#5763 = ORIENTED_EDGE('',*,*,#5764,.F.);
#5764 = EDGE_CURVE('',#4916,#5757,#5765,.T.);
#5765 = LINE('',#5766,#5767);
#5766 = CARTESIAN_POINT('',(5.9,0.,0.5));
#5767 = VECTOR('',#5768,1.);
#5768 = DIRECTION('',(0.,0.,-1.));
#5769 = PLANE('',#5770);
#5770 = AXIS2_PLACEMENT_3D('',#5771,#5772,#5773);
#5771 = CARTESIAN_POINT('',(-6.9,0.,4.8));
#5772 = DIRECTION('',(0.,-1.,0.));
#5773 = DIRECTION('',(0.,0.,-1.));
#5774 = ADVANCED_FACE('',(#5775),#5800,.T.);
#5775 = FACE_BOUND('',#5776,.T.);
#5776 = EDGE_LOOP('',(#5777,#5787,#5793,#5794));
#5777 = ORIENTED_EDGE('',*,*,#5778,.F.);
#5778 = EDGE_CURVE('',#5779,#5781,#5783,.T.);
#5779 = VERTEX_POINT('',#5780);
#5780 = CARTESIAN_POINT('',(5.2,0.,4.8));
#5781 = VERTEX_POINT('',#5782);
#5782 = CARTESIAN_POINT('',(6.9,0.,4.8));
#5783 = LINE('',#5784,#5785);
#5784 = CARTESIAN_POINT('',(5.2,0.,4.8));
#5785 = VECTOR('',#5786,1.);
#5786 = DIRECTION('',(1.,0.,0.));
#5787 = ORIENTED_EDGE('',*,*,#5788,.T.);
#5788 = EDGE_CURVE('',#5779,#5033,#5789,.T.);
#5789 = LINE('',#5790,#5791);
#5790 = CARTESIAN_POINT('',(5.2,0.,4.8));
#5791 = VECTOR('',#5792,1.);
#5792 = DIRECTION('',(0.,0.,-1.));
#5793 = ORIENTED_EDGE('',*,*,#5032,.T.);
#5794 = ORIENTED_EDGE('',*,*,#5795,.F.);
#5795 = EDGE_CURVE('',#5781,#5025,#5796,.T.);
#5796 = LINE('',#5797,#5798);
#5797 = CARTESIAN_POINT('',(6.9,0.,4.8));
#5798 = VECTOR('',#5799,1.);
#5799 = DIRECTION('',(0.,0.,-1.));
#5800 = PLANE('',#5801);
#5801 = AXIS2_PLACEMENT_3D('',#5802,#5803,#5804);
#5802 = CARTESIAN_POINT('',(-6.9,0.,4.8));
#5803 = DIRECTION('',(0.,-1.,0.));
#5804 = DIRECTION('',(0.,0.,-1.));
#5805 = ADVANCED_FACE('',(#5806),#5831,.T.);
#5806 = FACE_BOUND('',#5807,.T.);
#5807 = EDGE_LOOP('',(#5808,#5809,#5817,#5825));
#5808 = ORIENTED_EDGE('',*,*,#5475,.T.);
#5809 = ORIENTED_EDGE('',*,*,#5810,.F.);
#5810 = EDGE_CURVE('',#5811,#5468,#5813,.T.);
#5811 = VERTEX_POINT('',#5812);
#5812 = CARTESIAN_POINT('',(6.9,0.,-3.8));
#5813 = LINE('',#5814,#5815);
#5814 = CARTESIAN_POINT('',(6.9,0.,-3.8));
#5815 = VECTOR('',#5816,1.);
#5816 = DIRECTION('',(0.,0.,-1.));
#5817 = ORIENTED_EDGE('',*,*,#5818,.F.);
#5818 = EDGE_CURVE('',#5819,#5811,#5821,.T.);
#5819 = VERTEX_POINT('',#5820);
#5820 = CARTESIAN_POINT('',(5.2,0.,-3.8));
#5821 = LINE('',#5822,#5823);
#5822 = CARTESIAN_POINT('',(5.2,0.,-3.8));
#5823 = VECTOR('',#5824,1.);
#5824 = DIRECTION('',(1.,0.,0.));
#5825 = ORIENTED_EDGE('',*,*,#5826,.F.);
#5826 = EDGE_CURVE('',#5476,#5819,#5827,.T.);
#5827 = LINE('',#5828,#5829);
#5828 = CARTESIAN_POINT('',(5.2,0.,-4.8));
#5829 = VECTOR('',#5830,1.);
#5830 = DIRECTION('',(0.,0.,1.));
#5831 = PLANE('',#5832);
#5832 = AXIS2_PLACEMENT_3D('',#5833,#5834,#5835);
#5833 = CARTESIAN_POINT('',(-6.9,0.,4.8));
#5834 = DIRECTION('',(0.,-1.,0.));
#5835 = DIRECTION('',(0.,0.,-1.));
#5836 = ADVANCED_FACE('',(#5837),#5862,.T.);
#5837 = FACE_BOUND('',#5838,.T.);
#5838 = EDGE_LOOP('',(#5839,#5847,#5848,#5856));
#5839 = ORIENTED_EDGE('',*,*,#5840,.T.);
#5840 = EDGE_CURVE('',#5841,#5089,#5843,.T.);
#5841 = VERTEX_POINT('',#5842);
#5842 = CARTESIAN_POINT('',(1.,0.,4.8));
#5843 = LINE('',#5844,#5845);
#5844 = CARTESIAN_POINT('',(1.,0.,4.8));
#5845 = VECTOR('',#5846,1.);
#5846 = DIRECTION('',(0.,0.,-1.));
#5847 = ORIENTED_EDGE('',*,*,#5088,.T.);
#5848 = ORIENTED_EDGE('',*,*,#5849,.F.);
#5849 = EDGE_CURVE('',#5850,#5081,#5852,.T.);
#5850 = VERTEX_POINT('',#5851);
#5851 = CARTESIAN_POINT('',(3.2,0.,4.8));
#5852 = LINE('',#5853,#5854);
#5853 = CARTESIAN_POINT('',(3.2,0.,4.8));
#5854 = VECTOR('',#5855,1.);
#5855 = DIRECTION('',(0.,0.,-1.));
#5856 = ORIENTED_EDGE('',*,*,#5857,.F.);
#5857 = EDGE_CURVE('',#5841,#5850,#5858,.T.);
#5858 = LINE('',#5859,#5860);
#5859 = CARTESIAN_POINT('',(1.,0.,4.8));
#5860 = VECTOR('',#5861,1.);
#5861 = DIRECTION('',(1.,0.,0.));
#5862 = PLANE('',#5863);
#5863 = AXIS2_PLACEMENT_3D('',#5864,#5865,#5866);
#5864 = CARTESIAN_POINT('',(-6.9,0.,4.8));
#5865 = DIRECTION('',(0.,-1.,0.));
#5866 = DIRECTION('',(0.,0.,-1.));
#5867 = ADVANCED_FACE('',(#5868),#5893,.T.);
#5868 = FACE_BOUND('',#5869,.T.);
#5869 = EDGE_LOOP('',(#5870,#5878,#5879,#5887));
#5870 = ORIENTED_EDGE('',*,*,#5871,.F.);
#5871 = EDGE_CURVE('',#5499,#5872,#5874,.T.);
#5872 = VERTEX_POINT('',#5873);
#5873 = CARTESIAN_POINT('',(1.,0.,-3.8));
#5874 = LINE('',#5875,#5876);
#5875 = CARTESIAN_POINT('',(1.,0.,-4.8));
#5876 = VECTOR('',#5877,1.);
#5877 = DIRECTION('',(0.,0.,1.));
#5878 = ORIENTED_EDGE('',*,*,#5498,.T.);
#5879 = ORIENTED_EDGE('',*,*,#5880,.T.);
#5880 = EDGE_CURVE('',#5491,#5881,#5883,.T.);
#5881 = VERTEX_POINT('',#5882);
#5882 = CARTESIAN_POINT('',(3.2,0.,-3.8));
#5883 = LINE('',#5884,#5885);
#5884 = CARTESIAN_POINT('',(3.2,0.,-4.8));
#5885 = VECTOR('',#5886,1.);
#5886 = DIRECTION('',(0.,0.,1.));
#5887 = ORIENTED_EDGE('',*,*,#5888,.F.);
#5888 = EDGE_CURVE('',#5872,#5881,#5889,.T.);
#5889 = LINE('',#5890,#5891);
#5890 = CARTESIAN_POINT('',(1.,0.,-3.8));
#5891 = VECTOR('',#5892,1.);
#5892 = DIRECTION('',(1.,0.,0.));
#5893 = PLANE('',#5894);
#5894 = AXIS2_PLACEMENT_3D('',#5895,#5896,#5897);
#5895 = CARTESIAN_POINT('',(-6.9,0.,4.8));
#5896 = DIRECTION('',(0.,-1.,0.));
#5897 = DIRECTION('',(0.,0.,-1.));
#5898 = ADVANCED_FACE('',(#5899),#5924,.T.);
#5899 = FACE_BOUND('',#5900,.T.);
#5900 = EDGE_LOOP('',(#5901,#5909,#5910,#5918));
#5901 = ORIENTED_EDGE('',*,*,#5902,.T.);
#5902 = EDGE_CURVE('',#5903,#5152,#5905,.T.);
#5903 = VERTEX_POINT('',#5904);
#5904 = CARTESIAN_POINT('',(-3.2,0.,4.8));
#5905 = LINE('',#5906,#5907);
#5906 = CARTESIAN_POINT('',(-3.2,0.,4.8));
#5907 = VECTOR('',#5908,1.);
#5908 = DIRECTION('',(0.,0.,-1.));
#5909 = ORIENTED_EDGE('',*,*,#5151,.T.);
#5910 = ORIENTED_EDGE('',*,*,#5911,.F.);
#5911 = EDGE_CURVE('',#5912,#5144,#5914,.T.);
#5912 = VERTEX_POINT('',#5913);
#5913 = CARTESIAN_POINT('',(-1.,0.,4.8));
#5914 = LINE('',#5915,#5916);
#5915 = CARTESIAN_POINT('',(-1.,0.,4.8));
#5916 = VECTOR('',#5917,1.);
#5917 = DIRECTION('',(0.,0.,-1.));
#5918 = ORIENTED_EDGE('',*,*,#5919,.F.);
#5919 = EDGE_CURVE('',#5903,#5912,#5920,.T.);
#5920 = LINE('',#5921,#5922);
#5921 = CARTESIAN_POINT('',(-3.2,0.,4.8));
#5922 = VECTOR('',#5923,1.);
#5923 = DIRECTION('',(1.,0.,0.));
#5924 = PLANE('',#5925);
#5925 = AXIS2_PLACEMENT_3D('',#5926,#5927,#5928);
#5926 = CARTESIAN_POINT('',(-6.9,0.,4.8));
#5927 = DIRECTION('',(0.,-1.,0.));
#5928 = DIRECTION('',(0.,0.,-1.));
#5929 = ADVANCED_FACE('',(#5930),#5948,.T.);
#5930 = FACE_BOUND('',#5931,.T.);
#5931 = EDGE_LOOP('',(#5932,#5940,#5946,#5947));
#5932 = ORIENTED_EDGE('',*,*,#5933,.F.);
#5933 = EDGE_CURVE('',#5934,#5190,#5936,.T.);
#5934 = VERTEX_POINT('',#5935);
#5935 = CARTESIAN_POINT('',(-5.2,0.,4.8));
#5936 = LINE('',#5937,#5938);
#5937 = CARTESIAN_POINT('',(-5.2,0.,4.8));
#5938 = VECTOR('',#5939,1.);
#5939 = DIRECTION('',(0.,0.,-1.));
#5940 = ORIENTED_EDGE('',*,*,#5941,.F.);
#5941 = EDGE_CURVE('',#4408,#5934,#5942,.T.);
#5942 = LINE('',#5943,#5944);
#5943 = CARTESIAN_POINT('',(-6.9,0.,4.8));
#5944 = VECTOR('',#5945,1.);
#5945 = DIRECTION('',(1.,0.,0.));
#5946 = ORIENTED_EDGE('',*,*,#4407,.T.);
#5947 = ORIENTED_EDGE('',*,*,#5199,.T.);
#5948 = PLANE('',#5949);
#5949 = AXIS2_PLACEMENT_3D('',#5950,#5951,#5952);
#5950 = CARTESIAN_POINT('',(-6.9,0.,4.8));
#5951 = DIRECTION('',(0.,-1.,0.));
#5952 = DIRECTION('',(0.,0.,-1.));
#5953 = ADVANCED_FACE('',(#5954),#5965,.T.);
#5954 = FACE_BOUND('',#5955,.T.);
#5955 = EDGE_LOOP('',(#5956,#5957,#5963,#5964));
#5956 = ORIENTED_EDGE('',*,*,#5723,.T.);
#5957 = ORIENTED_EDGE('',*,*,#5958,.F.);
#5958 = EDGE_CURVE('',#4464,#5724,#5959,.T.);
#5959 = LINE('',#5960,#5961);
#5960 = CARTESIAN_POINT('',(-6.9,0.,-3.8));
#5961 = VECTOR('',#5962,1.);
#5962 = DIRECTION('',(1.,0.,0.));
#5963 = ORIENTED_EDGE('',*,*,#4463,.T.);
#5964 = ORIENTED_EDGE('',*,*,#5420,.T.);
#5965 = PLANE('',#5966);
#5966 = AXIS2_PLACEMENT_3D('',#5967,#5968,#5969);
#5967 = CARTESIAN_POINT('',(-6.9,0.,4.8));
#5968 = DIRECTION('',(0.,-1.,0.));
#5969 = DIRECTION('',(0.,0.,-1.));
#5970 = ADVANCED_FACE('',(#5971),#5996,.T.);
#5971 = FACE_BOUND('',#5972,.T.);
#5972 = EDGE_LOOP('',(#5973,#5981,#5982,#5990));
#5973 = ORIENTED_EDGE('',*,*,#5974,.F.);
#5974 = EDGE_CURVE('',#5531,#5975,#5977,.T.);
#5975 = VERTEX_POINT('',#5976);
#5976 = CARTESIAN_POINT('',(-3.2,0.,-3.8));
#5977 = LINE('',#5978,#5979);
#5978 = CARTESIAN_POINT('',(-3.2,0.,-4.8));
#5979 = VECTOR('',#5980,1.);
#5980 = DIRECTION('',(0.,0.,1.));
#5981 = ORIENTED_EDGE('',*,*,#5530,.T.);
#5982 = ORIENTED_EDGE('',*,*,#5983,.T.);
#5983 = EDGE_CURVE('',#5523,#5984,#5986,.T.);
#5984 = VERTEX_POINT('',#5985);
#5985 = CARTESIAN_POINT('',(-1.,0.,-3.8));
#5986 = LINE('',#5987,#5988);
#5987 = CARTESIAN_POINT('',(-1.,0.,-4.8));
#5988 = VECTOR('',#5989,1.);
#5989 = DIRECTION('',(0.,0.,1.));
#5990 = ORIENTED_EDGE('',*,*,#5991,.F.);
#5991 = EDGE_CURVE('',#5975,#5984,#5992,.T.);
#5992 = LINE('',#5993,#5994);
#5993 = CARTESIAN_POINT('',(-3.2,0.,-3.8));
#5994 = VECTOR('',#5995,1.);
#5995 = DIRECTION('',(1.,0.,0.));
#5996 = PLANE('',#5997);
#5997 = AXIS2_PLACEMENT_3D('',#5998,#5999,#6000);
#5998 = CARTESIAN_POINT('',(-6.9,0.,4.8));
#5999 = DIRECTION('',(0.,-1.,0.));
#6000 = DIRECTION('',(0.,0.,-1.));
#6001 = ADVANCED_FACE('',(#6002),#6013,.F.);
#6002 = FACE_BOUND('',#6003,.T.);
#6003 = EDGE_LOOP('',(#6004,#6005,#6011,#6012));
#6004 = ORIENTED_EDGE('',*,*,#5764,.T.);
#6005 = ORIENTED_EDGE('',*,*,#6006,.T.);
#6006 = EDGE_CURVE('',#5757,#4574,#6007,.T.);
#6007 = LINE('',#6008,#6009);
#6008 = CARTESIAN_POINT('',(5.9,0.,-0.5));
#6009 = VECTOR('',#6010,1.);
#6010 = DIRECTION('',(0.,1.,0.));
#6011 = ORIENTED_EDGE('',*,*,#4573,.F.);
#6012 = ORIENTED_EDGE('',*,*,#4923,.F.);
#6013 = PLANE('',#6014);
#6014 = AXIS2_PLACEMENT_3D('',#6015,#6016,#6017);
#6015 = CARTESIAN_POINT('',(5.9,0.,0.5));
#6016 = DIRECTION('',(-1.,0.,0.));
#6017 = DIRECTION('',(0.,0.,1.));
#6018 = ADVANCED_FACE('',(#6019),#6081,.F.);
#6019 = FACE_BOUND('',#6020,.T.);
#6020 = EDGE_LOOP('',(#6021,#6022,#6030,#6038,#6044,#6045,#6051,#6052,
    #6058,#6059,#6060,#6061,#6067,#6068,#6074,#6075));
#6021 = ORIENTED_EDGE('',*,*,#4861,.F.);
#6022 = ORIENTED_EDGE('',*,*,#6023,.T.);
#6023 = EDGE_CURVE('',#4854,#6024,#6026,.T.);
#6024 = VERTEX_POINT('',#6025);
#6025 = CARTESIAN_POINT('',(-1.3,0.8,-0.5));
#6026 = LINE('',#6027,#6028);
#6027 = CARTESIAN_POINT('',(-1.3,0.2,-0.5));
#6028 = VECTOR('',#6029,1.);
#6029 = DIRECTION('',(0.,1.,0.));
#6030 = ORIENTED_EDGE('',*,*,#6031,.F.);
#6031 = EDGE_CURVE('',#6032,#6024,#6034,.T.);
#6032 = VERTEX_POINT('',#6033);
#6033 = CARTESIAN_POINT('',(1.3,0.8,-0.5));
#6034 = LINE('',#6035,#6036);
#6035 = CARTESIAN_POINT('',(1.3,0.8,-0.5));
#6036 = VECTOR('',#6037,1.);
#6037 = DIRECTION('',(-1.,0.,0.));
#6038 = ORIENTED_EDGE('',*,*,#6039,.F.);
#6039 = EDGE_CURVE('',#4686,#6032,#6040,.T.);
#6040 = LINE('',#6041,#6042);
#6041 = CARTESIAN_POINT('',(1.3,0.2,-0.5));
#6042 = VECTOR('',#6043,1.);
#6043 = DIRECTION('',(0.,1.,0.));
#6044 = ORIENTED_EDGE('',*,*,#4709,.F.);
#6045 = ORIENTED_EDGE('',*,*,#6046,.T.);
#6046 = EDGE_CURVE('',#4702,#5257,#6047,.T.);
#6047 = LINE('',#6048,#6049);
#6048 = CARTESIAN_POINT('',(2.9,0.2,-0.5));
#6049 = VECTOR('',#6050,1.);
#6050 = DIRECTION('',(0.,1.,0.));
#6051 = ORIENTED_EDGE('',*,*,#5256,.F.);
#6052 = ORIENTED_EDGE('',*,*,#6053,.F.);
#6053 = EDGE_CURVE('',#4582,#5249,#6054,.T.);
#6054 = LINE('',#6055,#6056);
#6055 = CARTESIAN_POINT('',(5.5,0.2,-0.5));
#6056 = VECTOR('',#6057,1.);
#6057 = DIRECTION('',(0.,1.,0.));
#6058 = ORIENTED_EDGE('',*,*,#4581,.F.);
#6059 = ORIENTED_EDGE('',*,*,#6006,.F.);
#6060 = ORIENTED_EDGE('',*,*,#5756,.T.);
#6061 = ORIENTED_EDGE('',*,*,#6062,.T.);
#6062 = EDGE_CURVE('',#5749,#4806,#6063,.T.);
#6063 = LINE('',#6064,#6065);
#6064 = CARTESIAN_POINT('',(-5.9,0.,-0.5));
#6065 = VECTOR('',#6066,1.);
#6066 = DIRECTION('',(0.,1.,0.));
#6067 = ORIENTED_EDGE('',*,*,#4805,.F.);
#6068 = ORIENTED_EDGE('',*,*,#6069,.T.);
#6069 = EDGE_CURVE('',#4798,#5578,#6070,.T.);
#6070 = LINE('',#6071,#6072);
#6071 = CARTESIAN_POINT('',(-5.5,0.2,-0.5));
#6072 = VECTOR('',#6073,1.);
#6073 = DIRECTION('',(0.,1.,0.));
#6074 = ORIENTED_EDGE('',*,*,#5577,.F.);
#6075 = ORIENTED_EDGE('',*,*,#6076,.F.);
#6076 = EDGE_CURVE('',#4838,#5570,#6077,.T.);
#6077 = LINE('',#6078,#6079);
#6078 = CARTESIAN_POINT('',(-2.9,0.2,-0.5));
#6079 = VECTOR('',#6080,1.);
#6080 = DIRECTION('',(0.,1.,0.));
#6081 = PLANE('',#6082);
#6082 = AXIS2_PLACEMENT_3D('',#6083,#6084,#6085);
#6083 = CARTESIAN_POINT('',(5.5,0.,-0.5));
#6084 = DIRECTION('',(0.,0.,1.));
#6085 = DIRECTION('',(1.,0.,-0.));
#6086 = ADVANCED_FACE('',(#6087),#6098,.F.);
#6087 = FACE_BOUND('',#6088,.T.);
#6088 = EDGE_LOOP('',(#6089,#6090,#6091,#6092));
#6089 = ORIENTED_EDGE('',*,*,#4835,.T.);
#6090 = ORIENTED_EDGE('',*,*,#6076,.T.);
#6091 = ORIENTED_EDGE('',*,*,#5569,.F.);
#6092 = ORIENTED_EDGE('',*,*,#6093,.F.);
#6093 = EDGE_CURVE('',#4836,#5562,#6094,.T.);
#6094 = LINE('',#6095,#6096);
#6095 = CARTESIAN_POINT('',(-2.9,0.2,-3.8));
#6096 = VECTOR('',#6097,1.);
#6097 = DIRECTION('',(0.,1.,0.));
#6098 = PLANE('',#6099);
#6099 = AXIS2_PLACEMENT_3D('',#6100,#6101,#6102);
#6100 = CARTESIAN_POINT('',(-2.9,0.,-3.8));
#6101 = DIRECTION('',(1.,0.,0.));
#6102 = DIRECTION('',(-0.,1.,0.));
#6103 = ADVANCED_FACE('',(#6104),#6127,.F.);
#6104 = FACE_BOUND('',#6105,.T.);
#6105 = EDGE_LOOP('',(#6106,#6112,#6113,#6119,#6120,#6126));
#6106 = ORIENTED_EDGE('',*,*,#6107,.F.);
#6107 = EDGE_CURVE('',#5819,#5233,#6108,.T.);
#6108 = LINE('',#6109,#6110);
#6109 = CARTESIAN_POINT('',(5.2,0.,-3.8));
#6110 = VECTOR('',#6111,1.);
#6111 = DIRECTION('',(0.,1.,0.));
#6112 = ORIENTED_EDGE('',*,*,#5818,.T.);
#6113 = ORIENTED_EDGE('',*,*,#6114,.T.);
#6114 = EDGE_CURVE('',#5811,#4598,#6115,.T.);
#6115 = LINE('',#6116,#6117);
#6116 = CARTESIAN_POINT('',(6.9,0.,-3.8));
#6117 = VECTOR('',#6118,1.);
#6118 = DIRECTION('',(0.,1.,0.));
#6119 = ORIENTED_EDGE('',*,*,#4597,.F.);
#6120 = ORIENTED_EDGE('',*,*,#6121,.T.);
#6121 = EDGE_CURVE('',#4590,#5241,#6122,.T.);
#6122 = LINE('',#6123,#6124);
#6123 = CARTESIAN_POINT('',(5.5,0.2,-3.8));
#6124 = VECTOR('',#6125,1.);
#6125 = DIRECTION('',(0.,1.,0.));
#6126 = ORIENTED_EDGE('',*,*,#5240,.F.);
#6127 = PLANE('',#6128);
#6128 = AXIS2_PLACEMENT_3D('',#6129,#6130,#6131);
#6129 = CARTESIAN_POINT('',(2.9,0.,-3.8));
#6130 = DIRECTION('',(0.,0.,-1.));
#6131 = DIRECTION('',(0.,-1.,0.));
#6132 = ADVANCED_FACE('',(#6133),#6172,.F.);
#6133 = FACE_BOUND('',#6134,.T.);
#6134 = EDGE_LOOP('',(#6135,#6143,#6144,#6150,#6151,#6157,#6158,#6166));
#6135 = ORIENTED_EDGE('',*,*,#6136,.F.);
#6136 = EDGE_CURVE('',#5872,#6137,#6139,.T.);
#6137 = VERTEX_POINT('',#6138);
#6138 = CARTESIAN_POINT('',(1.,0.8,-3.8));
#6139 = LINE('',#6140,#6141);
#6140 = CARTESIAN_POINT('',(1.,0.,-3.8));
#6141 = VECTOR('',#6142,1.);
#6142 = DIRECTION('',(0.,1.,0.));
#6143 = ORIENTED_EDGE('',*,*,#5888,.T.);
#6144 = ORIENTED_EDGE('',*,*,#6145,.F.);
#6145 = EDGE_CURVE('',#5273,#5881,#6146,.T.);
#6146 = LINE('',#6147,#6148);
#6147 = CARTESIAN_POINT('',(3.2,0.8,-3.8));
#6148 = VECTOR('',#6149,1.);
#6149 = DIRECTION('',(0.,-1.,0.));
#6150 = ORIENTED_EDGE('',*,*,#5272,.F.);
#6151 = ORIENTED_EDGE('',*,*,#6152,.F.);
#6152 = EDGE_CURVE('',#4694,#5265,#6153,.T.);
#6153 = LINE('',#6154,#6155);
#6154 = CARTESIAN_POINT('',(2.9,0.2,-3.8));
#6155 = VECTOR('',#6156,1.);
#6156 = DIRECTION('',(0.,1.,0.));
#6157 = ORIENTED_EDGE('',*,*,#4693,.F.);
#6158 = ORIENTED_EDGE('',*,*,#6159,.T.);
#6159 = EDGE_CURVE('',#4684,#6160,#6162,.T.);
#6160 = VERTEX_POINT('',#6161);
#6161 = CARTESIAN_POINT('',(1.3,0.8,-3.8));
#6162 = LINE('',#6163,#6164);
#6163 = CARTESIAN_POINT('',(1.3,0.2,-3.8));
#6164 = VECTOR('',#6165,1.);
#6165 = DIRECTION('',(0.,1.,0.));
#6166 = ORIENTED_EDGE('',*,*,#6167,.F.);
#6167 = EDGE_CURVE('',#6137,#6160,#6168,.T.);
#6168 = LINE('',#6169,#6170);
#6169 = CARTESIAN_POINT('',(1.,0.8,-3.8));
#6170 = VECTOR('',#6171,1.);
#6171 = DIRECTION('',(1.,0.,0.));
#6172 = PLANE('',#6173);
#6173 = AXIS2_PLACEMENT_3D('',#6174,#6175,#6176);
#6174 = CARTESIAN_POINT('',(2.9,0.,-3.8));
#6175 = DIRECTION('',(0.,0.,-1.));
#6176 = DIRECTION('',(0.,-1.,0.));
#6177 = ADVANCED_FACE('',(#6178),#6191,.F.);
#6178 = FACE_BOUND('',#6179,.T.);
#6179 = EDGE_LOOP('',(#6180,#6181,#6182,#6183,#6184,#6185));
#6180 = ORIENTED_EDGE('',*,*,#4789,.F.);
#6181 = ORIENTED_EDGE('',*,*,#4471,.F.);
#6182 = ORIENTED_EDGE('',*,*,#5958,.T.);
#6183 = ORIENTED_EDGE('',*,*,#5733,.F.);
#6184 = ORIENTED_EDGE('',*,*,#5593,.F.);
#6185 = ORIENTED_EDGE('',*,*,#6186,.F.);
#6186 = EDGE_CURVE('',#4790,#5586,#6187,.T.);
#6187 = LINE('',#6188,#6189);
#6188 = CARTESIAN_POINT('',(-5.5,0.2,-3.8));
#6189 = VECTOR('',#6190,1.);
#6190 = DIRECTION('',(0.,1.,0.));
#6191 = PLANE('',#6192);
#6192 = AXIS2_PLACEMENT_3D('',#6193,#6194,#6195);
#6193 = CARTESIAN_POINT('',(2.9,0.,-3.8));
#6194 = DIRECTION('',(0.,0.,-1.));
#6195 = DIRECTION('',(0.,-1.,0.));
#6196 = ADVANCED_FACE('',(#6197),#6231,.F.);
#6197 = FACE_BOUND('',#6198,.T.);
#6198 = EDGE_LOOP('',(#6199,#6205,#6206,#6214,#6222,#6228,#6229,#6230));
#6199 = ORIENTED_EDGE('',*,*,#6200,.F.);
#6200 = EDGE_CURVE('',#5975,#5554,#6201,.T.);
#6201 = LINE('',#6202,#6203);
#6202 = CARTESIAN_POINT('',(-3.2,0.,-3.8));
#6203 = VECTOR('',#6204,1.);
#6204 = DIRECTION('',(0.,1.,0.));
#6205 = ORIENTED_EDGE('',*,*,#5991,.T.);
#6206 = ORIENTED_EDGE('',*,*,#6207,.F.);
#6207 = EDGE_CURVE('',#6208,#5984,#6210,.T.);
#6208 = VERTEX_POINT('',#6209);
#6209 = CARTESIAN_POINT('',(-1.,0.8,-3.8));
#6210 = LINE('',#6211,#6212);
#6211 = CARTESIAN_POINT('',(-1.,0.8,-3.8));
#6212 = VECTOR('',#6213,1.);
#6213 = DIRECTION('',(0.,-1.,0.));
#6214 = ORIENTED_EDGE('',*,*,#6215,.F.);
#6215 = EDGE_CURVE('',#6216,#6208,#6218,.T.);
#6216 = VERTEX_POINT('',#6217);
#6217 = CARTESIAN_POINT('',(-1.3,0.8,-3.8));
#6218 = LINE('',#6219,#6220);
#6219 = CARTESIAN_POINT('',(-1.3,0.8,-3.8));
#6220 = VECTOR('',#6221,1.);
#6221 = DIRECTION('',(1.,0.,0.));
#6222 = ORIENTED_EDGE('',*,*,#6223,.F.);
#6223 = EDGE_CURVE('',#4846,#6216,#6224,.T.);
#6224 = LINE('',#6225,#6226);
#6225 = CARTESIAN_POINT('',(-1.3,0.2,-3.8));
#6226 = VECTOR('',#6227,1.);
#6227 = DIRECTION('',(0.,1.,0.));
#6228 = ORIENTED_EDGE('',*,*,#4845,.F.);
#6229 = ORIENTED_EDGE('',*,*,#6093,.T.);
#6230 = ORIENTED_EDGE('',*,*,#5561,.F.);
#6231 = PLANE('',#6232);
#6232 = AXIS2_PLACEMENT_3D('',#6233,#6234,#6235);
#6233 = CARTESIAN_POINT('',(2.9,0.,-3.8));
#6234 = DIRECTION('',(0.,0.,-1.));
#6235 = DIRECTION('',(0.,-1.,0.));
#6236 = ADVANCED_FACE('',(#6237),#6243,.F.);
#6237 = FACE_BOUND('',#6238,.T.);
#6238 = EDGE_LOOP('',(#6239,#6240,#6241,#6242));
#6239 = ORIENTED_EDGE('',*,*,#5826,.T.);
#6240 = ORIENTED_EDGE('',*,*,#6107,.T.);
#6241 = ORIENTED_EDGE('',*,*,#5232,.F.);
#6242 = ORIENTED_EDGE('',*,*,#5483,.F.);
#6243 = PLANE('',#6244);
#6244 = AXIS2_PLACEMENT_3D('',#6245,#6246,#6247);
#6245 = CARTESIAN_POINT('',(5.2,0.,-4.8));
#6246 = DIRECTION('',(1.,0.,0.));
#6247 = DIRECTION('',(-0.,1.,0.));
#6248 = ADVANCED_FACE('',(#6249),#6255,.F.);
#6249 = FACE_BOUND('',#6250,.T.);
#6250 = EDGE_LOOP('',(#6251,#6252,#6253,#6254));
#6251 = ORIENTED_EDGE('',*,*,#4589,.T.);
#6252 = ORIENTED_EDGE('',*,*,#6053,.T.);
#6253 = ORIENTED_EDGE('',*,*,#5248,.F.);
#6254 = ORIENTED_EDGE('',*,*,#6121,.F.);
#6255 = PLANE('',#6256);
#6256 = AXIS2_PLACEMENT_3D('',#6257,#6258,#6259);
#6257 = CARTESIAN_POINT('',(5.5,0.,-3.8));
#6258 = DIRECTION('',(1.,0.,0.));
#6259 = DIRECTION('',(-0.,1.,0.));
#6260 = ADVANCED_FACE('',(#6261),#6281,.T.);
#6261 = FACE_BOUND('',#6262,.T.);
#6262 = EDGE_LOOP('',(#6263,#6271,#6272,#6273,#6274,#6275));
#6263 = ORIENTED_EDGE('',*,*,#6264,.T.);
#6264 = EDGE_CURVE('',#6265,#4606,#6267,.T.);
#6265 = VERTEX_POINT('',#6266);
#6266 = CARTESIAN_POINT('',(6.9,12.8,2.2));
#6267 = LINE('',#6268,#6269);
#6268 = CARTESIAN_POINT('',(6.9,12.8,2.2));
#6269 = VECTOR('',#6270,1.);
#6270 = DIRECTION('',(0.,-1.,0.));
#6271 = ORIENTED_EDGE('',*,*,#4605,.F.);
#6272 = ORIENTED_EDGE('',*,*,#6114,.F.);
#6273 = ORIENTED_EDGE('',*,*,#5810,.T.);
#6274 = ORIENTED_EDGE('',*,*,#5467,.T.);
#6275 = ORIENTED_EDGE('',*,*,#6276,.T.);
#6276 = EDGE_CURVE('',#5460,#6265,#6277,.T.);
#6277 = LINE('',#6278,#6279);
#6278 = CARTESIAN_POINT('',(6.9,12.8,-4.8));
#6279 = VECTOR('',#6280,1.);
#6280 = DIRECTION('',(0.,0.,1.));
#6281 = PLANE('',#6282);
#6282 = AXIS2_PLACEMENT_3D('',#6283,#6284,#6285);
#6283 = CARTESIAN_POINT('',(6.9,0.,0.));
#6284 = DIRECTION('',(1.,0.,0.));
#6285 = DIRECTION('',(-0.,1.,0.));
#6286 = ADVANCED_FACE('',(#6287),#6307,.T.);
#6287 = FACE_BOUND('',#6288,.T.);
#6288 = EDGE_LOOP('',(#6289,#6290,#6298,#6304,#6305,#6306));
#6289 = ORIENTED_EDGE('',*,*,#4358,.F.);
#6290 = ORIENTED_EDGE('',*,*,#6291,.T.);
#6291 = EDGE_CURVE('',#4350,#6292,#6294,.T.);
#6292 = VERTEX_POINT('',#6293);
#6293 = CARTESIAN_POINT('',(6.9,12.8,4.8));
#6294 = LINE('',#6295,#6296);
#6295 = CARTESIAN_POINT('',(6.9,12.8,3.));
#6296 = VECTOR('',#6297,1.);
#6297 = DIRECTION('',(0.,0.,1.));
#6298 = ORIENTED_EDGE('',*,*,#6299,.T.);
#6299 = EDGE_CURVE('',#6292,#5781,#6300,.T.);
#6300 = LINE('',#6301,#6302);
#6301 = CARTESIAN_POINT('',(6.9,12.8,4.8));
#6302 = VECTOR('',#6303,1.);
#6303 = DIRECTION('',(0.,-1.,0.));
#6304 = ORIENTED_EDGE('',*,*,#5795,.T.);
#6305 = ORIENTED_EDGE('',*,*,#5024,.T.);
#6306 = ORIENTED_EDGE('',*,*,#4621,.F.);
#6307 = PLANE('',#6308);
#6308 = AXIS2_PLACEMENT_3D('',#6309,#6310,#6311);
#6309 = CARTESIAN_POINT('',(6.9,0.,0.));
#6310 = DIRECTION('',(1.,0.,0.));
#6311 = DIRECTION('',(-0.,1.,0.));
#6312 = ADVANCED_FACE('',(#6313),#6325,.T.);
#6313 = FACE_BOUND('',#6314,.T.);
#6314 = EDGE_LOOP('',(#6315,#6316,#6317,#6318));
#6315 = ORIENTED_EDGE('',*,*,#4339,.T.);
#6316 = ORIENTED_EDGE('',*,*,#4613,.F.);
#6317 = ORIENTED_EDGE('',*,*,#6264,.F.);
#6318 = ORIENTED_EDGE('',*,*,#6319,.T.);
#6319 = EDGE_CURVE('',#6265,#4340,#6320,.T.);
#6320 = CIRCLE('',#6321,0.4);
#6321 = AXIS2_PLACEMENT_3D('',#6322,#6323,#6324);
#6322 = CARTESIAN_POINT('',(6.9,12.8,2.6));
#6323 = DIRECTION('',(0.,-1.,0.));
#6324 = DIRECTION('',(0.,0.,-1.));
#6325 = CYLINDRICAL_SURFACE('',#6326,0.4);
#6326 = AXIS2_PLACEMENT_3D('',#6327,#6328,#6329);
#6327 = CARTESIAN_POINT('',(6.9,12.8,2.6));
#6328 = DIRECTION('',(0.,1.,-0.));
#6329 = DIRECTION('',(1.,0.,0.));
#6330 = ADVANCED_FACE('',(#6331,#6361,#6395,#6445,#6479,#6529,#6579),
  #6613,.T.);
#6331 = FACE_BOUND('',#6332,.T.);
#6332 = EDGE_LOOP('',(#6333,#6339,#6340,#6341,#6347,#6348,#6349,#6350,
    #6356,#6357,#6358,#6359,#6360));
#6333 = ORIENTED_EDGE('',*,*,#6334,.F.);
#6334 = EDGE_CURVE('',#5428,#5452,#6335,.T.);
#6335 = LINE('',#6336,#6337);
#6336 = CARTESIAN_POINT('',(-1.7,12.8,-4.8));
#6337 = VECTOR('',#6338,1.);
#6338 = DIRECTION('',(1.,0.,0.));
#6339 = ORIENTED_EDGE('',*,*,#5427,.F.);
#6340 = ORIENTED_EDGE('',*,*,#4447,.T.);
#6341 = ORIENTED_EDGE('',*,*,#6342,.F.);
#6342 = EDGE_CURVE('',#4526,#4440,#6343,.T.);
#6343 = LINE('',#6344,#6345);
#6344 = CARTESIAN_POINT('',(-7.3,12.8,-2.99));
#6345 = VECTOR('',#6346,1.);
#6346 = DIRECTION('',(0.707106781187,0.,-0.707106781187));
#6347 = ORIENTED_EDGE('',*,*,#4525,.F.);
#6348 = ORIENTED_EDGE('',*,*,#4510,.F.);
#6349 = ORIENTED_EDGE('',*,*,#4423,.T.);
#6350 = ORIENTED_EDGE('',*,*,#6351,.T.);
#6351 = EDGE_CURVE('',#4416,#6292,#6352,.T.);
#6352 = LINE('',#6353,#6354);
#6353 = CARTESIAN_POINT('',(-6.9,12.8,4.8));
#6354 = VECTOR('',#6355,1.);
#6355 = DIRECTION('',(1.,0.,0.));
#6356 = ORIENTED_EDGE('',*,*,#6291,.F.);
#6357 = ORIENTED_EDGE('',*,*,#4349,.F.);
#6358 = ORIENTED_EDGE('',*,*,#6319,.F.);
#6359 = ORIENTED_EDGE('',*,*,#6276,.F.);
#6360 = ORIENTED_EDGE('',*,*,#5459,.F.);
#6361 = FACE_BOUND('',#6362,.T.);
#6362 = EDGE_LOOP('',(#6363,#6373,#6381,#6389));
#6363 = ORIENTED_EDGE('',*,*,#6364,.F.);
#6364 = EDGE_CURVE('',#6365,#6367,#6369,.T.);
#6365 = VERTEX_POINT('',#6366);
#6366 = CARTESIAN_POINT('',(6.,12.8,3.9));
#6367 = VERTEX_POINT('',#6368);
#6368 = CARTESIAN_POINT('',(6.,12.8,0.3));
#6369 = LINE('',#6370,#6371);
#6370 = CARTESIAN_POINT('',(6.,12.8,3.9));
#6371 = VECTOR('',#6372,1.);
#6372 = DIRECTION('',(0.,0.,-1.));
#6373 = ORIENTED_EDGE('',*,*,#6374,.F.);
#6374 = EDGE_CURVE('',#6375,#6365,#6377,.T.);
#6375 = VERTEX_POINT('',#6376);
#6376 = CARTESIAN_POINT('',(2.4,12.8,3.9));
#6377 = LINE('',#6378,#6379);
#6378 = CARTESIAN_POINT('',(2.4,12.8,3.9));
#6379 = VECTOR('',#6380,1.);
#6380 = DIRECTION('',(1.,0.,0.));
#6381 = ORIENTED_EDGE('',*,*,#6382,.F.);
#6382 = EDGE_CURVE('',#6383,#6375,#6385,.T.);
#6383 = VERTEX_POINT('',#6384);
#6384 = CARTESIAN_POINT('',(2.4,12.8,0.3));
#6385 = LINE('',#6386,#6387);
#6386 = CARTESIAN_POINT('',(2.4,12.8,0.3));
#6387 = VECTOR('',#6388,1.);
#6388 = DIRECTION('',(0.,0.,1.));
#6389 = ORIENTED_EDGE('',*,*,#6390,.F.);
#6390 = EDGE_CURVE('',#6367,#6383,#6391,.T.);
#6391 = LINE('',#6392,#6393);
#6392 = CARTESIAN_POINT('',(6.,12.8,0.3));
#6393 = VECTOR('',#6394,1.);
#6394 = DIRECTION('',(-1.,0.,0.));
#6395 = FACE_BOUND('',#6396,.T.);
#6396 = EDGE_LOOP('',(#6397,#6407,#6415,#6423,#6431,#6439));
#6397 = ORIENTED_EDGE('',*,*,#6398,.F.);
#6398 = EDGE_CURVE('',#6399,#6401,#6403,.T.);
#6399 = VERTEX_POINT('',#6400);
#6400 = CARTESIAN_POINT('',(6.,12.8,-1.2));
#6401 = VERTEX_POINT('',#6402);
#6402 = CARTESIAN_POINT('',(6.,12.8,-3.9));
#6403 = LINE('',#6404,#6405);
#6404 = CARTESIAN_POINT('',(6.,12.8,-1.2));
#6405 = VECTOR('',#6406,1.);
#6406 = DIRECTION('',(0.,0.,-1.));
#6407 = ORIENTED_EDGE('',*,*,#6408,.F.);
#6408 = EDGE_CURVE('',#6409,#6399,#6411,.T.);
#6409 = VERTEX_POINT('',#6410);
#6410 = CARTESIAN_POINT('',(5.1,12.8,-0.3));
#6411 = LINE('',#6412,#6413);
#6412 = CARTESIAN_POINT('',(5.1,12.8,-0.3));
#6413 = VECTOR('',#6414,1.);
#6414 = DIRECTION('',(0.707106781187,0.,-0.707106781187));
#6415 = ORIENTED_EDGE('',*,*,#6416,.F.);
#6416 = EDGE_CURVE('',#6417,#6409,#6419,.T.);
#6417 = VERTEX_POINT('',#6418);
#6418 = CARTESIAN_POINT('',(3.3,12.8,-0.3));
#6419 = LINE('',#6420,#6421);
#6420 = CARTESIAN_POINT('',(3.3,12.8,-0.3));
#6421 = VECTOR('',#6422,1.);
#6422 = DIRECTION('',(1.,0.,0.));
#6423 = ORIENTED_EDGE('',*,*,#6424,.F.);
#6424 = EDGE_CURVE('',#6425,#6417,#6427,.T.);
#6425 = VERTEX_POINT('',#6426);
#6426 = CARTESIAN_POINT('',(2.4,12.8,-1.2));
#6427 = LINE('',#6428,#6429);
#6428 = CARTESIAN_POINT('',(2.4,12.8,-1.2));
#6429 = VECTOR('',#6430,1.);
#6430 = DIRECTION('',(0.707106781187,0.,0.707106781187));
#6431 = ORIENTED_EDGE('',*,*,#6432,.F.);
#6432 = EDGE_CURVE('',#6433,#6425,#6435,.T.);
#6433 = VERTEX_POINT('',#6434);
#6434 = CARTESIAN_POINT('',(2.4,12.8,-3.9));
#6435 = LINE('',#6436,#6437);
#6436 = CARTESIAN_POINT('',(2.4,12.8,-3.9));
#6437 = VECTOR('',#6438,1.);
#6438 = DIRECTION('',(0.,0.,1.));
#6439 = ORIENTED_EDGE('',*,*,#6440,.F.);
#6440 = EDGE_CURVE('',#6401,#6433,#6441,.T.);
#6441 = LINE('',#6442,#6443);
#6442 = CARTESIAN_POINT('',(6.,12.8,-3.9));
#6443 = VECTOR('',#6444,1.);
#6444 = DIRECTION('',(-1.,0.,0.));
#6445 = FACE_BOUND('',#6446,.T.);
#6446 = EDGE_LOOP('',(#6447,#6457,#6465,#6473));
#6447 = ORIENTED_EDGE('',*,*,#6448,.F.);
#6448 = EDGE_CURVE('',#6449,#6451,#6453,.T.);
#6449 = VERTEX_POINT('',#6450);
#6450 = CARTESIAN_POINT('',(-6.,12.8,-3.9));
#6451 = VERTEX_POINT('',#6452);
#6452 = CARTESIAN_POINT('',(-6.,12.8,-0.3));
#6453 = LINE('',#6454,#6455);
#6454 = CARTESIAN_POINT('',(-6.,12.8,-3.9));
#6455 = VECTOR('',#6456,1.);
#6456 = DIRECTION('',(0.,0.,1.));
#6457 = ORIENTED_EDGE('',*,*,#6458,.F.);
#6458 = EDGE_CURVE('',#6459,#6449,#6461,.T.);
#6459 = VERTEX_POINT('',#6460);
#6460 = CARTESIAN_POINT('',(-2.4,12.8,-3.9));
#6461 = LINE('',#6462,#6463);
#6462 = CARTESIAN_POINT('',(-2.4,12.8,-3.9));
#6463 = VECTOR('',#6464,1.);
#6464 = DIRECTION('',(-1.,0.,0.));
#6465 = ORIENTED_EDGE('',*,*,#6466,.F.);
#6466 = EDGE_CURVE('',#6467,#6459,#6469,.T.);
#6467 = VERTEX_POINT('',#6468);
#6468 = CARTESIAN_POINT('',(-2.4,12.8,-0.3));
#6469 = LINE('',#6470,#6471);
#6470 = CARTESIAN_POINT('',(-2.4,12.8,-0.3));
#6471 = VECTOR('',#6472,1.);
#6472 = DIRECTION('',(0.,0.,-1.));
#6473 = ORIENTED_EDGE('',*,*,#6474,.F.);
#6474 = EDGE_CURVE('',#6451,#6467,#6475,.T.);
#6475 = LINE('',#6476,#6477);
#6476 = CARTESIAN_POINT('',(-6.,12.8,-0.3));
#6477 = VECTOR('',#6478,1.);
#6478 = DIRECTION('',(1.,0.,0.));
#6479 = FACE_BOUND('',#6480,.T.);
#6480 = EDGE_LOOP('',(#6481,#6491,#6499,#6507,#6515,#6523));
#6481 = ORIENTED_EDGE('',*,*,#6482,.F.);
#6482 = EDGE_CURVE('',#6483,#6485,#6487,.T.);
#6483 = VERTEX_POINT('',#6484);
#6484 = CARTESIAN_POINT('',(-6.,12.8,0.3));
#6485 = VERTEX_POINT('',#6486);
#6486 = CARTESIAN_POINT('',(-6.,12.8,3.));
#6487 = LINE('',#6488,#6489);
#6488 = CARTESIAN_POINT('',(-6.,12.8,0.3));
#6489 = VECTOR('',#6490,1.);
#6490 = DIRECTION('',(0.,0.,1.));
#6491 = ORIENTED_EDGE('',*,*,#6492,.F.);
#6492 = EDGE_CURVE('',#6493,#6483,#6495,.T.);
#6493 = VERTEX_POINT('',#6494);
#6494 = CARTESIAN_POINT('',(-2.4,12.8,0.3));
#6495 = LINE('',#6496,#6497);
#6496 = CARTESIAN_POINT('',(-2.4,12.8,0.3));
#6497 = VECTOR('',#6498,1.);
#6498 = DIRECTION('',(-1.,0.,0.));
#6499 = ORIENTED_EDGE('',*,*,#6500,.F.);
#6500 = EDGE_CURVE('',#6501,#6493,#6503,.T.);
#6501 = VERTEX_POINT('',#6502);
#6502 = CARTESIAN_POINT('',(-2.4,12.8,3.));
#6503 = LINE('',#6504,#6505);
#6504 = CARTESIAN_POINT('',(-2.4,12.8,3.));
#6505 = VECTOR('',#6506,1.);
#6506 = DIRECTION('',(0.,0.,-1.));
#6507 = ORIENTED_EDGE('',*,*,#6508,.F.);
#6508 = EDGE_CURVE('',#6509,#6501,#6511,.T.);
#6509 = VERTEX_POINT('',#6510);
#6510 = CARTESIAN_POINT('',(-3.3,12.8,3.9));
#6511 = LINE('',#6512,#6513);
#6512 = CARTESIAN_POINT('',(-3.3,12.8,3.9));
#6513 = VECTOR('',#6514,1.);
#6514 = DIRECTION('',(0.707106781187,0.,-0.707106781187));
#6515 = ORIENTED_EDGE('',*,*,#6516,.F.);
#6516 = EDGE_CURVE('',#6517,#6509,#6519,.T.);
#6517 = VERTEX_POINT('',#6518);
#6518 = CARTESIAN_POINT('',(-5.1,12.8,3.9));
#6519 = LINE('',#6520,#6521);
#6520 = CARTESIAN_POINT('',(-5.1,12.8,3.9));
#6521 = VECTOR('',#6522,1.);
#6522 = DIRECTION('',(1.,0.,0.));
#6523 = ORIENTED_EDGE('',*,*,#6524,.F.);
#6524 = EDGE_CURVE('',#6485,#6517,#6525,.T.);
#6525 = LINE('',#6526,#6527);
#6526 = CARTESIAN_POINT('',(-6.,12.8,3.));
#6527 = VECTOR('',#6528,1.);
#6528 = DIRECTION('',(0.707106781187,0.,0.707106781187));
#6529 = FACE_BOUND('',#6530,.T.);
#6530 = EDGE_LOOP('',(#6531,#6541,#6549,#6557,#6565,#6573));
#6531 = ORIENTED_EDGE('',*,*,#6532,.F.);
#6532 = EDGE_CURVE('',#6533,#6535,#6537,.T.);
#6533 = VERTEX_POINT('',#6534);
#6534 = CARTESIAN_POINT('',(1.8,12.8,3.));
#6535 = VERTEX_POINT('',#6536);
#6536 = CARTESIAN_POINT('',(1.8,12.8,0.3));
#6537 = LINE('',#6538,#6539);
#6538 = CARTESIAN_POINT('',(1.8,12.8,3.));
#6539 = VECTOR('',#6540,1.);
#6540 = DIRECTION('',(0.,0.,-1.));
#6541 = ORIENTED_EDGE('',*,*,#6542,.F.);
#6542 = EDGE_CURVE('',#6543,#6533,#6545,.T.);
#6543 = VERTEX_POINT('',#6544);
#6544 = CARTESIAN_POINT('',(0.9,12.8,3.9));
#6545 = LINE('',#6546,#6547);
#6546 = CARTESIAN_POINT('',(0.9,12.8,3.9));
#6547 = VECTOR('',#6548,1.);
#6548 = DIRECTION('',(0.707106781187,0.,-0.707106781187));
#6549 = ORIENTED_EDGE('',*,*,#6550,.F.);
#6550 = EDGE_CURVE('',#6551,#6543,#6553,.T.);
#6551 = VERTEX_POINT('',#6552);
#6552 = CARTESIAN_POINT('',(-0.9,12.8,3.9));
#6553 = LINE('',#6554,#6555);
#6554 = CARTESIAN_POINT('',(-0.9,12.8,3.9));
#6555 = VECTOR('',#6556,1.);
#6556 = DIRECTION('',(1.,0.,0.));
#6557 = ORIENTED_EDGE('',*,*,#6558,.F.);
#6558 = EDGE_CURVE('',#6559,#6551,#6561,.T.);
#6559 = VERTEX_POINT('',#6560);
#6560 = CARTESIAN_POINT('',(-1.8,12.8,3.));
#6561 = LINE('',#6562,#6563);
#6562 = CARTESIAN_POINT('',(-1.8,12.8,3.));
#6563 = VECTOR('',#6564,1.);
#6564 = DIRECTION('',(0.707106781187,0.,0.707106781186));
#6565 = ORIENTED_EDGE('',*,*,#6566,.F.);
#6566 = EDGE_CURVE('',#6567,#6559,#6569,.T.);
#6567 = VERTEX_POINT('',#6568);
#6568 = CARTESIAN_POINT('',(-1.8,12.8,0.3));
#6569 = LINE('',#6570,#6571);
#6570 = CARTESIAN_POINT('',(-1.8,12.8,0.3));
#6571 = VECTOR('',#6572,1.);
#6572 = DIRECTION('',(0.,0.,1.));
#6573 = ORIENTED_EDGE('',*,*,#6574,.F.);
#6574 = EDGE_CURVE('',#6535,#6567,#6575,.T.);
#6575 = LINE('',#6576,#6577);
#6576 = CARTESIAN_POINT('',(1.8,12.8,0.3));
#6577 = VECTOR('',#6578,1.);
#6578 = DIRECTION('',(-1.,0.,0.));
#6579 = FACE_BOUND('',#6580,.T.);
#6580 = EDGE_LOOP('',(#6581,#6591,#6599,#6607));
#6581 = ORIENTED_EDGE('',*,*,#6582,.F.);
#6582 = EDGE_CURVE('',#6583,#6585,#6587,.T.);
#6583 = VERTEX_POINT('',#6584);
#6584 = CARTESIAN_POINT('',(1.8,12.8,-0.3));
#6585 = VERTEX_POINT('',#6586);
#6586 = CARTESIAN_POINT('',(1.8,12.8,-3.9));
#6587 = LINE('',#6588,#6589);
#6588 = CARTESIAN_POINT('',(1.8,12.8,-0.3));
#6589 = VECTOR('',#6590,1.);
#6590 = DIRECTION('',(0.,0.,-1.));
#6591 = ORIENTED_EDGE('',*,*,#6592,.F.);
#6592 = EDGE_CURVE('',#6593,#6583,#6595,.T.);
#6593 = VERTEX_POINT('',#6594);
#6594 = CARTESIAN_POINT('',(-1.8,12.8,-0.3));
#6595 = LINE('',#6596,#6597);
#6596 = CARTESIAN_POINT('',(-1.8,12.8,-0.3));
#6597 = VECTOR('',#6598,1.);
#6598 = DIRECTION('',(1.,0.,0.));
#6599 = ORIENTED_EDGE('',*,*,#6600,.F.);
#6600 = EDGE_CURVE('',#6601,#6593,#6603,.T.);
#6601 = VERTEX_POINT('',#6602);
#6602 = CARTESIAN_POINT('',(-1.8,12.8,-3.9));
#6603 = LINE('',#6604,#6605);
#6604 = CARTESIAN_POINT('',(-1.8,12.8,-3.9));
#6605 = VECTOR('',#6606,1.);
#6606 = DIRECTION('',(0.,0.,1.));
#6607 = ORIENTED_EDGE('',*,*,#6608,.F.);
#6608 = EDGE_CURVE('',#6585,#6601,#6609,.T.);
#6609 = LINE('',#6610,#6611);
#6610 = CARTESIAN_POINT('',(1.8,12.8,-3.9));
#6611 = VECTOR('',#6612,1.);
#6612 = DIRECTION('',(-1.,0.,0.));
#6613 = PLANE('',#6614);
#6614 = AXIS2_PLACEMENT_3D('',#6615,#6616,#6617);
#6615 = CARTESIAN_POINT('',(-6.9,12.8,-4.8));
#6616 = DIRECTION('',(-0.,1.,0.));
#6617 = DIRECTION('',(1.,0.,0.));
#6618 = ADVANCED_FACE('',(#6619),#6644,.T.);
#6619 = FACE_BOUND('',#6620,.T.);
#6620 = EDGE_LOOP('',(#6621,#6622,#6630,#6638));
#6621 = ORIENTED_EDGE('',*,*,#6334,.T.);
#6622 = ORIENTED_EDGE('',*,*,#6623,.F.);
#6623 = EDGE_CURVE('',#6624,#5452,#6626,.T.);
#6624 = VERTEX_POINT('',#6625);
#6625 = CARTESIAN_POINT('',(1.7,10.45,-6.2));
#6626 = LINE('',#6627,#6628);
#6627 = CARTESIAN_POINT('',(1.7,10.45,-6.2));
#6628 = VECTOR('',#6629,1.);
#6629 = DIRECTION('',(0.,0.859101543909,0.511805175095));
#6630 = ORIENTED_EDGE('',*,*,#6631,.F.);
#6631 = EDGE_CURVE('',#6632,#6624,#6634,.T.);
#6632 = VERTEX_POINT('',#6633);
#6633 = CARTESIAN_POINT('',(-1.7,10.45,-6.2));
#6634 = LINE('',#6635,#6636);
#6635 = CARTESIAN_POINT('',(-1.7,10.45,-6.2));
#6636 = VECTOR('',#6637,1.);
#6637 = DIRECTION('',(1.,0.,0.));
#6638 = ORIENTED_EDGE('',*,*,#6639,.T.);
#6639 = EDGE_CURVE('',#6632,#5428,#6640,.T.);
#6640 = LINE('',#6641,#6642);
#6641 = CARTESIAN_POINT('',(-1.7,10.45,-6.2));
#6642 = VECTOR('',#6643,1.);
#6643 = DIRECTION('',(0.,0.859101543909,0.511805175095));
#6644 = PLANE('',#6645);
#6645 = AXIS2_PLACEMENT_3D('',#6646,#6647,#6648);
#6646 = CARTESIAN_POINT('',(-1.7,10.45,-6.2));
#6647 = DIRECTION('',(0.,0.511805175095,-0.859101543909));
#6648 = DIRECTION('',(-1.,0.,0.));
#6649 = ADVANCED_FACE('',(#6650),#6668,.F.);
#6650 = FACE_BOUND('',#6651,.T.);
#6651 = EDGE_LOOP('',(#6652,#6653,#6654,#6662));
#6652 = ORIENTED_EDGE('',*,*,#5435,.F.);
#6653 = ORIENTED_EDGE('',*,*,#6639,.F.);
#6654 = ORIENTED_EDGE('',*,*,#6655,.F.);
#6655 = EDGE_CURVE('',#6656,#6632,#6658,.T.);
#6656 = VERTEX_POINT('',#6657);
#6657 = CARTESIAN_POINT('',(-1.7,9.75,-6.2));
#6658 = LINE('',#6659,#6660);
#6659 = CARTESIAN_POINT('',(-1.7,9.75,-6.2));
#6660 = VECTOR('',#6661,1.);
#6661 = DIRECTION('',(0.,1.,0.));
#6662 = ORIENTED_EDGE('',*,*,#6663,.F.);
#6663 = EDGE_CURVE('',#5436,#6656,#6664,.T.);
#6664 = LINE('',#6665,#6666);
#6665 = CARTESIAN_POINT('',(-1.7,9.75,-4.8));
#6666 = VECTOR('',#6667,1.);
#6667 = DIRECTION('',(0.,0.,-1.));
#6668 = PLANE('',#6669);
#6669 = AXIS2_PLACEMENT_3D('',#6670,#6671,#6672);
#6670 = CARTESIAN_POINT('',(-1.7,0.,0.));
#6671 = DIRECTION('',(1.,0.,0.));
#6672 = DIRECTION('',(-0.,1.,0.));
#6673 = ADVANCED_FACE('',(#6674),#6692,.T.);
#6674 = FACE_BOUND('',#6675,.T.);
#6675 = EDGE_LOOP('',(#6676,#6677,#6678,#6686));
#6676 = ORIENTED_EDGE('',*,*,#5443,.F.);
#6677 = ORIENTED_EDGE('',*,*,#6663,.T.);
#6678 = ORIENTED_EDGE('',*,*,#6679,.T.);
#6679 = EDGE_CURVE('',#6656,#6680,#6682,.T.);
#6680 = VERTEX_POINT('',#6681);
#6681 = CARTESIAN_POINT('',(1.7,9.75,-6.2));
#6682 = LINE('',#6683,#6684);
#6683 = CARTESIAN_POINT('',(-1.7,9.75,-6.2));
#6684 = VECTOR('',#6685,1.);
#6685 = DIRECTION('',(1.,0.,0.));
#6686 = ORIENTED_EDGE('',*,*,#6687,.F.);
#6687 = EDGE_CURVE('',#5444,#6680,#6688,.T.);
#6688 = LINE('',#6689,#6690);
#6689 = CARTESIAN_POINT('',(1.7,9.75,-4.8));
#6690 = VECTOR('',#6691,1.);
#6691 = DIRECTION('',(0.,0.,-1.));
#6692 = PLANE('',#6693);
#6693 = AXIS2_PLACEMENT_3D('',#6694,#6695,#6696);
#6694 = CARTESIAN_POINT('',(-1.7,9.75,-4.8));
#6695 = DIRECTION('',(0.,-1.,0.));
#6696 = DIRECTION('',(0.,0.,-1.));
#6697 = ADVANCED_FACE('',(#6698),#6709,.T.);
#6698 = FACE_BOUND('',#6699,.T.);
#6699 = EDGE_LOOP('',(#6700,#6701,#6702,#6708));
#6700 = ORIENTED_EDGE('',*,*,#5451,.T.);
#6701 = ORIENTED_EDGE('',*,*,#6687,.T.);
#6702 = ORIENTED_EDGE('',*,*,#6703,.T.);
#6703 = EDGE_CURVE('',#6680,#6624,#6704,.T.);
#6704 = LINE('',#6705,#6706);
#6705 = CARTESIAN_POINT('',(1.7,9.75,-6.2));
#6706 = VECTOR('',#6707,1.);
#6707 = DIRECTION('',(0.,1.,0.));
#6708 = ORIENTED_EDGE('',*,*,#6623,.T.);
#6709 = PLANE('',#6710);
#6710 = AXIS2_PLACEMENT_3D('',#6711,#6712,#6713);
#6711 = CARTESIAN_POINT('',(1.7,0.,0.));
#6712 = DIRECTION('',(1.,0.,0.));
#6713 = DIRECTION('',(-0.,1.,0.));
#6714 = ADVANCED_FACE('',(#6715),#6721,.T.);
#6715 = FACE_BOUND('',#6716,.T.);
#6716 = EDGE_LOOP('',(#6717,#6718,#6719,#6720));
#6717 = ORIENTED_EDGE('',*,*,#6655,.T.);
#6718 = ORIENTED_EDGE('',*,*,#6631,.T.);
#6719 = ORIENTED_EDGE('',*,*,#6703,.F.);
#6720 = ORIENTED_EDGE('',*,*,#6679,.F.);
#6721 = PLANE('',#6722);
#6722 = AXIS2_PLACEMENT_3D('',#6723,#6724,#6725);
#6723 = CARTESIAN_POINT('',(-1.7,9.75,-6.2));
#6724 = DIRECTION('',(0.,0.,-1.));
#6725 = DIRECTION('',(0.,-1.,0.));
#6726 = ADVANCED_FACE('',(#6727),#6784,.T.);
#6727 = FACE_BOUND('',#6728,.T.);
#6728 = EDGE_LOOP('',(#6729,#6730,#6736,#6737,#6745,#6753,#6759,#6760,
    #6766,#6767,#6773,#6774,#6775,#6776,#6777,#6778));
#6729 = ORIENTED_EDGE('',*,*,#5649,.T.);
#6730 = ORIENTED_EDGE('',*,*,#6731,.F.);
#6731 = EDGE_CURVE('',#5903,#5652,#6732,.T.);
#6732 = LINE('',#6733,#6734);
#6733 = CARTESIAN_POINT('',(-3.2,0.,4.8));
#6734 = VECTOR('',#6735,1.);
#6735 = DIRECTION('',(0.,1.,0.));
#6736 = ORIENTED_EDGE('',*,*,#5919,.T.);
#6737 = ORIENTED_EDGE('',*,*,#6738,.T.);
#6738 = EDGE_CURVE('',#5912,#6739,#6741,.T.);
#6739 = VERTEX_POINT('',#6740);
#6740 = CARTESIAN_POINT('',(-1.,0.8,4.8));
#6741 = LINE('',#6742,#6743);
#6742 = CARTESIAN_POINT('',(-1.,0.,4.8));
#6743 = VECTOR('',#6744,1.);
#6744 = DIRECTION('',(0.,1.,0.));
#6745 = ORIENTED_EDGE('',*,*,#6746,.T.);
#6746 = EDGE_CURVE('',#6739,#6747,#6749,.T.);
#6747 = VERTEX_POINT('',#6748);
#6748 = CARTESIAN_POINT('',(1.,0.8,4.8));
#6749 = LINE('',#6750,#6751);
#6750 = CARTESIAN_POINT('',(-1.,0.8,4.8));
#6751 = VECTOR('',#6752,1.);
#6752 = DIRECTION('',(1.,0.,0.));
#6753 = ORIENTED_EDGE('',*,*,#6754,.F.);
#6754 = EDGE_CURVE('',#5841,#6747,#6755,.T.);
#6755 = LINE('',#6756,#6757);
#6756 = CARTESIAN_POINT('',(1.,0.,4.8));
#6757 = VECTOR('',#6758,1.);
#6758 = DIRECTION('',(0.,1.,0.));
#6759 = ORIENTED_EDGE('',*,*,#5857,.T.);
#6760 = ORIENTED_EDGE('',*,*,#6761,.T.);
#6761 = EDGE_CURVE('',#5850,#5329,#6762,.T.);
#6762 = LINE('',#6763,#6764);
#6763 = CARTESIAN_POINT('',(3.2,0.,4.8));
#6764 = VECTOR('',#6765,1.);
#6765 = DIRECTION('',(0.,1.,0.));
#6766 = ORIENTED_EDGE('',*,*,#5328,.T.);
#6767 = ORIENTED_EDGE('',*,*,#6768,.F.);
#6768 = EDGE_CURVE('',#5779,#5331,#6769,.T.);
#6769 = LINE('',#6770,#6771);
#6770 = CARTESIAN_POINT('',(5.2,0.,4.8));
#6771 = VECTOR('',#6772,1.);
#6772 = DIRECTION('',(0.,1.,0.));
#6773 = ORIENTED_EDGE('',*,*,#5778,.T.);
#6774 = ORIENTED_EDGE('',*,*,#6299,.F.);
#6775 = ORIENTED_EDGE('',*,*,#6351,.F.);
#6776 = ORIENTED_EDGE('',*,*,#4415,.T.);
#6777 = ORIENTED_EDGE('',*,*,#5941,.T.);
#6778 = ORIENTED_EDGE('',*,*,#6779,.T.);
#6779 = EDGE_CURVE('',#5934,#5650,#6780,.T.);
#6780 = LINE('',#6781,#6782);
#6781 = CARTESIAN_POINT('',(-5.2,0.,4.8));
#6782 = VECTOR('',#6783,1.);
#6783 = DIRECTION('',(0.,1.,0.));
#6784 = PLANE('',#6785);
#6785 = AXIS2_PLACEMENT_3D('',#6786,#6787,#6788);
#6786 = CARTESIAN_POINT('',(-6.9,12.8,4.8));
#6787 = DIRECTION('',(0.,0.,1.));
#6788 = DIRECTION('',(1.,0.,-0.));
#6789 = ADVANCED_FACE('',(#6790),#6796,.F.);
#6790 = FACE_BOUND('',#6791,.T.);
#6791 = EDGE_LOOP('',(#6792,#6793,#6794,#6795));
#6792 = ORIENTED_EDGE('',*,*,#5933,.T.);
#6793 = ORIENTED_EDGE('',*,*,#5189,.T.);
#6794 = ORIENTED_EDGE('',*,*,#5659,.F.);
#6795 = ORIENTED_EDGE('',*,*,#6779,.F.);
#6796 = PLANE('',#6797);
#6797 = AXIS2_PLACEMENT_3D('',#6798,#6799,#6800);
#6798 = CARTESIAN_POINT('',(-5.2,0.,4.8));
#6799 = DIRECTION('',(-1.,0.,0.));
#6800 = DIRECTION('',(0.,0.,1.));
#6801 = ADVANCED_FACE('',(#6802),#6808,.F.);
#6802 = FACE_BOUND('',#6803,.T.);
#6803 = EDGE_LOOP('',(#6804,#6805,#6806,#6807));
#6804 = ORIENTED_EDGE('',*,*,#5788,.F.);
#6805 = ORIENTED_EDGE('',*,*,#6768,.T.);
#6806 = ORIENTED_EDGE('',*,*,#5354,.F.);
#6807 = ORIENTED_EDGE('',*,*,#5040,.T.);
#6808 = PLANE('',#6809);
#6809 = AXIS2_PLACEMENT_3D('',#6810,#6811,#6812);
#6810 = CARTESIAN_POINT('',(5.2,0.,3.8));
#6811 = DIRECTION('',(1.,0.,0.));
#6812 = DIRECTION('',(-0.,1.,0.));
#6813 = ADVANCED_FACE('',(#6814),#6820,.F.);
#6814 = FACE_BOUND('',#6815,.T.);
#6815 = EDGE_LOOP('',(#6816,#6817,#6818,#6819));
#6816 = ORIENTED_EDGE('',*,*,#5849,.T.);
#6817 = ORIENTED_EDGE('',*,*,#5080,.T.);
#6818 = ORIENTED_EDGE('',*,*,#5338,.F.);
#6819 = ORIENTED_EDGE('',*,*,#6761,.F.);
#6820 = PLANE('',#6821);
#6821 = AXIS2_PLACEMENT_3D('',#6822,#6823,#6824);
#6822 = CARTESIAN_POINT('',(3.2,0.,4.8));
#6823 = DIRECTION('',(-1.,0.,0.));
#6824 = DIRECTION('',(0.,0.,1.));
#6825 = ADVANCED_FACE('',(#6826),#6837,.F.);
#6826 = FACE_BOUND('',#6827,.T.);
#6827 = EDGE_LOOP('',(#6828,#6829,#6830,#6836));
#6828 = ORIENTED_EDGE('',*,*,#5840,.F.);
#6829 = ORIENTED_EDGE('',*,*,#6754,.T.);
#6830 = ORIENTED_EDGE('',*,*,#6831,.F.);
#6831 = EDGE_CURVE('',#5097,#6747,#6832,.T.);
#6832 = LINE('',#6833,#6834);
#6833 = CARTESIAN_POINT('',(1.,0.8,3.8));
#6834 = VECTOR('',#6835,1.);
#6835 = DIRECTION('',(0.,0.,1.));
#6836 = ORIENTED_EDGE('',*,*,#5096,.T.);
#6837 = PLANE('',#6838);
#6838 = AXIS2_PLACEMENT_3D('',#6839,#6840,#6841);
#6839 = CARTESIAN_POINT('',(1.,0.,3.8));
#6840 = DIRECTION('',(1.,0.,0.));
#6841 = DIRECTION('',(-0.,1.,0.));
#6842 = ADVANCED_FACE('',(#6843,#6873),#6907,.T.);
#6843 = FACE_BOUND('',#6844,.T.);
#6844 = EDGE_LOOP('',(#6845,#6846,#6852,#6853,#6859,#6860,#6866,#6867));
#6845 = ORIENTED_EDGE('',*,*,#5514,.T.);
#6846 = ORIENTED_EDGE('',*,*,#6847,.T.);
#6847 = EDGE_CURVE('',#5507,#6137,#6848,.T.);
#6848 = LINE('',#6849,#6850);
#6849 = CARTESIAN_POINT('',(1.,0.8,-4.8));
#6850 = VECTOR('',#6851,1.);
#6851 = DIRECTION('',(0.,0.,1.));
#6852 = ORIENTED_EDGE('',*,*,#6167,.T.);
#6853 = ORIENTED_EDGE('',*,*,#6854,.T.);
#6854 = EDGE_CURVE('',#6160,#6032,#6855,.T.);
#6855 = LINE('',#6856,#6857);
#6856 = CARTESIAN_POINT('',(1.3,0.8,-3.8));
#6857 = VECTOR('',#6858,1.);
#6858 = DIRECTION('',(0.,0.,1.));
#6859 = ORIENTED_EDGE('',*,*,#6031,.T.);
#6860 = ORIENTED_EDGE('',*,*,#6861,.T.);
#6861 = EDGE_CURVE('',#6024,#6216,#6862,.T.);
#6862 = LINE('',#6863,#6864);
#6863 = CARTESIAN_POINT('',(-1.3,0.8,-0.5));
#6864 = VECTOR('',#6865,1.);
#6865 = DIRECTION('',(0.,0.,-1.));
#6866 = ORIENTED_EDGE('',*,*,#6215,.T.);
#6867 = ORIENTED_EDGE('',*,*,#6868,.T.);
#6868 = EDGE_CURVE('',#6208,#5515,#6869,.T.);
#6869 = LINE('',#6870,#6871);
#6870 = CARTESIAN_POINT('',(-1.,0.8,-3.8));
#6871 = VECTOR('',#6872,1.);
#6872 = DIRECTION('',(0.,0.,-1.));
#6873 = FACE_BOUND('',#6874,.T.);
#6874 = EDGE_LOOP('',(#6875,#6885,#6893,#6901));
#6875 = ORIENTED_EDGE('',*,*,#6876,.F.);
#6876 = EDGE_CURVE('',#6877,#6879,#6881,.T.);
#6877 = VERTEX_POINT('',#6878);
#6878 = CARTESIAN_POINT('',(0.57,0.8,-3.25));
#6879 = VERTEX_POINT('',#6880);
#6880 = CARTESIAN_POINT('',(0.57,0.8,-2.65));
#6881 = LINE('',#6882,#6883);
#6882 = CARTESIAN_POINT('',(0.57,0.8,-3.25));
#6883 = VECTOR('',#6884,1.);
#6884 = DIRECTION('',(0.,0.,1.));
#6885 = ORIENTED_EDGE('',*,*,#6886,.T.);
#6886 = EDGE_CURVE('',#6877,#6887,#6889,.T.);
#6887 = VERTEX_POINT('',#6888);
#6888 = CARTESIAN_POINT('',(-0.57,0.8,-3.25));
#6889 = LINE('',#6890,#6891);
#6890 = CARTESIAN_POINT('',(0.57,0.8,-3.25));
#6891 = VECTOR('',#6892,1.);
#6892 = DIRECTION('',(-1.,0.,0.));
#6893 = ORIENTED_EDGE('',*,*,#6894,.T.);
#6894 = EDGE_CURVE('',#6887,#6895,#6897,.T.);
#6895 = VERTEX_POINT('',#6896);
#6896 = CARTESIAN_POINT('',(-0.57,0.8,-2.65));
#6897 = LINE('',#6898,#6899);
#6898 = CARTESIAN_POINT('',(-0.57,0.8,-3.25));
#6899 = VECTOR('',#6900,1.);
#6900 = DIRECTION('',(0.,0.,1.));
#6901 = ORIENTED_EDGE('',*,*,#6902,.F.);
#6902 = EDGE_CURVE('',#6879,#6895,#6903,.T.);
#6903 = LINE('',#6904,#6905);
#6904 = CARTESIAN_POINT('',(0.57,0.8,-2.65));
#6905 = VECTOR('',#6906,1.);
#6906 = DIRECTION('',(-1.,0.,0.));
#6907 = PLANE('',#6908);
#6908 = AXIS2_PLACEMENT_3D('',#6909,#6910,#6911);
#6909 = CARTESIAN_POINT('',(-6.9,0.8,4.8));
#6910 = DIRECTION('',(0.,-1.,0.));
#6911 = DIRECTION('',(0.,0.,-1.));
#6912 = ADVANCED_FACE('',(#6913,#6938),#6972,.T.);
#6913 = FACE_BOUND('',#6914,.T.);
#6914 = EDGE_LOOP('',(#6915,#6916,#6922,#6923,#6929,#6930,#6936,#6937));
#6915 = ORIENTED_EDGE('',*,*,#6746,.F.);
#6916 = ORIENTED_EDGE('',*,*,#6917,.T.);
#6917 = EDGE_CURVE('',#6739,#5136,#6918,.T.);
#6918 = LINE('',#6919,#6920);
#6919 = CARTESIAN_POINT('',(-1.,0.8,4.8));
#6920 = VECTOR('',#6921,1.);
#6921 = DIRECTION('',(0.,0.,-1.));
#6922 = ORIENTED_EDGE('',*,*,#5135,.T.);
#6923 = ORIENTED_EDGE('',*,*,#6924,.T.);
#6924 = EDGE_CURVE('',#5128,#4955,#6925,.T.);
#6925 = LINE('',#6926,#6927);
#6926 = CARTESIAN_POINT('',(-1.3,0.8,3.8));
#6927 = VECTOR('',#6928,1.);
#6928 = DIRECTION('',(0.,0.,-1.));
#6929 = ORIENTED_EDGE('',*,*,#4954,.T.);
#6930 = ORIENTED_EDGE('',*,*,#6931,.T.);
#6931 = EDGE_CURVE('',#4947,#5105,#6932,.T.);
#6932 = LINE('',#6933,#6934);
#6933 = CARTESIAN_POINT('',(1.3,0.8,0.5));
#6934 = VECTOR('',#6935,1.);
#6935 = DIRECTION('',(0.,0.,1.));
#6936 = ORIENTED_EDGE('',*,*,#5104,.T.);
#6937 = ORIENTED_EDGE('',*,*,#6831,.T.);
#6938 = FACE_BOUND('',#6939,.T.);
#6939 = EDGE_LOOP('',(#6940,#6950,#6958,#6966));
#6940 = ORIENTED_EDGE('',*,*,#6941,.F.);
#6941 = EDGE_CURVE('',#6942,#6944,#6946,.T.);
#6942 = VERTEX_POINT('',#6943);
#6943 = CARTESIAN_POINT('',(0.57,0.8,2.25));
#6944 = VERTEX_POINT('',#6945);
#6945 = CARTESIAN_POINT('',(0.57,0.8,2.85));
#6946 = LINE('',#6947,#6948);
#6947 = CARTESIAN_POINT('',(0.57,0.8,2.25));
#6948 = VECTOR('',#6949,1.);
#6949 = DIRECTION('',(0.,0.,1.));
#6950 = ORIENTED_EDGE('',*,*,#6951,.T.);
#6951 = EDGE_CURVE('',#6942,#6952,#6954,.T.);
#6952 = VERTEX_POINT('',#6953);
#6953 = CARTESIAN_POINT('',(-0.57,0.8,2.25));
#6954 = LINE('',#6955,#6956);
#6955 = CARTESIAN_POINT('',(0.57,0.8,2.25));
#6956 = VECTOR('',#6957,1.);
#6957 = DIRECTION('',(-1.,0.,0.));
#6958 = ORIENTED_EDGE('',*,*,#6959,.T.);
#6959 = EDGE_CURVE('',#6952,#6960,#6962,.T.);
#6960 = VERTEX_POINT('',#6961);
#6961 = CARTESIAN_POINT('',(-0.57,0.8,2.85));
#6962 = LINE('',#6963,#6964);
#6963 = CARTESIAN_POINT('',(-0.57,0.8,2.25));
#6964 = VECTOR('',#6965,1.);
#6965 = DIRECTION('',(0.,0.,1.));
#6966 = ORIENTED_EDGE('',*,*,#6967,.F.);
#6967 = EDGE_CURVE('',#6944,#6960,#6968,.T.);
#6968 = LINE('',#6969,#6970);
#6969 = CARTESIAN_POINT('',(0.57,0.8,2.85));
#6970 = VECTOR('',#6971,1.);
#6971 = DIRECTION('',(-1.,0.,0.));
#6972 = PLANE('',#6973);
#6973 = AXIS2_PLACEMENT_3D('',#6974,#6975,#6976);
#6974 = CARTESIAN_POINT('',(-6.9,0.8,4.8));
#6975 = DIRECTION('',(0.,-1.,0.));
#6976 = DIRECTION('',(0.,0.,-1.));
#6977 = ADVANCED_FACE('',(#6978),#6984,.F.);
#6978 = FACE_BOUND('',#6979,.T.);
#6979 = EDGE_LOOP('',(#6980,#6981,#6982,#6983));
#6980 = ORIENTED_EDGE('',*,*,#5983,.F.);
#6981 = ORIENTED_EDGE('',*,*,#5522,.T.);
#6982 = ORIENTED_EDGE('',*,*,#6868,.F.);
#6983 = ORIENTED_EDGE('',*,*,#6207,.T.);
#6984 = PLANE('',#6985);
#6985 = AXIS2_PLACEMENT_3D('',#6986,#6987,#6988);
#6986 = CARTESIAN_POINT('',(-1.,0.,-3.8));
#6987 = DIRECTION('',(-1.,0.,0.));
#6988 = DIRECTION('',(0.,0.,1.));
#6989 = ADVANCED_FACE('',(#6990),#6996,.F.);
#6990 = FACE_BOUND('',#6991,.T.);
#6991 = EDGE_LOOP('',(#6992,#6993,#6994,#6995));
#6992 = ORIENTED_EDGE('',*,*,#4853,.F.);
#6993 = ORIENTED_EDGE('',*,*,#6223,.T.);
#6994 = ORIENTED_EDGE('',*,*,#6861,.F.);
#6995 = ORIENTED_EDGE('',*,*,#6023,.F.);
#6996 = PLANE('',#6997);
#6997 = AXIS2_PLACEMENT_3D('',#6998,#6999,#7000);
#6998 = CARTESIAN_POINT('',(-1.3,0.,-0.5));
#6999 = DIRECTION('',(-1.,0.,0.));
#7000 = DIRECTION('',(0.,0.,1.));
#7001 = ADVANCED_FACE('',(#7002),#7008,.F.);
#7002 = FACE_BOUND('',#7003,.T.);
#7003 = EDGE_LOOP('',(#7004,#7005,#7006,#7007));
#7004 = ORIENTED_EDGE('',*,*,#4683,.T.);
#7005 = ORIENTED_EDGE('',*,*,#6039,.T.);
#7006 = ORIENTED_EDGE('',*,*,#6854,.F.);
#7007 = ORIENTED_EDGE('',*,*,#6159,.F.);
#7008 = PLANE('',#7009);
#7009 = AXIS2_PLACEMENT_3D('',#7010,#7011,#7012);
#7010 = CARTESIAN_POINT('',(1.3,0.,-3.8));
#7011 = DIRECTION('',(1.,0.,0.));
#7012 = DIRECTION('',(-0.,1.,0.));
#7013 = ADVANCED_FACE('',(#7014),#7020,.F.);
#7014 = FACE_BOUND('',#7015,.T.);
#7015 = EDGE_LOOP('',(#7016,#7017,#7018,#7019));
#7016 = ORIENTED_EDGE('',*,*,#5871,.T.);
#7017 = ORIENTED_EDGE('',*,*,#6136,.T.);
#7018 = ORIENTED_EDGE('',*,*,#6847,.F.);
#7019 = ORIENTED_EDGE('',*,*,#5506,.F.);
#7020 = PLANE('',#7021);
#7021 = AXIS2_PLACEMENT_3D('',#7022,#7023,#7024);
#7022 = CARTESIAN_POINT('',(1.,0.,-4.8));
#7023 = DIRECTION('',(1.,0.,0.));
#7024 = DIRECTION('',(-0.,1.,0.));
#7025 = ADVANCED_FACE('',(#7026),#7032,.F.);
#7026 = FACE_BOUND('',#7027,.T.);
#7027 = EDGE_LOOP('',(#7028,#7029,#7030,#7031));
#7028 = ORIENTED_EDGE('',*,*,#4643,.F.);
#7029 = ORIENTED_EDGE('',*,*,#5112,.T.);
#7030 = ORIENTED_EDGE('',*,*,#6931,.F.);
#7031 = ORIENTED_EDGE('',*,*,#4946,.F.);
#7032 = PLANE('',#7033);
#7033 = AXIS2_PLACEMENT_3D('',#7034,#7035,#7036);
#7034 = CARTESIAN_POINT('',(1.3,0.,0.5));
#7035 = DIRECTION('',(1.,0.,0.));
#7036 = DIRECTION('',(-0.,1.,0.));
#7037 = ADVANCED_FACE('',(#7038),#7044,.F.);
#7038 = FACE_BOUND('',#7039,.T.);
#7039 = EDGE_LOOP('',(#7040,#7041,#7042,#7043));
#7040 = ORIENTED_EDGE('',*,*,#4741,.T.);
#7041 = ORIENTED_EDGE('',*,*,#4962,.T.);
#7042 = ORIENTED_EDGE('',*,*,#6924,.F.);
#7043 = ORIENTED_EDGE('',*,*,#5127,.F.);
#7044 = PLANE('',#7045);
#7045 = AXIS2_PLACEMENT_3D('',#7046,#7047,#7048);
#7046 = CARTESIAN_POINT('',(-1.3,0.,3.8));
#7047 = DIRECTION('',(-1.,0.,0.));
#7048 = DIRECTION('',(0.,0.,1.));
#7049 = ADVANCED_FACE('',(#7050),#7056,.F.);
#7050 = FACE_BOUND('',#7051,.T.);
#7051 = EDGE_LOOP('',(#7052,#7053,#7054,#7055));
#7052 = ORIENTED_EDGE('',*,*,#5911,.T.);
#7053 = ORIENTED_EDGE('',*,*,#5143,.T.);
#7054 = ORIENTED_EDGE('',*,*,#6917,.F.);
#7055 = ORIENTED_EDGE('',*,*,#6738,.F.);
#7056 = PLANE('',#7057);
#7057 = AXIS2_PLACEMENT_3D('',#7058,#7059,#7060);
#7058 = CARTESIAN_POINT('',(-1.,0.,4.8));
#7059 = DIRECTION('',(-1.,0.,0.));
#7060 = DIRECTION('',(0.,0.,1.));
#7061 = ADVANCED_FACE('',(#7062),#7104,.F.);
#7062 = FACE_BOUND('',#7063,.T.);
#7063 = EDGE_LOOP('',(#7064,#7074,#7082,#7090,#7098));
#7064 = ORIENTED_EDGE('',*,*,#7065,.T.);
#7065 = EDGE_CURVE('',#7066,#7068,#7070,.T.);
#7066 = VERTEX_POINT('',#7067);
#7067 = CARTESIAN_POINT('',(0.57,3.7,-1.71));
#7068 = VERTEX_POINT('',#7069);
#7069 = CARTESIAN_POINT('',(0.57,3.7,-3.25));
#7070 = LINE('',#7071,#7072);
#7071 = CARTESIAN_POINT('',(0.57,3.7,-1.71));
#7072 = VECTOR('',#7073,1.);
#7073 = DIRECTION('',(0.,0.,-1.));
#7074 = ORIENTED_EDGE('',*,*,#7075,.F.);
#7075 = EDGE_CURVE('',#7076,#7068,#7078,.T.);
#7076 = VERTEX_POINT('',#7077);
#7077 = CARTESIAN_POINT('',(0.57,4.3,-2.85));
#7078 = LINE('',#7079,#7080);
#7079 = CARTESIAN_POINT('',(0.57,4.3,-2.85));
#7080 = VECTOR('',#7081,1.);
#7081 = DIRECTION('',(0.,-0.832050294338,-0.554700196225));
#7082 = ORIENTED_EDGE('',*,*,#7083,.F.);
#7083 = EDGE_CURVE('',#7084,#7076,#7086,.T.);
#7084 = VERTEX_POINT('',#7085);
#7085 = CARTESIAN_POINT('',(0.57,9.2,-2.85));
#7086 = LINE('',#7087,#7088);
#7087 = CARTESIAN_POINT('',(0.57,9.2,-2.85));
#7088 = VECTOR('',#7089,1.);
#7089 = DIRECTION('',(0.,-1.,0.));
#7090 = ORIENTED_EDGE('',*,*,#7091,.F.);
#7091 = EDGE_CURVE('',#7092,#7084,#7094,.T.);
#7092 = VERTEX_POINT('',#7093);
#7093 = CARTESIAN_POINT('',(0.57,9.2,-1.71));
#7094 = LINE('',#7095,#7096);
#7095 = CARTESIAN_POINT('',(0.57,9.2,-1.71));
#7096 = VECTOR('',#7097,1.);
#7097 = DIRECTION('',(0.,0.,-1.));
#7098 = ORIENTED_EDGE('',*,*,#7099,.F.);
#7099 = EDGE_CURVE('',#7066,#7092,#7100,.T.);
#7100 = LINE('',#7101,#7102);
#7101 = CARTESIAN_POINT('',(0.57,3.7,-1.71));
#7102 = VECTOR('',#7103,1.);
#7103 = DIRECTION('',(0.,1.,0.));
#7104 = PLANE('',#7105);
#7105 = AXIS2_PLACEMENT_3D('',#7106,#7107,#7108);
#7106 = CARTESIAN_POINT('',(0.57,0.,0.));
#7107 = DIRECTION('',(-1.,0.,0.));
#7108 = DIRECTION('',(0.,0.,1.));
#7109 = ADVANCED_FACE('',(#7110),#7152,.F.);
#7110 = FACE_BOUND('',#7111,.T.);
#7111 = EDGE_LOOP('',(#7112,#7122,#7130,#7138,#7146));
#7112 = ORIENTED_EDGE('',*,*,#7113,.T.);
#7113 = EDGE_CURVE('',#7114,#7116,#7118,.T.);
#7114 = VERTEX_POINT('',#7115);
#7115 = CARTESIAN_POINT('',(0.57,3.7,2.85));
#7116 = VERTEX_POINT('',#7117);
#7117 = CARTESIAN_POINT('',(0.57,3.7,1.31));
#7118 = LINE('',#7119,#7120);
#7119 = CARTESIAN_POINT('',(0.57,3.7,2.85));
#7120 = VECTOR('',#7121,1.);
#7121 = DIRECTION('',(0.,0.,-1.));
#7122 = ORIENTED_EDGE('',*,*,#7123,.F.);
#7123 = EDGE_CURVE('',#7124,#7116,#7126,.T.);
#7124 = VERTEX_POINT('',#7125);
#7125 = CARTESIAN_POINT('',(0.57,9.2,1.31));
#7126 = LINE('',#7127,#7128);
#7127 = CARTESIAN_POINT('',(0.57,9.2,1.31));
#7128 = VECTOR('',#7129,1.);
#7129 = DIRECTION('',(0.,-1.,0.));
#7130 = ORIENTED_EDGE('',*,*,#7131,.F.);
#7131 = EDGE_CURVE('',#7132,#7124,#7134,.T.);
#7132 = VERTEX_POINT('',#7133);
#7133 = CARTESIAN_POINT('',(0.57,9.2,2.45));
#7134 = LINE('',#7135,#7136);
#7135 = CARTESIAN_POINT('',(0.57,9.2,2.45));
#7136 = VECTOR('',#7137,1.);
#7137 = DIRECTION('',(0.,0.,-1.));
#7138 = ORIENTED_EDGE('',*,*,#7139,.F.);
#7139 = EDGE_CURVE('',#7140,#7132,#7142,.T.);
#7140 = VERTEX_POINT('',#7141);
#7141 = CARTESIAN_POINT('',(0.57,4.3,2.45));
#7142 = LINE('',#7143,#7144);
#7143 = CARTESIAN_POINT('',(0.57,4.3,2.45));
#7144 = VECTOR('',#7145,1.);
#7145 = DIRECTION('',(0.,1.,0.));
#7146 = ORIENTED_EDGE('',*,*,#7147,.F.);
#7147 = EDGE_CURVE('',#7114,#7140,#7148,.T.);
#7148 = LINE('',#7149,#7150);
#7149 = CARTESIAN_POINT('',(0.57,3.7,2.85));
#7150 = VECTOR('',#7151,1.);
#7151 = DIRECTION('',(0.,0.832050294338,-0.554700196225));
#7152 = PLANE('',#7153);
#7153 = AXIS2_PLACEMENT_3D('',#7154,#7155,#7156);
#7154 = CARTESIAN_POINT('',(0.57,0.,0.));
#7155 = DIRECTION('',(-1.,0.,0.));
#7156 = DIRECTION('',(0.,0.,1.));
#7157 = ADVANCED_FACE('',(#7158),#7191,.F.);
#7158 = FACE_BOUND('',#7159,.T.);
#7159 = EDGE_LOOP('',(#7160,#7161,#7169,#7177,#7185));
#7160 = ORIENTED_EDGE('',*,*,#6876,.T.);
#7161 = ORIENTED_EDGE('',*,*,#7162,.F.);
#7162 = EDGE_CURVE('',#7163,#6879,#7165,.T.);
#7163 = VERTEX_POINT('',#7164);
#7164 = CARTESIAN_POINT('',(0.57,-2.23,-2.65));
#7165 = LINE('',#7166,#7167);
#7166 = CARTESIAN_POINT('',(0.57,-2.23,-2.65));
#7167 = VECTOR('',#7168,1.);
#7168 = DIRECTION('',(0.,1.,0.));
#7169 = ORIENTED_EDGE('',*,*,#7170,.F.);
#7170 = EDGE_CURVE('',#7171,#7163,#7173,.T.);
#7171 = VERTEX_POINT('',#7172);
#7172 = CARTESIAN_POINT('',(0.57,-3.5,-3.1));
#7173 = LINE('',#7174,#7175);
#7174 = CARTESIAN_POINT('',(0.57,-3.5,-3.1));
#7175 = VECTOR('',#7176,1.);
#7176 = DIRECTION('',(0.,0.942578556478,0.333984527886));
#7177 = ORIENTED_EDGE('',*,*,#7178,.F.);
#7178 = EDGE_CURVE('',#7179,#7171,#7181,.T.);
#7179 = VERTEX_POINT('',#7180);
#7180 = CARTESIAN_POINT('',(0.57,-3.5,-3.25));
#7181 = LINE('',#7182,#7183);
#7182 = CARTESIAN_POINT('',(0.57,-3.5,-3.25));
#7183 = VECTOR('',#7184,1.);
#7184 = DIRECTION('',(0.,0.,1.));
#7185 = ORIENTED_EDGE('',*,*,#7186,.F.);
#7186 = EDGE_CURVE('',#6877,#7179,#7187,.T.);
#7187 = LINE('',#7188,#7189);
#7188 = CARTESIAN_POINT('',(0.57,0.8,-3.25));
#7189 = VECTOR('',#7190,1.);
#7190 = DIRECTION('',(0.,-1.,0.));
#7191 = PLANE('',#7192);
#7192 = AXIS2_PLACEMENT_3D('',#7193,#7194,#7195);
#7193 = CARTESIAN_POINT('',(0.57,0.,0.));
#7194 = DIRECTION('',(-1.,0.,0.));
#7195 = DIRECTION('',(0.,0.,1.));
#7196 = ADVANCED_FACE('',(#7197),#7230,.F.);
#7197 = FACE_BOUND('',#7198,.T.);
#7198 = EDGE_LOOP('',(#7199,#7200,#7208,#7216,#7224));
#7199 = ORIENTED_EDGE('',*,*,#6941,.T.);
#7200 = ORIENTED_EDGE('',*,*,#7201,.F.);
#7201 = EDGE_CURVE('',#7202,#6944,#7204,.T.);
#7202 = VERTEX_POINT('',#7203);
#7203 = CARTESIAN_POINT('',(0.57,-3.5,2.85));
#7204 = LINE('',#7205,#7206);
#7205 = CARTESIAN_POINT('',(0.57,-3.5,2.85));
#7206 = VECTOR('',#7207,1.);
#7207 = DIRECTION('',(0.,1.,0.));
#7208 = ORIENTED_EDGE('',*,*,#7209,.F.);
#7209 = EDGE_CURVE('',#7210,#7202,#7212,.T.);
#7210 = VERTEX_POINT('',#7211);
#7211 = CARTESIAN_POINT('',(0.57,-3.5,2.7));
#7212 = LINE('',#7213,#7214);
#7213 = CARTESIAN_POINT('',(0.57,-3.5,2.7));
#7214 = VECTOR('',#7215,1.);
#7215 = DIRECTION('',(0.,0.,1.));
#7216 = ORIENTED_EDGE('',*,*,#7217,.F.);
#7217 = EDGE_CURVE('',#7218,#7210,#7220,.T.);
#7218 = VERTEX_POINT('',#7219);
#7219 = CARTESIAN_POINT('',(0.57,-2.23,2.25));
#7220 = LINE('',#7221,#7222);
#7221 = CARTESIAN_POINT('',(0.57,-2.23,2.25));
#7222 = VECTOR('',#7223,1.);
#7223 = DIRECTION('',(0.,-0.942578556478,0.333984527886));
#7224 = ORIENTED_EDGE('',*,*,#7225,.F.);
#7225 = EDGE_CURVE('',#6942,#7218,#7226,.T.);
#7226 = LINE('',#7227,#7228);
#7227 = CARTESIAN_POINT('',(0.57,0.8,2.25));
#7228 = VECTOR('',#7229,1.);
#7229 = DIRECTION('',(0.,-1.,0.));
#7230 = PLANE('',#7231);
#7231 = AXIS2_PLACEMENT_3D('',#7232,#7233,#7234);
#7232 = CARTESIAN_POINT('',(0.57,0.,0.));
#7233 = DIRECTION('',(-1.,0.,0.));
#7234 = DIRECTION('',(0.,0.,1.));
#7235 = ADVANCED_FACE('',(#7236,#7286),#7311,.T.);
#7236 = FACE_BOUND('',#7237,.T.);
#7237 = EDGE_LOOP('',(#7238,#7248,#7256,#7264,#7272,#7280));
#7238 = ORIENTED_EDGE('',*,*,#7239,.T.);
#7239 = EDGE_CURVE('',#7240,#7242,#7244,.T.);
#7240 = VERTEX_POINT('',#7241);
#7241 = CARTESIAN_POINT('',(1.8,3.7,3.));
#7242 = VERTEX_POINT('',#7243);
#7243 = CARTESIAN_POINT('',(1.8,3.7,0.3));
#7244 = LINE('',#7245,#7246);
#7245 = CARTESIAN_POINT('',(1.8,3.7,3.));
#7246 = VECTOR('',#7247,1.);
#7247 = DIRECTION('',(0.,0.,-1.));
#7248 = ORIENTED_EDGE('',*,*,#7249,.T.);
#7249 = EDGE_CURVE('',#7242,#7250,#7252,.T.);
#7250 = VERTEX_POINT('',#7251);
#7251 = CARTESIAN_POINT('',(-1.8,3.7,0.3));
#7252 = LINE('',#7253,#7254);
#7253 = CARTESIAN_POINT('',(1.8,3.7,0.3));
#7254 = VECTOR('',#7255,1.);
#7255 = DIRECTION('',(-1.,0.,0.));
#7256 = ORIENTED_EDGE('',*,*,#7257,.T.);
#7257 = EDGE_CURVE('',#7250,#7258,#7260,.T.);
#7258 = VERTEX_POINT('',#7259);
#7259 = CARTESIAN_POINT('',(-1.8,3.7,3.));
#7260 = LINE('',#7261,#7262);
#7261 = CARTESIAN_POINT('',(-1.8,3.7,0.3));
#7262 = VECTOR('',#7263,1.);
#7263 = DIRECTION('',(0.,0.,1.));
#7264 = ORIENTED_EDGE('',*,*,#7265,.T.);
#7265 = EDGE_CURVE('',#7258,#7266,#7268,.T.);
#7266 = VERTEX_POINT('',#7267);
#7267 = CARTESIAN_POINT('',(-0.9,3.7,3.9));
#7268 = LINE('',#7269,#7270);
#7269 = CARTESIAN_POINT('',(-1.8,3.7,3.));
#7270 = VECTOR('',#7271,1.);
#7271 = DIRECTION('',(0.707106781187,0.,0.707106781186));
#7272 = ORIENTED_EDGE('',*,*,#7273,.T.);
#7273 = EDGE_CURVE('',#7266,#7274,#7276,.T.);
#7274 = VERTEX_POINT('',#7275);
#7275 = CARTESIAN_POINT('',(0.9,3.7,3.9));
#7276 = LINE('',#7277,#7278);
#7277 = CARTESIAN_POINT('',(-0.9,3.7,3.9));
#7278 = VECTOR('',#7279,1.);
#7279 = DIRECTION('',(1.,0.,0.));
#7280 = ORIENTED_EDGE('',*,*,#7281,.T.);
#7281 = EDGE_CURVE('',#7274,#7240,#7282,.T.);
#7282 = LINE('',#7283,#7284);
#7283 = CARTESIAN_POINT('',(0.9,3.7,3.9));
#7284 = VECTOR('',#7285,1.);
#7285 = DIRECTION('',(0.707106781187,0.,-0.707106781187));
#7286 = FACE_BOUND('',#7287,.T.);
#7287 = EDGE_LOOP('',(#7288,#7289,#7297,#7305));
#7288 = ORIENTED_EDGE('',*,*,#7113,.F.);
#7289 = ORIENTED_EDGE('',*,*,#7290,.T.);
#7290 = EDGE_CURVE('',#7114,#7291,#7293,.T.);
#7291 = VERTEX_POINT('',#7292);
#7292 = CARTESIAN_POINT('',(-0.57,3.7,2.85));
#7293 = LINE('',#7294,#7295);
#7294 = CARTESIAN_POINT('',(0.57,3.7,2.85));
#7295 = VECTOR('',#7296,1.);
#7296 = DIRECTION('',(-1.,0.,0.));
#7297 = ORIENTED_EDGE('',*,*,#7298,.F.);
#7298 = EDGE_CURVE('',#7299,#7291,#7301,.T.);
#7299 = VERTEX_POINT('',#7300);
#7300 = CARTESIAN_POINT('',(-0.57,3.7,1.31));
#7301 = LINE('',#7302,#7303);
#7302 = CARTESIAN_POINT('',(-0.57,3.7,1.31));
#7303 = VECTOR('',#7304,1.);
#7304 = DIRECTION('',(0.,0.,1.));
#7305 = ORIENTED_EDGE('',*,*,#7306,.F.);
#7306 = EDGE_CURVE('',#7116,#7299,#7307,.T.);
#7307 = LINE('',#7308,#7309);
#7308 = CARTESIAN_POINT('',(0.57,3.7,1.31));
#7309 = VECTOR('',#7310,1.);
#7310 = DIRECTION('',(-1.,0.,0.));
#7311 = PLANE('',#7312);
#7312 = AXIS2_PLACEMENT_3D('',#7313,#7314,#7315);
#7313 = CARTESIAN_POINT('',(-6.9,3.7,-4.8));
#7314 = DIRECTION('',(-0.,1.,0.));
#7315 = DIRECTION('',(1.,0.,0.));
#7316 = ADVANCED_FACE('',(#7317,#7351),#7376,.T.);
#7317 = FACE_BOUND('',#7318,.T.);
#7318 = EDGE_LOOP('',(#7319,#7329,#7337,#7345));
#7319 = ORIENTED_EDGE('',*,*,#7320,.T.);
#7320 = EDGE_CURVE('',#7321,#7323,#7325,.T.);
#7321 = VERTEX_POINT('',#7322);
#7322 = CARTESIAN_POINT('',(1.8,3.7,-0.3));
#7323 = VERTEX_POINT('',#7324);
#7324 = CARTESIAN_POINT('',(1.8,3.7,-3.9));
#7325 = LINE('',#7326,#7327);
#7326 = CARTESIAN_POINT('',(1.8,3.7,-0.3));
#7327 = VECTOR('',#7328,1.);
#7328 = DIRECTION('',(0.,0.,-1.));
#7329 = ORIENTED_EDGE('',*,*,#7330,.T.);
#7330 = EDGE_CURVE('',#7323,#7331,#7333,.T.);
#7331 = VERTEX_POINT('',#7332);
#7332 = CARTESIAN_POINT('',(-1.8,3.7,-3.9));
#7333 = LINE('',#7334,#7335);
#7334 = CARTESIAN_POINT('',(1.8,3.7,-3.9));
#7335 = VECTOR('',#7336,1.);
#7336 = DIRECTION('',(-1.,0.,0.));
#7337 = ORIENTED_EDGE('',*,*,#7338,.T.);
#7338 = EDGE_CURVE('',#7331,#7339,#7341,.T.);
#7339 = VERTEX_POINT('',#7340);
#7340 = CARTESIAN_POINT('',(-1.8,3.7,-0.3));
#7341 = LINE('',#7342,#7343);
#7342 = CARTESIAN_POINT('',(-1.8,3.7,-3.9));
#7343 = VECTOR('',#7344,1.);
#7344 = DIRECTION('',(0.,0.,1.));
#7345 = ORIENTED_EDGE('',*,*,#7346,.T.);
#7346 = EDGE_CURVE('',#7339,#7321,#7347,.T.);
#7347 = LINE('',#7348,#7349);
#7348 = CARTESIAN_POINT('',(-1.8,3.7,-0.3));
#7349 = VECTOR('',#7350,1.);
#7350 = DIRECTION('',(1.,0.,0.));
#7351 = FACE_BOUND('',#7352,.T.);
#7352 = EDGE_LOOP('',(#7353,#7354,#7362,#7370));
#7353 = ORIENTED_EDGE('',*,*,#7065,.F.);
#7354 = ORIENTED_EDGE('',*,*,#7355,.T.);
#7355 = EDGE_CURVE('',#7066,#7356,#7358,.T.);
#7356 = VERTEX_POINT('',#7357);
#7357 = CARTESIAN_POINT('',(-0.57,3.7,-1.71));
#7358 = LINE('',#7359,#7360);
#7359 = CARTESIAN_POINT('',(0.57,3.7,-1.71));
#7360 = VECTOR('',#7361,1.);
#7361 = DIRECTION('',(-1.,0.,0.));
#7362 = ORIENTED_EDGE('',*,*,#7363,.F.);
#7363 = EDGE_CURVE('',#7364,#7356,#7366,.T.);
#7364 = VERTEX_POINT('',#7365);
#7365 = CARTESIAN_POINT('',(-0.57,3.7,-3.25));
#7366 = LINE('',#7367,#7368);
#7367 = CARTESIAN_POINT('',(-0.57,3.7,-3.25));
#7368 = VECTOR('',#7369,1.);
#7369 = DIRECTION('',(0.,0.,1.));
#7370 = ORIENTED_EDGE('',*,*,#7371,.F.);
#7371 = EDGE_CURVE('',#7068,#7364,#7372,.T.);
#7372 = LINE('',#7373,#7374);
#7373 = CARTESIAN_POINT('',(0.57,3.7,-3.25));
#7374 = VECTOR('',#7375,1.);
#7375 = DIRECTION('',(-1.,0.,0.));
#7376 = PLANE('',#7377);
#7377 = AXIS2_PLACEMENT_3D('',#7378,#7379,#7380);
#7378 = CARTESIAN_POINT('',(-6.9,3.7,-4.8));
#7379 = DIRECTION('',(-0.,1.,0.));
#7380 = DIRECTION('',(1.,0.,0.));
#7381 = ADVANCED_FACE('',(#7382,#7416),#7450,.T.);
#7382 = FACE_BOUND('',#7383,.T.);
#7383 = EDGE_LOOP('',(#7384,#7394,#7402,#7410));
#7384 = ORIENTED_EDGE('',*,*,#7385,.T.);
#7385 = EDGE_CURVE('',#7386,#7388,#7390,.T.);
#7386 = VERTEX_POINT('',#7387);
#7387 = CARTESIAN_POINT('',(-6.,3.7,-3.9));
#7388 = VERTEX_POINT('',#7389);
#7389 = CARTESIAN_POINT('',(-6.,3.7,-0.3));
#7390 = LINE('',#7391,#7392);
#7391 = CARTESIAN_POINT('',(-6.,3.7,-3.9));
#7392 = VECTOR('',#7393,1.);
#7393 = DIRECTION('',(0.,0.,1.));
#7394 = ORIENTED_EDGE('',*,*,#7395,.T.);
#7395 = EDGE_CURVE('',#7388,#7396,#7398,.T.);
#7396 = VERTEX_POINT('',#7397);
#7397 = CARTESIAN_POINT('',(-2.4,3.7,-0.3));
#7398 = LINE('',#7399,#7400);
#7399 = CARTESIAN_POINT('',(-6.,3.7,-0.3));
#7400 = VECTOR('',#7401,1.);
#7401 = DIRECTION('',(1.,0.,0.));
#7402 = ORIENTED_EDGE('',*,*,#7403,.T.);
#7403 = EDGE_CURVE('',#7396,#7404,#7406,.T.);
#7404 = VERTEX_POINT('',#7405);
#7405 = CARTESIAN_POINT('',(-2.4,3.7,-3.9));
#7406 = LINE('',#7407,#7408);
#7407 = CARTESIAN_POINT('',(-2.4,3.7,-0.3));
#7408 = VECTOR('',#7409,1.);
#7409 = DIRECTION('',(0.,0.,-1.));
#7410 = ORIENTED_EDGE('',*,*,#7411,.T.);
#7411 = EDGE_CURVE('',#7404,#7386,#7412,.T.);
#7412 = LINE('',#7413,#7414);
#7413 = CARTESIAN_POINT('',(-2.4,3.7,-3.9));
#7414 = VECTOR('',#7415,1.);
#7415 = DIRECTION('',(-1.,0.,0.));
#7416 = FACE_BOUND('',#7417,.T.);
#7417 = EDGE_LOOP('',(#7418,#7428,#7436,#7444));
#7418 = ORIENTED_EDGE('',*,*,#7419,.F.);
#7419 = EDGE_CURVE('',#7420,#7422,#7424,.T.);
#7420 = VERTEX_POINT('',#7421);
#7421 = CARTESIAN_POINT('',(-3.63,3.7,-1.71));
#7422 = VERTEX_POINT('',#7423);
#7423 = CARTESIAN_POINT('',(-3.63,3.7,-3.25));
#7424 = LINE('',#7425,#7426);
#7425 = CARTESIAN_POINT('',(-3.63,3.7,-1.71));
#7426 = VECTOR('',#7427,1.);
#7427 = DIRECTION('',(0.,0.,-1.));
#7428 = ORIENTED_EDGE('',*,*,#7429,.T.);
#7429 = EDGE_CURVE('',#7420,#7430,#7432,.T.);
#7430 = VERTEX_POINT('',#7431);
#7431 = CARTESIAN_POINT('',(-4.77,3.7,-1.71));
#7432 = LINE('',#7433,#7434);
#7433 = CARTESIAN_POINT('',(-3.63,3.7,-1.71));
#7434 = VECTOR('',#7435,1.);
#7435 = DIRECTION('',(-1.,0.,0.));
#7436 = ORIENTED_EDGE('',*,*,#7437,.F.);
#7437 = EDGE_CURVE('',#7438,#7430,#7440,.T.);
#7438 = VERTEX_POINT('',#7439);
#7439 = CARTESIAN_POINT('',(-4.77,3.7,-3.25));
#7440 = LINE('',#7441,#7442);
#7441 = CARTESIAN_POINT('',(-4.77,3.7,-3.25));
#7442 = VECTOR('',#7443,1.);
#7443 = DIRECTION('',(0.,0.,1.));
#7444 = ORIENTED_EDGE('',*,*,#7445,.F.);
#7445 = EDGE_CURVE('',#7422,#7438,#7446,.T.);
#7446 = LINE('',#7447,#7448);
#7447 = CARTESIAN_POINT('',(-3.63,3.7,-3.25));
#7448 = VECTOR('',#7449,1.);
#7449 = DIRECTION('',(-1.,0.,0.));
#7450 = PLANE('',#7451);
#7451 = AXIS2_PLACEMENT_3D('',#7452,#7453,#7454);
#7452 = CARTESIAN_POINT('',(-6.9,3.7,-4.8));
#7453 = DIRECTION('',(-0.,1.,0.));
#7454 = DIRECTION('',(1.,0.,0.));
#7455 = ADVANCED_FACE('',(#7456,#7506),#7540,.T.);
#7456 = FACE_BOUND('',#7457,.T.);
#7457 = EDGE_LOOP('',(#7458,#7468,#7476,#7484,#7492,#7500));
#7458 = ORIENTED_EDGE('',*,*,#7459,.T.);
#7459 = EDGE_CURVE('',#7460,#7462,#7464,.T.);
#7460 = VERTEX_POINT('',#7461);
#7461 = CARTESIAN_POINT('',(-6.,3.7,0.3));
#7462 = VERTEX_POINT('',#7463);
#7463 = CARTESIAN_POINT('',(-6.,3.7,3.));
#7464 = LINE('',#7465,#7466);
#7465 = CARTESIAN_POINT('',(-6.,3.7,0.3));
#7466 = VECTOR('',#7467,1.);
#7467 = DIRECTION('',(0.,0.,1.));
#7468 = ORIENTED_EDGE('',*,*,#7469,.T.);
#7469 = EDGE_CURVE('',#7462,#7470,#7472,.T.);
#7470 = VERTEX_POINT('',#7471);
#7471 = CARTESIAN_POINT('',(-5.1,3.7,3.9));
#7472 = LINE('',#7473,#7474);
#7473 = CARTESIAN_POINT('',(-6.,3.7,3.));
#7474 = VECTOR('',#7475,1.);
#7475 = DIRECTION('',(0.707106781187,0.,0.707106781187));
#7476 = ORIENTED_EDGE('',*,*,#7477,.T.);
#7477 = EDGE_CURVE('',#7470,#7478,#7480,.T.);
#7478 = VERTEX_POINT('',#7479);
#7479 = CARTESIAN_POINT('',(-3.3,3.7,3.9));
#7480 = LINE('',#7481,#7482);
#7481 = CARTESIAN_POINT('',(-5.1,3.7,3.9));
#7482 = VECTOR('',#7483,1.);
#7483 = DIRECTION('',(1.,0.,0.));
#7484 = ORIENTED_EDGE('',*,*,#7485,.T.);
#7485 = EDGE_CURVE('',#7478,#7486,#7488,.T.);
#7486 = VERTEX_POINT('',#7487);
#7487 = CARTESIAN_POINT('',(-2.4,3.7,3.));
#7488 = LINE('',#7489,#7490);
#7489 = CARTESIAN_POINT('',(-3.3,3.7,3.9));
#7490 = VECTOR('',#7491,1.);
#7491 = DIRECTION('',(0.707106781187,0.,-0.707106781187));
#7492 = ORIENTED_EDGE('',*,*,#7493,.T.);
#7493 = EDGE_CURVE('',#7486,#7494,#7496,.T.);
#7494 = VERTEX_POINT('',#7495);
#7495 = CARTESIAN_POINT('',(-2.4,3.7,0.3));
#7496 = LINE('',#7497,#7498);
#7497 = CARTESIAN_POINT('',(-2.4,3.7,3.));
#7498 = VECTOR('',#7499,1.);
#7499 = DIRECTION('',(0.,0.,-1.));
#7500 = ORIENTED_EDGE('',*,*,#7501,.T.);
#7501 = EDGE_CURVE('',#7494,#7460,#7502,.T.);
#7502 = LINE('',#7503,#7504);
#7503 = CARTESIAN_POINT('',(-2.4,3.7,0.3));
#7504 = VECTOR('',#7505,1.);
#7505 = DIRECTION('',(-1.,0.,0.));
#7506 = FACE_BOUND('',#7507,.T.);
#7507 = EDGE_LOOP('',(#7508,#7518,#7526,#7534));
#7508 = ORIENTED_EDGE('',*,*,#7509,.F.);
#7509 = EDGE_CURVE('',#7510,#7512,#7514,.T.);
#7510 = VERTEX_POINT('',#7511);
#7511 = CARTESIAN_POINT('',(-3.63,3.7,2.85));
#7512 = VERTEX_POINT('',#7513);
#7513 = CARTESIAN_POINT('',(-3.63,3.7,1.31));
#7514 = LINE('',#7515,#7516);
#7515 = CARTESIAN_POINT('',(-3.63,3.7,2.85));
#7516 = VECTOR('',#7517,1.);
#7517 = DIRECTION('',(0.,0.,-1.));
#7518 = ORIENTED_EDGE('',*,*,#7519,.T.);
#7519 = EDGE_CURVE('',#7510,#7520,#7522,.T.);
#7520 = VERTEX_POINT('',#7521);
#7521 = CARTESIAN_POINT('',(-4.77,3.7,2.85));
#7522 = LINE('',#7523,#7524);
#7523 = CARTESIAN_POINT('',(-3.63,3.7,2.85));
#7524 = VECTOR('',#7525,1.);
#7525 = DIRECTION('',(-1.,0.,0.));
#7526 = ORIENTED_EDGE('',*,*,#7527,.F.);
#7527 = EDGE_CURVE('',#7528,#7520,#7530,.T.);
#7528 = VERTEX_POINT('',#7529);
#7529 = CARTESIAN_POINT('',(-4.77,3.7,1.31));
#7530 = LINE('',#7531,#7532);
#7531 = CARTESIAN_POINT('',(-4.77,3.7,1.31));
#7532 = VECTOR('',#7533,1.);
#7533 = DIRECTION('',(0.,0.,1.));
#7534 = ORIENTED_EDGE('',*,*,#7535,.F.);
#7535 = EDGE_CURVE('',#7512,#7528,#7536,.T.);
#7536 = LINE('',#7537,#7538);
#7537 = CARTESIAN_POINT('',(-3.63,3.7,1.31));
#7538 = VECTOR('',#7539,1.);
#7539 = DIRECTION('',(-1.,0.,0.));
#7540 = PLANE('',#7541);
#7541 = AXIS2_PLACEMENT_3D('',#7542,#7543,#7544);
#7542 = CARTESIAN_POINT('',(-6.9,3.7,-4.8));
#7543 = DIRECTION('',(-0.,1.,0.));
#7544 = DIRECTION('',(1.,0.,0.));
#7545 = ADVANCED_FACE('',(#7546),#7562,.F.);
#7546 = FACE_BOUND('',#7547,.T.);
#7547 = EDGE_LOOP('',(#7548,#7549,#7555,#7556));
#7548 = ORIENTED_EDGE('',*,*,#6532,.T.);
#7549 = ORIENTED_EDGE('',*,*,#7550,.T.);
#7550 = EDGE_CURVE('',#6535,#7242,#7551,.T.);
#7551 = LINE('',#7552,#7553);
#7552 = CARTESIAN_POINT('',(1.8,12.8,0.3));
#7553 = VECTOR('',#7554,1.);
#7554 = DIRECTION('',(0.,-1.,0.));
#7555 = ORIENTED_EDGE('',*,*,#7239,.F.);
#7556 = ORIENTED_EDGE('',*,*,#7557,.F.);
#7557 = EDGE_CURVE('',#6533,#7240,#7558,.T.);
#7558 = LINE('',#7559,#7560);
#7559 = CARTESIAN_POINT('',(1.8,12.8,3.));
#7560 = VECTOR('',#7561,1.);
#7561 = DIRECTION('',(0.,-1.,0.));
#7562 = PLANE('',#7563);
#7563 = AXIS2_PLACEMENT_3D('',#7564,#7565,#7566);
#7564 = CARTESIAN_POINT('',(1.8,12.8,3.));
#7565 = DIRECTION('',(1.,0.,0.));
#7566 = DIRECTION('',(-0.,1.,0.));
#7567 = ADVANCED_FACE('',(#7568),#7579,.F.);
#7568 = FACE_BOUND('',#7569,.T.);
#7569 = EDGE_LOOP('',(#7570,#7571,#7572,#7573));
#7570 = ORIENTED_EDGE('',*,*,#6542,.T.);
#7571 = ORIENTED_EDGE('',*,*,#7557,.T.);
#7572 = ORIENTED_EDGE('',*,*,#7281,.F.);
#7573 = ORIENTED_EDGE('',*,*,#7574,.F.);
#7574 = EDGE_CURVE('',#6543,#7274,#7575,.T.);
#7575 = LINE('',#7576,#7577);
#7576 = CARTESIAN_POINT('',(0.9,12.8,3.9));
#7577 = VECTOR('',#7578,1.);
#7578 = DIRECTION('',(0.,-1.,0.));
#7579 = PLANE('',#7580);
#7580 = AXIS2_PLACEMENT_3D('',#7581,#7582,#7583);
#7581 = CARTESIAN_POINT('',(0.9,12.8,3.9));
#7582 = DIRECTION('',(0.707106781187,0.,0.707106781187));
#7583 = DIRECTION('',(0.,-1.,0.));
#7584 = ADVANCED_FACE('',(#7585),#7596,.F.);
#7585 = FACE_BOUND('',#7586,.T.);
#7586 = EDGE_LOOP('',(#7587,#7588,#7589,#7590));
#7587 = ORIENTED_EDGE('',*,*,#6550,.T.);
#7588 = ORIENTED_EDGE('',*,*,#7574,.T.);
#7589 = ORIENTED_EDGE('',*,*,#7273,.F.);
#7590 = ORIENTED_EDGE('',*,*,#7591,.F.);
#7591 = EDGE_CURVE('',#6551,#7266,#7592,.T.);
#7592 = LINE('',#7593,#7594);
#7593 = CARTESIAN_POINT('',(-0.9,12.8,3.9));
#7594 = VECTOR('',#7595,1.);
#7595 = DIRECTION('',(0.,-1.,0.));
#7596 = PLANE('',#7597);
#7597 = AXIS2_PLACEMENT_3D('',#7598,#7599,#7600);
#7598 = CARTESIAN_POINT('',(-0.9,12.8,3.9));
#7599 = DIRECTION('',(0.,0.,1.));
#7600 = DIRECTION('',(1.,0.,-0.));
#7601 = ADVANCED_FACE('',(#7602),#7613,.F.);
#7602 = FACE_BOUND('',#7603,.T.);
#7603 = EDGE_LOOP('',(#7604,#7605,#7606,#7607));
#7604 = ORIENTED_EDGE('',*,*,#6558,.T.);
#7605 = ORIENTED_EDGE('',*,*,#7591,.T.);
#7606 = ORIENTED_EDGE('',*,*,#7265,.F.);
#7607 = ORIENTED_EDGE('',*,*,#7608,.F.);
#7608 = EDGE_CURVE('',#6559,#7258,#7609,.T.);
#7609 = LINE('',#7610,#7611);
#7610 = CARTESIAN_POINT('',(-1.8,12.8,3.));
#7611 = VECTOR('',#7612,1.);
#7612 = DIRECTION('',(0.,-1.,0.));
#7613 = PLANE('',#7614);
#7614 = AXIS2_PLACEMENT_3D('',#7615,#7616,#7617);
#7615 = CARTESIAN_POINT('',(-1.8,12.8,3.));
#7616 = DIRECTION('',(-0.707106781186,0.,0.707106781187));
#7617 = DIRECTION('',(0.,1.,0.));
#7618 = ADVANCED_FACE('',(#7619),#7630,.F.);
#7619 = FACE_BOUND('',#7620,.T.);
#7620 = EDGE_LOOP('',(#7621,#7622,#7623,#7624));
#7621 = ORIENTED_EDGE('',*,*,#6566,.T.);
#7622 = ORIENTED_EDGE('',*,*,#7608,.T.);
#7623 = ORIENTED_EDGE('',*,*,#7257,.F.);
#7624 = ORIENTED_EDGE('',*,*,#7625,.F.);
#7625 = EDGE_CURVE('',#6567,#7250,#7626,.T.);
#7626 = LINE('',#7627,#7628);
#7627 = CARTESIAN_POINT('',(-1.8,12.8,0.3));
#7628 = VECTOR('',#7629,1.);
#7629 = DIRECTION('',(0.,-1.,0.));
#7630 = PLANE('',#7631);
#7631 = AXIS2_PLACEMENT_3D('',#7632,#7633,#7634);
#7632 = CARTESIAN_POINT('',(-1.8,12.8,0.3));
#7633 = DIRECTION('',(-1.,0.,0.));
#7634 = DIRECTION('',(0.,0.,1.));
#7635 = ADVANCED_FACE('',(#7636),#7642,.F.);
#7636 = FACE_BOUND('',#7637,.T.);
#7637 = EDGE_LOOP('',(#7638,#7639,#7640,#7641));
#7638 = ORIENTED_EDGE('',*,*,#6574,.T.);
#7639 = ORIENTED_EDGE('',*,*,#7625,.T.);
#7640 = ORIENTED_EDGE('',*,*,#7249,.F.);
#7641 = ORIENTED_EDGE('',*,*,#7550,.F.);
#7642 = PLANE('',#7643);
#7643 = AXIS2_PLACEMENT_3D('',#7644,#7645,#7646);
#7644 = CARTESIAN_POINT('',(1.8,12.8,0.3));
#7645 = DIRECTION('',(0.,0.,-1.));
#7646 = DIRECTION('',(0.,-1.,0.));
#7647 = ADVANCED_FACE('',(#7648),#7664,.F.);
#7648 = FACE_BOUND('',#7649,.T.);
#7649 = EDGE_LOOP('',(#7650,#7651,#7657,#7658));
#7650 = ORIENTED_EDGE('',*,*,#6582,.T.);
#7651 = ORIENTED_EDGE('',*,*,#7652,.T.);
#7652 = EDGE_CURVE('',#6585,#7323,#7653,.T.);
#7653 = LINE('',#7654,#7655);
#7654 = CARTESIAN_POINT('',(1.8,12.8,-3.9));
#7655 = VECTOR('',#7656,1.);
#7656 = DIRECTION('',(0.,-1.,0.));
#7657 = ORIENTED_EDGE('',*,*,#7320,.F.);
#7658 = ORIENTED_EDGE('',*,*,#7659,.F.);
#7659 = EDGE_CURVE('',#6583,#7321,#7660,.T.);
#7660 = LINE('',#7661,#7662);
#7661 = CARTESIAN_POINT('',(1.8,12.8,-0.3));
#7662 = VECTOR('',#7663,1.);
#7663 = DIRECTION('',(0.,-1.,0.));
#7664 = PLANE('',#7665);
#7665 = AXIS2_PLACEMENT_3D('',#7666,#7667,#7668);
#7666 = CARTESIAN_POINT('',(1.8,12.8,-0.3));
#7667 = DIRECTION('',(1.,0.,0.));
#7668 = DIRECTION('',(-0.,1.,0.));
#7669 = ADVANCED_FACE('',(#7670),#7681,.F.);
#7670 = FACE_BOUND('',#7671,.T.);
#7671 = EDGE_LOOP('',(#7672,#7673,#7674,#7675));
#7672 = ORIENTED_EDGE('',*,*,#6592,.T.);
#7673 = ORIENTED_EDGE('',*,*,#7659,.T.);
#7674 = ORIENTED_EDGE('',*,*,#7346,.F.);
#7675 = ORIENTED_EDGE('',*,*,#7676,.F.);
#7676 = EDGE_CURVE('',#6593,#7339,#7677,.T.);
#7677 = LINE('',#7678,#7679);
#7678 = CARTESIAN_POINT('',(-1.8,12.8,-0.3));
#7679 = VECTOR('',#7680,1.);
#7680 = DIRECTION('',(0.,-1.,0.));
#7681 = PLANE('',#7682);
#7682 = AXIS2_PLACEMENT_3D('',#7683,#7684,#7685);
#7683 = CARTESIAN_POINT('',(-1.8,12.8,-0.3));
#7684 = DIRECTION('',(0.,0.,1.));
#7685 = DIRECTION('',(1.,0.,-0.));
#7686 = ADVANCED_FACE('',(#7687),#7698,.F.);
#7687 = FACE_BOUND('',#7688,.T.);
#7688 = EDGE_LOOP('',(#7689,#7690,#7691,#7692));
#7689 = ORIENTED_EDGE('',*,*,#6600,.T.);
#7690 = ORIENTED_EDGE('',*,*,#7676,.T.);
#7691 = ORIENTED_EDGE('',*,*,#7338,.F.);
#7692 = ORIENTED_EDGE('',*,*,#7693,.F.);
#7693 = EDGE_CURVE('',#6601,#7331,#7694,.T.);
#7694 = LINE('',#7695,#7696);
#7695 = CARTESIAN_POINT('',(-1.8,12.8,-3.9));
#7696 = VECTOR('',#7697,1.);
#7697 = DIRECTION('',(0.,-1.,0.));
#7698 = PLANE('',#7699);
#7699 = AXIS2_PLACEMENT_3D('',#7700,#7701,#7702);
#7700 = CARTESIAN_POINT('',(-1.8,12.8,-3.9));
#7701 = DIRECTION('',(-1.,0.,0.));
#7702 = DIRECTION('',(0.,0.,1.));
#7703 = ADVANCED_FACE('',(#7704),#7710,.F.);
#7704 = FACE_BOUND('',#7705,.T.);
#7705 = EDGE_LOOP('',(#7706,#7707,#7708,#7709));
#7706 = ORIENTED_EDGE('',*,*,#6608,.T.);
#7707 = ORIENTED_EDGE('',*,*,#7693,.T.);
#7708 = ORIENTED_EDGE('',*,*,#7330,.F.);
#7709 = ORIENTED_EDGE('',*,*,#7652,.F.);
#7710 = PLANE('',#7711);
#7711 = AXIS2_PLACEMENT_3D('',#7712,#7713,#7714);
#7712 = CARTESIAN_POINT('',(1.8,12.8,-3.9));
#7713 = DIRECTION('',(0.,0.,-1.));
#7714 = DIRECTION('',(0.,-1.,0.));
#7715 = ADVANCED_FACE('',(#7716),#7732,.F.);
#7716 = FACE_BOUND('',#7717,.T.);
#7717 = EDGE_LOOP('',(#7718,#7719,#7725,#7726));
#7718 = ORIENTED_EDGE('',*,*,#6448,.T.);
#7719 = ORIENTED_EDGE('',*,*,#7720,.T.);
#7720 = EDGE_CURVE('',#6451,#7388,#7721,.T.);
#7721 = LINE('',#7722,#7723);
#7722 = CARTESIAN_POINT('',(-6.,12.8,-0.3));
#7723 = VECTOR('',#7724,1.);
#7724 = DIRECTION('',(0.,-1.,0.));
#7725 = ORIENTED_EDGE('',*,*,#7385,.F.);
#7726 = ORIENTED_EDGE('',*,*,#7727,.F.);
#7727 = EDGE_CURVE('',#6449,#7386,#7728,.T.);
#7728 = LINE('',#7729,#7730);
#7729 = CARTESIAN_POINT('',(-6.,12.8,-3.9));
#7730 = VECTOR('',#7731,1.);
#7731 = DIRECTION('',(0.,-1.,0.));
#7732 = PLANE('',#7733);
#7733 = AXIS2_PLACEMENT_3D('',#7734,#7735,#7736);
#7734 = CARTESIAN_POINT('',(-6.,12.8,-3.9));
#7735 = DIRECTION('',(-1.,0.,0.));
#7736 = DIRECTION('',(0.,0.,1.));
#7737 = ADVANCED_FACE('',(#7738),#7749,.F.);
#7738 = FACE_BOUND('',#7739,.T.);
#7739 = EDGE_LOOP('',(#7740,#7741,#7742,#7743));
#7740 = ORIENTED_EDGE('',*,*,#6458,.T.);
#7741 = ORIENTED_EDGE('',*,*,#7727,.T.);
#7742 = ORIENTED_EDGE('',*,*,#7411,.F.);
#7743 = ORIENTED_EDGE('',*,*,#7744,.F.);
#7744 = EDGE_CURVE('',#6459,#7404,#7745,.T.);
#7745 = LINE('',#7746,#7747);
#7746 = CARTESIAN_POINT('',(-2.4,12.8,-3.9));
#7747 = VECTOR('',#7748,1.);
#7748 = DIRECTION('',(0.,-1.,0.));
#7749 = PLANE('',#7750);
#7750 = AXIS2_PLACEMENT_3D('',#7751,#7752,#7753);
#7751 = CARTESIAN_POINT('',(-2.4,12.8,-3.9));
#7752 = DIRECTION('',(0.,0.,-1.));
#7753 = DIRECTION('',(0.,-1.,0.));
#7754 = ADVANCED_FACE('',(#7755),#7766,.F.);
#7755 = FACE_BOUND('',#7756,.T.);
#7756 = EDGE_LOOP('',(#7757,#7758,#7759,#7760));
#7757 = ORIENTED_EDGE('',*,*,#6466,.T.);
#7758 = ORIENTED_EDGE('',*,*,#7744,.T.);
#7759 = ORIENTED_EDGE('',*,*,#7403,.F.);
#7760 = ORIENTED_EDGE('',*,*,#7761,.F.);
#7761 = EDGE_CURVE('',#6467,#7396,#7762,.T.);
#7762 = LINE('',#7763,#7764);
#7763 = CARTESIAN_POINT('',(-2.4,12.8,-0.3));
#7764 = VECTOR('',#7765,1.);
#7765 = DIRECTION('',(0.,-1.,0.));
#7766 = PLANE('',#7767);
#7767 = AXIS2_PLACEMENT_3D('',#7768,#7769,#7770);
#7768 = CARTESIAN_POINT('',(-2.4,12.8,-0.3));
#7769 = DIRECTION('',(1.,0.,0.));
#7770 = DIRECTION('',(-0.,1.,0.));
#7771 = ADVANCED_FACE('',(#7772),#7778,.F.);
#7772 = FACE_BOUND('',#7773,.T.);
#7773 = EDGE_LOOP('',(#7774,#7775,#7776,#7777));
#7774 = ORIENTED_EDGE('',*,*,#6474,.T.);
#7775 = ORIENTED_EDGE('',*,*,#7761,.T.);
#7776 = ORIENTED_EDGE('',*,*,#7395,.F.);
#7777 = ORIENTED_EDGE('',*,*,#7720,.F.);
#7778 = PLANE('',#7779);
#7779 = AXIS2_PLACEMENT_3D('',#7780,#7781,#7782);
#7780 = CARTESIAN_POINT('',(-6.,12.8,-0.3));
#7781 = DIRECTION('',(0.,0.,1.));
#7782 = DIRECTION('',(1.,0.,-0.));
#7783 = ADVANCED_FACE('',(#7784),#7800,.F.);
#7784 = FACE_BOUND('',#7785,.T.);
#7785 = EDGE_LOOP('',(#7786,#7787,#7793,#7794));
#7786 = ORIENTED_EDGE('',*,*,#6482,.T.);
#7787 = ORIENTED_EDGE('',*,*,#7788,.T.);
#7788 = EDGE_CURVE('',#6485,#7462,#7789,.T.);
#7789 = LINE('',#7790,#7791);
#7790 = CARTESIAN_POINT('',(-6.,12.8,3.));
#7791 = VECTOR('',#7792,1.);
#7792 = DIRECTION('',(0.,-1.,0.));
#7793 = ORIENTED_EDGE('',*,*,#7459,.F.);
#7794 = ORIENTED_EDGE('',*,*,#7795,.F.);
#7795 = EDGE_CURVE('',#6483,#7460,#7796,.T.);
#7796 = LINE('',#7797,#7798);
#7797 = CARTESIAN_POINT('',(-6.,12.8,0.3));
#7798 = VECTOR('',#7799,1.);
#7799 = DIRECTION('',(0.,-1.,0.));
#7800 = PLANE('',#7801);
#7801 = AXIS2_PLACEMENT_3D('',#7802,#7803,#7804);
#7802 = CARTESIAN_POINT('',(-6.,12.8,0.3));
#7803 = DIRECTION('',(-1.,0.,0.));
#7804 = DIRECTION('',(0.,0.,1.));
#7805 = ADVANCED_FACE('',(#7806),#7817,.F.);
#7806 = FACE_BOUND('',#7807,.T.);
#7807 = EDGE_LOOP('',(#7808,#7809,#7810,#7811));
#7808 = ORIENTED_EDGE('',*,*,#6492,.T.);
#7809 = ORIENTED_EDGE('',*,*,#7795,.T.);
#7810 = ORIENTED_EDGE('',*,*,#7501,.F.);
#7811 = ORIENTED_EDGE('',*,*,#7812,.F.);
#7812 = EDGE_CURVE('',#6493,#7494,#7813,.T.);
#7813 = LINE('',#7814,#7815);
#7814 = CARTESIAN_POINT('',(-2.4,12.8,0.3));
#7815 = VECTOR('',#7816,1.);
#7816 = DIRECTION('',(0.,-1.,0.));
#7817 = PLANE('',#7818);
#7818 = AXIS2_PLACEMENT_3D('',#7819,#7820,#7821);
#7819 = CARTESIAN_POINT('',(-2.4,12.8,0.3));
#7820 = DIRECTION('',(0.,0.,-1.));
#7821 = DIRECTION('',(0.,-1.,0.));
#7822 = ADVANCED_FACE('',(#7823),#7834,.F.);
#7823 = FACE_BOUND('',#7824,.T.);
#7824 = EDGE_LOOP('',(#7825,#7826,#7827,#7828));
#7825 = ORIENTED_EDGE('',*,*,#6500,.T.);
#7826 = ORIENTED_EDGE('',*,*,#7812,.T.);
#7827 = ORIENTED_EDGE('',*,*,#7493,.F.);
#7828 = ORIENTED_EDGE('',*,*,#7829,.F.);
#7829 = EDGE_CURVE('',#6501,#7486,#7830,.T.);
#7830 = LINE('',#7831,#7832);
#7831 = CARTESIAN_POINT('',(-2.4,12.8,3.));
#7832 = VECTOR('',#7833,1.);
#7833 = DIRECTION('',(0.,-1.,0.));
#7834 = PLANE('',#7835);
#7835 = AXIS2_PLACEMENT_3D('',#7836,#7837,#7838);
#7836 = CARTESIAN_POINT('',(-2.4,12.8,3.));
#7837 = DIRECTION('',(1.,0.,0.));
#7838 = DIRECTION('',(-0.,1.,0.));
#7839 = ADVANCED_FACE('',(#7840),#7851,.F.);
#7840 = FACE_BOUND('',#7841,.T.);
#7841 = EDGE_LOOP('',(#7842,#7843,#7844,#7845));
#7842 = ORIENTED_EDGE('',*,*,#6508,.T.);
#7843 = ORIENTED_EDGE('',*,*,#7829,.T.);
#7844 = ORIENTED_EDGE('',*,*,#7485,.F.);
#7845 = ORIENTED_EDGE('',*,*,#7846,.F.);
#7846 = EDGE_CURVE('',#6509,#7478,#7847,.T.);
#7847 = LINE('',#7848,#7849);
#7848 = CARTESIAN_POINT('',(-3.3,12.8,3.9));
#7849 = VECTOR('',#7850,1.);
#7850 = DIRECTION('',(0.,-1.,0.));
#7851 = PLANE('',#7852);
#7852 = AXIS2_PLACEMENT_3D('',#7853,#7854,#7855);
#7853 = CARTESIAN_POINT('',(-3.3,12.8,3.9));
#7854 = DIRECTION('',(0.707106781186,0.,0.707106781187));
#7855 = DIRECTION('',(0.,-1.,0.));
#7856 = ADVANCED_FACE('',(#7857),#7868,.F.);
#7857 = FACE_BOUND('',#7858,.T.);
#7858 = EDGE_LOOP('',(#7859,#7860,#7861,#7862));
#7859 = ORIENTED_EDGE('',*,*,#6516,.T.);
#7860 = ORIENTED_EDGE('',*,*,#7846,.T.);
#7861 = ORIENTED_EDGE('',*,*,#7477,.F.);
#7862 = ORIENTED_EDGE('',*,*,#7863,.F.);
#7863 = EDGE_CURVE('',#6517,#7470,#7864,.T.);
#7864 = LINE('',#7865,#7866);
#7865 = CARTESIAN_POINT('',(-5.1,12.8,3.9));
#7866 = VECTOR('',#7867,1.);
#7867 = DIRECTION('',(0.,-1.,0.));
#7868 = PLANE('',#7869);
#7869 = AXIS2_PLACEMENT_3D('',#7870,#7871,#7872);
#7870 = CARTESIAN_POINT('',(-5.1,12.8,3.9));
#7871 = DIRECTION('',(0.,0.,1.));
#7872 = DIRECTION('',(1.,0.,-0.));
#7873 = ADVANCED_FACE('',(#7874),#7880,.F.);
#7874 = FACE_BOUND('',#7875,.T.);
#7875 = EDGE_LOOP('',(#7876,#7877,#7878,#7879));
#7876 = ORIENTED_EDGE('',*,*,#6524,.T.);
#7877 = ORIENTED_EDGE('',*,*,#7863,.T.);
#7878 = ORIENTED_EDGE('',*,*,#7469,.F.);
#7879 = ORIENTED_EDGE('',*,*,#7788,.F.);
#7880 = PLANE('',#7881);
#7881 = AXIS2_PLACEMENT_3D('',#7882,#7883,#7884);
#7882 = CARTESIAN_POINT('',(-6.,12.8,3.));
#7883 = DIRECTION('',(-0.707106781186,0.,0.707106781187));
#7884 = DIRECTION('',(0.,1.,0.));
#7885 = ADVANCED_FACE('',(#7886),#7904,.T.);
#7886 = FACE_BOUND('',#7887,.T.);
#7887 = EDGE_LOOP('',(#7888,#7889,#7897,#7903));
#7888 = ORIENTED_EDGE('',*,*,#7371,.T.);
#7889 = ORIENTED_EDGE('',*,*,#7890,.F.);
#7890 = EDGE_CURVE('',#7891,#7364,#7893,.T.);
#7891 = VERTEX_POINT('',#7892);
#7892 = CARTESIAN_POINT('',(-0.57,4.3,-2.85));
#7893 = LINE('',#7894,#7895);
#7894 = CARTESIAN_POINT('',(-0.57,4.3,-2.85));
#7895 = VECTOR('',#7896,1.);
#7896 = DIRECTION('',(0.,-0.832050294338,-0.554700196225));
#7897 = ORIENTED_EDGE('',*,*,#7898,.F.);
#7898 = EDGE_CURVE('',#7076,#7891,#7899,.T.);
#7899 = LINE('',#7900,#7901);
#7900 = CARTESIAN_POINT('',(0.57,4.3,-2.85));
#7901 = VECTOR('',#7902,1.);
#7902 = DIRECTION('',(-1.,0.,0.));
#7903 = ORIENTED_EDGE('',*,*,#7075,.T.);
#7904 = PLANE('',#7905);
#7905 = AXIS2_PLACEMENT_3D('',#7906,#7907,#7908);
#7906 = CARTESIAN_POINT('',(0.57,4.3,-2.85));
#7907 = DIRECTION('',(0.,0.554700196225,-0.832050294338));
#7908 = DIRECTION('',(-1.,0.,0.));
#7909 = ADVANCED_FACE('',(#7910),#7928,.T.);
#7910 = FACE_BOUND('',#7911,.T.);
#7911 = EDGE_LOOP('',(#7912,#7913,#7914,#7922));
#7912 = ORIENTED_EDGE('',*,*,#7083,.T.);
#7913 = ORIENTED_EDGE('',*,*,#7898,.T.);
#7914 = ORIENTED_EDGE('',*,*,#7915,.F.);
#7915 = EDGE_CURVE('',#7916,#7891,#7918,.T.);
#7916 = VERTEX_POINT('',#7917);
#7917 = CARTESIAN_POINT('',(-0.57,9.2,-2.85));
#7918 = LINE('',#7919,#7920);
#7919 = CARTESIAN_POINT('',(-0.57,9.2,-2.85));
#7920 = VECTOR('',#7921,1.);
#7921 = DIRECTION('',(0.,-1.,0.));
#7922 = ORIENTED_EDGE('',*,*,#7923,.F.);
#7923 = EDGE_CURVE('',#7084,#7916,#7924,.T.);
#7924 = LINE('',#7925,#7926);
#7925 = CARTESIAN_POINT('',(0.57,9.2,-2.85));
#7926 = VECTOR('',#7927,1.);
#7927 = DIRECTION('',(-1.,0.,0.));
#7928 = PLANE('',#7929);
#7929 = AXIS2_PLACEMENT_3D('',#7930,#7931,#7932);
#7930 = CARTESIAN_POINT('',(0.57,9.2,-2.85));
#7931 = DIRECTION('',(0.,0.,-1.));
#7932 = DIRECTION('',(0.,-1.,0.));
#7933 = ADVANCED_FACE('',(#7934),#7952,.T.);
#7934 = FACE_BOUND('',#7935,.T.);
#7935 = EDGE_LOOP('',(#7936,#7937,#7938,#7946));
#7936 = ORIENTED_EDGE('',*,*,#7091,.T.);
#7937 = ORIENTED_EDGE('',*,*,#7923,.T.);
#7938 = ORIENTED_EDGE('',*,*,#7939,.F.);
#7939 = EDGE_CURVE('',#7940,#7916,#7942,.T.);
#7940 = VERTEX_POINT('',#7941);
#7941 = CARTESIAN_POINT('',(-0.57,9.2,-1.71));
#7942 = LINE('',#7943,#7944);
#7943 = CARTESIAN_POINT('',(-0.57,9.2,-1.71));
#7944 = VECTOR('',#7945,1.);
#7945 = DIRECTION('',(0.,0.,-1.));
#7946 = ORIENTED_EDGE('',*,*,#7947,.F.);
#7947 = EDGE_CURVE('',#7092,#7940,#7948,.T.);
#7948 = LINE('',#7949,#7950);
#7949 = CARTESIAN_POINT('',(0.57,9.2,-1.71));
#7950 = VECTOR('',#7951,1.);
#7951 = DIRECTION('',(-1.,0.,0.));
#7952 = PLANE('',#7953);
#7953 = AXIS2_PLACEMENT_3D('',#7954,#7955,#7956);
#7954 = CARTESIAN_POINT('',(0.57,9.2,-1.71));
#7955 = DIRECTION('',(-0.,1.,0.));
#7956 = DIRECTION('',(1.,0.,0.));
#7957 = ADVANCED_FACE('',(#7958),#7969,.T.);
#7958 = FACE_BOUND('',#7959,.T.);
#7959 = EDGE_LOOP('',(#7960,#7961,#7962,#7963));
#7960 = ORIENTED_EDGE('',*,*,#7355,.F.);
#7961 = ORIENTED_EDGE('',*,*,#7099,.T.);
#7962 = ORIENTED_EDGE('',*,*,#7947,.T.);
#7963 = ORIENTED_EDGE('',*,*,#7964,.F.);
#7964 = EDGE_CURVE('',#7356,#7940,#7965,.T.);
#7965 = LINE('',#7966,#7967);
#7966 = CARTESIAN_POINT('',(-0.57,3.7,-1.71));
#7967 = VECTOR('',#7968,1.);
#7968 = DIRECTION('',(0.,1.,0.));
#7969 = PLANE('',#7970);
#7970 = AXIS2_PLACEMENT_3D('',#7971,#7972,#7973);
#7971 = CARTESIAN_POINT('',(0.57,3.7,-1.71));
#7972 = DIRECTION('',(0.,0.,1.));
#7973 = DIRECTION('',(1.,0.,-0.));
#7974 = ADVANCED_FACE('',(#7975),#7982,.T.);
#7975 = FACE_BOUND('',#7976,.T.);
#7976 = EDGE_LOOP('',(#7977,#7978,#7979,#7980,#7981));
#7977 = ORIENTED_EDGE('',*,*,#7363,.T.);
#7978 = ORIENTED_EDGE('',*,*,#7964,.T.);
#7979 = ORIENTED_EDGE('',*,*,#7939,.T.);
#7980 = ORIENTED_EDGE('',*,*,#7915,.T.);
#7981 = ORIENTED_EDGE('',*,*,#7890,.T.);
#7982 = PLANE('',#7983);
#7983 = AXIS2_PLACEMENT_3D('',#7984,#7985,#7986);
#7984 = CARTESIAN_POINT('',(-0.57,0.,0.));
#7985 = DIRECTION('',(-1.,0.,0.));
#7986 = DIRECTION('',(0.,0.,1.));
#7987 = ADVANCED_FACE('',(#7988),#8021,.T.);
#7988 = FACE_BOUND('',#7989,.T.);
#7989 = EDGE_LOOP('',(#7990,#7991,#7999,#8007,#8015));
#7990 = ORIENTED_EDGE('',*,*,#7298,.T.);
#7991 = ORIENTED_EDGE('',*,*,#7992,.T.);
#7992 = EDGE_CURVE('',#7291,#7993,#7995,.T.);
#7993 = VERTEX_POINT('',#7994);
#7994 = CARTESIAN_POINT('',(-0.57,4.3,2.45));
#7995 = LINE('',#7996,#7997);
#7996 = CARTESIAN_POINT('',(-0.57,3.7,2.85));
#7997 = VECTOR('',#7998,1.);
#7998 = DIRECTION('',(0.,0.832050294338,-0.554700196225));
#7999 = ORIENTED_EDGE('',*,*,#8000,.T.);
#8000 = EDGE_CURVE('',#7993,#8001,#8003,.T.);
#8001 = VERTEX_POINT('',#8002);
#8002 = CARTESIAN_POINT('',(-0.57,9.2,2.45));
#8003 = LINE('',#8004,#8005);
#8004 = CARTESIAN_POINT('',(-0.57,4.3,2.45));
#8005 = VECTOR('',#8006,1.);
#8006 = DIRECTION('',(0.,1.,0.));
#8007 = ORIENTED_EDGE('',*,*,#8008,.T.);
#8008 = EDGE_CURVE('',#8001,#8009,#8011,.T.);
#8009 = VERTEX_POINT('',#8010);
#8010 = CARTESIAN_POINT('',(-0.57,9.2,1.31));
#8011 = LINE('',#8012,#8013);
#8012 = CARTESIAN_POINT('',(-0.57,9.2,2.45));
#8013 = VECTOR('',#8014,1.);
#8014 = DIRECTION('',(0.,0.,-1.));
#8015 = ORIENTED_EDGE('',*,*,#8016,.T.);
#8016 = EDGE_CURVE('',#8009,#7299,#8017,.T.);
#8017 = LINE('',#8018,#8019);
#8018 = CARTESIAN_POINT('',(-0.57,9.2,1.31));
#8019 = VECTOR('',#8020,1.);
#8020 = DIRECTION('',(0.,-1.,0.));
#8021 = PLANE('',#8022);
#8022 = AXIS2_PLACEMENT_3D('',#8023,#8024,#8025);
#8023 = CARTESIAN_POINT('',(-0.57,0.,0.));
#8024 = DIRECTION('',(-1.,0.,0.));
#8025 = DIRECTION('',(0.,0.,1.));
#8026 = ADVANCED_FACE('',(#8027),#8060,.T.);
#8027 = FACE_BOUND('',#8028,.T.);
#8028 = EDGE_LOOP('',(#8029,#8030,#8038,#8046,#8054));
#8029 = ORIENTED_EDGE('',*,*,#6894,.F.);
#8030 = ORIENTED_EDGE('',*,*,#8031,.T.);
#8031 = EDGE_CURVE('',#6887,#8032,#8034,.T.);
#8032 = VERTEX_POINT('',#8033);
#8033 = CARTESIAN_POINT('',(-0.57,-3.5,-3.25));
#8034 = LINE('',#8035,#8036);
#8035 = CARTESIAN_POINT('',(-0.57,0.8,-3.25));
#8036 = VECTOR('',#8037,1.);
#8037 = DIRECTION('',(0.,-1.,0.));
#8038 = ORIENTED_EDGE('',*,*,#8039,.T.);
#8039 = EDGE_CURVE('',#8032,#8040,#8042,.T.);
#8040 = VERTEX_POINT('',#8041);
#8041 = CARTESIAN_POINT('',(-0.57,-3.5,-3.1));
#8042 = LINE('',#8043,#8044);
#8043 = CARTESIAN_POINT('',(-0.57,-3.5,-3.25));
#8044 = VECTOR('',#8045,1.);
#8045 = DIRECTION('',(0.,0.,1.));
#8046 = ORIENTED_EDGE('',*,*,#8047,.T.);
#8047 = EDGE_CURVE('',#8040,#8048,#8050,.T.);
#8048 = VERTEX_POINT('',#8049);
#8049 = CARTESIAN_POINT('',(-0.57,-2.23,-2.65));
#8050 = LINE('',#8051,#8052);
#8051 = CARTESIAN_POINT('',(-0.57,-3.5,-3.1));
#8052 = VECTOR('',#8053,1.);
#8053 = DIRECTION('',(0.,0.942578556478,0.333984527886));
#8054 = ORIENTED_EDGE('',*,*,#8055,.T.);
#8055 = EDGE_CURVE('',#8048,#6895,#8056,.T.);
#8056 = LINE('',#8057,#8058);
#8057 = CARTESIAN_POINT('',(-0.57,-2.23,-2.65));
#8058 = VECTOR('',#8059,1.);
#8059 = DIRECTION('',(0.,1.,0.));
#8060 = PLANE('',#8061);
#8061 = AXIS2_PLACEMENT_3D('',#8062,#8063,#8064);
#8062 = CARTESIAN_POINT('',(-0.57,0.,0.));
#8063 = DIRECTION('',(-1.,0.,0.));
#8064 = DIRECTION('',(0.,0.,1.));
#8065 = ADVANCED_FACE('',(#8066),#8099,.T.);
#8066 = FACE_BOUND('',#8067,.T.);
#8067 = EDGE_LOOP('',(#8068,#8069,#8077,#8085,#8093));
#8068 = ORIENTED_EDGE('',*,*,#6959,.F.);
#8069 = ORIENTED_EDGE('',*,*,#8070,.T.);
#8070 = EDGE_CURVE('',#6952,#8071,#8073,.T.);
#8071 = VERTEX_POINT('',#8072);
#8072 = CARTESIAN_POINT('',(-0.57,-2.23,2.25));
#8073 = LINE('',#8074,#8075);
#8074 = CARTESIAN_POINT('',(-0.57,0.8,2.25));
#8075 = VECTOR('',#8076,1.);
#8076 = DIRECTION('',(0.,-1.,0.));
#8077 = ORIENTED_EDGE('',*,*,#8078,.T.);
#8078 = EDGE_CURVE('',#8071,#8079,#8081,.T.);
#8079 = VERTEX_POINT('',#8080);
#8080 = CARTESIAN_POINT('',(-0.57,-3.5,2.7));
#8081 = LINE('',#8082,#8083);
#8082 = CARTESIAN_POINT('',(-0.57,-2.23,2.25));
#8083 = VECTOR('',#8084,1.);
#8084 = DIRECTION('',(0.,-0.942578556478,0.333984527886));
#8085 = ORIENTED_EDGE('',*,*,#8086,.T.);
#8086 = EDGE_CURVE('',#8079,#8087,#8089,.T.);
#8087 = VERTEX_POINT('',#8088);
#8088 = CARTESIAN_POINT('',(-0.57,-3.5,2.85));
#8089 = LINE('',#8090,#8091);
#8090 = CARTESIAN_POINT('',(-0.57,-3.5,2.7));
#8091 = VECTOR('',#8092,1.);
#8092 = DIRECTION('',(0.,0.,1.));
#8093 = ORIENTED_EDGE('',*,*,#8094,.T.);
#8094 = EDGE_CURVE('',#8087,#6960,#8095,.T.);
#8095 = LINE('',#8096,#8097);
#8096 = CARTESIAN_POINT('',(-0.57,-3.5,2.85));
#8097 = VECTOR('',#8098,1.);
#8098 = DIRECTION('',(0.,1.,0.));
#8099 = PLANE('',#8100);
#8100 = AXIS2_PLACEMENT_3D('',#8101,#8102,#8103);
#8101 = CARTESIAN_POINT('',(-0.57,0.,0.));
#8102 = DIRECTION('',(-1.,0.,0.));
#8103 = DIRECTION('',(0.,0.,1.));
#8104 = ADVANCED_FACE('',(#8105),#8116,.T.);
#8105 = FACE_BOUND('',#8106,.T.);
#8106 = EDGE_LOOP('',(#8107,#8108,#8109,#8115));
#8107 = ORIENTED_EDGE('',*,*,#7306,.T.);
#8108 = ORIENTED_EDGE('',*,*,#8016,.F.);
#8109 = ORIENTED_EDGE('',*,*,#8110,.F.);
#8110 = EDGE_CURVE('',#7124,#8009,#8111,.T.);
#8111 = LINE('',#8112,#8113);
#8112 = CARTESIAN_POINT('',(0.57,9.2,1.31));
#8113 = VECTOR('',#8114,1.);
#8114 = DIRECTION('',(-1.,0.,0.));
#8115 = ORIENTED_EDGE('',*,*,#7123,.T.);
#8116 = PLANE('',#8117);
#8117 = AXIS2_PLACEMENT_3D('',#8118,#8119,#8120);
#8118 = CARTESIAN_POINT('',(0.57,9.2,1.31));
#8119 = DIRECTION('',(0.,0.,-1.));
#8120 = DIRECTION('',(0.,-1.,0.));
#8121 = ADVANCED_FACE('',(#8122),#8133,.T.);
#8122 = FACE_BOUND('',#8123,.T.);
#8123 = EDGE_LOOP('',(#8124,#8125,#8126,#8127));
#8124 = ORIENTED_EDGE('',*,*,#7131,.T.);
#8125 = ORIENTED_EDGE('',*,*,#8110,.T.);
#8126 = ORIENTED_EDGE('',*,*,#8008,.F.);
#8127 = ORIENTED_EDGE('',*,*,#8128,.F.);
#8128 = EDGE_CURVE('',#7132,#8001,#8129,.T.);
#8129 = LINE('',#8130,#8131);
#8130 = CARTESIAN_POINT('',(0.57,9.2,2.45));
#8131 = VECTOR('',#8132,1.);
#8132 = DIRECTION('',(-1.,0.,0.));
#8133 = PLANE('',#8134);
#8134 = AXIS2_PLACEMENT_3D('',#8135,#8136,#8137);
#8135 = CARTESIAN_POINT('',(0.57,9.2,2.45));
#8136 = DIRECTION('',(-0.,1.,0.));
#8137 = DIRECTION('',(1.,0.,0.));
#8138 = ADVANCED_FACE('',(#8139),#8150,.T.);
#8139 = FACE_BOUND('',#8140,.T.);
#8140 = EDGE_LOOP('',(#8141,#8142,#8143,#8144));
#8141 = ORIENTED_EDGE('',*,*,#7139,.T.);
#8142 = ORIENTED_EDGE('',*,*,#8128,.T.);
#8143 = ORIENTED_EDGE('',*,*,#8000,.F.);
#8144 = ORIENTED_EDGE('',*,*,#8145,.F.);
#8145 = EDGE_CURVE('',#7140,#7993,#8146,.T.);
#8146 = LINE('',#8147,#8148);
#8147 = CARTESIAN_POINT('',(0.57,4.3,2.45));
#8148 = VECTOR('',#8149,1.);
#8149 = DIRECTION('',(-1.,0.,0.));
#8150 = PLANE('',#8151);
#8151 = AXIS2_PLACEMENT_3D('',#8152,#8153,#8154);
#8152 = CARTESIAN_POINT('',(0.57,4.3,2.45));
#8153 = DIRECTION('',(0.,0.,1.));
#8154 = DIRECTION('',(1.,0.,-0.));
#8155 = ADVANCED_FACE('',(#8156),#8162,.T.);
#8156 = FACE_BOUND('',#8157,.T.);
#8157 = EDGE_LOOP('',(#8158,#8159,#8160,#8161));
#8158 = ORIENTED_EDGE('',*,*,#7290,.F.);
#8159 = ORIENTED_EDGE('',*,*,#7147,.T.);
#8160 = ORIENTED_EDGE('',*,*,#8145,.T.);
#8161 = ORIENTED_EDGE('',*,*,#7992,.F.);
#8162 = PLANE('',#8163);
#8163 = AXIS2_PLACEMENT_3D('',#8164,#8165,#8166);
#8164 = CARTESIAN_POINT('',(0.57,3.7,2.85));
#8165 = DIRECTION('',(0.,0.554700196225,0.832050294338));
#8166 = DIRECTION('',(1.,-0.,0.));
#8167 = ADVANCED_FACE('',(#8168),#8179,.T.);
#8168 = FACE_BOUND('',#8169,.T.);
#8169 = EDGE_LOOP('',(#8170,#8171,#8172,#8178));
#8170 = ORIENTED_EDGE('',*,*,#6902,.T.);
#8171 = ORIENTED_EDGE('',*,*,#8055,.F.);
#8172 = ORIENTED_EDGE('',*,*,#8173,.F.);
#8173 = EDGE_CURVE('',#7163,#8048,#8174,.T.);
#8174 = LINE('',#8175,#8176);
#8175 = CARTESIAN_POINT('',(0.57,-2.23,-2.65));
#8176 = VECTOR('',#8177,1.);
#8177 = DIRECTION('',(-1.,0.,0.));
#8178 = ORIENTED_EDGE('',*,*,#7162,.T.);
#8179 = PLANE('',#8180);
#8180 = AXIS2_PLACEMENT_3D('',#8181,#8182,#8183);
#8181 = CARTESIAN_POINT('',(0.57,-2.23,-2.65));
#8182 = DIRECTION('',(0.,0.,1.));
#8183 = DIRECTION('',(1.,0.,-0.));
#8184 = ADVANCED_FACE('',(#8185),#8196,.T.);
#8185 = FACE_BOUND('',#8186,.T.);
#8186 = EDGE_LOOP('',(#8187,#8188,#8189,#8190));
#8187 = ORIENTED_EDGE('',*,*,#7170,.T.);
#8188 = ORIENTED_EDGE('',*,*,#8173,.T.);
#8189 = ORIENTED_EDGE('',*,*,#8047,.F.);
#8190 = ORIENTED_EDGE('',*,*,#8191,.F.);
#8191 = EDGE_CURVE('',#7171,#8040,#8192,.T.);
#8192 = LINE('',#8193,#8194);
#8193 = CARTESIAN_POINT('',(0.57,-3.5,-3.1));
#8194 = VECTOR('',#8195,1.);
#8195 = DIRECTION('',(-1.,0.,0.));
#8196 = PLANE('',#8197);
#8197 = AXIS2_PLACEMENT_3D('',#8198,#8199,#8200);
#8198 = CARTESIAN_POINT('',(0.57,-3.5,-3.1));
#8199 = DIRECTION('',(0.,-0.333984527886,0.942578556478));
#8200 = DIRECTION('',(-1.,0.,0.));
#8201 = ADVANCED_FACE('',(#8202),#8213,.T.);
#8202 = FACE_BOUND('',#8203,.T.);
#8203 = EDGE_LOOP('',(#8204,#8205,#8206,#8207));
#8204 = ORIENTED_EDGE('',*,*,#7178,.T.);
#8205 = ORIENTED_EDGE('',*,*,#8191,.T.);
#8206 = ORIENTED_EDGE('',*,*,#8039,.F.);
#8207 = ORIENTED_EDGE('',*,*,#8208,.F.);
#8208 = EDGE_CURVE('',#7179,#8032,#8209,.T.);
#8209 = LINE('',#8210,#8211);
#8210 = CARTESIAN_POINT('',(0.57,-3.5,-3.25));
#8211 = VECTOR('',#8212,1.);
#8212 = DIRECTION('',(-1.,0.,0.));
#8213 = PLANE('',#8214);
#8214 = AXIS2_PLACEMENT_3D('',#8215,#8216,#8217);
#8215 = CARTESIAN_POINT('',(0.57,-3.5,-3.25));
#8216 = DIRECTION('',(0.,-1.,0.));
#8217 = DIRECTION('',(0.,0.,-1.));
#8218 = ADVANCED_FACE('',(#8219),#8225,.T.);
#8219 = FACE_BOUND('',#8220,.T.);
#8220 = EDGE_LOOP('',(#8221,#8222,#8223,#8224));
#8221 = ORIENTED_EDGE('',*,*,#6886,.F.);
#8222 = ORIENTED_EDGE('',*,*,#7186,.T.);
#8223 = ORIENTED_EDGE('',*,*,#8208,.T.);
#8224 = ORIENTED_EDGE('',*,*,#8031,.F.);
#8225 = PLANE('',#8226);
#8226 = AXIS2_PLACEMENT_3D('',#8227,#8228,#8229);
#8227 = CARTESIAN_POINT('',(0.57,3.7,-3.25));
#8228 = DIRECTION('',(0.,0.,-1.));
#8229 = DIRECTION('',(0.,-1.,0.));
#8230 = ADVANCED_FACE('',(#8231),#8242,.T.);
#8231 = FACE_BOUND('',#8232,.T.);
#8232 = EDGE_LOOP('',(#8233,#8234,#8235,#8241));
#8233 = ORIENTED_EDGE('',*,*,#6967,.T.);
#8234 = ORIENTED_EDGE('',*,*,#8094,.F.);
#8235 = ORIENTED_EDGE('',*,*,#8236,.F.);
#8236 = EDGE_CURVE('',#7202,#8087,#8237,.T.);
#8237 = LINE('',#8238,#8239);
#8238 = CARTESIAN_POINT('',(0.57,-3.5,2.85));
#8239 = VECTOR('',#8240,1.);
#8240 = DIRECTION('',(-1.,0.,0.));
#8241 = ORIENTED_EDGE('',*,*,#7201,.T.);
#8242 = PLANE('',#8243);
#8243 = AXIS2_PLACEMENT_3D('',#8244,#8245,#8246);
#8244 = CARTESIAN_POINT('',(0.57,-3.5,2.85));
#8245 = DIRECTION('',(0.,0.,1.));
#8246 = DIRECTION('',(1.,0.,-0.));
#8247 = ADVANCED_FACE('',(#8248),#8259,.T.);
#8248 = FACE_BOUND('',#8249,.T.);
#8249 = EDGE_LOOP('',(#8250,#8251,#8252,#8253));
#8250 = ORIENTED_EDGE('',*,*,#7209,.T.);
#8251 = ORIENTED_EDGE('',*,*,#8236,.T.);
#8252 = ORIENTED_EDGE('',*,*,#8086,.F.);
#8253 = ORIENTED_EDGE('',*,*,#8254,.F.);
#8254 = EDGE_CURVE('',#7210,#8079,#8255,.T.);
#8255 = LINE('',#8256,#8257);
#8256 = CARTESIAN_POINT('',(0.57,-3.5,2.7));
#8257 = VECTOR('',#8258,1.);
#8258 = DIRECTION('',(-1.,0.,0.));
#8259 = PLANE('',#8260);
#8260 = AXIS2_PLACEMENT_3D('',#8261,#8262,#8263);
#8261 = CARTESIAN_POINT('',(0.57,-3.5,2.7));
#8262 = DIRECTION('',(0.,-1.,0.));
#8263 = DIRECTION('',(0.,0.,-1.));
#8264 = ADVANCED_FACE('',(#8265),#8276,.T.);
#8265 = FACE_BOUND('',#8266,.T.);
#8266 = EDGE_LOOP('',(#8267,#8268,#8269,#8270));
#8267 = ORIENTED_EDGE('',*,*,#7217,.T.);
#8268 = ORIENTED_EDGE('',*,*,#8254,.T.);
#8269 = ORIENTED_EDGE('',*,*,#8078,.F.);
#8270 = ORIENTED_EDGE('',*,*,#8271,.F.);
#8271 = EDGE_CURVE('',#7218,#8071,#8272,.T.);
#8272 = LINE('',#8273,#8274);
#8273 = CARTESIAN_POINT('',(0.57,-2.23,2.25));
#8274 = VECTOR('',#8275,1.);
#8275 = DIRECTION('',(-1.,0.,0.));
#8276 = PLANE('',#8277);
#8277 = AXIS2_PLACEMENT_3D('',#8278,#8279,#8280);
#8278 = CARTESIAN_POINT('',(0.57,-2.23,2.25));
#8279 = DIRECTION('',(0.,-0.333984527886,-0.942578556478));
#8280 = DIRECTION('',(0.,-0.942578556478,0.333984527886));
#8281 = ADVANCED_FACE('',(#8282),#8288,.T.);
#8282 = FACE_BOUND('',#8283,.T.);
#8283 = EDGE_LOOP('',(#8284,#8285,#8286,#8287));
#8284 = ORIENTED_EDGE('',*,*,#6951,.F.);
#8285 = ORIENTED_EDGE('',*,*,#7225,.T.);
#8286 = ORIENTED_EDGE('',*,*,#8271,.T.);
#8287 = ORIENTED_EDGE('',*,*,#8070,.F.);
#8288 = PLANE('',#8289);
#8289 = AXIS2_PLACEMENT_3D('',#8290,#8291,#8292);
#8290 = CARTESIAN_POINT('',(0.57,3.7,2.25));
#8291 = DIRECTION('',(0.,0.,-1.));
#8292 = DIRECTION('',(0.,-1.,0.));
#8293 = ADVANCED_FACE('',(#8294),#8327,.F.);
#8294 = FACE_BOUND('',#8295,.T.);
#8295 = EDGE_LOOP('',(#8296,#8297,#8305,#8313,#8321));
#8296 = ORIENTED_EDGE('',*,*,#7419,.T.);
#8297 = ORIENTED_EDGE('',*,*,#8298,.F.);
#8298 = EDGE_CURVE('',#8299,#7422,#8301,.T.);
#8299 = VERTEX_POINT('',#8300);
#8300 = CARTESIAN_POINT('',(-3.63,4.3,-2.85));
#8301 = LINE('',#8302,#8303);
#8302 = CARTESIAN_POINT('',(-3.63,4.3,-2.85));
#8303 = VECTOR('',#8304,1.);
#8304 = DIRECTION('',(0.,-0.832050294338,-0.554700196225));
#8305 = ORIENTED_EDGE('',*,*,#8306,.F.);
#8306 = EDGE_CURVE('',#8307,#8299,#8309,.T.);
#8307 = VERTEX_POINT('',#8308);
#8308 = CARTESIAN_POINT('',(-3.63,9.2,-2.85));
#8309 = LINE('',#8310,#8311);
#8310 = CARTESIAN_POINT('',(-3.63,9.2,-2.85));
#8311 = VECTOR('',#8312,1.);
#8312 = DIRECTION('',(0.,-1.,0.));
#8313 = ORIENTED_EDGE('',*,*,#8314,.F.);
#8314 = EDGE_CURVE('',#8315,#8307,#8317,.T.);
#8315 = VERTEX_POINT('',#8316);
#8316 = CARTESIAN_POINT('',(-3.63,9.2,-1.71));
#8317 = LINE('',#8318,#8319);
#8318 = CARTESIAN_POINT('',(-3.63,9.2,-1.71));
#8319 = VECTOR('',#8320,1.);
#8320 = DIRECTION('',(0.,0.,-1.));
#8321 = ORIENTED_EDGE('',*,*,#8322,.F.);
#8322 = EDGE_CURVE('',#7420,#8315,#8323,.T.);
#8323 = LINE('',#8324,#8325);
#8324 = CARTESIAN_POINT('',(-3.63,3.7,-1.71));
#8325 = VECTOR('',#8326,1.);
#8326 = DIRECTION('',(0.,1.,0.));
#8327 = PLANE('',#8328);
#8328 = AXIS2_PLACEMENT_3D('',#8329,#8330,#8331);
#8329 = CARTESIAN_POINT('',(-3.63,0.,0.));
#8330 = DIRECTION('',(-1.,0.,0.));
#8331 = DIRECTION('',(0.,0.,1.));
#8332 = ADVANCED_FACE('',(#8333),#8366,.F.);
#8333 = FACE_BOUND('',#8334,.T.);
#8334 = EDGE_LOOP('',(#8335,#8336,#8344,#8352,#8360));
#8335 = ORIENTED_EDGE('',*,*,#7509,.T.);
#8336 = ORIENTED_EDGE('',*,*,#8337,.F.);
#8337 = EDGE_CURVE('',#8338,#7512,#8340,.T.);
#8338 = VERTEX_POINT('',#8339);
#8339 = CARTESIAN_POINT('',(-3.63,9.2,1.31));
#8340 = LINE('',#8341,#8342);
#8341 = CARTESIAN_POINT('',(-3.63,9.2,1.31));
#8342 = VECTOR('',#8343,1.);
#8343 = DIRECTION('',(0.,-1.,0.));
#8344 = ORIENTED_EDGE('',*,*,#8345,.F.);
#8345 = EDGE_CURVE('',#8346,#8338,#8348,.T.);
#8346 = VERTEX_POINT('',#8347);
#8347 = CARTESIAN_POINT('',(-3.63,9.2,2.45));
#8348 = LINE('',#8349,#8350);
#8349 = CARTESIAN_POINT('',(-3.63,9.2,2.45));
#8350 = VECTOR('',#8351,1.);
#8351 = DIRECTION('',(0.,0.,-1.));
#8352 = ORIENTED_EDGE('',*,*,#8353,.F.);
#8353 = EDGE_CURVE('',#8354,#8346,#8356,.T.);
#8354 = VERTEX_POINT('',#8355);
#8355 = CARTESIAN_POINT('',(-3.63,4.3,2.45));
#8356 = LINE('',#8357,#8358);
#8357 = CARTESIAN_POINT('',(-3.63,4.3,2.45));
#8358 = VECTOR('',#8359,1.);
#8359 = DIRECTION('',(0.,1.,0.));
#8360 = ORIENTED_EDGE('',*,*,#8361,.F.);
#8361 = EDGE_CURVE('',#7510,#8354,#8362,.T.);
#8362 = LINE('',#8363,#8364);
#8363 = CARTESIAN_POINT('',(-3.63,3.7,2.85));
#8364 = VECTOR('',#8365,1.);
#8365 = DIRECTION('',(0.,0.832050294338,-0.554700196225));
#8366 = PLANE('',#8367);
#8367 = AXIS2_PLACEMENT_3D('',#8368,#8369,#8370);
#8368 = CARTESIAN_POINT('',(-3.63,0.,0.));
#8369 = DIRECTION('',(-1.,0.,0.));
#8370 = DIRECTION('',(0.,0.,1.));
#8371 = ADVANCED_FACE('',(#8372),#8405,.F.);
#8372 = FACE_BOUND('',#8373,.T.);
#8373 = EDGE_LOOP('',(#8374,#8375,#8383,#8391,#8399));
#8374 = ORIENTED_EDGE('',*,*,#5609,.T.);
#8375 = ORIENTED_EDGE('',*,*,#8376,.F.);
#8376 = EDGE_CURVE('',#8377,#5612,#8379,.T.);
#8377 = VERTEX_POINT('',#8378);
#8378 = CARTESIAN_POINT('',(-3.63,-2.23,-2.65));
#8379 = LINE('',#8380,#8381);
#8380 = CARTESIAN_POINT('',(-3.63,-2.23,-2.65));
#8381 = VECTOR('',#8382,1.);
#8382 = DIRECTION('',(0.,1.,0.));
#8383 = ORIENTED_EDGE('',*,*,#8384,.F.);
#8384 = EDGE_CURVE('',#8385,#8377,#8387,.T.);
#8385 = VERTEX_POINT('',#8386);
#8386 = CARTESIAN_POINT('',(-3.63,-3.5,-3.1));
#8387 = LINE('',#8388,#8389);
#8388 = CARTESIAN_POINT('',(-3.63,-3.5,-3.1));
#8389 = VECTOR('',#8390,1.);
#8390 = DIRECTION('',(0.,0.942578556478,0.333984527886));
#8391 = ORIENTED_EDGE('',*,*,#8392,.F.);
#8392 = EDGE_CURVE('',#8393,#8385,#8395,.T.);
#8393 = VERTEX_POINT('',#8394);
#8394 = CARTESIAN_POINT('',(-3.63,-3.5,-3.25));
#8395 = LINE('',#8396,#8397);
#8396 = CARTESIAN_POINT('',(-3.63,-3.5,-3.25));
#8397 = VECTOR('',#8398,1.);
#8398 = DIRECTION('',(0.,0.,1.));
#8399 = ORIENTED_EDGE('',*,*,#8400,.F.);
#8400 = EDGE_CURVE('',#5610,#8393,#8401,.T.);
#8401 = LINE('',#8402,#8403);
#8402 = CARTESIAN_POINT('',(-3.63,0.8,-3.25));
#8403 = VECTOR('',#8404,1.);
#8404 = DIRECTION('',(0.,-1.,0.));
#8405 = PLANE('',#8406);
#8406 = AXIS2_PLACEMENT_3D('',#8407,#8408,#8409);
#8407 = CARTESIAN_POINT('',(-3.63,0.,0.));
#8408 = DIRECTION('',(-1.,0.,0.));
#8409 = DIRECTION('',(0.,0.,1.));
#8410 = ADVANCED_FACE('',(#8411),#8444,.F.);
#8411 = FACE_BOUND('',#8412,.T.);
#8412 = EDGE_LOOP('',(#8413,#8414,#8422,#8430,#8438));
#8413 = ORIENTED_EDGE('',*,*,#5683,.T.);
#8414 = ORIENTED_EDGE('',*,*,#8415,.F.);
#8415 = EDGE_CURVE('',#8416,#5686,#8418,.T.);
#8416 = VERTEX_POINT('',#8417);
#8417 = CARTESIAN_POINT('',(-3.63,-3.5,2.85));
#8418 = LINE('',#8419,#8420);
#8419 = CARTESIAN_POINT('',(-3.63,-3.5,2.85));
#8420 = VECTOR('',#8421,1.);
#8421 = DIRECTION('',(0.,1.,0.));
#8422 = ORIENTED_EDGE('',*,*,#8423,.F.);
#8423 = EDGE_CURVE('',#8424,#8416,#8426,.T.);
#8424 = VERTEX_POINT('',#8425);
#8425 = CARTESIAN_POINT('',(-3.63,-3.5,2.7));
#8426 = LINE('',#8427,#8428);
#8427 = CARTESIAN_POINT('',(-3.63,-3.5,2.7));
#8428 = VECTOR('',#8429,1.);
#8429 = DIRECTION('',(0.,0.,1.));
#8430 = ORIENTED_EDGE('',*,*,#8431,.F.);
#8431 = EDGE_CURVE('',#8432,#8424,#8434,.T.);
#8432 = VERTEX_POINT('',#8433);
#8433 = CARTESIAN_POINT('',(-3.63,-2.23,2.25));
#8434 = LINE('',#8435,#8436);
#8435 = CARTESIAN_POINT('',(-3.63,-2.23,2.25));
#8436 = VECTOR('',#8437,1.);
#8437 = DIRECTION('',(0.,-0.942578556478,0.333984527886));
#8438 = ORIENTED_EDGE('',*,*,#8439,.F.);
#8439 = EDGE_CURVE('',#5684,#8432,#8440,.T.);
#8440 = LINE('',#8441,#8442);
#8441 = CARTESIAN_POINT('',(-3.63,0.8,2.25));
#8442 = VECTOR('',#8443,1.);
#8443 = DIRECTION('',(0.,-1.,0.));
#8444 = PLANE('',#8445);
#8445 = AXIS2_PLACEMENT_3D('',#8446,#8447,#8448);
#8446 = CARTESIAN_POINT('',(-3.63,0.,0.));
#8447 = DIRECTION('',(-1.,0.,0.));
#8448 = DIRECTION('',(0.,0.,1.));
#8449 = ADVANCED_FACE('',(#8450),#8468,.T.);
#8450 = FACE_BOUND('',#8451,.T.);
#8451 = EDGE_LOOP('',(#8452,#8453,#8454,#8462));
#8452 = ORIENTED_EDGE('',*,*,#7429,.F.);
#8453 = ORIENTED_EDGE('',*,*,#8322,.T.);
#8454 = ORIENTED_EDGE('',*,*,#8455,.T.);
#8455 = EDGE_CURVE('',#8315,#8456,#8458,.T.);
#8456 = VERTEX_POINT('',#8457);
#8457 = CARTESIAN_POINT('',(-4.77,9.2,-1.71));
#8458 = LINE('',#8459,#8460);
#8459 = CARTESIAN_POINT('',(-3.63,9.2,-1.71));
#8460 = VECTOR('',#8461,1.);
#8461 = DIRECTION('',(-1.,0.,0.));
#8462 = ORIENTED_EDGE('',*,*,#8463,.F.);
#8463 = EDGE_CURVE('',#7430,#8456,#8464,.T.);
#8464 = LINE('',#8465,#8466);
#8465 = CARTESIAN_POINT('',(-4.77,3.7,-1.71));
#8466 = VECTOR('',#8467,1.);
#8467 = DIRECTION('',(0.,1.,0.));
#8468 = PLANE('',#8469);
#8469 = AXIS2_PLACEMENT_3D('',#8470,#8471,#8472);
#8470 = CARTESIAN_POINT('',(-3.63,3.7,-1.71));
#8471 = DIRECTION('',(0.,0.,1.));
#8472 = DIRECTION('',(1.,0.,-0.));
#8473 = ADVANCED_FACE('',(#8474),#8500,.T.);
#8474 = FACE_BOUND('',#8475,.T.);
#8475 = EDGE_LOOP('',(#8476,#8477,#8478,#8486,#8494));
#8476 = ORIENTED_EDGE('',*,*,#7437,.T.);
#8477 = ORIENTED_EDGE('',*,*,#8463,.T.);
#8478 = ORIENTED_EDGE('',*,*,#8479,.T.);
#8479 = EDGE_CURVE('',#8456,#8480,#8482,.T.);
#8480 = VERTEX_POINT('',#8481);
#8481 = CARTESIAN_POINT('',(-4.77,9.2,-2.85));
#8482 = LINE('',#8483,#8484);
#8483 = CARTESIAN_POINT('',(-4.77,9.2,-1.71));
#8484 = VECTOR('',#8485,1.);
#8485 = DIRECTION('',(0.,0.,-1.));
#8486 = ORIENTED_EDGE('',*,*,#8487,.T.);
#8487 = EDGE_CURVE('',#8480,#8488,#8490,.T.);
#8488 = VERTEX_POINT('',#8489);
#8489 = CARTESIAN_POINT('',(-4.77,4.3,-2.85));
#8490 = LINE('',#8491,#8492);
#8491 = CARTESIAN_POINT('',(-4.77,9.2,-2.85));
#8492 = VECTOR('',#8493,1.);
#8493 = DIRECTION('',(0.,-1.,0.));
#8494 = ORIENTED_EDGE('',*,*,#8495,.T.);
#8495 = EDGE_CURVE('',#8488,#7438,#8496,.T.);
#8496 = LINE('',#8497,#8498);
#8497 = CARTESIAN_POINT('',(-4.77,4.3,-2.85));
#8498 = VECTOR('',#8499,1.);
#8499 = DIRECTION('',(0.,-0.832050294338,-0.554700196225));
#8500 = PLANE('',#8501);
#8501 = AXIS2_PLACEMENT_3D('',#8502,#8503,#8504);
#8502 = CARTESIAN_POINT('',(-4.77,0.,0.));
#8503 = DIRECTION('',(-1.,0.,0.));
#8504 = DIRECTION('',(0.,0.,1.));
#8505 = ADVANCED_FACE('',(#8506),#8539,.T.);
#8506 = FACE_BOUND('',#8507,.T.);
#8507 = EDGE_LOOP('',(#8508,#8509,#8517,#8525,#8533));
#8508 = ORIENTED_EDGE('',*,*,#7527,.T.);
#8509 = ORIENTED_EDGE('',*,*,#8510,.T.);
#8510 = EDGE_CURVE('',#7520,#8511,#8513,.T.);
#8511 = VERTEX_POINT('',#8512);
#8512 = CARTESIAN_POINT('',(-4.77,4.3,2.45));
#8513 = LINE('',#8514,#8515);
#8514 = CARTESIAN_POINT('',(-4.77,3.7,2.85));
#8515 = VECTOR('',#8516,1.);
#8516 = DIRECTION('',(0.,0.832050294338,-0.554700196225));
#8517 = ORIENTED_EDGE('',*,*,#8518,.T.);
#8518 = EDGE_CURVE('',#8511,#8519,#8521,.T.);
#8519 = VERTEX_POINT('',#8520);
#8520 = CARTESIAN_POINT('',(-4.77,9.2,2.45));
#8521 = LINE('',#8522,#8523);
#8522 = CARTESIAN_POINT('',(-4.77,4.3,2.45));
#8523 = VECTOR('',#8524,1.);
#8524 = DIRECTION('',(0.,1.,0.));
#8525 = ORIENTED_EDGE('',*,*,#8526,.T.);
#8526 = EDGE_CURVE('',#8519,#8527,#8529,.T.);
#8527 = VERTEX_POINT('',#8528);
#8528 = CARTESIAN_POINT('',(-4.77,9.2,1.31));
#8529 = LINE('',#8530,#8531);
#8530 = CARTESIAN_POINT('',(-4.77,9.2,2.45));
#8531 = VECTOR('',#8532,1.);
#8532 = DIRECTION('',(0.,0.,-1.));
#8533 = ORIENTED_EDGE('',*,*,#8534,.T.);
#8534 = EDGE_CURVE('',#8527,#7528,#8535,.T.);
#8535 = LINE('',#8536,#8537);
#8536 = CARTESIAN_POINT('',(-4.77,9.2,1.31));
#8537 = VECTOR('',#8538,1.);
#8538 = DIRECTION('',(0.,-1.,0.));
#8539 = PLANE('',#8540);
#8540 = AXIS2_PLACEMENT_3D('',#8541,#8542,#8543);
#8541 = CARTESIAN_POINT('',(-4.77,0.,0.));
#8542 = DIRECTION('',(-1.,0.,0.));
#8543 = DIRECTION('',(0.,0.,1.));
#8544 = ADVANCED_FACE('',(#8545),#8578,.T.);
#8545 = FACE_BOUND('',#8546,.T.);
#8546 = EDGE_LOOP('',(#8547,#8548,#8556,#8564,#8572));
#8547 = ORIENTED_EDGE('',*,*,#5627,.F.);
#8548 = ORIENTED_EDGE('',*,*,#8549,.T.);
#8549 = EDGE_CURVE('',#5620,#8550,#8552,.T.);
#8550 = VERTEX_POINT('',#8551);
#8551 = CARTESIAN_POINT('',(-4.77,-3.5,-3.25));
#8552 = LINE('',#8553,#8554);
#8553 = CARTESIAN_POINT('',(-4.77,0.8,-3.25));
#8554 = VECTOR('',#8555,1.);
#8555 = DIRECTION('',(0.,-1.,0.));
#8556 = ORIENTED_EDGE('',*,*,#8557,.T.);
#8557 = EDGE_CURVE('',#8550,#8558,#8560,.T.);
#8558 = VERTEX_POINT('',#8559);
#8559 = CARTESIAN_POINT('',(-4.77,-3.5,-3.1));
#8560 = LINE('',#8561,#8562);
#8561 = CARTESIAN_POINT('',(-4.77,-3.5,-3.25));
#8562 = VECTOR('',#8563,1.);
#8563 = DIRECTION('',(0.,0.,1.));
#8564 = ORIENTED_EDGE('',*,*,#8565,.T.);
#8565 = EDGE_CURVE('',#8558,#8566,#8568,.T.);
#8566 = VERTEX_POINT('',#8567);
#8567 = CARTESIAN_POINT('',(-4.77,-2.23,-2.65));
#8568 = LINE('',#8569,#8570);
#8569 = CARTESIAN_POINT('',(-4.77,-3.5,-3.1));
#8570 = VECTOR('',#8571,1.);
#8571 = DIRECTION('',(0.,0.942578556478,0.333984527886));
#8572 = ORIENTED_EDGE('',*,*,#8573,.T.);
#8573 = EDGE_CURVE('',#8566,#5628,#8574,.T.);
#8574 = LINE('',#8575,#8576);
#8575 = CARTESIAN_POINT('',(-4.77,-2.23,-2.65));
#8576 = VECTOR('',#8577,1.);
#8577 = DIRECTION('',(0.,1.,0.));
#8578 = PLANE('',#8579);
#8579 = AXIS2_PLACEMENT_3D('',#8580,#8581,#8582);
#8580 = CARTESIAN_POINT('',(-4.77,0.,0.));
#8581 = DIRECTION('',(-1.,0.,0.));
#8582 = DIRECTION('',(0.,0.,1.));
#8583 = ADVANCED_FACE('',(#8584),#8617,.T.);
#8584 = FACE_BOUND('',#8585,.T.);
#8585 = EDGE_LOOP('',(#8586,#8587,#8595,#8603,#8611));
#8586 = ORIENTED_EDGE('',*,*,#5701,.F.);
#8587 = ORIENTED_EDGE('',*,*,#8588,.T.);
#8588 = EDGE_CURVE('',#5694,#8589,#8591,.T.);
#8589 = VERTEX_POINT('',#8590);
#8590 = CARTESIAN_POINT('',(-4.77,-2.23,2.25));
#8591 = LINE('',#8592,#8593);
#8592 = CARTESIAN_POINT('',(-4.77,0.8,2.25));
#8593 = VECTOR('',#8594,1.);
#8594 = DIRECTION('',(0.,-1.,0.));
#8595 = ORIENTED_EDGE('',*,*,#8596,.T.);
#8596 = EDGE_CURVE('',#8589,#8597,#8599,.T.);
#8597 = VERTEX_POINT('',#8598);
#8598 = CARTESIAN_POINT('',(-4.77,-3.5,2.7));
#8599 = LINE('',#8600,#8601);
#8600 = CARTESIAN_POINT('',(-4.77,-2.23,2.25));
#8601 = VECTOR('',#8602,1.);
#8602 = DIRECTION('',(0.,-0.942578556478,0.333984527886));
#8603 = ORIENTED_EDGE('',*,*,#8604,.T.);
#8604 = EDGE_CURVE('',#8597,#8605,#8607,.T.);
#8605 = VERTEX_POINT('',#8606);
#8606 = CARTESIAN_POINT('',(-4.77,-3.5,2.85));
#8607 = LINE('',#8608,#8609);
#8608 = CARTESIAN_POINT('',(-4.77,-3.5,2.7));
#8609 = VECTOR('',#8610,1.);
#8610 = DIRECTION('',(0.,0.,1.));
#8611 = ORIENTED_EDGE('',*,*,#8612,.T.);
#8612 = EDGE_CURVE('',#8605,#5702,#8613,.T.);
#8613 = LINE('',#8614,#8615);
#8614 = CARTESIAN_POINT('',(-4.77,-3.5,2.85));
#8615 = VECTOR('',#8616,1.);
#8616 = DIRECTION('',(0.,1.,0.));
#8617 = PLANE('',#8618);
#8618 = AXIS2_PLACEMENT_3D('',#8619,#8620,#8621);
#8619 = CARTESIAN_POINT('',(-4.77,0.,0.));
#8620 = DIRECTION('',(-1.,0.,0.));
#8621 = DIRECTION('',(0.,0.,1.));
#8622 = ADVANCED_FACE('',(#8623),#8634,.T.);
#8623 = FACE_BOUND('',#8624,.T.);
#8624 = EDGE_LOOP('',(#8625,#8626,#8627,#8633));
#8625 = ORIENTED_EDGE('',*,*,#7445,.T.);
#8626 = ORIENTED_EDGE('',*,*,#8495,.F.);
#8627 = ORIENTED_EDGE('',*,*,#8628,.F.);
#8628 = EDGE_CURVE('',#8299,#8488,#8629,.T.);
#8629 = LINE('',#8630,#8631);
#8630 = CARTESIAN_POINT('',(-3.63,4.3,-2.85));
#8631 = VECTOR('',#8632,1.);
#8632 = DIRECTION('',(-1.,0.,0.));
#8633 = ORIENTED_EDGE('',*,*,#8298,.T.);
#8634 = PLANE('',#8635);
#8635 = AXIS2_PLACEMENT_3D('',#8636,#8637,#8638);
#8636 = CARTESIAN_POINT('',(-3.63,4.3,-2.85));
#8637 = DIRECTION('',(0.,0.554700196225,-0.832050294338));
#8638 = DIRECTION('',(-1.,0.,0.));
#8639 = ADVANCED_FACE('',(#8640),#8651,.T.);
#8640 = FACE_BOUND('',#8641,.T.);
#8641 = EDGE_LOOP('',(#8642,#8643,#8644,#8645));
#8642 = ORIENTED_EDGE('',*,*,#8306,.T.);
#8643 = ORIENTED_EDGE('',*,*,#8628,.T.);
#8644 = ORIENTED_EDGE('',*,*,#8487,.F.);
#8645 = ORIENTED_EDGE('',*,*,#8646,.F.);
#8646 = EDGE_CURVE('',#8307,#8480,#8647,.T.);
#8647 = LINE('',#8648,#8649);
#8648 = CARTESIAN_POINT('',(-3.63,9.2,-2.85));
#8649 = VECTOR('',#8650,1.);
#8650 = DIRECTION('',(-1.,0.,0.));
#8651 = PLANE('',#8652);
#8652 = AXIS2_PLACEMENT_3D('',#8653,#8654,#8655);
#8653 = CARTESIAN_POINT('',(-3.63,9.2,-2.85));
#8654 = DIRECTION('',(0.,0.,-1.));
#8655 = DIRECTION('',(0.,-1.,0.));
#8656 = ADVANCED_FACE('',(#8657),#8663,.T.);
#8657 = FACE_BOUND('',#8658,.T.);
#8658 = EDGE_LOOP('',(#8659,#8660,#8661,#8662));
#8659 = ORIENTED_EDGE('',*,*,#8314,.T.);
#8660 = ORIENTED_EDGE('',*,*,#8646,.T.);
#8661 = ORIENTED_EDGE('',*,*,#8479,.F.);
#8662 = ORIENTED_EDGE('',*,*,#8455,.F.);
#8663 = PLANE('',#8664);
#8664 = AXIS2_PLACEMENT_3D('',#8665,#8666,#8667);
#8665 = CARTESIAN_POINT('',(-3.63,9.2,-1.71));
#8666 = DIRECTION('',(-0.,1.,0.));
#8667 = DIRECTION('',(1.,0.,0.));
#8668 = ADVANCED_FACE('',(#8669),#8680,.T.);
#8669 = FACE_BOUND('',#8670,.T.);
#8670 = EDGE_LOOP('',(#8671,#8672,#8673,#8679));
#8671 = ORIENTED_EDGE('',*,*,#7535,.T.);
#8672 = ORIENTED_EDGE('',*,*,#8534,.F.);
#8673 = ORIENTED_EDGE('',*,*,#8674,.F.);
#8674 = EDGE_CURVE('',#8338,#8527,#8675,.T.);
#8675 = LINE('',#8676,#8677);
#8676 = CARTESIAN_POINT('',(-3.63,9.2,1.31));
#8677 = VECTOR('',#8678,1.);
#8678 = DIRECTION('',(-1.,0.,0.));
#8679 = ORIENTED_EDGE('',*,*,#8337,.T.);
#8680 = PLANE('',#8681);
#8681 = AXIS2_PLACEMENT_3D('',#8682,#8683,#8684);
#8682 = CARTESIAN_POINT('',(-3.63,9.2,1.31));
#8683 = DIRECTION('',(0.,0.,-1.));
#8684 = DIRECTION('',(0.,-1.,0.));
#8685 = ADVANCED_FACE('',(#8686),#8697,.T.);
#8686 = FACE_BOUND('',#8687,.T.);
#8687 = EDGE_LOOP('',(#8688,#8689,#8690,#8691));
#8688 = ORIENTED_EDGE('',*,*,#8345,.T.);
#8689 = ORIENTED_EDGE('',*,*,#8674,.T.);
#8690 = ORIENTED_EDGE('',*,*,#8526,.F.);
#8691 = ORIENTED_EDGE('',*,*,#8692,.F.);
#8692 = EDGE_CURVE('',#8346,#8519,#8693,.T.);
#8693 = LINE('',#8694,#8695);
#8694 = CARTESIAN_POINT('',(-3.63,9.2,2.45));
#8695 = VECTOR('',#8696,1.);
#8696 = DIRECTION('',(-1.,0.,0.));
#8697 = PLANE('',#8698);
#8698 = AXIS2_PLACEMENT_3D('',#8699,#8700,#8701);
#8699 = CARTESIAN_POINT('',(-3.63,9.2,2.45));
#8700 = DIRECTION('',(-0.,1.,0.));
#8701 = DIRECTION('',(1.,0.,0.));
#8702 = ADVANCED_FACE('',(#8703),#8714,.T.);
#8703 = FACE_BOUND('',#8704,.T.);
#8704 = EDGE_LOOP('',(#8705,#8706,#8707,#8708));
#8705 = ORIENTED_EDGE('',*,*,#8353,.T.);
#8706 = ORIENTED_EDGE('',*,*,#8692,.T.);
#8707 = ORIENTED_EDGE('',*,*,#8518,.F.);
#8708 = ORIENTED_EDGE('',*,*,#8709,.F.);
#8709 = EDGE_CURVE('',#8354,#8511,#8710,.T.);
#8710 = LINE('',#8711,#8712);
#8711 = CARTESIAN_POINT('',(-3.63,4.3,2.45));
#8712 = VECTOR('',#8713,1.);
#8713 = DIRECTION('',(-1.,0.,0.));
#8714 = PLANE('',#8715);
#8715 = AXIS2_PLACEMENT_3D('',#8716,#8717,#8718);
#8716 = CARTESIAN_POINT('',(-3.63,4.3,2.45));
#8717 = DIRECTION('',(0.,0.,1.));
#8718 = DIRECTION('',(1.,0.,-0.));
#8719 = ADVANCED_FACE('',(#8720),#8726,.T.);
#8720 = FACE_BOUND('',#8721,.T.);
#8721 = EDGE_LOOP('',(#8722,#8723,#8724,#8725));
#8722 = ORIENTED_EDGE('',*,*,#7519,.F.);
#8723 = ORIENTED_EDGE('',*,*,#8361,.T.);
#8724 = ORIENTED_EDGE('',*,*,#8709,.T.);
#8725 = ORIENTED_EDGE('',*,*,#8510,.F.);
#8726 = PLANE('',#8727);
#8727 = AXIS2_PLACEMENT_3D('',#8728,#8729,#8730);
#8728 = CARTESIAN_POINT('',(-3.63,3.7,2.85));
#8729 = DIRECTION('',(0.,0.554700196225,0.832050294338));
#8730 = DIRECTION('',(1.,-0.,0.));
#8731 = ADVANCED_FACE('',(#8732),#8743,.T.);
#8732 = FACE_BOUND('',#8733,.T.);
#8733 = EDGE_LOOP('',(#8734,#8735,#8736,#8742));
#8734 = ORIENTED_EDGE('',*,*,#5635,.T.);
#8735 = ORIENTED_EDGE('',*,*,#8573,.F.);
#8736 = ORIENTED_EDGE('',*,*,#8737,.F.);
#8737 = EDGE_CURVE('',#8377,#8566,#8738,.T.);
#8738 = LINE('',#8739,#8740);
#8739 = CARTESIAN_POINT('',(-3.63,-2.23,-2.65));
#8740 = VECTOR('',#8741,1.);
#8741 = DIRECTION('',(-1.,0.,0.));
#8742 = ORIENTED_EDGE('',*,*,#8376,.T.);
#8743 = PLANE('',#8744);
#8744 = AXIS2_PLACEMENT_3D('',#8745,#8746,#8747);
#8745 = CARTESIAN_POINT('',(-3.63,-2.23,-2.65));
#8746 = DIRECTION('',(0.,0.,1.));
#8747 = DIRECTION('',(1.,0.,-0.));
#8748 = ADVANCED_FACE('',(#8749),#8760,.T.);
#8749 = FACE_BOUND('',#8750,.T.);
#8750 = EDGE_LOOP('',(#8751,#8752,#8753,#8754));
#8751 = ORIENTED_EDGE('',*,*,#8384,.T.);
#8752 = ORIENTED_EDGE('',*,*,#8737,.T.);
#8753 = ORIENTED_EDGE('',*,*,#8565,.F.);
#8754 = ORIENTED_EDGE('',*,*,#8755,.F.);
#8755 = EDGE_CURVE('',#8385,#8558,#8756,.T.);
#8756 = LINE('',#8757,#8758);
#8757 = CARTESIAN_POINT('',(-3.63,-3.5,-3.1));
#8758 = VECTOR('',#8759,1.);
#8759 = DIRECTION('',(-1.,0.,0.));
#8760 = PLANE('',#8761);
#8761 = AXIS2_PLACEMENT_3D('',#8762,#8763,#8764);
#8762 = CARTESIAN_POINT('',(-3.63,-3.5,-3.1));
#8763 = DIRECTION('',(0.,-0.333984527886,0.942578556478));
#8764 = DIRECTION('',(-1.,0.,0.));
#8765 = ADVANCED_FACE('',(#8766),#8777,.T.);
#8766 = FACE_BOUND('',#8767,.T.);
#8767 = EDGE_LOOP('',(#8768,#8769,#8770,#8771));
#8768 = ORIENTED_EDGE('',*,*,#8392,.T.);
#8769 = ORIENTED_EDGE('',*,*,#8755,.T.);
#8770 = ORIENTED_EDGE('',*,*,#8557,.F.);
#8771 = ORIENTED_EDGE('',*,*,#8772,.F.);
#8772 = EDGE_CURVE('',#8393,#8550,#8773,.T.);
#8773 = LINE('',#8774,#8775);
#8774 = CARTESIAN_POINT('',(-3.63,-3.5,-3.25));
#8775 = VECTOR('',#8776,1.);
#8776 = DIRECTION('',(-1.,0.,0.));
#8777 = PLANE('',#8778);
#8778 = AXIS2_PLACEMENT_3D('',#8779,#8780,#8781);
#8779 = CARTESIAN_POINT('',(-3.63,-3.5,-3.25));
#8780 = DIRECTION('',(0.,-1.,0.));
#8781 = DIRECTION('',(0.,0.,-1.));
#8782 = ADVANCED_FACE('',(#8783),#8789,.T.);
#8783 = FACE_BOUND('',#8784,.T.);
#8784 = EDGE_LOOP('',(#8785,#8786,#8787,#8788));
#8785 = ORIENTED_EDGE('',*,*,#5619,.F.);
#8786 = ORIENTED_EDGE('',*,*,#8400,.T.);
#8787 = ORIENTED_EDGE('',*,*,#8772,.T.);
#8788 = ORIENTED_EDGE('',*,*,#8549,.F.);
#8789 = PLANE('',#8790);
#8790 = AXIS2_PLACEMENT_3D('',#8791,#8792,#8793);
#8791 = CARTESIAN_POINT('',(-3.63,3.7,-3.25));
#8792 = DIRECTION('',(0.,0.,-1.));
#8793 = DIRECTION('',(0.,-1.,0.));
#8794 = ADVANCED_FACE('',(#8795),#8806,.T.);
#8795 = FACE_BOUND('',#8796,.T.);
#8796 = EDGE_LOOP('',(#8797,#8798,#8799,#8805));
#8797 = ORIENTED_EDGE('',*,*,#5709,.T.);
#8798 = ORIENTED_EDGE('',*,*,#8612,.F.);
#8799 = ORIENTED_EDGE('',*,*,#8800,.F.);
#8800 = EDGE_CURVE('',#8416,#8605,#8801,.T.);
#8801 = LINE('',#8802,#8803);
#8802 = CARTESIAN_POINT('',(-3.63,-3.5,2.85));
#8803 = VECTOR('',#8804,1.);
#8804 = DIRECTION('',(-1.,0.,0.));
#8805 = ORIENTED_EDGE('',*,*,#8415,.T.);
#8806 = PLANE('',#8807);
#8807 = AXIS2_PLACEMENT_3D('',#8808,#8809,#8810);
#8808 = CARTESIAN_POINT('',(-3.63,-3.5,2.85));
#8809 = DIRECTION('',(0.,0.,1.));
#8810 = DIRECTION('',(1.,0.,-0.));
#8811 = ADVANCED_FACE('',(#8812),#8823,.T.);
#8812 = FACE_BOUND('',#8813,.T.);
#8813 = EDGE_LOOP('',(#8814,#8815,#8816,#8817));
#8814 = ORIENTED_EDGE('',*,*,#8423,.T.);
#8815 = ORIENTED_EDGE('',*,*,#8800,.T.);
#8816 = ORIENTED_EDGE('',*,*,#8604,.F.);
#8817 = ORIENTED_EDGE('',*,*,#8818,.F.);
#8818 = EDGE_CURVE('',#8424,#8597,#8819,.T.);
#8819 = LINE('',#8820,#8821);
#8820 = CARTESIAN_POINT('',(-3.63,-3.5,2.7));
#8821 = VECTOR('',#8822,1.);
#8822 = DIRECTION('',(-1.,0.,0.));
#8823 = PLANE('',#8824);
#8824 = AXIS2_PLACEMENT_3D('',#8825,#8826,#8827);
#8825 = CARTESIAN_POINT('',(-3.63,-3.5,2.7));
#8826 = DIRECTION('',(0.,-1.,0.));
#8827 = DIRECTION('',(0.,0.,-1.));
#8828 = ADVANCED_FACE('',(#8829),#8840,.T.);
#8829 = FACE_BOUND('',#8830,.T.);
#8830 = EDGE_LOOP('',(#8831,#8832,#8833,#8834));
#8831 = ORIENTED_EDGE('',*,*,#8431,.T.);
#8832 = ORIENTED_EDGE('',*,*,#8818,.T.);
#8833 = ORIENTED_EDGE('',*,*,#8596,.F.);
#8834 = ORIENTED_EDGE('',*,*,#8835,.F.);
#8835 = EDGE_CURVE('',#8432,#8589,#8836,.T.);
#8836 = LINE('',#8837,#8838);
#8837 = CARTESIAN_POINT('',(-3.63,-2.23,2.25));
#8838 = VECTOR('',#8839,1.);
#8839 = DIRECTION('',(-1.,0.,0.));
#8840 = PLANE('',#8841);
#8841 = AXIS2_PLACEMENT_3D('',#8842,#8843,#8844);
#8842 = CARTESIAN_POINT('',(-3.63,-2.23,2.25));
#8843 = DIRECTION('',(0.,-0.333984527886,-0.942578556478));
#8844 = DIRECTION('',(0.,-0.942578556478,0.333984527886));
#8845 = ADVANCED_FACE('',(#8846),#8852,.T.);
#8846 = FACE_BOUND('',#8847,.T.);
#8847 = EDGE_LOOP('',(#8848,#8849,#8850,#8851));
#8848 = ORIENTED_EDGE('',*,*,#5693,.F.);
#8849 = ORIENTED_EDGE('',*,*,#8439,.T.);
#8850 = ORIENTED_EDGE('',*,*,#8835,.T.);
#8851 = ORIENTED_EDGE('',*,*,#8588,.F.);
#8852 = PLANE('',#8853);
#8853 = AXIS2_PLACEMENT_3D('',#8854,#8855,#8856);
#8854 = CARTESIAN_POINT('',(-3.63,3.7,2.25));
#8855 = DIRECTION('',(0.,0.,-1.));
#8856 = DIRECTION('',(0.,-1.,0.));
#8857 = ADVANCED_FACE('',(#8858),#8864,.F.);
#8858 = FACE_BOUND('',#8859,.T.);
#8859 = EDGE_LOOP('',(#8860,#8861,#8862,#8863));
#8860 = ORIENTED_EDGE('',*,*,#5902,.F.);
#8861 = ORIENTED_EDGE('',*,*,#6731,.T.);
#8862 = ORIENTED_EDGE('',*,*,#5675,.F.);
#8863 = ORIENTED_EDGE('',*,*,#5159,.T.);
#8864 = PLANE('',#8865);
#8865 = AXIS2_PLACEMENT_3D('',#8866,#8867,#8868);
#8866 = CARTESIAN_POINT('',(-3.2,0.,3.8));
#8867 = DIRECTION('',(1.,0.,0.));
#8868 = DIRECTION('',(-0.,1.,0.));
#8869 = ADVANCED_FACE('',(#8870),#8876,.T.);
#8870 = FACE_BOUND('',#8871,.T.);
#8871 = EDGE_LOOP('',(#8872,#8873,#8874,#8875));
#8872 = ORIENTED_EDGE('',*,*,#4533,.F.);
#8873 = ORIENTED_EDGE('',*,*,#6342,.T.);
#8874 = ORIENTED_EDGE('',*,*,#4437,.F.);
#8875 = ORIENTED_EDGE('',*,*,#4782,.F.);
#8876 = PLANE('',#8877);
#8877 = AXIS2_PLACEMENT_3D('',#8878,#8879,#8880);
#8878 = CARTESIAN_POINT('',(-7.3,12.8,-2.99));
#8879 = DIRECTION('',(-0.707106781187,0.,-0.707106781187));
#8880 = DIRECTION('',(-0.707106781187,0.,0.707106781187));
#8881 = ADVANCED_FACE('',(#8882),#8907,.F.);
#8882 = FACE_BOUND('',#8883,.T.);
#8883 = EDGE_LOOP('',(#8884,#8885,#8893,#8901));
#8884 = ORIENTED_EDGE('',*,*,#6364,.T.);
#8885 = ORIENTED_EDGE('',*,*,#8886,.T.);
#8886 = EDGE_CURVE('',#6367,#8887,#8889,.T.);
#8887 = VERTEX_POINT('',#8888);
#8888 = CARTESIAN_POINT('',(6.,3.7,0.3));
#8889 = LINE('',#8890,#8891);
#8890 = CARTESIAN_POINT('',(6.,12.8,0.3));
#8891 = VECTOR('',#8892,1.);
#8892 = DIRECTION('',(0.,-1.,0.));
#8893 = ORIENTED_EDGE('',*,*,#8894,.F.);
#8894 = EDGE_CURVE('',#8895,#8887,#8897,.T.);
#8895 = VERTEX_POINT('',#8896);
#8896 = CARTESIAN_POINT('',(6.,3.7,3.9));
#8897 = LINE('',#8898,#8899);
#8898 = CARTESIAN_POINT('',(6.,3.7,3.9));
#8899 = VECTOR('',#8900,1.);
#8900 = DIRECTION('',(0.,0.,-1.));
#8901 = ORIENTED_EDGE('',*,*,#8902,.F.);
#8902 = EDGE_CURVE('',#6365,#8895,#8903,.T.);
#8903 = LINE('',#8904,#8905);
#8904 = CARTESIAN_POINT('',(6.,12.8,3.9));
#8905 = VECTOR('',#8906,1.);
#8906 = DIRECTION('',(0.,-1.,0.));
#8907 = PLANE('',#8908);
#8908 = AXIS2_PLACEMENT_3D('',#8909,#8910,#8911);
#8909 = CARTESIAN_POINT('',(6.,12.8,3.9));
#8910 = DIRECTION('',(1.,0.,0.));
#8911 = DIRECTION('',(-0.,1.,0.));
#8912 = ADVANCED_FACE('',(#8913),#8931,.F.);
#8913 = FACE_BOUND('',#8914,.T.);
#8914 = EDGE_LOOP('',(#8915,#8916,#8917,#8925));
#8915 = ORIENTED_EDGE('',*,*,#6374,.T.);
#8916 = ORIENTED_EDGE('',*,*,#8902,.T.);
#8917 = ORIENTED_EDGE('',*,*,#8918,.F.);
#8918 = EDGE_CURVE('',#8919,#8895,#8921,.T.);
#8919 = VERTEX_POINT('',#8920);
#8920 = CARTESIAN_POINT('',(2.4,3.7,3.9));
#8921 = LINE('',#8922,#8923);
#8922 = CARTESIAN_POINT('',(2.4,3.7,3.9));
#8923 = VECTOR('',#8924,1.);
#8924 = DIRECTION('',(1.,0.,0.));
#8925 = ORIENTED_EDGE('',*,*,#8926,.F.);
#8926 = EDGE_CURVE('',#6375,#8919,#8927,.T.);
#8927 = LINE('',#8928,#8929);
#8928 = CARTESIAN_POINT('',(2.4,12.8,3.9));
#8929 = VECTOR('',#8930,1.);
#8930 = DIRECTION('',(0.,-1.,0.));
#8931 = PLANE('',#8932);
#8932 = AXIS2_PLACEMENT_3D('',#8933,#8934,#8935);
#8933 = CARTESIAN_POINT('',(2.4,12.8,3.9));
#8934 = DIRECTION('',(0.,0.,1.));
#8935 = DIRECTION('',(1.,0.,-0.));
#8936 = ADVANCED_FACE('',(#8937),#8955,.F.);
#8937 = FACE_BOUND('',#8938,.T.);
#8938 = EDGE_LOOP('',(#8939,#8940,#8941,#8949));
#8939 = ORIENTED_EDGE('',*,*,#6382,.T.);
#8940 = ORIENTED_EDGE('',*,*,#8926,.T.);
#8941 = ORIENTED_EDGE('',*,*,#8942,.F.);
#8942 = EDGE_CURVE('',#8943,#8919,#8945,.T.);
#8943 = VERTEX_POINT('',#8944);
#8944 = CARTESIAN_POINT('',(2.4,3.7,0.3));
#8945 = LINE('',#8946,#8947);
#8946 = CARTESIAN_POINT('',(2.4,3.7,0.3));
#8947 = VECTOR('',#8948,1.);
#8948 = DIRECTION('',(0.,0.,1.));
#8949 = ORIENTED_EDGE('',*,*,#8950,.F.);
#8950 = EDGE_CURVE('',#6383,#8943,#8951,.T.);
#8951 = LINE('',#8952,#8953);
#8952 = CARTESIAN_POINT('',(2.4,12.8,0.3));
#8953 = VECTOR('',#8954,1.);
#8954 = DIRECTION('',(0.,-1.,0.));
#8955 = PLANE('',#8956);
#8956 = AXIS2_PLACEMENT_3D('',#8957,#8958,#8959);
#8957 = CARTESIAN_POINT('',(2.4,12.8,0.3));
#8958 = DIRECTION('',(-1.,0.,0.));
#8959 = DIRECTION('',(0.,0.,1.));
#8960 = ADVANCED_FACE('',(#8961),#8972,.F.);
#8961 = FACE_BOUND('',#8962,.T.);
#8962 = EDGE_LOOP('',(#8963,#8964,#8965,#8971));
#8963 = ORIENTED_EDGE('',*,*,#6390,.T.);
#8964 = ORIENTED_EDGE('',*,*,#8950,.T.);
#8965 = ORIENTED_EDGE('',*,*,#8966,.F.);
#8966 = EDGE_CURVE('',#8887,#8943,#8967,.T.);
#8967 = LINE('',#8968,#8969);
#8968 = CARTESIAN_POINT('',(6.,3.7,0.3));
#8969 = VECTOR('',#8970,1.);
#8970 = DIRECTION('',(-1.,0.,0.));
#8971 = ORIENTED_EDGE('',*,*,#8886,.F.);
#8972 = PLANE('',#8973);
#8973 = AXIS2_PLACEMENT_3D('',#8974,#8975,#8976);
#8974 = CARTESIAN_POINT('',(6.,12.8,0.3));
#8975 = DIRECTION('',(0.,0.,-1.));
#8976 = DIRECTION('',(0.,-1.,0.));
#8977 = ADVANCED_FACE('',(#8978,#8984),#9018,.T.);
#8978 = FACE_BOUND('',#8979,.T.);
#8979 = EDGE_LOOP('',(#8980,#8981,#8982,#8983));
#8980 = ORIENTED_EDGE('',*,*,#8894,.T.);
#8981 = ORIENTED_EDGE('',*,*,#8966,.T.);
#8982 = ORIENTED_EDGE('',*,*,#8942,.T.);
#8983 = ORIENTED_EDGE('',*,*,#8918,.T.);
#8984 = FACE_BOUND('',#8985,.T.);
#8985 = EDGE_LOOP('',(#8986,#8996,#9004,#9012));
#8986 = ORIENTED_EDGE('',*,*,#8987,.T.);
#8987 = EDGE_CURVE('',#8988,#8990,#8992,.T.);
#8988 = VERTEX_POINT('',#8989);
#8989 = CARTESIAN_POINT('',(4.77,3.7,1.31));
#8990 = VERTEX_POINT('',#8991);
#8991 = CARTESIAN_POINT('',(4.77,3.7,2.85));
#8992 = LINE('',#8993,#8994);
#8993 = CARTESIAN_POINT('',(4.77,3.7,1.31));
#8994 = VECTOR('',#8995,1.);
#8995 = DIRECTION('',(0.,0.,1.));
#8996 = ORIENTED_EDGE('',*,*,#8997,.T.);
#8997 = EDGE_CURVE('',#8990,#8998,#9000,.T.);
#8998 = VERTEX_POINT('',#8999);
#8999 = CARTESIAN_POINT('',(3.63,3.7,2.85));
#9000 = LINE('',#9001,#9002);
#9001 = CARTESIAN_POINT('',(4.77,3.7,2.85));
#9002 = VECTOR('',#9003,1.);
#9003 = DIRECTION('',(-1.,0.,0.));
#9004 = ORIENTED_EDGE('',*,*,#9005,.F.);
#9005 = EDGE_CURVE('',#9006,#8998,#9008,.T.);
#9006 = VERTEX_POINT('',#9007);
#9007 = CARTESIAN_POINT('',(3.63,3.7,1.31));
#9008 = LINE('',#9009,#9010);
#9009 = CARTESIAN_POINT('',(3.63,3.7,1.31));
#9010 = VECTOR('',#9011,1.);
#9011 = DIRECTION('',(0.,0.,1.));
#9012 = ORIENTED_EDGE('',*,*,#9013,.F.);
#9013 = EDGE_CURVE('',#8988,#9006,#9014,.T.);
#9014 = LINE('',#9015,#9016);
#9015 = CARTESIAN_POINT('',(4.77,3.7,1.31));
#9016 = VECTOR('',#9017,1.);
#9017 = DIRECTION('',(-1.,0.,0.));
#9018 = PLANE('',#9019);
#9019 = AXIS2_PLACEMENT_3D('',#9020,#9021,#9022);
#9020 = CARTESIAN_POINT('',(-6.9,3.7,-4.8));
#9021 = DIRECTION('',(-0.,1.,0.));
#9022 = DIRECTION('',(1.,0.,0.));
#9023 = ADVANCED_FACE('',(#9024,#9074),#9108,.T.);
#9024 = FACE_BOUND('',#9025,.T.);
#9025 = EDGE_LOOP('',(#9026,#9036,#9044,#9052,#9060,#9068));
#9026 = ORIENTED_EDGE('',*,*,#9027,.T.);
#9027 = EDGE_CURVE('',#9028,#9030,#9032,.T.);
#9028 = VERTEX_POINT('',#9029);
#9029 = CARTESIAN_POINT('',(6.,3.7,-1.2));
#9030 = VERTEX_POINT('',#9031);
#9031 = CARTESIAN_POINT('',(6.,3.7,-3.9));
#9032 = LINE('',#9033,#9034);
#9033 = CARTESIAN_POINT('',(6.,3.7,-1.2));
#9034 = VECTOR('',#9035,1.);
#9035 = DIRECTION('',(0.,0.,-1.));
#9036 = ORIENTED_EDGE('',*,*,#9037,.T.);
#9037 = EDGE_CURVE('',#9030,#9038,#9040,.T.);
#9038 = VERTEX_POINT('',#9039);
#9039 = CARTESIAN_POINT('',(2.4,3.7,-3.9));
#9040 = LINE('',#9041,#9042);
#9041 = CARTESIAN_POINT('',(6.,3.7,-3.9));
#9042 = VECTOR('',#9043,1.);
#9043 = DIRECTION('',(-1.,0.,0.));
#9044 = ORIENTED_EDGE('',*,*,#9045,.T.);
#9045 = EDGE_CURVE('',#9038,#9046,#9048,.T.);
#9046 = VERTEX_POINT('',#9047);
#9047 = CARTESIAN_POINT('',(2.4,3.7,-1.2));
#9048 = LINE('',#9049,#9050);
#9049 = CARTESIAN_POINT('',(2.4,3.7,-3.9));
#9050 = VECTOR('',#9051,1.);
#9051 = DIRECTION('',(0.,0.,1.));
#9052 = ORIENTED_EDGE('',*,*,#9053,.T.);
#9053 = EDGE_CURVE('',#9046,#9054,#9056,.T.);
#9054 = VERTEX_POINT('',#9055);
#9055 = CARTESIAN_POINT('',(3.3,3.7,-0.3));
#9056 = LINE('',#9057,#9058);
#9057 = CARTESIAN_POINT('',(2.4,3.7,-1.2));
#9058 = VECTOR('',#9059,1.);
#9059 = DIRECTION('',(0.707106781187,0.,0.707106781187));
#9060 = ORIENTED_EDGE('',*,*,#9061,.T.);
#9061 = EDGE_CURVE('',#9054,#9062,#9064,.T.);
#9062 = VERTEX_POINT('',#9063);
#9063 = CARTESIAN_POINT('',(5.1,3.7,-0.3));
#9064 = LINE('',#9065,#9066);
#9065 = CARTESIAN_POINT('',(3.3,3.7,-0.3));
#9066 = VECTOR('',#9067,1.);
#9067 = DIRECTION('',(1.,0.,0.));
#9068 = ORIENTED_EDGE('',*,*,#9069,.T.);
#9069 = EDGE_CURVE('',#9062,#9028,#9070,.T.);
#9070 = LINE('',#9071,#9072);
#9071 = CARTESIAN_POINT('',(5.1,3.7,-0.3));
#9072 = VECTOR('',#9073,1.);
#9073 = DIRECTION('',(0.707106781187,0.,-0.707106781187));
#9074 = FACE_BOUND('',#9075,.T.);
#9075 = EDGE_LOOP('',(#9076,#9086,#9094,#9102));
#9076 = ORIENTED_EDGE('',*,*,#9077,.T.);
#9077 = EDGE_CURVE('',#9078,#9080,#9082,.T.);
#9078 = VERTEX_POINT('',#9079);
#9079 = CARTESIAN_POINT('',(4.77,3.7,-3.25));
#9080 = VERTEX_POINT('',#9081);
#9081 = CARTESIAN_POINT('',(4.77,3.7,-1.71));
#9082 = LINE('',#9083,#9084);
#9083 = CARTESIAN_POINT('',(4.77,3.7,-3.25));
#9084 = VECTOR('',#9085,1.);
#9085 = DIRECTION('',(0.,0.,1.));
#9086 = ORIENTED_EDGE('',*,*,#9087,.T.);
#9087 = EDGE_CURVE('',#9080,#9088,#9090,.T.);
#9088 = VERTEX_POINT('',#9089);
#9089 = CARTESIAN_POINT('',(3.63,3.7,-1.71));
#9090 = LINE('',#9091,#9092);
#9091 = CARTESIAN_POINT('',(4.77,3.7,-1.71));
#9092 = VECTOR('',#9093,1.);
#9093 = DIRECTION('',(-1.,0.,0.));
#9094 = ORIENTED_EDGE('',*,*,#9095,.F.);
#9095 = EDGE_CURVE('',#9096,#9088,#9098,.T.);
#9096 = VERTEX_POINT('',#9097);
#9097 = CARTESIAN_POINT('',(3.63,3.7,-3.25));
#9098 = LINE('',#9099,#9100);
#9099 = CARTESIAN_POINT('',(3.63,3.7,-3.25));
#9100 = VECTOR('',#9101,1.);
#9101 = DIRECTION('',(0.,0.,1.));
#9102 = ORIENTED_EDGE('',*,*,#9103,.F.);
#9103 = EDGE_CURVE('',#9078,#9096,#9104,.T.);
#9104 = LINE('',#9105,#9106);
#9105 = CARTESIAN_POINT('',(4.77,3.7,-3.25));
#9106 = VECTOR('',#9107,1.);
#9107 = DIRECTION('',(-1.,0.,0.));
#9108 = PLANE('',#9109);
#9109 = AXIS2_PLACEMENT_3D('',#9110,#9111,#9112);
#9110 = CARTESIAN_POINT('',(-6.9,3.7,-4.8));
#9111 = DIRECTION('',(-0.,1.,0.));
#9112 = DIRECTION('',(1.,0.,0.));
#9113 = ADVANCED_FACE('',(#9114),#9130,.F.);
#9114 = FACE_BOUND('',#9115,.T.);
#9115 = EDGE_LOOP('',(#9116,#9117,#9123,#9124));
#9116 = ORIENTED_EDGE('',*,*,#6398,.T.);
#9117 = ORIENTED_EDGE('',*,*,#9118,.T.);
#9118 = EDGE_CURVE('',#6401,#9030,#9119,.T.);
#9119 = LINE('',#9120,#9121);
#9120 = CARTESIAN_POINT('',(6.,12.8,-3.9));
#9121 = VECTOR('',#9122,1.);
#9122 = DIRECTION('',(0.,-1.,0.));
#9123 = ORIENTED_EDGE('',*,*,#9027,.F.);
#9124 = ORIENTED_EDGE('',*,*,#9125,.F.);
#9125 = EDGE_CURVE('',#6399,#9028,#9126,.T.);
#9126 = LINE('',#9127,#9128);
#9127 = CARTESIAN_POINT('',(6.,12.8,-1.2));
#9128 = VECTOR('',#9129,1.);
#9129 = DIRECTION('',(0.,-1.,0.));
#9130 = PLANE('',#9131);
#9131 = AXIS2_PLACEMENT_3D('',#9132,#9133,#9134);
#9132 = CARTESIAN_POINT('',(6.,12.8,-1.2));
#9133 = DIRECTION('',(1.,0.,0.));
#9134 = DIRECTION('',(-0.,1.,0.));
#9135 = ADVANCED_FACE('',(#9136),#9147,.F.);
#9136 = FACE_BOUND('',#9137,.T.);
#9137 = EDGE_LOOP('',(#9138,#9139,#9140,#9141));
#9138 = ORIENTED_EDGE('',*,*,#6408,.T.);
#9139 = ORIENTED_EDGE('',*,*,#9125,.T.);
#9140 = ORIENTED_EDGE('',*,*,#9069,.F.);
#9141 = ORIENTED_EDGE('',*,*,#9142,.F.);
#9142 = EDGE_CURVE('',#6409,#9062,#9143,.T.);
#9143 = LINE('',#9144,#9145);
#9144 = CARTESIAN_POINT('',(5.1,12.8,-0.3));
#9145 = VECTOR('',#9146,1.);
#9146 = DIRECTION('',(0.,-1.,0.));
#9147 = PLANE('',#9148);
#9148 = AXIS2_PLACEMENT_3D('',#9149,#9150,#9151);
#9149 = CARTESIAN_POINT('',(5.1,12.8,-0.3));
#9150 = DIRECTION('',(0.707106781187,0.,0.707106781187));
#9151 = DIRECTION('',(0.,-1.,0.));
#9152 = ADVANCED_FACE('',(#9153),#9164,.F.);
#9153 = FACE_BOUND('',#9154,.T.);
#9154 = EDGE_LOOP('',(#9155,#9156,#9157,#9158));
#9155 = ORIENTED_EDGE('',*,*,#6416,.T.);
#9156 = ORIENTED_EDGE('',*,*,#9142,.T.);
#9157 = ORIENTED_EDGE('',*,*,#9061,.F.);
#9158 = ORIENTED_EDGE('',*,*,#9159,.F.);
#9159 = EDGE_CURVE('',#6417,#9054,#9160,.T.);
#9160 = LINE('',#9161,#9162);
#9161 = CARTESIAN_POINT('',(3.3,12.8,-0.3));
#9162 = VECTOR('',#9163,1.);
#9163 = DIRECTION('',(0.,-1.,0.));
#9164 = PLANE('',#9165);
#9165 = AXIS2_PLACEMENT_3D('',#9166,#9167,#9168);
#9166 = CARTESIAN_POINT('',(3.3,12.8,-0.3));
#9167 = DIRECTION('',(0.,0.,1.));
#9168 = DIRECTION('',(1.,0.,-0.));
#9169 = ADVANCED_FACE('',(#9170),#9181,.F.);
#9170 = FACE_BOUND('',#9171,.T.);
#9171 = EDGE_LOOP('',(#9172,#9173,#9174,#9175));
#9172 = ORIENTED_EDGE('',*,*,#6424,.T.);
#9173 = ORIENTED_EDGE('',*,*,#9159,.T.);
#9174 = ORIENTED_EDGE('',*,*,#9053,.F.);
#9175 = ORIENTED_EDGE('',*,*,#9176,.F.);
#9176 = EDGE_CURVE('',#6425,#9046,#9177,.T.);
#9177 = LINE('',#9178,#9179);
#9178 = CARTESIAN_POINT('',(2.4,12.8,-1.2));
#9179 = VECTOR('',#9180,1.);
#9180 = DIRECTION('',(0.,-1.,0.));
#9181 = PLANE('',#9182);
#9182 = AXIS2_PLACEMENT_3D('',#9183,#9184,#9185);
#9183 = CARTESIAN_POINT('',(2.4,12.8,-1.2));
#9184 = DIRECTION('',(-0.707106781187,0.,0.707106781187));
#9185 = DIRECTION('',(0.,1.,0.));
#9186 = ADVANCED_FACE('',(#9187),#9198,.F.);
#9187 = FACE_BOUND('',#9188,.T.);
#9188 = EDGE_LOOP('',(#9189,#9190,#9191,#9192));
#9189 = ORIENTED_EDGE('',*,*,#6432,.T.);
#9190 = ORIENTED_EDGE('',*,*,#9176,.T.);
#9191 = ORIENTED_EDGE('',*,*,#9045,.F.);
#9192 = ORIENTED_EDGE('',*,*,#9193,.F.);
#9193 = EDGE_CURVE('',#6433,#9038,#9194,.T.);
#9194 = LINE('',#9195,#9196);
#9195 = CARTESIAN_POINT('',(2.4,12.8,-3.9));
#9196 = VECTOR('',#9197,1.);
#9197 = DIRECTION('',(0.,-1.,0.));
#9198 = PLANE('',#9199);
#9199 = AXIS2_PLACEMENT_3D('',#9200,#9201,#9202);
#9200 = CARTESIAN_POINT('',(2.4,12.8,-3.9));
#9201 = DIRECTION('',(-1.,0.,0.));
#9202 = DIRECTION('',(0.,0.,1.));
#9203 = ADVANCED_FACE('',(#9204),#9210,.F.);
#9204 = FACE_BOUND('',#9205,.T.);
#9205 = EDGE_LOOP('',(#9206,#9207,#9208,#9209));
#9206 = ORIENTED_EDGE('',*,*,#6440,.T.);
#9207 = ORIENTED_EDGE('',*,*,#9193,.T.);
#9208 = ORIENTED_EDGE('',*,*,#9037,.F.);
#9209 = ORIENTED_EDGE('',*,*,#9118,.F.);
#9210 = PLANE('',#9211);
#9211 = AXIS2_PLACEMENT_3D('',#9212,#9213,#9214);
#9212 = CARTESIAN_POINT('',(6.,12.8,-3.9));
#9213 = DIRECTION('',(0.,0.,-1.));
#9214 = DIRECTION('',(0.,-1.,0.));
#9215 = ADVANCED_FACE('',(#9216),#9249,.F.);
#9216 = FACE_BOUND('',#9217,.T.);
#9217 = EDGE_LOOP('',(#9218,#9219,#9227,#9235,#9243));
#9218 = ORIENTED_EDGE('',*,*,#9077,.F.);
#9219 = ORIENTED_EDGE('',*,*,#9220,.F.);
#9220 = EDGE_CURVE('',#9221,#9078,#9223,.T.);
#9221 = VERTEX_POINT('',#9222);
#9222 = CARTESIAN_POINT('',(4.77,4.3,-2.85));
#9223 = LINE('',#9224,#9225);
#9224 = CARTESIAN_POINT('',(4.77,4.3,-2.85));
#9225 = VECTOR('',#9226,1.);
#9226 = DIRECTION('',(0.,-0.832050294338,-0.554700196225));
#9227 = ORIENTED_EDGE('',*,*,#9228,.F.);
#9228 = EDGE_CURVE('',#9229,#9221,#9231,.T.);
#9229 = VERTEX_POINT('',#9230);
#9230 = CARTESIAN_POINT('',(4.77,9.2,-2.85));
#9231 = LINE('',#9232,#9233);
#9232 = CARTESIAN_POINT('',(4.77,9.2,-2.85));
#9233 = VECTOR('',#9234,1.);
#9234 = DIRECTION('',(0.,-1.,0.));
#9235 = ORIENTED_EDGE('',*,*,#9236,.F.);
#9236 = EDGE_CURVE('',#9237,#9229,#9239,.T.);
#9237 = VERTEX_POINT('',#9238);
#9238 = CARTESIAN_POINT('',(4.77,9.2,-1.71));
#9239 = LINE('',#9240,#9241);
#9240 = CARTESIAN_POINT('',(4.77,9.2,-1.71));
#9241 = VECTOR('',#9242,1.);
#9242 = DIRECTION('',(0.,0.,-1.));
#9243 = ORIENTED_EDGE('',*,*,#9244,.F.);
#9244 = EDGE_CURVE('',#9080,#9237,#9245,.T.);
#9245 = LINE('',#9246,#9247);
#9246 = CARTESIAN_POINT('',(4.77,3.7,-1.71));
#9247 = VECTOR('',#9248,1.);
#9248 = DIRECTION('',(0.,1.,0.));
#9249 = PLANE('',#9250);
#9250 = AXIS2_PLACEMENT_3D('',#9251,#9252,#9253);
#9251 = CARTESIAN_POINT('',(4.77,0.,0.));
#9252 = DIRECTION('',(-1.,0.,0.));
#9253 = DIRECTION('',(0.,0.,1.));
#9254 = ADVANCED_FACE('',(#9255),#9288,.F.);
#9255 = FACE_BOUND('',#9256,.T.);
#9256 = EDGE_LOOP('',(#9257,#9258,#9266,#9274,#9282));
#9257 = ORIENTED_EDGE('',*,*,#8987,.F.);
#9258 = ORIENTED_EDGE('',*,*,#9259,.F.);
#9259 = EDGE_CURVE('',#9260,#8988,#9262,.T.);
#9260 = VERTEX_POINT('',#9261);
#9261 = CARTESIAN_POINT('',(4.77,9.2,1.31));
#9262 = LINE('',#9263,#9264);
#9263 = CARTESIAN_POINT('',(4.77,9.2,1.31));
#9264 = VECTOR('',#9265,1.);
#9265 = DIRECTION('',(0.,-1.,0.));
#9266 = ORIENTED_EDGE('',*,*,#9267,.F.);
#9267 = EDGE_CURVE('',#9268,#9260,#9270,.T.);
#9268 = VERTEX_POINT('',#9269);
#9269 = CARTESIAN_POINT('',(4.77,9.2,2.45));
#9270 = LINE('',#9271,#9272);
#9271 = CARTESIAN_POINT('',(4.77,9.2,2.45));
#9272 = VECTOR('',#9273,1.);
#9273 = DIRECTION('',(0.,0.,-1.));
#9274 = ORIENTED_EDGE('',*,*,#9275,.F.);
#9275 = EDGE_CURVE('',#9276,#9268,#9278,.T.);
#9276 = VERTEX_POINT('',#9277);
#9277 = CARTESIAN_POINT('',(4.77,4.3,2.45));
#9278 = LINE('',#9279,#9280);
#9279 = CARTESIAN_POINT('',(4.77,4.3,2.45));
#9280 = VECTOR('',#9281,1.);
#9281 = DIRECTION('',(0.,1.,0.));
#9282 = ORIENTED_EDGE('',*,*,#9283,.F.);
#9283 = EDGE_CURVE('',#8990,#9276,#9284,.T.);
#9284 = LINE('',#9285,#9286);
#9285 = CARTESIAN_POINT('',(4.77,3.7,2.85));
#9286 = VECTOR('',#9287,1.);
#9287 = DIRECTION('',(0.,0.832050294338,-0.554700196225));
#9288 = PLANE('',#9289);
#9289 = AXIS2_PLACEMENT_3D('',#9290,#9291,#9292);
#9290 = CARTESIAN_POINT('',(4.77,0.,0.));
#9291 = DIRECTION('',(-1.,0.,0.));
#9292 = DIRECTION('',(0.,0.,1.));
#9293 = ADVANCED_FACE('',(#9294),#9327,.F.);
#9294 = FACE_BOUND('',#9295,.T.);
#9295 = EDGE_LOOP('',(#9296,#9304,#9305,#9313,#9321));
#9296 = ORIENTED_EDGE('',*,*,#9297,.F.);
#9297 = EDGE_CURVE('',#5363,#9298,#9300,.T.);
#9298 = VERTEX_POINT('',#9299);
#9299 = CARTESIAN_POINT('',(4.77,-2.23,2.25));
#9300 = LINE('',#9301,#9302);
#9301 = CARTESIAN_POINT('',(4.77,0.8,2.25));
#9302 = VECTOR('',#9303,1.);
#9303 = DIRECTION('',(0.,-1.,0.));
#9304 = ORIENTED_EDGE('',*,*,#5362,.T.);
#9305 = ORIENTED_EDGE('',*,*,#9306,.F.);
#9306 = EDGE_CURVE('',#9307,#5365,#9309,.T.);
#9307 = VERTEX_POINT('',#9308);
#9308 = CARTESIAN_POINT('',(4.77,-3.5,2.85));
#9309 = LINE('',#9310,#9311);
#9310 = CARTESIAN_POINT('',(4.77,-3.5,2.85));
#9311 = VECTOR('',#9312,1.);
#9312 = DIRECTION('',(0.,1.,0.));
#9313 = ORIENTED_EDGE('',*,*,#9314,.F.);
#9314 = EDGE_CURVE('',#9315,#9307,#9317,.T.);
#9315 = VERTEX_POINT('',#9316);
#9316 = CARTESIAN_POINT('',(4.77,-3.5,2.7));
#9317 = LINE('',#9318,#9319);
#9318 = CARTESIAN_POINT('',(4.77,-3.5,2.7));
#9319 = VECTOR('',#9320,1.);
#9320 = DIRECTION('',(0.,0.,1.));
#9321 = ORIENTED_EDGE('',*,*,#9322,.F.);
#9322 = EDGE_CURVE('',#9298,#9315,#9323,.T.);
#9323 = LINE('',#9324,#9325);
#9324 = CARTESIAN_POINT('',(4.77,-2.23,2.25));
#9325 = VECTOR('',#9326,1.);
#9326 = DIRECTION('',(0.,-0.942578556478,0.333984527886));
#9327 = PLANE('',#9328);
#9328 = AXIS2_PLACEMENT_3D('',#9329,#9330,#9331);
#9329 = CARTESIAN_POINT('',(4.77,0.,0.));
#9330 = DIRECTION('',(-1.,0.,0.));
#9331 = DIRECTION('',(0.,0.,1.));
#9332 = ADVANCED_FACE('',(#9333),#9366,.F.);
#9333 = FACE_BOUND('',#9334,.T.);
#9334 = EDGE_LOOP('',(#9335,#9336,#9344,#9352,#9360));
#9335 = ORIENTED_EDGE('',*,*,#5288,.T.);
#9336 = ORIENTED_EDGE('',*,*,#9337,.F.);
#9337 = EDGE_CURVE('',#9338,#5291,#9340,.T.);
#9338 = VERTEX_POINT('',#9339);
#9339 = CARTESIAN_POINT('',(4.77,-2.23,-2.65));
#9340 = LINE('',#9341,#9342);
#9341 = CARTESIAN_POINT('',(4.77,-2.23,-2.65));
#9342 = VECTOR('',#9343,1.);
#9343 = DIRECTION('',(0.,1.,0.));
#9344 = ORIENTED_EDGE('',*,*,#9345,.F.);
#9345 = EDGE_CURVE('',#9346,#9338,#9348,.T.);
#9346 = VERTEX_POINT('',#9347);
#9347 = CARTESIAN_POINT('',(4.77,-3.5,-3.1));
#9348 = LINE('',#9349,#9350);
#9349 = CARTESIAN_POINT('',(4.77,-3.5,-3.1));
#9350 = VECTOR('',#9351,1.);
#9351 = DIRECTION('',(0.,0.942578556478,0.333984527886));
#9352 = ORIENTED_EDGE('',*,*,#9353,.F.);
#9353 = EDGE_CURVE('',#9354,#9346,#9356,.T.);
#9354 = VERTEX_POINT('',#9355);
#9355 = CARTESIAN_POINT('',(4.77,-3.5,-3.25));
#9356 = LINE('',#9357,#9358);
#9357 = CARTESIAN_POINT('',(4.77,-3.5,-3.25));
#9358 = VECTOR('',#9359,1.);
#9359 = DIRECTION('',(0.,0.,1.));
#9360 = ORIENTED_EDGE('',*,*,#9361,.F.);
#9361 = EDGE_CURVE('',#5289,#9354,#9362,.T.);
#9362 = LINE('',#9363,#9364);
#9363 = CARTESIAN_POINT('',(4.77,0.8,-3.25));
#9364 = VECTOR('',#9365,1.);
#9365 = DIRECTION('',(0.,-1.,0.));
#9366 = PLANE('',#9367);
#9367 = AXIS2_PLACEMENT_3D('',#9368,#9369,#9370);
#9368 = CARTESIAN_POINT('',(4.77,0.,0.));
#9369 = DIRECTION('',(-1.,0.,0.));
#9370 = DIRECTION('',(0.,0.,1.));
#9371 = ADVANCED_FACE('',(#9372),#9390,.T.);
#9372 = FACE_BOUND('',#9373,.T.);
#9373 = EDGE_LOOP('',(#9374,#9375,#9376,#9384));
#9374 = ORIENTED_EDGE('',*,*,#9087,.F.);
#9375 = ORIENTED_EDGE('',*,*,#9244,.T.);
#9376 = ORIENTED_EDGE('',*,*,#9377,.T.);
#9377 = EDGE_CURVE('',#9237,#9378,#9380,.T.);
#9378 = VERTEX_POINT('',#9379);
#9379 = CARTESIAN_POINT('',(3.63,9.2,-1.71));
#9380 = LINE('',#9381,#9382);
#9381 = CARTESIAN_POINT('',(4.77,9.2,-1.71));
#9382 = VECTOR('',#9383,1.);
#9383 = DIRECTION('',(-1.,0.,0.));
#9384 = ORIENTED_EDGE('',*,*,#9385,.F.);
#9385 = EDGE_CURVE('',#9088,#9378,#9386,.T.);
#9386 = LINE('',#9387,#9388);
#9387 = CARTESIAN_POINT('',(3.63,3.7,-1.71));
#9388 = VECTOR('',#9389,1.);
#9389 = DIRECTION('',(0.,1.,0.));
#9390 = PLANE('',#9391);
#9391 = AXIS2_PLACEMENT_3D('',#9392,#9393,#9394);
#9392 = CARTESIAN_POINT('',(4.77,3.7,-1.71));
#9393 = DIRECTION('',(0.,0.,1.));
#9394 = DIRECTION('',(1.,0.,-0.));
#9395 = ADVANCED_FACE('',(#9396),#9422,.T.);
#9396 = FACE_BOUND('',#9397,.T.);
#9397 = EDGE_LOOP('',(#9398,#9399,#9400,#9408,#9416));
#9398 = ORIENTED_EDGE('',*,*,#9095,.T.);
#9399 = ORIENTED_EDGE('',*,*,#9385,.T.);
#9400 = ORIENTED_EDGE('',*,*,#9401,.T.);
#9401 = EDGE_CURVE('',#9378,#9402,#9404,.T.);
#9402 = VERTEX_POINT('',#9403);
#9403 = CARTESIAN_POINT('',(3.63,9.2,-2.85));
#9404 = LINE('',#9405,#9406);
#9405 = CARTESIAN_POINT('',(3.63,9.2,-1.71));
#9406 = VECTOR('',#9407,1.);
#9407 = DIRECTION('',(0.,0.,-1.));
#9408 = ORIENTED_EDGE('',*,*,#9409,.T.);
#9409 = EDGE_CURVE('',#9402,#9410,#9412,.T.);
#9410 = VERTEX_POINT('',#9411);
#9411 = CARTESIAN_POINT('',(3.63,4.3,-2.85));
#9412 = LINE('',#9413,#9414);
#9413 = CARTESIAN_POINT('',(3.63,9.2,-2.85));
#9414 = VECTOR('',#9415,1.);
#9415 = DIRECTION('',(0.,-1.,0.));
#9416 = ORIENTED_EDGE('',*,*,#9417,.T.);
#9417 = EDGE_CURVE('',#9410,#9096,#9418,.T.);
#9418 = LINE('',#9419,#9420);
#9419 = CARTESIAN_POINT('',(3.63,4.3,-2.85));
#9420 = VECTOR('',#9421,1.);
#9421 = DIRECTION('',(0.,-0.832050294338,-0.554700196225));
#9422 = PLANE('',#9423);
#9423 = AXIS2_PLACEMENT_3D('',#9424,#9425,#9426);
#9424 = CARTESIAN_POINT('',(3.63,0.,0.));
#9425 = DIRECTION('',(-1.,0.,0.));
#9426 = DIRECTION('',(0.,0.,1.));
#9427 = ADVANCED_FACE('',(#9428),#9461,.T.);
#9428 = FACE_BOUND('',#9429,.T.);
#9429 = EDGE_LOOP('',(#9430,#9431,#9439,#9447,#9455));
#9430 = ORIENTED_EDGE('',*,*,#9005,.T.);
#9431 = ORIENTED_EDGE('',*,*,#9432,.T.);
#9432 = EDGE_CURVE('',#8998,#9433,#9435,.T.);
#9433 = VERTEX_POINT('',#9434);
#9434 = CARTESIAN_POINT('',(3.63,4.3,2.45));
#9435 = LINE('',#9436,#9437);
#9436 = CARTESIAN_POINT('',(3.63,3.7,2.85));
#9437 = VECTOR('',#9438,1.);
#9438 = DIRECTION('',(0.,0.832050294338,-0.554700196225));
#9439 = ORIENTED_EDGE('',*,*,#9440,.T.);
#9440 = EDGE_CURVE('',#9433,#9441,#9443,.T.);
#9441 = VERTEX_POINT('',#9442);
#9442 = CARTESIAN_POINT('',(3.63,9.2,2.45));
#9443 = LINE('',#9444,#9445);
#9444 = CARTESIAN_POINT('',(3.63,4.3,2.45));
#9445 = VECTOR('',#9446,1.);
#9446 = DIRECTION('',(0.,1.,0.));
#9447 = ORIENTED_EDGE('',*,*,#9448,.T.);
#9448 = EDGE_CURVE('',#9441,#9449,#9451,.T.);
#9449 = VERTEX_POINT('',#9450);
#9450 = CARTESIAN_POINT('',(3.63,9.2,1.31));
#9451 = LINE('',#9452,#9453);
#9452 = CARTESIAN_POINT('',(3.63,9.2,2.45));
#9453 = VECTOR('',#9454,1.);
#9454 = DIRECTION('',(0.,0.,-1.));
#9455 = ORIENTED_EDGE('',*,*,#9456,.T.);
#9456 = EDGE_CURVE('',#9449,#9006,#9457,.T.);
#9457 = LINE('',#9458,#9459);
#9458 = CARTESIAN_POINT('',(3.63,9.2,1.31));
#9459 = VECTOR('',#9460,1.);
#9460 = DIRECTION('',(0.,-1.,0.));
#9461 = PLANE('',#9462);
#9462 = AXIS2_PLACEMENT_3D('',#9463,#9464,#9465);
#9463 = CARTESIAN_POINT('',(3.63,0.,0.));
#9464 = DIRECTION('',(-1.,0.,0.));
#9465 = DIRECTION('',(0.,0.,1.));
#9466 = ADVANCED_FACE('',(#9467),#9500,.T.);
#9467 = FACE_BOUND('',#9468,.T.);
#9468 = EDGE_LOOP('',(#9469,#9477,#9485,#9493,#9499));
#9469 = ORIENTED_EDGE('',*,*,#9470,.T.);
#9470 = EDGE_CURVE('',#5373,#9471,#9473,.T.);
#9471 = VERTEX_POINT('',#9472);
#9472 = CARTESIAN_POINT('',(3.63,-2.23,2.25));
#9473 = LINE('',#9474,#9475);
#9474 = CARTESIAN_POINT('',(3.63,0.8,2.25));
#9475 = VECTOR('',#9476,1.);
#9476 = DIRECTION('',(0.,-1.,0.));
#9477 = ORIENTED_EDGE('',*,*,#9478,.T.);
#9478 = EDGE_CURVE('',#9471,#9479,#9481,.T.);
#9479 = VERTEX_POINT('',#9480);
#9480 = CARTESIAN_POINT('',(3.63,-3.5,2.7));
#9481 = LINE('',#9482,#9483);
#9482 = CARTESIAN_POINT('',(3.63,-2.23,2.25));
#9483 = VECTOR('',#9484,1.);
#9484 = DIRECTION('',(0.,-0.942578556478,0.333984527886));
#9485 = ORIENTED_EDGE('',*,*,#9486,.T.);
#9486 = EDGE_CURVE('',#9479,#9487,#9489,.T.);
#9487 = VERTEX_POINT('',#9488);
#9488 = CARTESIAN_POINT('',(3.63,-3.5,2.85));
#9489 = LINE('',#9490,#9491);
#9490 = CARTESIAN_POINT('',(3.63,-3.5,2.7));
#9491 = VECTOR('',#9492,1.);
#9492 = DIRECTION('',(0.,0.,1.));
#9493 = ORIENTED_EDGE('',*,*,#9494,.T.);
#9494 = EDGE_CURVE('',#9487,#5381,#9495,.T.);
#9495 = LINE('',#9496,#9497);
#9496 = CARTESIAN_POINT('',(3.63,-3.5,2.85));
#9497 = VECTOR('',#9498,1.);
#9498 = DIRECTION('',(0.,1.,0.));
#9499 = ORIENTED_EDGE('',*,*,#5380,.F.);
#9500 = PLANE('',#9501);
#9501 = AXIS2_PLACEMENT_3D('',#9502,#9503,#9504);
#9502 = CARTESIAN_POINT('',(3.63,0.,0.));
#9503 = DIRECTION('',(-1.,0.,0.));
#9504 = DIRECTION('',(0.,0.,1.));
#9505 = ADVANCED_FACE('',(#9506),#9539,.T.);
#9506 = FACE_BOUND('',#9507,.T.);
#9507 = EDGE_LOOP('',(#9508,#9509,#9517,#9525,#9533));
#9508 = ORIENTED_EDGE('',*,*,#5306,.F.);
#9509 = ORIENTED_EDGE('',*,*,#9510,.T.);
#9510 = EDGE_CURVE('',#5299,#9511,#9513,.T.);
#9511 = VERTEX_POINT('',#9512);
#9512 = CARTESIAN_POINT('',(3.63,-3.5,-3.25));
#9513 = LINE('',#9514,#9515);
#9514 = CARTESIAN_POINT('',(3.63,0.8,-3.25));
#9515 = VECTOR('',#9516,1.);
#9516 = DIRECTION('',(0.,-1.,0.));
#9517 = ORIENTED_EDGE('',*,*,#9518,.T.);
#9518 = EDGE_CURVE('',#9511,#9519,#9521,.T.);
#9519 = VERTEX_POINT('',#9520);
#9520 = CARTESIAN_POINT('',(3.63,-3.5,-3.1));
#9521 = LINE('',#9522,#9523);
#9522 = CARTESIAN_POINT('',(3.63,-3.5,-3.25));
#9523 = VECTOR('',#9524,1.);
#9524 = DIRECTION('',(0.,0.,1.));
#9525 = ORIENTED_EDGE('',*,*,#9526,.T.);
#9526 = EDGE_CURVE('',#9519,#9527,#9529,.T.);
#9527 = VERTEX_POINT('',#9528);
#9528 = CARTESIAN_POINT('',(3.63,-2.23,-2.65));
#9529 = LINE('',#9530,#9531);
#9530 = CARTESIAN_POINT('',(3.63,-3.5,-3.1));
#9531 = VECTOR('',#9532,1.);
#9532 = DIRECTION('',(0.,0.942578556478,0.333984527886));
#9533 = ORIENTED_EDGE('',*,*,#9534,.T.);
#9534 = EDGE_CURVE('',#9527,#5307,#9535,.T.);
#9535 = LINE('',#9536,#9537);
#9536 = CARTESIAN_POINT('',(3.63,-2.23,-2.65));
#9537 = VECTOR('',#9538,1.);
#9538 = DIRECTION('',(0.,1.,0.));
#9539 = PLANE('',#9540);
#9540 = AXIS2_PLACEMENT_3D('',#9541,#9542,#9543);
#9541 = CARTESIAN_POINT('',(3.63,0.,0.));
#9542 = DIRECTION('',(-1.,0.,0.));
#9543 = DIRECTION('',(0.,0.,1.));
#9544 = ADVANCED_FACE('',(#9545),#9556,.T.);
#9545 = FACE_BOUND('',#9546,.T.);
#9546 = EDGE_LOOP('',(#9547,#9548,#9549,#9555));
#9547 = ORIENTED_EDGE('',*,*,#9103,.T.);
#9548 = ORIENTED_EDGE('',*,*,#9417,.F.);
#9549 = ORIENTED_EDGE('',*,*,#9550,.F.);
#9550 = EDGE_CURVE('',#9221,#9410,#9551,.T.);
#9551 = LINE('',#9552,#9553);
#9552 = CARTESIAN_POINT('',(4.77,4.3,-2.85));
#9553 = VECTOR('',#9554,1.);
#9554 = DIRECTION('',(-1.,0.,0.));
#9555 = ORIENTED_EDGE('',*,*,#9220,.T.);
#9556 = PLANE('',#9557);
#9557 = AXIS2_PLACEMENT_3D('',#9558,#9559,#9560);
#9558 = CARTESIAN_POINT('',(4.77,4.3,-2.85));
#9559 = DIRECTION('',(0.,0.554700196225,-0.832050294338));
#9560 = DIRECTION('',(-1.,0.,0.));
#9561 = ADVANCED_FACE('',(#9562),#9573,.T.);
#9562 = FACE_BOUND('',#9563,.T.);
#9563 = EDGE_LOOP('',(#9564,#9565,#9566,#9567));
#9564 = ORIENTED_EDGE('',*,*,#9228,.T.);
#9565 = ORIENTED_EDGE('',*,*,#9550,.T.);
#9566 = ORIENTED_EDGE('',*,*,#9409,.F.);
#9567 = ORIENTED_EDGE('',*,*,#9568,.F.);
#9568 = EDGE_CURVE('',#9229,#9402,#9569,.T.);
#9569 = LINE('',#9570,#9571);
#9570 = CARTESIAN_POINT('',(4.77,9.2,-2.85));
#9571 = VECTOR('',#9572,1.);
#9572 = DIRECTION('',(-1.,0.,0.));
#9573 = PLANE('',#9574);
#9574 = AXIS2_PLACEMENT_3D('',#9575,#9576,#9577);
#9575 = CARTESIAN_POINT('',(4.77,9.2,-2.85));
#9576 = DIRECTION('',(0.,0.,-1.));
#9577 = DIRECTION('',(0.,-1.,0.));
#9578 = ADVANCED_FACE('',(#9579),#9585,.T.);
#9579 = FACE_BOUND('',#9580,.T.);
#9580 = EDGE_LOOP('',(#9581,#9582,#9583,#9584));
#9581 = ORIENTED_EDGE('',*,*,#9236,.T.);
#9582 = ORIENTED_EDGE('',*,*,#9568,.T.);
#9583 = ORIENTED_EDGE('',*,*,#9401,.F.);
#9584 = ORIENTED_EDGE('',*,*,#9377,.F.);
#9585 = PLANE('',#9586);
#9586 = AXIS2_PLACEMENT_3D('',#9587,#9588,#9589);
#9587 = CARTESIAN_POINT('',(4.77,9.2,-1.71));
#9588 = DIRECTION('',(-0.,1.,0.));
#9589 = DIRECTION('',(1.,0.,0.));
#9590 = ADVANCED_FACE('',(#9591),#9602,.T.);
#9591 = FACE_BOUND('',#9592,.T.);
#9592 = EDGE_LOOP('',(#9593,#9594,#9595,#9601));
#9593 = ORIENTED_EDGE('',*,*,#9013,.T.);
#9594 = ORIENTED_EDGE('',*,*,#9456,.F.);
#9595 = ORIENTED_EDGE('',*,*,#9596,.F.);
#9596 = EDGE_CURVE('',#9260,#9449,#9597,.T.);
#9597 = LINE('',#9598,#9599);
#9598 = CARTESIAN_POINT('',(4.77,9.2,1.31));
#9599 = VECTOR('',#9600,1.);
#9600 = DIRECTION('',(-1.,0.,0.));
#9601 = ORIENTED_EDGE('',*,*,#9259,.T.);
#9602 = PLANE('',#9603);
#9603 = AXIS2_PLACEMENT_3D('',#9604,#9605,#9606);
#9604 = CARTESIAN_POINT('',(4.77,9.2,1.31));
#9605 = DIRECTION('',(0.,0.,-1.));
#9606 = DIRECTION('',(0.,-1.,0.));
#9607 = ADVANCED_FACE('',(#9608),#9619,.T.);
#9608 = FACE_BOUND('',#9609,.T.);
#9609 = EDGE_LOOP('',(#9610,#9611,#9612,#9613));
#9610 = ORIENTED_EDGE('',*,*,#9267,.T.);
#9611 = ORIENTED_EDGE('',*,*,#9596,.T.);
#9612 = ORIENTED_EDGE('',*,*,#9448,.F.);
#9613 = ORIENTED_EDGE('',*,*,#9614,.F.);
#9614 = EDGE_CURVE('',#9268,#9441,#9615,.T.);
#9615 = LINE('',#9616,#9617);
#9616 = CARTESIAN_POINT('',(4.77,9.2,2.45));
#9617 = VECTOR('',#9618,1.);
#9618 = DIRECTION('',(-1.,0.,0.));
#9619 = PLANE('',#9620);
#9620 = AXIS2_PLACEMENT_3D('',#9621,#9622,#9623);
#9621 = CARTESIAN_POINT('',(4.77,9.2,2.45));
#9622 = DIRECTION('',(-0.,1.,0.));
#9623 = DIRECTION('',(1.,0.,0.));
#9624 = ADVANCED_FACE('',(#9625),#9636,.T.);
#9625 = FACE_BOUND('',#9626,.T.);
#9626 = EDGE_LOOP('',(#9627,#9628,#9629,#9630));
#9627 = ORIENTED_EDGE('',*,*,#9275,.T.);
#9628 = ORIENTED_EDGE('',*,*,#9614,.T.);
#9629 = ORIENTED_EDGE('',*,*,#9440,.F.);
#9630 = ORIENTED_EDGE('',*,*,#9631,.F.);
#9631 = EDGE_CURVE('',#9276,#9433,#9632,.T.);
#9632 = LINE('',#9633,#9634);
#9633 = CARTESIAN_POINT('',(4.77,4.3,2.45));
#9634 = VECTOR('',#9635,1.);
#9635 = DIRECTION('',(-1.,0.,0.));
#9636 = PLANE('',#9637);
#9637 = AXIS2_PLACEMENT_3D('',#9638,#9639,#9640);
#9638 = CARTESIAN_POINT('',(4.77,4.3,2.45));
#9639 = DIRECTION('',(0.,0.,1.));
#9640 = DIRECTION('',(1.,0.,-0.));
#9641 = ADVANCED_FACE('',(#9642),#9648,.T.);
#9642 = FACE_BOUND('',#9643,.T.);
#9643 = EDGE_LOOP('',(#9644,#9645,#9646,#9647));
#9644 = ORIENTED_EDGE('',*,*,#8997,.F.);
#9645 = ORIENTED_EDGE('',*,*,#9283,.T.);
#9646 = ORIENTED_EDGE('',*,*,#9631,.T.);
#9647 = ORIENTED_EDGE('',*,*,#9432,.F.);
#9648 = PLANE('',#9649);
#9649 = AXIS2_PLACEMENT_3D('',#9650,#9651,#9652);
#9650 = CARTESIAN_POINT('',(4.77,3.7,2.85));
#9651 = DIRECTION('',(0.,0.554700196225,0.832050294338));
#9652 = DIRECTION('',(1.,-0.,0.));
#9653 = ADVANCED_FACE('',(#9654),#9665,.T.);
#9654 = FACE_BOUND('',#9655,.T.);
#9655 = EDGE_LOOP('',(#9656,#9657,#9663,#9664));
#9656 = ORIENTED_EDGE('',*,*,#9297,.T.);
#9657 = ORIENTED_EDGE('',*,*,#9658,.T.);
#9658 = EDGE_CURVE('',#9298,#9471,#9659,.T.);
#9659 = LINE('',#9660,#9661);
#9660 = CARTESIAN_POINT('',(4.77,-2.23,2.25));
#9661 = VECTOR('',#9662,1.);
#9662 = DIRECTION('',(-1.,0.,0.));
#9663 = ORIENTED_EDGE('',*,*,#9470,.F.);
#9664 = ORIENTED_EDGE('',*,*,#5372,.F.);
#9665 = PLANE('',#9666);
#9666 = AXIS2_PLACEMENT_3D('',#9667,#9668,#9669);
#9667 = CARTESIAN_POINT('',(4.77,3.7,2.25));
#9668 = DIRECTION('',(0.,0.,-1.));
#9669 = DIRECTION('',(0.,-1.,0.));
#9670 = ADVANCED_FACE('',(#9671),#9682,.T.);
#9671 = FACE_BOUND('',#9672,.T.);
#9672 = EDGE_LOOP('',(#9673,#9674,#9680,#9681));
#9673 = ORIENTED_EDGE('',*,*,#9322,.T.);
#9674 = ORIENTED_EDGE('',*,*,#9675,.T.);
#9675 = EDGE_CURVE('',#9315,#9479,#9676,.T.);
#9676 = LINE('',#9677,#9678);
#9677 = CARTESIAN_POINT('',(4.77,-3.5,2.7));
#9678 = VECTOR('',#9679,1.);
#9679 = DIRECTION('',(-1.,0.,0.));
#9680 = ORIENTED_EDGE('',*,*,#9478,.F.);
#9681 = ORIENTED_EDGE('',*,*,#9658,.F.);
#9682 = PLANE('',#9683);
#9683 = AXIS2_PLACEMENT_3D('',#9684,#9685,#9686);
#9684 = CARTESIAN_POINT('',(4.77,-2.23,2.25));
#9685 = DIRECTION('',(0.,-0.333984527886,-0.942578556478));
#9686 = DIRECTION('',(0.,-0.942578556478,0.333984527886));
#9687 = ADVANCED_FACE('',(#9688),#9699,.T.);
#9688 = FACE_BOUND('',#9689,.T.);
#9689 = EDGE_LOOP('',(#9690,#9691,#9697,#9698));
#9690 = ORIENTED_EDGE('',*,*,#9314,.T.);
#9691 = ORIENTED_EDGE('',*,*,#9692,.T.);
#9692 = EDGE_CURVE('',#9307,#9487,#9693,.T.);
#9693 = LINE('',#9694,#9695);
#9694 = CARTESIAN_POINT('',(4.77,-3.5,2.85));
#9695 = VECTOR('',#9696,1.);
#9696 = DIRECTION('',(-1.,0.,0.));
#9697 = ORIENTED_EDGE('',*,*,#9486,.F.);
#9698 = ORIENTED_EDGE('',*,*,#9675,.F.);
#9699 = PLANE('',#9700);
#9700 = AXIS2_PLACEMENT_3D('',#9701,#9702,#9703);
#9701 = CARTESIAN_POINT('',(4.77,-3.5,2.7));
#9702 = DIRECTION('',(0.,-1.,0.));
#9703 = DIRECTION('',(0.,0.,-1.));
#9704 = ADVANCED_FACE('',(#9705),#9711,.T.);
#9705 = FACE_BOUND('',#9706,.T.);
#9706 = EDGE_LOOP('',(#9707,#9708,#9709,#9710));
#9707 = ORIENTED_EDGE('',*,*,#9306,.T.);
#9708 = ORIENTED_EDGE('',*,*,#5388,.T.);
#9709 = ORIENTED_EDGE('',*,*,#9494,.F.);
#9710 = ORIENTED_EDGE('',*,*,#9692,.F.);
#9711 = PLANE('',#9712);
#9712 = AXIS2_PLACEMENT_3D('',#9713,#9714,#9715);
#9713 = CARTESIAN_POINT('',(4.77,-3.5,2.85));
#9714 = DIRECTION('',(0.,0.,1.));
#9715 = DIRECTION('',(1.,0.,-0.));
#9716 = ADVANCED_FACE('',(#9717),#9728,.T.);
#9717 = FACE_BOUND('',#9718,.T.);
#9718 = EDGE_LOOP('',(#9719,#9720,#9721,#9727));
#9719 = ORIENTED_EDGE('',*,*,#5314,.T.);
#9720 = ORIENTED_EDGE('',*,*,#9534,.F.);
#9721 = ORIENTED_EDGE('',*,*,#9722,.F.);
#9722 = EDGE_CURVE('',#9338,#9527,#9723,.T.);
#9723 = LINE('',#9724,#9725);
#9724 = CARTESIAN_POINT('',(4.77,-2.23,-2.65));
#9725 = VECTOR('',#9726,1.);
#9726 = DIRECTION('',(-1.,0.,0.));
#9727 = ORIENTED_EDGE('',*,*,#9337,.T.);
#9728 = PLANE('',#9729);
#9729 = AXIS2_PLACEMENT_3D('',#9730,#9731,#9732);
#9730 = CARTESIAN_POINT('',(4.77,-2.23,-2.65));
#9731 = DIRECTION('',(0.,0.,1.));
#9732 = DIRECTION('',(1.,0.,-0.));
#9733 = ADVANCED_FACE('',(#9734),#9745,.T.);
#9734 = FACE_BOUND('',#9735,.T.);
#9735 = EDGE_LOOP('',(#9736,#9737,#9738,#9739));
#9736 = ORIENTED_EDGE('',*,*,#9345,.T.);
#9737 = ORIENTED_EDGE('',*,*,#9722,.T.);
#9738 = ORIENTED_EDGE('',*,*,#9526,.F.);
#9739 = ORIENTED_EDGE('',*,*,#9740,.F.);
#9740 = EDGE_CURVE('',#9346,#9519,#9741,.T.);
#9741 = LINE('',#9742,#9743);
#9742 = CARTESIAN_POINT('',(4.77,-3.5,-3.1));
#9743 = VECTOR('',#9744,1.);
#9744 = DIRECTION('',(-1.,0.,0.));
#9745 = PLANE('',#9746);
#9746 = AXIS2_PLACEMENT_3D('',#9747,#9748,#9749);
#9747 = CARTESIAN_POINT('',(4.77,-3.5,-3.1));
#9748 = DIRECTION('',(0.,-0.333984527886,0.942578556478));
#9749 = DIRECTION('',(-1.,0.,0.));
#9750 = ADVANCED_FACE('',(#9751),#9762,.T.);
#9751 = FACE_BOUND('',#9752,.T.);
#9752 = EDGE_LOOP('',(#9753,#9754,#9755,#9756));
#9753 = ORIENTED_EDGE('',*,*,#9353,.T.);
#9754 = ORIENTED_EDGE('',*,*,#9740,.T.);
#9755 = ORIENTED_EDGE('',*,*,#9518,.F.);
#9756 = ORIENTED_EDGE('',*,*,#9757,.F.);
#9757 = EDGE_CURVE('',#9354,#9511,#9758,.T.);
#9758 = LINE('',#9759,#9760);
#9759 = CARTESIAN_POINT('',(4.77,-3.5,-3.25));
#9760 = VECTOR('',#9761,1.);
#9761 = DIRECTION('',(-1.,0.,0.));
#9762 = PLANE('',#9763);
#9763 = AXIS2_PLACEMENT_3D('',#9764,#9765,#9766);
#9764 = CARTESIAN_POINT('',(4.77,-3.5,-3.25));
#9765 = DIRECTION('',(0.,-1.,0.));
#9766 = DIRECTION('',(0.,0.,-1.));
#9767 = ADVANCED_FACE('',(#9768),#9774,.T.);
#9768 = FACE_BOUND('',#9769,.T.);
#9769 = EDGE_LOOP('',(#9770,#9771,#9772,#9773));
#9770 = ORIENTED_EDGE('',*,*,#5298,.F.);
#9771 = ORIENTED_EDGE('',*,*,#9361,.T.);
#9772 = ORIENTED_EDGE('',*,*,#9757,.T.);
#9773 = ORIENTED_EDGE('',*,*,#9510,.F.);
#9774 = PLANE('',#9775);
#9775 = AXIS2_PLACEMENT_3D('',#9776,#9777,#9778);
#9776 = CARTESIAN_POINT('',(4.77,3.7,-3.25));
#9777 = DIRECTION('',(0.,0.,-1.));
#9778 = DIRECTION('',(0.,-1.,0.));
#9779 = ADVANCED_FACE('',(#9780),#9786,.F.);
#9780 = FACE_BOUND('',#9781,.T.);
#9781 = EDGE_LOOP('',(#9782,#9783,#9784,#9785));
#9782 = ORIENTED_EDGE('',*,*,#4701,.F.);
#9783 = ORIENTED_EDGE('',*,*,#6152,.T.);
#9784 = ORIENTED_EDGE('',*,*,#5264,.F.);
#9785 = ORIENTED_EDGE('',*,*,#6046,.F.);
#9786 = PLANE('',#9787);
#9787 = AXIS2_PLACEMENT_3D('',#9788,#9789,#9790);
#9788 = CARTESIAN_POINT('',(2.9,0.,-0.5));
#9789 = DIRECTION('',(-1.,0.,0.));
#9790 = DIRECTION('',(0.,0.,1.));
#9791 = ADVANCED_FACE('',(#9792),#9798,.F.);
#9792 = FACE_BOUND('',#9793,.T.);
#9793 = EDGE_LOOP('',(#9794,#9795,#9796,#9797));
#9794 = ORIENTED_EDGE('',*,*,#5880,.F.);
#9795 = ORIENTED_EDGE('',*,*,#5490,.T.);
#9796 = ORIENTED_EDGE('',*,*,#5280,.F.);
#9797 = ORIENTED_EDGE('',*,*,#6145,.T.);
#9798 = PLANE('',#9799);
#9799 = AXIS2_PLACEMENT_3D('',#9800,#9801,#9802);
#9800 = CARTESIAN_POINT('',(3.2,0.,-3.8));
#9801 = DIRECTION('',(-1.,0.,0.));
#9802 = DIRECTION('',(0.,0.,1.));
#9803 = ADVANCED_FACE('',(#9804),#9810,.F.);
#9804 = FACE_BOUND('',#9805,.T.);
#9805 = EDGE_LOOP('',(#9806,#9807,#9808,#9809));
#9806 = ORIENTED_EDGE('',*,*,#4797,.F.);
#9807 = ORIENTED_EDGE('',*,*,#6186,.T.);
#9808 = ORIENTED_EDGE('',*,*,#5585,.F.);
#9809 = ORIENTED_EDGE('',*,*,#6069,.F.);
#9810 = PLANE('',#9811);
#9811 = AXIS2_PLACEMENT_3D('',#9812,#9813,#9814);
#9812 = CARTESIAN_POINT('',(-5.5,0.,-0.5));
#9813 = DIRECTION('',(-1.,0.,0.));
#9814 = DIRECTION('',(0.,0.,1.));
#9815 = ADVANCED_FACE('',(#9816),#9822,.F.);
#9816 = FACE_BOUND('',#9817,.T.);
#9817 = EDGE_LOOP('',(#9818,#9819,#9820,#9821));
#9818 = ORIENTED_EDGE('',*,*,#5974,.T.);
#9819 = ORIENTED_EDGE('',*,*,#6200,.T.);
#9820 = ORIENTED_EDGE('',*,*,#5553,.F.);
#9821 = ORIENTED_EDGE('',*,*,#5538,.F.);
#9822 = PLANE('',#9823);
#9823 = AXIS2_PLACEMENT_3D('',#9824,#9825,#9826);
#9824 = CARTESIAN_POINT('',(-3.2,0.,-4.8));
#9825 = DIRECTION('',(1.,0.,0.));
#9826 = DIRECTION('',(-0.,1.,0.));
#9827 = ADVANCED_FACE('',(#9828),#9834,.F.);
#9828 = FACE_BOUND('',#9829,.T.);
#9829 = EDGE_LOOP('',(#9830,#9831,#9832,#9833));
#9830 = ORIENTED_EDGE('',*,*,#5748,.T.);
#9831 = ORIENTED_EDGE('',*,*,#4907,.T.);
#9832 = ORIENTED_EDGE('',*,*,#4813,.F.);
#9833 = ORIENTED_EDGE('',*,*,#6062,.F.);
#9834 = PLANE('',#9835);
#9835 = AXIS2_PLACEMENT_3D('',#9836,#9837,#9838);
#9836 = CARTESIAN_POINT('',(-5.9,0.,-0.5));
#9837 = DIRECTION('',(1.,0.,0.));
#9838 = DIRECTION('',(-0.,1.,0.));
#9839 = ADVANCED_FACE('',(#9840),#9846,.F.);
#9840 = FACE_BOUND('',#9841,.T.);
#9841 = EDGE_LOOP('',(#9842,#9843,#9844,#9845));
#9842 = ORIENTED_EDGE('',*,*,#4723,.F.);
#9843 = ORIENTED_EDGE('',*,*,#5175,.T.);
#9844 = ORIENTED_EDGE('',*,*,#5668,.F.);
#9845 = ORIENTED_EDGE('',*,*,#4969,.F.);
#9846 = PLANE('',#9847);
#9847 = AXIS2_PLACEMENT_3D('',#9848,#9849,#9850);
#9848 = CARTESIAN_POINT('',(-2.9,0.,0.5));
#9849 = DIRECTION('',(1.,0.,0.));
#9850 = DIRECTION('',(-0.,1.,0.));
#9851 = ADVANCED_FACE('',(#9852),#9858,.F.);
#9852 = FACE_BOUND('',#9853,.T.);
#9853 = EDGE_LOOP('',(#9854,#9855,#9856,#9857));
#9854 = ORIENTED_EDGE('',*,*,#4661,.F.);
#9855 = ORIENTED_EDGE('',*,*,#4939,.T.);
#9856 = ORIENTED_EDGE('',*,*,#5345,.F.);
#9857 = ORIENTED_EDGE('',*,*,#5064,.F.);
#9858 = PLANE('',#9859);
#9859 = AXIS2_PLACEMENT_3D('',#9860,#9861,#9862);
#9860 = CARTESIAN_POINT('',(2.9,0.,3.8));
#9861 = DIRECTION('',(-1.,0.,0.));
#9862 = DIRECTION('',(0.,0.,1.));
#9863 = ( GEOMETRIC_REPRESENTATION_CONTEXT(3) 
GLOBAL_UNCERTAINTY_ASSIGNED_CONTEXT((#9867)) 
GLOBAL_UNIT_ASSIGNED_CONTEXT((#9864,#9865,#9866)) REPRESENTATION_CONTEXT
('Context #1','3D Context with UNIT and UNCERTAINTY') );
#9864 = ( LENGTH_UNIT() NAMED_UNIT(*) SI_UNIT(.MILLI.,.METRE.) );
#9865 = ( NAMED_UNIT(*) PLANE_ANGLE_UNIT() SI_UNIT($,.RADIAN.) );
#9866 = ( NAMED_UNIT(*) SI_UNIT($,.STERADIAN.) SOLID_ANGLE_UNIT() );
#9867 = UNCERTAINTY_MEASURE_WITH_UNIT(LENGTH_MEASURE(1.E-07),#9864,
  'distance_accuracy_value','confusion accuracy');
#9868 = CONTEXT_DEPENDENT_SHAPE_REPRESENTATION(#9869,#9871);
#9869 = ( REPRESENTATION_RELATIONSHIP('','',#4332,#10) 
REPRESENTATION_RELATIONSHIP_WITH_TRANSFORMATION(#9870) 
SHAPE_REPRESENTATION_RELATIONSHIP() );
#9870 = ITEM_DEFINED_TRANSFORMATION('','',#11,#19);
#9871 = PRODUCT_DEFINITION_SHAPE('Placement','Placement of an item',
  #9872);
#9872 = NEXT_ASSEMBLY_USAGE_OCCURRENCE('2','5V_SYS','',#5,#4327,$);
#9873 = PRODUCT_RELATED_PRODUCT_CATEGORY('part',$,(#4329));
#9874 = SHAPE_DEFINITION_REPRESENTATION(#9875,#9881);
#9875 = PRODUCT_DEFINITION_SHAPE('','',#9876);
#9876 = PRODUCT_DEFINITION('design','',#9877,#9880);
#9877 = PRODUCT_DEFINITION_FORMATION('','',#9878);
#9878 = PRODUCT('0039281043','0039281043','',(#9879));
#9879 = PRODUCT_CONTEXT('',#2,'mechanical');
#9880 = PRODUCT_DEFINITION_CONTEXT('part definition',#2,'design');
#9881 = SHAPE_REPRESENTATION('',(#11,#9882,#9886),#9890);
#9882 = AXIS2_PLACEMENT_3D('',#9883,#9884,#9885);
#9883 = CARTESIAN_POINT('',(0.,0.,0.));
#9884 = DIRECTION('',(0.,0.,1.));
#9885 = DIRECTION('',(1.,0.,-0.));
#9886 = AXIS2_PLACEMENT_3D('',#9887,#9888,#9889);
#9887 = CARTESIAN_POINT('',(0.,0.,0.));
#9888 = DIRECTION('',(0.,0.,1.));
#9889 = DIRECTION('',(1.,0.,-0.));
#9890 = ( GEOMETRIC_REPRESENTATION_CONTEXT(3) 
GLOBAL_UNCERTAINTY_ASSIGNED_CONTEXT((#9894)) 
GLOBAL_UNIT_ASSIGNED_CONTEXT((#9891,#9892,#9893)) REPRESENTATION_CONTEXT
('Context #1','3D Context with UNIT and UNCERTAINTY') );
#9891 = ( LENGTH_UNIT() NAMED_UNIT(*) SI_UNIT(.MILLI.,.METRE.) );
#9892 = ( NAMED_UNIT(*) PLANE_ANGLE_UNIT() SI_UNIT($,.RADIAN.) );
#9893 = ( NAMED_UNIT(*) SI_UNIT($,.STERADIAN.) SOLID_ANGLE_UNIT() );
#9894 = UNCERTAINTY_MEASURE_WITH_UNIT(LENGTH_MEASURE(1.E-07),#9891,
  'distance_accuracy_value','confusion accuracy');
#9895 = CONTEXT_DEPENDENT_SHAPE_REPRESENTATION(#9896,#9898);
#9896 = ( REPRESENTATION_RELATIONSHIP('','',#9881,#10) 
REPRESENTATION_RELATIONSHIP_WITH_TRANSFORMATION(#9897) 
SHAPE_REPRESENTATION_RELATIONSHIP() );
#9897 = ITEM_DEFINED_TRANSFORMATION('','',#11,#23);
#9898 = PRODUCT_DEFINITION_SHAPE('Placement','Placement of an item',
  #9899);
#9899 = NEXT_ASSEMBLY_USAGE_OCCURRENCE('5','3.3V_SYS','',#5,#9876,$);
#9900 = PRODUCT_RELATED_PRODUCT_CATEGORY('part',$,(#9878));
#9901 = SHAPE_DEFINITION_REPRESENTATION(#9902,#9908);
#9902 = PRODUCT_DEFINITION_SHAPE('','',#9903);
#9903 = PRODUCT_DEFINITION('design','',#9904,#9907);
#9904 = PRODUCT_DEFINITION_FORMATION('','',#9905);
#9905 = PRODUCT('SOLID','SOLID','',(#9906));
#9906 = PRODUCT_CONTEXT('',#2,'mechanical');
#9907 = PRODUCT_DEFINITION_CONTEXT('part definition',#2,'design');
#9908 = ADVANCED_BREP_SHAPE_REPRESENTATION('',(#11,#9909),#13861);
#9909 = MANIFOLD_SOLID_BREP('',#9910);
#9910 = CLOSED_SHELL('',(#9911,#9953,#10009,#10065,#10096,#10127,#10215,
    #10255,#10327,#10367,#10398,#10468,#10492,#10532,#10595,#10628,
    #10734,#10808,#10926,#11023,#11097,#11121,#11152,#11183,#11214,
    #11245,#11269,#11286,#11317,#11334,#11379,#11396,#11425,#11444,
    #11475,#11487,#11499,#11525,#11551,#11569,#11773,#11804,#11828,
    #11852,#11869,#11881,#11921,#11933,#11945,#11957,#11969,#11981,
    #12012,#12036,#12060,#12077,#12123,#12213,#12235,#12252,#12269,
    #12286,#12303,#12315,#12354,#12393,#12432,#12471,#12495,#12527,
    #12566,#12605,#12644,#12661,#12678,#12690,#12707,#12724,#12741,
    #12753,#12770,#12787,#12804,#12816,#12833,#12850,#12867,#12879,
    #12910,#12934,#12958,#12982,#13006,#13023,#13071,#13145,#13167,
    #13184,#13201,#13213,#13252,#13291,#13330,#13369,#13393,#13425,
    #13464,#13503,#13542,#13559,#13576,#13588,#13605,#13622,#13639,
    #13651,#13668,#13685,#13702,#13714,#13731,#13748,#13765,#13777,
    #13789,#13801,#13813,#13825,#13837,#13849));
#9911 = ADVANCED_FACE('',(#9912),#9948,.T.);
#9912 = FACE_BOUND('',#9913,.T.);
#9913 = EDGE_LOOP('',(#9914,#9924,#9933,#9941));
#9914 = ORIENTED_EDGE('',*,*,#9915,.F.);
#9915 = EDGE_CURVE('',#9916,#9918,#9920,.T.);
#9916 = VERTEX_POINT('',#9917);
#9917 = CARTESIAN_POINT('',(5.2,12.8,2.6));
#9918 = VERTEX_POINT('',#9919);
#9919 = CARTESIAN_POINT('',(5.2,0.2,2.6));
#9920 = LINE('',#9921,#9922);
#9921 = CARTESIAN_POINT('',(5.2,12.8,2.6));
#9922 = VECTOR('',#9923,1.);
#9923 = DIRECTION('',(-0.,-1.,0.));
#9924 = ORIENTED_EDGE('',*,*,#9925,.T.);
#9925 = EDGE_CURVE('',#9916,#9926,#9928,.T.);
#9926 = VERTEX_POINT('',#9927);
#9927 = CARTESIAN_POINT('',(4.8,12.8,3.));
#9928 = CIRCLE('',#9929,0.4);
#9929 = AXIS2_PLACEMENT_3D('',#9930,#9931,#9932);
#9930 = CARTESIAN_POINT('',(4.8,12.8,2.6));
#9931 = DIRECTION('',(0.,-1.,0.));
#9932 = DIRECTION('',(0.,0.,-1.));
#9933 = ORIENTED_EDGE('',*,*,#9934,.T.);
#9934 = EDGE_CURVE('',#9926,#9935,#9937,.T.);
#9935 = VERTEX_POINT('',#9936);
#9936 = CARTESIAN_POINT('',(4.8,0.2,3.));
#9937 = LINE('',#9938,#9939);
#9938 = CARTESIAN_POINT('',(4.8,12.8,3.));
#9939 = VECTOR('',#9940,1.);
#9940 = DIRECTION('',(0.,-1.,0.));
#9941 = ORIENTED_EDGE('',*,*,#9942,.F.);
#9942 = EDGE_CURVE('',#9918,#9935,#9943,.T.);
#9943 = CIRCLE('',#9944,0.4);
#9944 = AXIS2_PLACEMENT_3D('',#9945,#9946,#9947);
#9945 = CARTESIAN_POINT('',(4.8,0.2,2.6));
#9946 = DIRECTION('',(0.,-1.,0.));
#9947 = DIRECTION('',(0.,0.,-1.));
#9948 = CYLINDRICAL_SURFACE('',#9949,0.4);
#9949 = AXIS2_PLACEMENT_3D('',#9950,#9951,#9952);
#9950 = CARTESIAN_POINT('',(4.8,12.8,2.6));
#9951 = DIRECTION('',(0.,1.,-0.));
#9952 = DIRECTION('',(1.,0.,0.));
#9953 = ADVANCED_FACE('',(#9954),#10004,.F.);
#9954 = FACE_BOUND('',#9955,.T.);
#9955 = EDGE_LOOP('',(#9956,#9966,#9974,#9982,#9990,#9998));
#9956 = ORIENTED_EDGE('',*,*,#9957,.T.);
#9957 = EDGE_CURVE('',#9958,#9960,#9962,.T.);
#9958 = VERTEX_POINT('',#9959);
#9959 = CARTESIAN_POINT('',(-4.8,0.2,-1.59));
#9960 = VERTEX_POINT('',#9961);
#9961 = CARTESIAN_POINT('',(-4.8,0.2,3.8));
#9962 = LINE('',#9963,#9964);
#9963 = CARTESIAN_POINT('',(-4.8,0.2,-1.59));
#9964 = VECTOR('',#9965,1.);
#9965 = DIRECTION('',(0.,0.,1.));
#9966 = ORIENTED_EDGE('',*,*,#9967,.F.);
#9967 = EDGE_CURVE('',#9968,#9960,#9970,.T.);
#9968 = VERTEX_POINT('',#9969);
#9969 = CARTESIAN_POINT('',(-4.8,0.,3.8));
#9970 = LINE('',#9971,#9972);
#9971 = CARTESIAN_POINT('',(-4.8,0.,3.8));
#9972 = VECTOR('',#9973,1.);
#9973 = DIRECTION('',(0.,1.,0.));
#9974 = ORIENTED_EDGE('',*,*,#9975,.F.);
#9975 = EDGE_CURVE('',#9976,#9968,#9978,.T.);
#9976 = VERTEX_POINT('',#9977);
#9977 = CARTESIAN_POINT('',(-4.8,0.,4.8));
#9978 = LINE('',#9979,#9980);
#9979 = CARTESIAN_POINT('',(-4.8,0.,4.8));
#9980 = VECTOR('',#9981,1.);
#9981 = DIRECTION('',(0.,0.,-1.));
#9982 = ORIENTED_EDGE('',*,*,#9983,.F.);
#9983 = EDGE_CURVE('',#9984,#9976,#9986,.T.);
#9984 = VERTEX_POINT('',#9985);
#9985 = CARTESIAN_POINT('',(-4.8,12.8,4.8));
#9986 = LINE('',#9987,#9988);
#9987 = CARTESIAN_POINT('',(-4.8,12.8,4.8));
#9988 = VECTOR('',#9989,1.);
#9989 = DIRECTION('',(0.,-1.,0.));
#9990 = ORIENTED_EDGE('',*,*,#9991,.F.);
#9991 = EDGE_CURVE('',#9992,#9984,#9994,.T.);
#9992 = VERTEX_POINT('',#9993);
#9993 = CARTESIAN_POINT('',(-4.8,12.8,-1.59));
#9994 = LINE('',#9995,#9996);
#9995 = CARTESIAN_POINT('',(-4.8,12.8,-1.59));
#9996 = VECTOR('',#9997,1.);
#9997 = DIRECTION('',(0.,0.,1.));
#9998 = ORIENTED_EDGE('',*,*,#9999,.F.);
#9999 = EDGE_CURVE('',#9958,#9992,#10000,.T.);
#10000 = LINE('',#10001,#10002);
#10001 = CARTESIAN_POINT('',(-4.8,0.2,-1.59));
#10002 = VECTOR('',#10003,1.);
#10003 = DIRECTION('',(0.,1.,0.));
#10004 = PLANE('',#10005);
#10005 = AXIS2_PLACEMENT_3D('',#10006,#10007,#10008);
#10006 = CARTESIAN_POINT('',(-4.8,0.,0.));
#10007 = DIRECTION('',(1.,0.,0.));
#10008 = DIRECTION('',(-0.,1.,0.));
#10009 = ADVANCED_FACE('',(#10010),#10060,.F.);
#10010 = FACE_BOUND('',#10011,.T.);
#10011 = EDGE_LOOP('',(#10012,#10022,#10030,#10038,#10046,#10054));
#10012 = ORIENTED_EDGE('',*,*,#10013,.F.);
#10013 = EDGE_CURVE('',#10014,#10016,#10018,.T.);
#10014 = VERTEX_POINT('',#10015);
#10015 = CARTESIAN_POINT('',(-4.8,12.8,-4.8));
#10016 = VERTEX_POINT('',#10017);
#10017 = CARTESIAN_POINT('',(-4.8,12.8,-3.39));
#10018 = LINE('',#10019,#10020);
#10019 = CARTESIAN_POINT('',(-4.8,12.8,-4.8));
#10020 = VECTOR('',#10021,1.);
#10021 = DIRECTION('',(0.,0.,1.));
#10022 = ORIENTED_EDGE('',*,*,#10023,.F.);
#10023 = EDGE_CURVE('',#10024,#10014,#10026,.T.);
#10024 = VERTEX_POINT('',#10025);
#10025 = CARTESIAN_POINT('',(-4.8,0.,-4.8));
#10026 = LINE('',#10027,#10028);
#10027 = CARTESIAN_POINT('',(-4.8,0.,-4.8));
#10028 = VECTOR('',#10029,1.);
#10029 = DIRECTION('',(0.,1.,0.));
#10030 = ORIENTED_EDGE('',*,*,#10031,.F.);
#10031 = EDGE_CURVE('',#10032,#10024,#10034,.T.);
#10032 = VERTEX_POINT('',#10033);
#10033 = CARTESIAN_POINT('',(-4.8,0.,-3.8));
#10034 = LINE('',#10035,#10036);
#10035 = CARTESIAN_POINT('',(-4.8,0.,-3.8));
#10036 = VECTOR('',#10037,1.);
#10037 = DIRECTION('',(0.,0.,-1.));
#10038 = ORIENTED_EDGE('',*,*,#10039,.T.);
#10039 = EDGE_CURVE('',#10032,#10040,#10042,.T.);
#10040 = VERTEX_POINT('',#10041);
#10041 = CARTESIAN_POINT('',(-4.8,0.2,-3.8));
#10042 = LINE('',#10043,#10044);
#10043 = CARTESIAN_POINT('',(-4.8,0.,-3.8));
#10044 = VECTOR('',#10045,1.);
#10045 = DIRECTION('',(0.,1.,0.));
#10046 = ORIENTED_EDGE('',*,*,#10047,.T.);
#10047 = EDGE_CURVE('',#10040,#10048,#10050,.T.);
#10048 = VERTEX_POINT('',#10049);
#10049 = CARTESIAN_POINT('',(-4.8,0.2,-3.39));
#10050 = LINE('',#10051,#10052);
#10051 = CARTESIAN_POINT('',(-4.8,0.2,-3.8));
#10052 = VECTOR('',#10053,1.);
#10053 = DIRECTION('',(0.,0.,1.));
#10054 = ORIENTED_EDGE('',*,*,#10055,.T.);
#10055 = EDGE_CURVE('',#10048,#10016,#10056,.T.);
#10056 = LINE('',#10057,#10058);
#10057 = CARTESIAN_POINT('',(-4.8,0.2,-3.39));
#10058 = VECTOR('',#10059,1.);
#10059 = DIRECTION('',(0.,1.,0.));
#10060 = PLANE('',#10061);
#10061 = AXIS2_PLACEMENT_3D('',#10062,#10063,#10064);
#10062 = CARTESIAN_POINT('',(-4.8,0.,0.));
#10063 = DIRECTION('',(1.,0.,0.));
#10064 = DIRECTION('',(-0.,1.,0.));
#10065 = ADVANCED_FACE('',(#10066),#10091,.T.);
#10066 = FACE_BOUND('',#10067,.T.);
#10067 = EDGE_LOOP('',(#10068,#10076,#10077,#10085));
#10068 = ORIENTED_EDGE('',*,*,#10069,.F.);
#10069 = EDGE_CURVE('',#9958,#10070,#10072,.T.);
#10070 = VERTEX_POINT('',#10071);
#10071 = CARTESIAN_POINT('',(-5.2,0.2,-1.99));
#10072 = LINE('',#10073,#10074);
#10073 = CARTESIAN_POINT('',(-4.8,0.2,-1.59));
#10074 = VECTOR('',#10075,1.);
#10075 = DIRECTION('',(-0.707106781187,0.,-0.707106781187));
#10076 = ORIENTED_EDGE('',*,*,#9999,.T.);
#10077 = ORIENTED_EDGE('',*,*,#10078,.T.);
#10078 = EDGE_CURVE('',#9992,#10079,#10081,.T.);
#10079 = VERTEX_POINT('',#10080);
#10080 = CARTESIAN_POINT('',(-5.2,12.8,-1.99));
#10081 = LINE('',#10082,#10083);
#10082 = CARTESIAN_POINT('',(-4.8,12.8,-1.59));
#10083 = VECTOR('',#10084,1.);
#10084 = DIRECTION('',(-0.707106781187,0.,-0.707106781187));
#10085 = ORIENTED_EDGE('',*,*,#10086,.T.);
#10086 = EDGE_CURVE('',#10079,#10070,#10087,.T.);
#10087 = LINE('',#10088,#10089);
#10088 = CARTESIAN_POINT('',(-5.2,12.8,-1.99));
#10089 = VECTOR('',#10090,1.);
#10090 = DIRECTION('',(0.,-1.,0.));
#10091 = PLANE('',#10092);
#10092 = AXIS2_PLACEMENT_3D('',#10093,#10094,#10095);
#10093 = CARTESIAN_POINT('',(-4.8,12.8,-1.59));
#10094 = DIRECTION('',(-0.707106781187,0.,0.707106781187));
#10095 = DIRECTION('',(0.,1.,0.));
#10096 = ADVANCED_FACE('',(#10097),#10122,.T.);
#10097 = FACE_BOUND('',#10098,.T.);
#10098 = EDGE_LOOP('',(#10099,#10107,#10115,#10121));
#10099 = ORIENTED_EDGE('',*,*,#10100,.T.);
#10100 = EDGE_CURVE('',#10079,#10101,#10103,.T.);
#10101 = VERTEX_POINT('',#10102);
#10102 = CARTESIAN_POINT('',(-5.2,12.8,-2.99));
#10103 = LINE('',#10104,#10105);
#10104 = CARTESIAN_POINT('',(-5.2,12.8,-1.99));
#10105 = VECTOR('',#10106,1.);
#10106 = DIRECTION('',(0.,0.,-1.));
#10107 = ORIENTED_EDGE('',*,*,#10108,.T.);
#10108 = EDGE_CURVE('',#10101,#10109,#10111,.T.);
#10109 = VERTEX_POINT('',#10110);
#10110 = CARTESIAN_POINT('',(-5.2,0.2,-2.99));
#10111 = LINE('',#10112,#10113);
#10112 = CARTESIAN_POINT('',(-5.2,12.8,-2.99));
#10113 = VECTOR('',#10114,1.);
#10114 = DIRECTION('',(0.,-1.,0.));
#10115 = ORIENTED_EDGE('',*,*,#10116,.F.);
#10116 = EDGE_CURVE('',#10070,#10109,#10117,.T.);
#10117 = LINE('',#10118,#10119);
#10118 = CARTESIAN_POINT('',(-5.2,0.2,-1.99));
#10119 = VECTOR('',#10120,1.);
#10120 = DIRECTION('',(0.,0.,-1.));
#10121 = ORIENTED_EDGE('',*,*,#10086,.F.);
#10122 = PLANE('',#10123);
#10123 = AXIS2_PLACEMENT_3D('',#10124,#10125,#10126);
#10124 = CARTESIAN_POINT('',(-5.2,12.8,-1.99));
#10125 = DIRECTION('',(-1.,0.,0.));
#10126 = DIRECTION('',(0.,0.,1.));
#10127 = ADVANCED_FACE('',(#10128),#10210,.T.);
#10128 = FACE_BOUND('',#10129,.T.);
#10129 = EDGE_LOOP('',(#10130,#10140,#10148,#10156,#10164,#10172,#10180,
    #10187,#10188,#10196,#10204));
#10130 = ORIENTED_EDGE('',*,*,#10131,.T.);
#10131 = EDGE_CURVE('',#10132,#10134,#10136,.T.);
#10132 = VERTEX_POINT('',#10133);
#10133 = CARTESIAN_POINT('',(3.4,0.2,0.5));
#10134 = VERTEX_POINT('',#10135);
#10135 = CARTESIAN_POINT('',(3.8,0.2,0.5));
#10136 = LINE('',#10137,#10138);
#10137 = CARTESIAN_POINT('',(3.4,0.2,0.5));
#10138 = VECTOR('',#10139,1.);
#10139 = DIRECTION('',(1.,0.,0.));
#10140 = ORIENTED_EDGE('',*,*,#10141,.T.);
#10141 = EDGE_CURVE('',#10134,#10142,#10144,.T.);
#10142 = VERTEX_POINT('',#10143);
#10143 = CARTESIAN_POINT('',(3.8,0.2,-0.5));
#10144 = LINE('',#10145,#10146);
#10145 = CARTESIAN_POINT('',(3.8,0.2,0.5));
#10146 = VECTOR('',#10147,1.);
#10147 = DIRECTION('',(0.,0.,-1.));
#10148 = ORIENTED_EDGE('',*,*,#10149,.T.);
#10149 = EDGE_CURVE('',#10142,#10150,#10152,.T.);
#10150 = VERTEX_POINT('',#10151);
#10151 = CARTESIAN_POINT('',(3.4,0.2,-0.5));
#10152 = LINE('',#10153,#10154);
#10153 = CARTESIAN_POINT('',(3.8,0.2,-0.5));
#10154 = VECTOR('',#10155,1.);
#10155 = DIRECTION('',(-1.,0.,0.));
#10156 = ORIENTED_EDGE('',*,*,#10157,.F.);
#10157 = EDGE_CURVE('',#10158,#10150,#10160,.T.);
#10158 = VERTEX_POINT('',#10159);
#10159 = CARTESIAN_POINT('',(3.4,0.2,-3.8));
#10160 = LINE('',#10161,#10162);
#10161 = CARTESIAN_POINT('',(3.4,0.2,-3.8));
#10162 = VECTOR('',#10163,1.);
#10163 = DIRECTION('',(0.,0.,1.));
#10164 = ORIENTED_EDGE('',*,*,#10165,.T.);
#10165 = EDGE_CURVE('',#10158,#10166,#10168,.T.);
#10166 = VERTEX_POINT('',#10167);
#10167 = CARTESIAN_POINT('',(4.8,0.2,-3.8));
#10168 = LINE('',#10169,#10170);
#10169 = CARTESIAN_POINT('',(3.4,0.2,-3.8));
#10170 = VECTOR('',#10171,1.);
#10171 = DIRECTION('',(1.,0.,0.));
#10172 = ORIENTED_EDGE('',*,*,#10173,.T.);
#10173 = EDGE_CURVE('',#10166,#10174,#10176,.T.);
#10174 = VERTEX_POINT('',#10175);
#10175 = CARTESIAN_POINT('',(4.8,0.2,2.2));
#10176 = LINE('',#10177,#10178);
#10177 = CARTESIAN_POINT('',(4.8,0.2,-3.8));
#10178 = VECTOR('',#10179,1.);
#10179 = DIRECTION('',(0.,0.,1.));
#10180 = ORIENTED_EDGE('',*,*,#10181,.T.);
#10181 = EDGE_CURVE('',#10174,#9918,#10182,.T.);
#10182 = CIRCLE('',#10183,0.4);
#10183 = AXIS2_PLACEMENT_3D('',#10184,#10185,#10186);
#10184 = CARTESIAN_POINT('',(4.8,0.2,2.6));
#10185 = DIRECTION('',(0.,-1.,0.));
#10186 = DIRECTION('',(0.,0.,-1.));
#10187 = ORIENTED_EDGE('',*,*,#9942,.T.);
#10188 = ORIENTED_EDGE('',*,*,#10189,.T.);
#10189 = EDGE_CURVE('',#9935,#10190,#10192,.T.);
#10190 = VERTEX_POINT('',#10191);
#10191 = CARTESIAN_POINT('',(4.8,0.2,3.8));
#10192 = LINE('',#10193,#10194);
#10193 = CARTESIAN_POINT('',(4.8,0.2,3.));
#10194 = VECTOR('',#10195,1.);
#10195 = DIRECTION('',(0.,0.,1.));
#10196 = ORIENTED_EDGE('',*,*,#10197,.T.);
#10197 = EDGE_CURVE('',#10190,#10198,#10200,.T.);
#10198 = VERTEX_POINT('',#10199);
#10199 = CARTESIAN_POINT('',(3.4,0.2,3.8));
#10200 = LINE('',#10201,#10202);
#10201 = CARTESIAN_POINT('',(4.8,0.2,3.8));
#10202 = VECTOR('',#10203,1.);
#10203 = DIRECTION('',(-1.,0.,0.));
#10204 = ORIENTED_EDGE('',*,*,#10205,.F.);
#10205 = EDGE_CURVE('',#10132,#10198,#10206,.T.);
#10206 = LINE('',#10207,#10208);
#10207 = CARTESIAN_POINT('',(3.4,0.2,0.5));
#10208 = VECTOR('',#10209,1.);
#10209 = DIRECTION('',(0.,0.,1.));
#10210 = PLANE('',#10211);
#10211 = AXIS2_PLACEMENT_3D('',#10212,#10213,#10214);
#10212 = CARTESIAN_POINT('',(-4.8,0.2,0.));
#10213 = DIRECTION('',(0.,-1.,0.));
#10214 = DIRECTION('',(0.,0.,-1.));
#10215 = ADVANCED_FACE('',(#10216),#10250,.T.);
#10216 = FACE_BOUND('',#10217,.T.);
#10217 = EDGE_LOOP('',(#10218,#10228,#10236,#10244));
#10218 = ORIENTED_EDGE('',*,*,#10219,.T.);
#10219 = EDGE_CURVE('',#10220,#10222,#10224,.T.);
#10220 = VERTEX_POINT('',#10221);
#10221 = CARTESIAN_POINT('',(-0.8,0.2,0.5));
#10222 = VERTEX_POINT('',#10223);
#10223 = CARTESIAN_POINT('',(0.8,0.2,0.5));
#10224 = LINE('',#10225,#10226);
#10225 = CARTESIAN_POINT('',(-0.8,0.2,0.5));
#10226 = VECTOR('',#10227,1.);
#10227 = DIRECTION('',(1.,0.,0.));
#10228 = ORIENTED_EDGE('',*,*,#10229,.T.);
#10229 = EDGE_CURVE('',#10222,#10230,#10232,.T.);
#10230 = VERTEX_POINT('',#10231);
#10231 = CARTESIAN_POINT('',(0.8,0.2,3.8));
#10232 = LINE('',#10233,#10234);
#10233 = CARTESIAN_POINT('',(0.8,0.2,0.5));
#10234 = VECTOR('',#10235,1.);
#10235 = DIRECTION('',(0.,0.,1.));
#10236 = ORIENTED_EDGE('',*,*,#10237,.T.);
#10237 = EDGE_CURVE('',#10230,#10238,#10240,.T.);
#10238 = VERTEX_POINT('',#10239);
#10239 = CARTESIAN_POINT('',(-0.8,0.2,3.8));
#10240 = LINE('',#10241,#10242);
#10241 = CARTESIAN_POINT('',(0.8,0.2,3.8));
#10242 = VECTOR('',#10243,1.);
#10243 = DIRECTION('',(-1.,0.,0.));
#10244 = ORIENTED_EDGE('',*,*,#10245,.T.);
#10245 = EDGE_CURVE('',#10238,#10220,#10246,.T.);
#10246 = LINE('',#10247,#10248);
#10247 = CARTESIAN_POINT('',(-0.8,0.2,3.8));
#10248 = VECTOR('',#10249,1.);
#10249 = DIRECTION('',(0.,0.,-1.));
#10250 = PLANE('',#10251);
#10251 = AXIS2_PLACEMENT_3D('',#10252,#10253,#10254);
#10252 = CARTESIAN_POINT('',(-4.8,0.2,0.));
#10253 = DIRECTION('',(0.,-1.,0.));
#10254 = DIRECTION('',(0.,0.,-1.));
#10255 = ADVANCED_FACE('',(#10256),#10322,.T.);
#10256 = FACE_BOUND('',#10257,.T.);
#10257 = EDGE_LOOP('',(#10258,#10266,#10267,#10268,#10269,#10275,#10276,
    #10284,#10292,#10300,#10308,#10316));
#10258 = ORIENTED_EDGE('',*,*,#10259,.T.);
#10259 = EDGE_CURVE('',#10260,#9960,#10262,.T.);
#10260 = VERTEX_POINT('',#10261);
#10261 = CARTESIAN_POINT('',(-3.4,0.2,3.8));
#10262 = LINE('',#10263,#10264);
#10263 = CARTESIAN_POINT('',(-3.4,0.2,3.8));
#10264 = VECTOR('',#10265,1.);
#10265 = DIRECTION('',(-1.,0.,0.));
#10266 = ORIENTED_EDGE('',*,*,#9957,.F.);
#10267 = ORIENTED_EDGE('',*,*,#10069,.T.);
#10268 = ORIENTED_EDGE('',*,*,#10116,.T.);
#10269 = ORIENTED_EDGE('',*,*,#10270,.T.);
#10270 = EDGE_CURVE('',#10109,#10048,#10271,.T.);
#10271 = LINE('',#10272,#10273);
#10272 = CARTESIAN_POINT('',(-5.2,0.2,-2.99));
#10273 = VECTOR('',#10274,1.);
#10274 = DIRECTION('',(0.707106781187,0.,-0.707106781187));
#10275 = ORIENTED_EDGE('',*,*,#10047,.F.);
#10276 = ORIENTED_EDGE('',*,*,#10277,.T.);
#10277 = EDGE_CURVE('',#10040,#10278,#10280,.T.);
#10278 = VERTEX_POINT('',#10279);
#10279 = CARTESIAN_POINT('',(-3.4,0.2,-3.8));
#10280 = LINE('',#10281,#10282);
#10281 = CARTESIAN_POINT('',(-4.8,0.2,-3.8));
#10282 = VECTOR('',#10283,1.);
#10283 = DIRECTION('',(1.,0.,0.));
#10284 = ORIENTED_EDGE('',*,*,#10285,.T.);
#10285 = EDGE_CURVE('',#10278,#10286,#10288,.T.);
#10286 = VERTEX_POINT('',#10287);
#10287 = CARTESIAN_POINT('',(-3.4,0.2,-0.5));
#10288 = LINE('',#10289,#10290);
#10289 = CARTESIAN_POINT('',(-3.4,0.2,-3.8));
#10290 = VECTOR('',#10291,1.);
#10291 = DIRECTION('',(0.,0.,1.));
#10292 = ORIENTED_EDGE('',*,*,#10293,.T.);
#10293 = EDGE_CURVE('',#10286,#10294,#10296,.T.);
#10294 = VERTEX_POINT('',#10295);
#10295 = CARTESIAN_POINT('',(-3.8,0.2,-0.5));
#10296 = LINE('',#10297,#10298);
#10297 = CARTESIAN_POINT('',(-3.4,0.2,-0.5));
#10298 = VECTOR('',#10299,1.);
#10299 = DIRECTION('',(-1.,0.,0.));
#10300 = ORIENTED_EDGE('',*,*,#10301,.T.);
#10301 = EDGE_CURVE('',#10294,#10302,#10304,.T.);
#10302 = VERTEX_POINT('',#10303);
#10303 = CARTESIAN_POINT('',(-3.8,0.2,0.5));
#10304 = LINE('',#10305,#10306);
#10305 = CARTESIAN_POINT('',(-3.8,0.2,-0.5));
#10306 = VECTOR('',#10307,1.);
#10307 = DIRECTION('',(0.,0.,1.));
#10308 = ORIENTED_EDGE('',*,*,#10309,.T.);
#10309 = EDGE_CURVE('',#10302,#10310,#10312,.T.);
#10310 = VERTEX_POINT('',#10311);
#10311 = CARTESIAN_POINT('',(-3.4,0.2,0.5));
#10312 = LINE('',#10313,#10314);
#10313 = CARTESIAN_POINT('',(-3.8,0.2,0.5));
#10314 = VECTOR('',#10315,1.);
#10315 = DIRECTION('',(1.,0.,0.));
#10316 = ORIENTED_EDGE('',*,*,#10317,.F.);
#10317 = EDGE_CURVE('',#10260,#10310,#10318,.T.);
#10318 = LINE('',#10319,#10320);
#10319 = CARTESIAN_POINT('',(-3.4,0.2,3.8));
#10320 = VECTOR('',#10321,1.);
#10321 = DIRECTION('',(0.,0.,-1.));
#10322 = PLANE('',#10323);
#10323 = AXIS2_PLACEMENT_3D('',#10324,#10325,#10326);
#10324 = CARTESIAN_POINT('',(-4.8,0.2,0.));
#10325 = DIRECTION('',(0.,-1.,0.));
#10326 = DIRECTION('',(0.,0.,-1.));
#10327 = ADVANCED_FACE('',(#10328),#10362,.T.);
#10328 = FACE_BOUND('',#10329,.T.);
#10329 = EDGE_LOOP('',(#10330,#10340,#10348,#10356));
#10330 = ORIENTED_EDGE('',*,*,#10331,.T.);
#10331 = EDGE_CURVE('',#10332,#10334,#10336,.T.);
#10332 = VERTEX_POINT('',#10333);
#10333 = CARTESIAN_POINT('',(-0.8,0.2,-3.8));
#10334 = VERTEX_POINT('',#10335);
#10335 = CARTESIAN_POINT('',(0.8,0.2,-3.8));
#10336 = LINE('',#10337,#10338);
#10337 = CARTESIAN_POINT('',(-0.8,0.2,-3.8));
#10338 = VECTOR('',#10339,1.);
#10339 = DIRECTION('',(1.,0.,0.));
#10340 = ORIENTED_EDGE('',*,*,#10341,.T.);
#10341 = EDGE_CURVE('',#10334,#10342,#10344,.T.);
#10342 = VERTEX_POINT('',#10343);
#10343 = CARTESIAN_POINT('',(0.8,0.2,-0.5));
#10344 = LINE('',#10345,#10346);
#10345 = CARTESIAN_POINT('',(0.8,0.2,-3.8));
#10346 = VECTOR('',#10347,1.);
#10347 = DIRECTION('',(0.,0.,1.));
#10348 = ORIENTED_EDGE('',*,*,#10349,.T.);
#10349 = EDGE_CURVE('',#10342,#10350,#10352,.T.);
#10350 = VERTEX_POINT('',#10351);
#10351 = CARTESIAN_POINT('',(-0.8,0.2,-0.5));
#10352 = LINE('',#10353,#10354);
#10353 = CARTESIAN_POINT('',(0.8,0.2,-0.5));
#10354 = VECTOR('',#10355,1.);
#10355 = DIRECTION('',(-1.,0.,0.));
#10356 = ORIENTED_EDGE('',*,*,#10357,.F.);
#10357 = EDGE_CURVE('',#10332,#10350,#10358,.T.);
#10358 = LINE('',#10359,#10360);
#10359 = CARTESIAN_POINT('',(-0.8,0.2,-3.8));
#10360 = VECTOR('',#10361,1.);
#10361 = DIRECTION('',(0.,0.,1.));
#10362 = PLANE('',#10363);
#10363 = AXIS2_PLACEMENT_3D('',#10364,#10365,#10366);
#10364 = CARTESIAN_POINT('',(-4.8,0.2,0.));
#10365 = DIRECTION('',(0.,-1.,0.));
#10366 = DIRECTION('',(0.,0.,-1.));
#10367 = ADVANCED_FACE('',(#10368),#10393,.F.);
#10368 = FACE_BOUND('',#10369,.T.);
#10369 = EDGE_LOOP('',(#10370,#10378,#10386,#10392));
#10370 = ORIENTED_EDGE('',*,*,#10371,.T.);
#10371 = EDGE_CURVE('',#10198,#10372,#10374,.T.);
#10372 = VERTEX_POINT('',#10373);
#10373 = CARTESIAN_POINT('',(3.4,0.8,3.8));
#10374 = LINE('',#10375,#10376);
#10375 = CARTESIAN_POINT('',(3.4,0.2,3.8));
#10376 = VECTOR('',#10377,1.);
#10377 = DIRECTION('',(0.,1.,0.));
#10378 = ORIENTED_EDGE('',*,*,#10379,.F.);
#10379 = EDGE_CURVE('',#10380,#10372,#10382,.T.);
#10380 = VERTEX_POINT('',#10381);
#10381 = CARTESIAN_POINT('',(3.4,0.8,0.5));
#10382 = LINE('',#10383,#10384);
#10383 = CARTESIAN_POINT('',(3.4,0.8,0.5));
#10384 = VECTOR('',#10385,1.);
#10385 = DIRECTION('',(0.,0.,1.));
#10386 = ORIENTED_EDGE('',*,*,#10387,.F.);
#10387 = EDGE_CURVE('',#10132,#10380,#10388,.T.);
#10388 = LINE('',#10389,#10390);
#10389 = CARTESIAN_POINT('',(3.4,0.2,0.5));
#10390 = VECTOR('',#10391,1.);
#10391 = DIRECTION('',(0.,1.,0.));
#10392 = ORIENTED_EDGE('',*,*,#10205,.T.);
#10393 = PLANE('',#10394);
#10394 = AXIS2_PLACEMENT_3D('',#10395,#10396,#10397);
#10395 = CARTESIAN_POINT('',(3.4,0.,0.5));
#10396 = DIRECTION('',(1.,0.,0.));
#10397 = DIRECTION('',(-0.,1.,0.));
#10398 = ADVANCED_FACE('',(#10399),#10463,.F.);
#10399 = FACE_BOUND('',#10400,.T.);
#10400 = EDGE_LOOP('',(#10401,#10409,#10417,#10423,#10424,#10425,#10433,
    #10439,#10440,#10448,#10456,#10462));
#10401 = ORIENTED_EDGE('',*,*,#10402,.F.);
#10402 = EDGE_CURVE('',#10403,#10302,#10405,.T.);
#10403 = VERTEX_POINT('',#10404);
#10404 = CARTESIAN_POINT('',(-3.8,0.,0.5));
#10405 = LINE('',#10406,#10407);
#10406 = CARTESIAN_POINT('',(-3.8,0.,0.5));
#10407 = VECTOR('',#10408,1.);
#10408 = DIRECTION('',(0.,1.,0.));
#10409 = ORIENTED_EDGE('',*,*,#10410,.T.);
#10410 = EDGE_CURVE('',#10403,#10411,#10413,.T.);
#10411 = VERTEX_POINT('',#10412);
#10412 = CARTESIAN_POINT('',(3.8,0.,0.5));
#10413 = LINE('',#10414,#10415);
#10414 = CARTESIAN_POINT('',(-3.8,0.,0.5));
#10415 = VECTOR('',#10416,1.);
#10416 = DIRECTION('',(1.,0.,0.));
#10417 = ORIENTED_EDGE('',*,*,#10418,.T.);
#10418 = EDGE_CURVE('',#10411,#10134,#10419,.T.);
#10419 = LINE('',#10420,#10421);
#10420 = CARTESIAN_POINT('',(3.8,0.,0.5));
#10421 = VECTOR('',#10422,1.);
#10422 = DIRECTION('',(0.,1.,0.));
#10423 = ORIENTED_EDGE('',*,*,#10131,.F.);
#10424 = ORIENTED_EDGE('',*,*,#10387,.T.);
#10425 = ORIENTED_EDGE('',*,*,#10426,.F.);
#10426 = EDGE_CURVE('',#10427,#10380,#10429,.T.);
#10427 = VERTEX_POINT('',#10428);
#10428 = CARTESIAN_POINT('',(0.8,0.8,0.5));
#10429 = LINE('',#10430,#10431);
#10430 = CARTESIAN_POINT('',(0.8,0.8,0.5));
#10431 = VECTOR('',#10432,1.);
#10432 = DIRECTION('',(1.,0.,0.));
#10433 = ORIENTED_EDGE('',*,*,#10434,.F.);
#10434 = EDGE_CURVE('',#10222,#10427,#10435,.T.);
#10435 = LINE('',#10436,#10437);
#10436 = CARTESIAN_POINT('',(0.8,0.2,0.5));
#10437 = VECTOR('',#10438,1.);
#10438 = DIRECTION('',(0.,1.,0.));
#10439 = ORIENTED_EDGE('',*,*,#10219,.F.);
#10440 = ORIENTED_EDGE('',*,*,#10441,.T.);
#10441 = EDGE_CURVE('',#10220,#10442,#10444,.T.);
#10442 = VERTEX_POINT('',#10443);
#10443 = CARTESIAN_POINT('',(-0.8,0.8,0.5));
#10444 = LINE('',#10445,#10446);
#10445 = CARTESIAN_POINT('',(-0.8,0.2,0.5));
#10446 = VECTOR('',#10447,1.);
#10447 = DIRECTION('',(0.,1.,0.));
#10448 = ORIENTED_EDGE('',*,*,#10449,.F.);
#10449 = EDGE_CURVE('',#10450,#10442,#10452,.T.);
#10450 = VERTEX_POINT('',#10451);
#10451 = CARTESIAN_POINT('',(-3.4,0.8,0.5));
#10452 = LINE('',#10453,#10454);
#10453 = CARTESIAN_POINT('',(-3.4,0.8,0.5));
#10454 = VECTOR('',#10455,1.);
#10455 = DIRECTION('',(1.,0.,0.));
#10456 = ORIENTED_EDGE('',*,*,#10457,.F.);
#10457 = EDGE_CURVE('',#10310,#10450,#10458,.T.);
#10458 = LINE('',#10459,#10460);
#10459 = CARTESIAN_POINT('',(-3.4,0.2,0.5));
#10460 = VECTOR('',#10461,1.);
#10461 = DIRECTION('',(0.,1.,0.));
#10462 = ORIENTED_EDGE('',*,*,#10309,.F.);
#10463 = PLANE('',#10464);
#10464 = AXIS2_PLACEMENT_3D('',#10465,#10466,#10467);
#10465 = CARTESIAN_POINT('',(0.8,0.,0.5));
#10466 = DIRECTION('',(0.,0.,-1.));
#10467 = DIRECTION('',(0.,-1.,0.));
#10468 = ADVANCED_FACE('',(#10469),#10487,.F.);
#10469 = FACE_BOUND('',#10470,.T.);
#10470 = EDGE_LOOP('',(#10471,#10472,#10480,#10486));
#10471 = ORIENTED_EDGE('',*,*,#10457,.T.);
#10472 = ORIENTED_EDGE('',*,*,#10473,.F.);
#10473 = EDGE_CURVE('',#10474,#10450,#10476,.T.);
#10474 = VERTEX_POINT('',#10475);
#10475 = CARTESIAN_POINT('',(-3.4,0.8,3.8));
#10476 = LINE('',#10477,#10478);
#10477 = CARTESIAN_POINT('',(-3.4,0.8,3.8));
#10478 = VECTOR('',#10479,1.);
#10479 = DIRECTION('',(0.,0.,-1.));
#10480 = ORIENTED_EDGE('',*,*,#10481,.F.);
#10481 = EDGE_CURVE('',#10260,#10474,#10482,.T.);
#10482 = LINE('',#10483,#10484);
#10483 = CARTESIAN_POINT('',(-3.4,0.2,3.8));
#10484 = VECTOR('',#10485,1.);
#10485 = DIRECTION('',(0.,1.,0.));
#10486 = ORIENTED_EDGE('',*,*,#10317,.T.);
#10487 = PLANE('',#10488);
#10488 = AXIS2_PLACEMENT_3D('',#10489,#10490,#10491);
#10489 = CARTESIAN_POINT('',(-3.4,0.,3.8));
#10490 = DIRECTION('',(-1.,0.,0.));
#10491 = DIRECTION('',(0.,0.,1.));
#10492 = ADVANCED_FACE('',(#10493),#10527,.F.);
#10493 = FACE_BOUND('',#10494,.T.);
#10494 = EDGE_LOOP('',(#10495,#10503,#10511,#10519,#10525,#10526));
#10495 = ORIENTED_EDGE('',*,*,#10496,.F.);
#10496 = EDGE_CURVE('',#10497,#10190,#10499,.T.);
#10497 = VERTEX_POINT('',#10498);
#10498 = CARTESIAN_POINT('',(4.8,0.,3.8));
#10499 = LINE('',#10500,#10501);
#10500 = CARTESIAN_POINT('',(4.8,0.,3.8));
#10501 = VECTOR('',#10502,1.);
#10502 = DIRECTION('',(0.,1.,0.));
#10503 = ORIENTED_EDGE('',*,*,#10504,.F.);
#10504 = EDGE_CURVE('',#10505,#10497,#10507,.T.);
#10505 = VERTEX_POINT('',#10506);
#10506 = CARTESIAN_POINT('',(3.1,0.,3.8));
#10507 = LINE('',#10508,#10509);
#10508 = CARTESIAN_POINT('',(3.1,0.,3.8));
#10509 = VECTOR('',#10510,1.);
#10510 = DIRECTION('',(1.,0.,0.));
#10511 = ORIENTED_EDGE('',*,*,#10512,.F.);
#10512 = EDGE_CURVE('',#10513,#10505,#10515,.T.);
#10513 = VERTEX_POINT('',#10514);
#10514 = CARTESIAN_POINT('',(3.1,0.8,3.8));
#10515 = LINE('',#10516,#10517);
#10516 = CARTESIAN_POINT('',(3.1,0.8,3.8));
#10517 = VECTOR('',#10518,1.);
#10518 = DIRECTION('',(0.,-1.,0.));
#10519 = ORIENTED_EDGE('',*,*,#10520,.F.);
#10520 = EDGE_CURVE('',#10372,#10513,#10521,.T.);
#10521 = LINE('',#10522,#10523);
#10522 = CARTESIAN_POINT('',(3.4,0.8,3.8));
#10523 = VECTOR('',#10524,1.);
#10524 = DIRECTION('',(-1.,0.,0.));
#10525 = ORIENTED_EDGE('',*,*,#10371,.F.);
#10526 = ORIENTED_EDGE('',*,*,#10197,.F.);
#10527 = PLANE('',#10528);
#10528 = AXIS2_PLACEMENT_3D('',#10529,#10530,#10531);
#10529 = CARTESIAN_POINT('',(1.1,0.,3.8));
#10530 = DIRECTION('',(0.,0.,1.));
#10531 = DIRECTION('',(1.,0.,-0.));
#10532 = ADVANCED_FACE('',(#10533),#10590,.F.);
#10533 = FACE_BOUND('',#10534,.T.);
#10534 = EDGE_LOOP('',(#10535,#10543,#10551,#10559,#10567,#10575,#10583,
    #10589));
#10535 = ORIENTED_EDGE('',*,*,#10536,.T.);
#10536 = EDGE_CURVE('',#10230,#10537,#10539,.T.);
#10537 = VERTEX_POINT('',#10538);
#10538 = CARTESIAN_POINT('',(0.8,0.8,3.8));
#10539 = LINE('',#10540,#10541);
#10540 = CARTESIAN_POINT('',(0.8,0.2,3.8));
#10541 = VECTOR('',#10542,1.);
#10542 = DIRECTION('',(0.,1.,0.));
#10543 = ORIENTED_EDGE('',*,*,#10544,.F.);
#10544 = EDGE_CURVE('',#10545,#10537,#10547,.T.);
#10545 = VERTEX_POINT('',#10546);
#10546 = CARTESIAN_POINT('',(1.1,0.8,3.8));
#10547 = LINE('',#10548,#10549);
#10548 = CARTESIAN_POINT('',(1.1,0.8,3.8));
#10549 = VECTOR('',#10550,1.);
#10550 = DIRECTION('',(-1.,0.,0.));
#10551 = ORIENTED_EDGE('',*,*,#10552,.F.);
#10552 = EDGE_CURVE('',#10553,#10545,#10555,.T.);
#10553 = VERTEX_POINT('',#10554);
#10554 = CARTESIAN_POINT('',(1.1,0.,3.8));
#10555 = LINE('',#10556,#10557);
#10556 = CARTESIAN_POINT('',(1.1,0.,3.8));
#10557 = VECTOR('',#10558,1.);
#10558 = DIRECTION('',(0.,1.,0.));
#10559 = ORIENTED_EDGE('',*,*,#10560,.F.);
#10560 = EDGE_CURVE('',#10561,#10553,#10563,.T.);
#10561 = VERTEX_POINT('',#10562);
#10562 = CARTESIAN_POINT('',(-1.1,0.,3.8));
#10563 = LINE('',#10564,#10565);
#10564 = CARTESIAN_POINT('',(-1.1,0.,3.8));
#10565 = VECTOR('',#10566,1.);
#10566 = DIRECTION('',(1.,0.,0.));
#10567 = ORIENTED_EDGE('',*,*,#10568,.F.);
#10568 = EDGE_CURVE('',#10569,#10561,#10571,.T.);
#10569 = VERTEX_POINT('',#10570);
#10570 = CARTESIAN_POINT('',(-1.1,0.8,3.8));
#10571 = LINE('',#10572,#10573);
#10572 = CARTESIAN_POINT('',(-1.1,0.8,3.8));
#10573 = VECTOR('',#10574,1.);
#10574 = DIRECTION('',(0.,-1.,0.));
#10575 = ORIENTED_EDGE('',*,*,#10576,.F.);
#10576 = EDGE_CURVE('',#10577,#10569,#10579,.T.);
#10577 = VERTEX_POINT('',#10578);
#10578 = CARTESIAN_POINT('',(-0.8,0.8,3.8));
#10579 = LINE('',#10580,#10581);
#10580 = CARTESIAN_POINT('',(-0.8,0.8,3.8));
#10581 = VECTOR('',#10582,1.);
#10582 = DIRECTION('',(-1.,0.,0.));
#10583 = ORIENTED_EDGE('',*,*,#10584,.F.);
#10584 = EDGE_CURVE('',#10238,#10577,#10585,.T.);
#10585 = LINE('',#10586,#10587);
#10586 = CARTESIAN_POINT('',(-0.8,0.2,3.8));
#10587 = VECTOR('',#10588,1.);
#10588 = DIRECTION('',(0.,1.,0.));
#10589 = ORIENTED_EDGE('',*,*,#10237,.F.);
#10590 = PLANE('',#10591);
#10591 = AXIS2_PLACEMENT_3D('',#10592,#10593,#10594);
#10592 = CARTESIAN_POINT('',(1.1,0.,3.8));
#10593 = DIRECTION('',(0.,0.,1.));
#10594 = DIRECTION('',(1.,0.,-0.));
#10595 = ADVANCED_FACE('',(#10596),#10623,.F.);
#10596 = FACE_BOUND('',#10597,.T.);
#10597 = EDGE_LOOP('',(#10598,#10606,#10607,#10608,#10609,#10617));
#10598 = ORIENTED_EDGE('',*,*,#10599,.F.);
#10599 = EDGE_CURVE('',#9968,#10600,#10602,.T.);
#10600 = VERTEX_POINT('',#10601);
#10601 = CARTESIAN_POINT('',(-3.1,0.,3.8));
#10602 = LINE('',#10603,#10604);
#10603 = CARTESIAN_POINT('',(-4.8,0.,3.8));
#10604 = VECTOR('',#10605,1.);
#10605 = DIRECTION('',(1.,0.,0.));
#10606 = ORIENTED_EDGE('',*,*,#9967,.T.);
#10607 = ORIENTED_EDGE('',*,*,#10259,.F.);
#10608 = ORIENTED_EDGE('',*,*,#10481,.T.);
#10609 = ORIENTED_EDGE('',*,*,#10610,.F.);
#10610 = EDGE_CURVE('',#10611,#10474,#10613,.T.);
#10611 = VERTEX_POINT('',#10612);
#10612 = CARTESIAN_POINT('',(-3.1,0.8,3.8));
#10613 = LINE('',#10614,#10615);
#10614 = CARTESIAN_POINT('',(-3.1,0.8,3.8));
#10615 = VECTOR('',#10616,1.);
#10616 = DIRECTION('',(-1.,0.,0.));
#10617 = ORIENTED_EDGE('',*,*,#10618,.F.);
#10618 = EDGE_CURVE('',#10600,#10611,#10619,.T.);
#10619 = LINE('',#10620,#10621);
#10620 = CARTESIAN_POINT('',(-3.1,0.,3.8));
#10621 = VECTOR('',#10622,1.);
#10622 = DIRECTION('',(0.,1.,0.));
#10623 = PLANE('',#10624);
#10624 = AXIS2_PLACEMENT_3D('',#10625,#10626,#10627);
#10625 = CARTESIAN_POINT('',(1.1,0.,3.8));
#10626 = DIRECTION('',(0.,0.,1.));
#10627 = DIRECTION('',(1.,0.,-0.));
#10628 = ADVANCED_FACE('',(#10629,#10695),#10729,.T.);
#10629 = FACE_BOUND('',#10630,.T.);
#10630 = EDGE_LOOP('',(#10631,#10641,#10649,#10657,#10665,#10673,#10681,
    #10689));
#10631 = ORIENTED_EDGE('',*,*,#10632,.T.);
#10632 = EDGE_CURVE('',#10633,#10635,#10637,.T.);
#10633 = VERTEX_POINT('',#10634);
#10634 = CARTESIAN_POINT('',(3.1,0.8,-4.8));
#10635 = VERTEX_POINT('',#10636);
#10636 = CARTESIAN_POINT('',(3.1,0.8,-3.8));
#10637 = LINE('',#10638,#10639);
#10638 = CARTESIAN_POINT('',(3.1,0.8,-4.8));
#10639 = VECTOR('',#10640,1.);
#10640 = DIRECTION('',(0.,0.,1.));
#10641 = ORIENTED_EDGE('',*,*,#10642,.T.);
#10642 = EDGE_CURVE('',#10635,#10643,#10645,.T.);
#10643 = VERTEX_POINT('',#10644);
#10644 = CARTESIAN_POINT('',(3.4,0.8,-3.8));
#10645 = LINE('',#10646,#10647);
#10646 = CARTESIAN_POINT('',(3.1,0.8,-3.8));
#10647 = VECTOR('',#10648,1.);
#10648 = DIRECTION('',(1.,0.,0.));
#10649 = ORIENTED_EDGE('',*,*,#10650,.T.);
#10650 = EDGE_CURVE('',#10643,#10651,#10653,.T.);
#10651 = VERTEX_POINT('',#10652);
#10652 = CARTESIAN_POINT('',(3.4,0.8,-0.5));
#10653 = LINE('',#10654,#10655);
#10654 = CARTESIAN_POINT('',(3.4,0.8,-3.8));
#10655 = VECTOR('',#10656,1.);
#10656 = DIRECTION('',(0.,0.,1.));
#10657 = ORIENTED_EDGE('',*,*,#10658,.T.);
#10658 = EDGE_CURVE('',#10651,#10659,#10661,.T.);
#10659 = VERTEX_POINT('',#10660);
#10660 = CARTESIAN_POINT('',(0.8,0.8,-0.5));
#10661 = LINE('',#10662,#10663);
#10662 = CARTESIAN_POINT('',(3.4,0.8,-0.5));
#10663 = VECTOR('',#10664,1.);
#10664 = DIRECTION('',(-1.,0.,0.));
#10665 = ORIENTED_EDGE('',*,*,#10666,.T.);
#10666 = EDGE_CURVE('',#10659,#10667,#10669,.T.);
#10667 = VERTEX_POINT('',#10668);
#10668 = CARTESIAN_POINT('',(0.8,0.8,-3.8));
#10669 = LINE('',#10670,#10671);
#10670 = CARTESIAN_POINT('',(0.8,0.8,-0.5));
#10671 = VECTOR('',#10672,1.);
#10672 = DIRECTION('',(0.,0.,-1.));
#10673 = ORIENTED_EDGE('',*,*,#10674,.T.);
#10674 = EDGE_CURVE('',#10667,#10675,#10677,.T.);
#10675 = VERTEX_POINT('',#10676);
#10676 = CARTESIAN_POINT('',(1.1,0.8,-3.8));
#10677 = LINE('',#10678,#10679);
#10678 = CARTESIAN_POINT('',(0.8,0.8,-3.8));
#10679 = VECTOR('',#10680,1.);
#10680 = DIRECTION('',(1.,0.,0.));
#10681 = ORIENTED_EDGE('',*,*,#10682,.T.);
#10682 = EDGE_CURVE('',#10675,#10683,#10685,.T.);
#10683 = VERTEX_POINT('',#10684);
#10684 = CARTESIAN_POINT('',(1.1,0.8,-4.8));
#10685 = LINE('',#10686,#10687);
#10686 = CARTESIAN_POINT('',(1.1,0.8,-3.8));
#10687 = VECTOR('',#10688,1.);
#10688 = DIRECTION('',(0.,0.,-1.));
#10689 = ORIENTED_EDGE('',*,*,#10690,.T.);
#10690 = EDGE_CURVE('',#10683,#10633,#10691,.T.);
#10691 = LINE('',#10692,#10693);
#10692 = CARTESIAN_POINT('',(1.1,0.8,-4.8));
#10693 = VECTOR('',#10694,1.);
#10694 = DIRECTION('',(1.,0.,0.));
#10695 = FACE_BOUND('',#10696,.T.);
#10696 = EDGE_LOOP('',(#10697,#10707,#10715,#10723));
#10697 = ORIENTED_EDGE('',*,*,#10698,.T.);
#10698 = EDGE_CURVE('',#10699,#10701,#10703,.T.);
#10699 = VERTEX_POINT('',#10700);
#10700 = CARTESIAN_POINT('',(2.67,0.8,-3.25));
#10701 = VERTEX_POINT('',#10702);
#10702 = CARTESIAN_POINT('',(1.53,0.8,-3.25));
#10703 = LINE('',#10704,#10705);
#10704 = CARTESIAN_POINT('',(2.67,0.8,-3.25));
#10705 = VECTOR('',#10706,1.);
#10706 = DIRECTION('',(-1.,0.,0.));
#10707 = ORIENTED_EDGE('',*,*,#10708,.T.);
#10708 = EDGE_CURVE('',#10701,#10709,#10711,.T.);
#10709 = VERTEX_POINT('',#10710);
#10710 = CARTESIAN_POINT('',(1.53,0.8,-2.65));
#10711 = LINE('',#10712,#10713);
#10712 = CARTESIAN_POINT('',(1.53,0.8,-3.25));
#10713 = VECTOR('',#10714,1.);
#10714 = DIRECTION('',(0.,0.,1.));
#10715 = ORIENTED_EDGE('',*,*,#10716,.F.);
#10716 = EDGE_CURVE('',#10717,#10709,#10719,.T.);
#10717 = VERTEX_POINT('',#10718);
#10718 = CARTESIAN_POINT('',(2.67,0.8,-2.65));
#10719 = LINE('',#10720,#10721);
#10720 = CARTESIAN_POINT('',(2.67,0.8,-2.65));
#10721 = VECTOR('',#10722,1.);
#10722 = DIRECTION('',(-1.,0.,0.));
#10723 = ORIENTED_EDGE('',*,*,#10724,.F.);
#10724 = EDGE_CURVE('',#10699,#10717,#10725,.T.);
#10725 = LINE('',#10726,#10727);
#10726 = CARTESIAN_POINT('',(2.67,0.8,-3.25));
#10727 = VECTOR('',#10728,1.);
#10728 = DIRECTION('',(0.,0.,1.));
#10729 = PLANE('',#10730);
#10730 = AXIS2_PLACEMENT_3D('',#10731,#10732,#10733);
#10731 = CARTESIAN_POINT('',(-4.8,0.8,4.8));
#10732 = DIRECTION('',(0.,-1.,0.));
#10733 = DIRECTION('',(0.,0.,-1.));
#10734 = ADVANCED_FACE('',(#10735,#10769),#10803,.T.);
#10735 = FACE_BOUND('',#10736,.T.);
#10736 = EDGE_LOOP('',(#10737,#10745,#10746,#10752,#10753,#10754,#10755,
    #10763));
#10737 = ORIENTED_EDGE('',*,*,#10738,.T.);
#10738 = EDGE_CURVE('',#10739,#10545,#10741,.T.);
#10739 = VERTEX_POINT('',#10740);
#10740 = CARTESIAN_POINT('',(1.1,0.8,4.8));
#10741 = LINE('',#10742,#10743);
#10742 = CARTESIAN_POINT('',(1.1,0.8,4.8));
#10743 = VECTOR('',#10744,1.);
#10744 = DIRECTION('',(0.,0.,-1.));
#10745 = ORIENTED_EDGE('',*,*,#10544,.T.);
#10746 = ORIENTED_EDGE('',*,*,#10747,.T.);
#10747 = EDGE_CURVE('',#10537,#10427,#10748,.T.);
#10748 = LINE('',#10749,#10750);
#10749 = CARTESIAN_POINT('',(0.8,0.8,3.8));
#10750 = VECTOR('',#10751,1.);
#10751 = DIRECTION('',(0.,0.,-1.));
#10752 = ORIENTED_EDGE('',*,*,#10426,.T.);
#10753 = ORIENTED_EDGE('',*,*,#10379,.T.);
#10754 = ORIENTED_EDGE('',*,*,#10520,.T.);
#10755 = ORIENTED_EDGE('',*,*,#10756,.T.);
#10756 = EDGE_CURVE('',#10513,#10757,#10759,.T.);
#10757 = VERTEX_POINT('',#10758);
#10758 = CARTESIAN_POINT('',(3.1,0.8,4.8));
#10759 = LINE('',#10760,#10761);
#10760 = CARTESIAN_POINT('',(3.1,0.8,3.8));
#10761 = VECTOR('',#10762,1.);
#10762 = DIRECTION('',(0.,0.,1.));
#10763 = ORIENTED_EDGE('',*,*,#10764,.F.);
#10764 = EDGE_CURVE('',#10739,#10757,#10765,.T.);
#10765 = LINE('',#10766,#10767);
#10766 = CARTESIAN_POINT('',(1.1,0.8,4.8));
#10767 = VECTOR('',#10768,1.);
#10768 = DIRECTION('',(1.,0.,0.));
#10769 = FACE_BOUND('',#10770,.T.);
#10770 = EDGE_LOOP('',(#10771,#10781,#10789,#10797));
#10771 = ORIENTED_EDGE('',*,*,#10772,.T.);
#10772 = EDGE_CURVE('',#10773,#10775,#10777,.T.);
#10773 = VERTEX_POINT('',#10774);
#10774 = CARTESIAN_POINT('',(2.67,0.8,2.25));
#10775 = VERTEX_POINT('',#10776);
#10776 = CARTESIAN_POINT('',(1.53,0.8,2.25));
#10777 = LINE('',#10778,#10779);
#10778 = CARTESIAN_POINT('',(2.67,0.8,2.25));
#10779 = VECTOR('',#10780,1.);
#10780 = DIRECTION('',(-1.,0.,0.));
#10781 = ORIENTED_EDGE('',*,*,#10782,.T.);
#10782 = EDGE_CURVE('',#10775,#10783,#10785,.T.);
#10783 = VERTEX_POINT('',#10784);
#10784 = CARTESIAN_POINT('',(1.53,0.8,2.85));
#10785 = LINE('',#10786,#10787);
#10786 = CARTESIAN_POINT('',(1.53,0.8,2.25));
#10787 = VECTOR('',#10788,1.);
#10788 = DIRECTION('',(0.,0.,1.));
#10789 = ORIENTED_EDGE('',*,*,#10790,.F.);
#10790 = EDGE_CURVE('',#10791,#10783,#10793,.T.);
#10791 = VERTEX_POINT('',#10792);
#10792 = CARTESIAN_POINT('',(2.67,0.8,2.85));
#10793 = LINE('',#10794,#10795);
#10794 = CARTESIAN_POINT('',(2.67,0.8,2.85));
#10795 = VECTOR('',#10796,1.);
#10796 = DIRECTION('',(-1.,0.,0.));
#10797 = ORIENTED_EDGE('',*,*,#10798,.F.);
#10798 = EDGE_CURVE('',#10773,#10791,#10799,.T.);
#10799 = LINE('',#10800,#10801);
#10800 = CARTESIAN_POINT('',(2.67,0.8,2.25));
#10801 = VECTOR('',#10802,1.);
#10802 = DIRECTION('',(0.,0.,1.));
#10803 = PLANE('',#10804);
#10804 = AXIS2_PLACEMENT_3D('',#10805,#10806,#10807);
#10805 = CARTESIAN_POINT('',(-4.8,0.8,4.8));
#10806 = DIRECTION('',(0.,-1.,0.));
#10807 = DIRECTION('',(0.,0.,-1.));
#10808 = ADVANCED_FACE('',(#10809),#10921,.T.);
#10809 = FACE_BOUND('',#10810,.T.);
#10810 = EDGE_LOOP('',(#10811,#10821,#10827,#10828,#10836,#10844,#10852,
    #10860,#10868,#10876,#10884,#10890,#10891,#10899,#10907,#10915));
#10811 = ORIENTED_EDGE('',*,*,#10812,.F.);
#10812 = EDGE_CURVE('',#10813,#10815,#10817,.T.);
#10813 = VERTEX_POINT('',#10814);
#10814 = CARTESIAN_POINT('',(-3.1,0.,-4.8));
#10815 = VERTEX_POINT('',#10816);
#10816 = CARTESIAN_POINT('',(-3.1,0.8,-4.8));
#10817 = LINE('',#10818,#10819);
#10818 = CARTESIAN_POINT('',(-3.1,0.,-4.8));
#10819 = VECTOR('',#10820,1.);
#10820 = DIRECTION('',(0.,1.,0.));
#10821 = ORIENTED_EDGE('',*,*,#10822,.F.);
#10822 = EDGE_CURVE('',#10024,#10813,#10823,.T.);
#10823 = LINE('',#10824,#10825);
#10824 = CARTESIAN_POINT('',(-4.8,0.,-4.8));
#10825 = VECTOR('',#10826,1.);
#10826 = DIRECTION('',(1.,0.,0.));
#10827 = ORIENTED_EDGE('',*,*,#10023,.T.);
#10828 = ORIENTED_EDGE('',*,*,#10829,.T.);
#10829 = EDGE_CURVE('',#10014,#10830,#10832,.T.);
#10830 = VERTEX_POINT('',#10831);
#10831 = CARTESIAN_POINT('',(-1.7,12.8,-4.8));
#10832 = LINE('',#10833,#10834);
#10833 = CARTESIAN_POINT('',(-4.8,12.8,-4.8));
#10834 = VECTOR('',#10835,1.);
#10835 = DIRECTION('',(1.,0.,0.));
#10836 = ORIENTED_EDGE('',*,*,#10837,.T.);
#10837 = EDGE_CURVE('',#10830,#10838,#10840,.T.);
#10838 = VERTEX_POINT('',#10839);
#10839 = CARTESIAN_POINT('',(-1.7,9.75,-4.8));
#10840 = LINE('',#10841,#10842);
#10841 = CARTESIAN_POINT('',(-1.7,12.8,-4.8));
#10842 = VECTOR('',#10843,1.);
#10843 = DIRECTION('',(0.,-1.,0.));
#10844 = ORIENTED_EDGE('',*,*,#10845,.T.);
#10845 = EDGE_CURVE('',#10838,#10846,#10848,.T.);
#10846 = VERTEX_POINT('',#10847);
#10847 = CARTESIAN_POINT('',(1.7,9.75,-4.8));
#10848 = LINE('',#10849,#10850);
#10849 = CARTESIAN_POINT('',(-1.7,9.75,-4.8));
#10850 = VECTOR('',#10851,1.);
#10851 = DIRECTION('',(1.,0.,0.));
#10852 = ORIENTED_EDGE('',*,*,#10853,.F.);
#10853 = EDGE_CURVE('',#10854,#10846,#10856,.T.);
#10854 = VERTEX_POINT('',#10855);
#10855 = CARTESIAN_POINT('',(1.7,12.8,-4.8));
#10856 = LINE('',#10857,#10858);
#10857 = CARTESIAN_POINT('',(1.7,12.8,-4.8));
#10858 = VECTOR('',#10859,1.);
#10859 = DIRECTION('',(0.,-1.,0.));
#10860 = ORIENTED_EDGE('',*,*,#10861,.T.);
#10861 = EDGE_CURVE('',#10854,#10862,#10864,.T.);
#10862 = VERTEX_POINT('',#10863);
#10863 = CARTESIAN_POINT('',(4.8,12.8,-4.8));
#10864 = LINE('',#10865,#10866);
#10865 = CARTESIAN_POINT('',(1.7,12.8,-4.8));
#10866 = VECTOR('',#10867,1.);
#10867 = DIRECTION('',(1.,0.,0.));
#10868 = ORIENTED_EDGE('',*,*,#10869,.F.);
#10869 = EDGE_CURVE('',#10870,#10862,#10872,.T.);
#10870 = VERTEX_POINT('',#10871);
#10871 = CARTESIAN_POINT('',(4.8,0.,-4.8));
#10872 = LINE('',#10873,#10874);
#10873 = CARTESIAN_POINT('',(4.8,0.,-4.8));
#10874 = VECTOR('',#10875,1.);
#10875 = DIRECTION('',(0.,1.,0.));
#10876 = ORIENTED_EDGE('',*,*,#10877,.F.);
#10877 = EDGE_CURVE('',#10878,#10870,#10880,.T.);
#10878 = VERTEX_POINT('',#10879);
#10879 = CARTESIAN_POINT('',(3.1,0.,-4.8));
#10880 = LINE('',#10881,#10882);
#10881 = CARTESIAN_POINT('',(3.1,0.,-4.8));
#10882 = VECTOR('',#10883,1.);
#10883 = DIRECTION('',(1.,0.,0.));
#10884 = ORIENTED_EDGE('',*,*,#10885,.T.);
#10885 = EDGE_CURVE('',#10878,#10633,#10886,.T.);
#10886 = LINE('',#10887,#10888);
#10887 = CARTESIAN_POINT('',(3.1,0.,-4.8));
#10888 = VECTOR('',#10889,1.);
#10889 = DIRECTION('',(0.,1.,0.));
#10890 = ORIENTED_EDGE('',*,*,#10690,.F.);
#10891 = ORIENTED_EDGE('',*,*,#10892,.F.);
#10892 = EDGE_CURVE('',#10893,#10683,#10895,.T.);
#10893 = VERTEX_POINT('',#10894);
#10894 = CARTESIAN_POINT('',(1.1,0.,-4.8));
#10895 = LINE('',#10896,#10897);
#10896 = CARTESIAN_POINT('',(1.1,0.,-4.8));
#10897 = VECTOR('',#10898,1.);
#10898 = DIRECTION('',(0.,1.,0.));
#10899 = ORIENTED_EDGE('',*,*,#10900,.F.);
#10900 = EDGE_CURVE('',#10901,#10893,#10903,.T.);
#10901 = VERTEX_POINT('',#10902);
#10902 = CARTESIAN_POINT('',(-1.1,0.,-4.8));
#10903 = LINE('',#10904,#10905);
#10904 = CARTESIAN_POINT('',(-1.1,0.,-4.8));
#10905 = VECTOR('',#10906,1.);
#10906 = DIRECTION('',(1.,0.,0.));
#10907 = ORIENTED_EDGE('',*,*,#10908,.T.);
#10908 = EDGE_CURVE('',#10901,#10909,#10911,.T.);
#10909 = VERTEX_POINT('',#10910);
#10910 = CARTESIAN_POINT('',(-1.1,0.8,-4.8));
#10911 = LINE('',#10912,#10913);
#10912 = CARTESIAN_POINT('',(-1.1,0.,-4.8));
#10913 = VECTOR('',#10914,1.);
#10914 = DIRECTION('',(0.,1.,0.));
#10915 = ORIENTED_EDGE('',*,*,#10916,.F.);
#10916 = EDGE_CURVE('',#10815,#10909,#10917,.T.);
#10917 = LINE('',#10918,#10919);
#10918 = CARTESIAN_POINT('',(-3.1,0.8,-4.8));
#10919 = VECTOR('',#10920,1.);
#10920 = DIRECTION('',(1.,0.,0.));
#10921 = PLANE('',#10922);
#10922 = AXIS2_PLACEMENT_3D('',#10923,#10924,#10925);
#10923 = CARTESIAN_POINT('',(-4.8,0.,-4.8));
#10924 = DIRECTION('',(0.,0.,-1.));
#10925 = DIRECTION('',(0.,-1.,0.));
#10926 = ADVANCED_FACE('',(#10927,#10984),#11018,.T.);
#10927 = FACE_BOUND('',#10928,.T.);
#10928 = EDGE_LOOP('',(#10929,#10937,#10945,#10953,#10961,#10969,#10977,
    #10983));
#10929 = ORIENTED_EDGE('',*,*,#10930,.T.);
#10930 = EDGE_CURVE('',#10909,#10931,#10933,.T.);
#10931 = VERTEX_POINT('',#10932);
#10932 = CARTESIAN_POINT('',(-1.1,0.8,-3.8));
#10933 = LINE('',#10934,#10935);
#10934 = CARTESIAN_POINT('',(-1.1,0.8,-4.8));
#10935 = VECTOR('',#10936,1.);
#10936 = DIRECTION('',(0.,0.,1.));
#10937 = ORIENTED_EDGE('',*,*,#10938,.T.);
#10938 = EDGE_CURVE('',#10931,#10939,#10941,.T.);
#10939 = VERTEX_POINT('',#10940);
#10940 = CARTESIAN_POINT('',(-0.8,0.8,-3.8));
#10941 = LINE('',#10942,#10943);
#10942 = CARTESIAN_POINT('',(-1.1,0.8,-3.8));
#10943 = VECTOR('',#10944,1.);
#10944 = DIRECTION('',(1.,0.,0.));
#10945 = ORIENTED_EDGE('',*,*,#10946,.T.);
#10946 = EDGE_CURVE('',#10939,#10947,#10949,.T.);
#10947 = VERTEX_POINT('',#10948);
#10948 = CARTESIAN_POINT('',(-0.8,0.8,-0.5));
#10949 = LINE('',#10950,#10951);
#10950 = CARTESIAN_POINT('',(-0.8,0.8,-3.8));
#10951 = VECTOR('',#10952,1.);
#10952 = DIRECTION('',(0.,0.,1.));
#10953 = ORIENTED_EDGE('',*,*,#10954,.T.);
#10954 = EDGE_CURVE('',#10947,#10955,#10957,.T.);
#10955 = VERTEX_POINT('',#10956);
#10956 = CARTESIAN_POINT('',(-3.4,0.8,-0.5));
#10957 = LINE('',#10958,#10959);
#10958 = CARTESIAN_POINT('',(-0.8,0.8,-0.5));
#10959 = VECTOR('',#10960,1.);
#10960 = DIRECTION('',(-1.,0.,0.));
#10961 = ORIENTED_EDGE('',*,*,#10962,.T.);
#10962 = EDGE_CURVE('',#10955,#10963,#10965,.T.);
#10963 = VERTEX_POINT('',#10964);
#10964 = CARTESIAN_POINT('',(-3.4,0.8,-3.8));
#10965 = LINE('',#10966,#10967);
#10966 = CARTESIAN_POINT('',(-3.4,0.8,-0.5));
#10967 = VECTOR('',#10968,1.);
#10968 = DIRECTION('',(0.,0.,-1.));
#10969 = ORIENTED_EDGE('',*,*,#10970,.T.);
#10970 = EDGE_CURVE('',#10963,#10971,#10973,.T.);
#10971 = VERTEX_POINT('',#10972);
#10972 = CARTESIAN_POINT('',(-3.1,0.8,-3.8));
#10973 = LINE('',#10974,#10975);
#10974 = CARTESIAN_POINT('',(-3.4,0.8,-3.8));
#10975 = VECTOR('',#10976,1.);
#10976 = DIRECTION('',(1.,0.,0.));
#10977 = ORIENTED_EDGE('',*,*,#10978,.T.);
#10978 = EDGE_CURVE('',#10971,#10815,#10979,.T.);
#10979 = LINE('',#10980,#10981);
#10980 = CARTESIAN_POINT('',(-3.1,0.8,-3.8));
#10981 = VECTOR('',#10982,1.);
#10982 = DIRECTION('',(0.,0.,-1.));
#10983 = ORIENTED_EDGE('',*,*,#10916,.T.);
#10984 = FACE_BOUND('',#10985,.T.);
#10985 = EDGE_LOOP('',(#10986,#10996,#11004,#11012));
#10986 = ORIENTED_EDGE('',*,*,#10987,.T.);
#10987 = EDGE_CURVE('',#10988,#10990,#10992,.T.);
#10988 = VERTEX_POINT('',#10989);
#10989 = CARTESIAN_POINT('',(-1.53,0.8,-3.25));
#10990 = VERTEX_POINT('',#10991);
#10991 = CARTESIAN_POINT('',(-2.67,0.8,-3.25));
#10992 = LINE('',#10993,#10994);
#10993 = CARTESIAN_POINT('',(-1.53,0.8,-3.25));
#10994 = VECTOR('',#10995,1.);
#10995 = DIRECTION('',(-1.,0.,0.));
#10996 = ORIENTED_EDGE('',*,*,#10997,.T.);
#10997 = EDGE_CURVE('',#10990,#10998,#11000,.T.);
#10998 = VERTEX_POINT('',#10999);
#10999 = CARTESIAN_POINT('',(-2.67,0.8,-2.65));
#11000 = LINE('',#11001,#11002);
#11001 = CARTESIAN_POINT('',(-2.67,0.8,-3.25));
#11002 = VECTOR('',#11003,1.);
#11003 = DIRECTION('',(0.,0.,1.));
#11004 = ORIENTED_EDGE('',*,*,#11005,.F.);
#11005 = EDGE_CURVE('',#11006,#10998,#11008,.T.);
#11006 = VERTEX_POINT('',#11007);
#11007 = CARTESIAN_POINT('',(-1.53,0.8,-2.65));
#11008 = LINE('',#11009,#11010);
#11009 = CARTESIAN_POINT('',(-1.53,0.8,-2.65));
#11010 = VECTOR('',#11011,1.);
#11011 = DIRECTION('',(-1.,0.,0.));
#11012 = ORIENTED_EDGE('',*,*,#11013,.F.);
#11013 = EDGE_CURVE('',#10988,#11006,#11014,.T.);
#11014 = LINE('',#11015,#11016);
#11015 = CARTESIAN_POINT('',(-1.53,0.8,-3.25));
#11016 = VECTOR('',#11017,1.);
#11017 = DIRECTION('',(0.,0.,1.));
#11018 = PLANE('',#11019);
#11019 = AXIS2_PLACEMENT_3D('',#11020,#11021,#11022);
#11020 = CARTESIAN_POINT('',(-4.8,0.8,4.8));
#11021 = DIRECTION('',(0.,-1.,0.));
#11022 = DIRECTION('',(0.,0.,-1.));
#11023 = ADVANCED_FACE('',(#11024,#11058),#11092,.T.);
#11024 = FACE_BOUND('',#11025,.T.);
#11025 = EDGE_LOOP('',(#11026,#11034,#11035,#11036,#11037,#11043,#11044,
    #11052));
#11026 = ORIENTED_EDGE('',*,*,#11027,.T.);
#11027 = EDGE_CURVE('',#11028,#10611,#11030,.T.);
#11028 = VERTEX_POINT('',#11029);
#11029 = CARTESIAN_POINT('',(-3.1,0.8,4.8));
#11030 = LINE('',#11031,#11032);
#11031 = CARTESIAN_POINT('',(-3.1,0.8,4.8));
#11032 = VECTOR('',#11033,1.);
#11033 = DIRECTION('',(0.,0.,-1.));
#11034 = ORIENTED_EDGE('',*,*,#10610,.T.);
#11035 = ORIENTED_EDGE('',*,*,#10473,.T.);
#11036 = ORIENTED_EDGE('',*,*,#10449,.T.);
#11037 = ORIENTED_EDGE('',*,*,#11038,.T.);
#11038 = EDGE_CURVE('',#10442,#10577,#11039,.T.);
#11039 = LINE('',#11040,#11041);
#11040 = CARTESIAN_POINT('',(-0.8,0.8,0.5));
#11041 = VECTOR('',#11042,1.);
#11042 = DIRECTION('',(0.,0.,1.));
#11043 = ORIENTED_EDGE('',*,*,#10576,.T.);
#11044 = ORIENTED_EDGE('',*,*,#11045,.T.);
#11045 = EDGE_CURVE('',#10569,#11046,#11048,.T.);
#11046 = VERTEX_POINT('',#11047);
#11047 = CARTESIAN_POINT('',(-1.1,0.8,4.8));
#11048 = LINE('',#11049,#11050);
#11049 = CARTESIAN_POINT('',(-1.1,0.8,3.8));
#11050 = VECTOR('',#11051,1.);
#11051 = DIRECTION('',(0.,0.,1.));
#11052 = ORIENTED_EDGE('',*,*,#11053,.F.);
#11053 = EDGE_CURVE('',#11028,#11046,#11054,.T.);
#11054 = LINE('',#11055,#11056);
#11055 = CARTESIAN_POINT('',(-3.1,0.8,4.8));
#11056 = VECTOR('',#11057,1.);
#11057 = DIRECTION('',(1.,0.,0.));
#11058 = FACE_BOUND('',#11059,.T.);
#11059 = EDGE_LOOP('',(#11060,#11070,#11078,#11086));
#11060 = ORIENTED_EDGE('',*,*,#11061,.T.);
#11061 = EDGE_CURVE('',#11062,#11064,#11066,.T.);
#11062 = VERTEX_POINT('',#11063);
#11063 = CARTESIAN_POINT('',(-1.53,0.8,2.25));
#11064 = VERTEX_POINT('',#11065);
#11065 = CARTESIAN_POINT('',(-2.67,0.8,2.25));
#11066 = LINE('',#11067,#11068);
#11067 = CARTESIAN_POINT('',(-1.53,0.8,2.25));
#11068 = VECTOR('',#11069,1.);
#11069 = DIRECTION('',(-1.,0.,0.));
#11070 = ORIENTED_EDGE('',*,*,#11071,.T.);
#11071 = EDGE_CURVE('',#11064,#11072,#11074,.T.);
#11072 = VERTEX_POINT('',#11073);
#11073 = CARTESIAN_POINT('',(-2.67,0.8,2.85));
#11074 = LINE('',#11075,#11076);
#11075 = CARTESIAN_POINT('',(-2.67,0.8,2.25));
#11076 = VECTOR('',#11077,1.);
#11077 = DIRECTION('',(0.,0.,1.));
#11078 = ORIENTED_EDGE('',*,*,#11079,.F.);
#11079 = EDGE_CURVE('',#11080,#11072,#11082,.T.);
#11080 = VERTEX_POINT('',#11081);
#11081 = CARTESIAN_POINT('',(-1.53,0.8,2.85));
#11082 = LINE('',#11083,#11084);
#11083 = CARTESIAN_POINT('',(-1.53,0.8,2.85));
#11084 = VECTOR('',#11085,1.);
#11085 = DIRECTION('',(-1.,0.,0.));
#11086 = ORIENTED_EDGE('',*,*,#11087,.F.);
#11087 = EDGE_CURVE('',#11062,#11080,#11088,.T.);
#11088 = LINE('',#11089,#11090);
#11089 = CARTESIAN_POINT('',(-1.53,0.8,2.25));
#11090 = VECTOR('',#11091,1.);
#11091 = DIRECTION('',(0.,0.,1.));
#11092 = PLANE('',#11093);
#11093 = AXIS2_PLACEMENT_3D('',#11094,#11095,#11096);
#11094 = CARTESIAN_POINT('',(-4.8,0.8,4.8));
#11095 = DIRECTION('',(0.,-1.,0.));
#11096 = DIRECTION('',(0.,0.,-1.));
#11097 = ADVANCED_FACE('',(#11098),#11116,.F.);
#11098 = FACE_BOUND('',#11099,.T.);
#11099 = EDGE_LOOP('',(#11100,#11101,#11102,#11110));
#11100 = ORIENTED_EDGE('',*,*,#10812,.T.);
#11101 = ORIENTED_EDGE('',*,*,#10978,.F.);
#11102 = ORIENTED_EDGE('',*,*,#11103,.T.);
#11103 = EDGE_CURVE('',#10971,#11104,#11106,.T.);
#11104 = VERTEX_POINT('',#11105);
#11105 = CARTESIAN_POINT('',(-3.1,0.,-3.8));
#11106 = LINE('',#11107,#11108);
#11107 = CARTESIAN_POINT('',(-3.1,0.8,-3.8));
#11108 = VECTOR('',#11109,1.);
#11109 = DIRECTION('',(0.,-1.,0.));
#11110 = ORIENTED_EDGE('',*,*,#11111,.F.);
#11111 = EDGE_CURVE('',#10813,#11104,#11112,.T.);
#11112 = LINE('',#11113,#11114);
#11113 = CARTESIAN_POINT('',(-3.1,0.,-4.8));
#11114 = VECTOR('',#11115,1.);
#11115 = DIRECTION('',(0.,0.,1.));
#11116 = PLANE('',#11117);
#11117 = AXIS2_PLACEMENT_3D('',#11118,#11119,#11120);
#11118 = CARTESIAN_POINT('',(-3.1,0.,-3.8));
#11119 = DIRECTION('',(-1.,0.,0.));
#11120 = DIRECTION('',(0.,0.,1.));
#11121 = ADVANCED_FACE('',(#11122),#11147,.T.);
#11122 = FACE_BOUND('',#11123,.T.);
#11123 = EDGE_LOOP('',(#11124,#11132,#11140,#11146));
#11124 = ORIENTED_EDGE('',*,*,#11125,.F.);
#11125 = EDGE_CURVE('',#11126,#10403,#11128,.T.);
#11126 = VERTEX_POINT('',#11127);
#11127 = CARTESIAN_POINT('',(-3.8,0.,-0.5));
#11128 = LINE('',#11129,#11130);
#11129 = CARTESIAN_POINT('',(-3.8,0.,-0.5));
#11130 = VECTOR('',#11131,1.);
#11131 = DIRECTION('',(0.,0.,1.));
#11132 = ORIENTED_EDGE('',*,*,#11133,.F.);
#11133 = EDGE_CURVE('',#11134,#11126,#11136,.T.);
#11134 = VERTEX_POINT('',#11135);
#11135 = CARTESIAN_POINT('',(3.8,0.,-0.5));
#11136 = LINE('',#11137,#11138);
#11137 = CARTESIAN_POINT('',(3.8,0.,-0.5));
#11138 = VECTOR('',#11139,1.);
#11139 = DIRECTION('',(-1.,0.,0.));
#11140 = ORIENTED_EDGE('',*,*,#11141,.F.);
#11141 = EDGE_CURVE('',#10411,#11134,#11142,.T.);
#11142 = LINE('',#11143,#11144);
#11143 = CARTESIAN_POINT('',(3.8,0.,0.5));
#11144 = VECTOR('',#11145,1.);
#11145 = DIRECTION('',(0.,0.,-1.));
#11146 = ORIENTED_EDGE('',*,*,#10410,.F.);
#11147 = PLANE('',#11148);
#11148 = AXIS2_PLACEMENT_3D('',#11149,#11150,#11151);
#11149 = CARTESIAN_POINT('',(-4.8,0.,4.8));
#11150 = DIRECTION('',(0.,-1.,0.));
#11151 = DIRECTION('',(0.,0.,-1.));
#11152 = ADVANCED_FACE('',(#11153),#11178,.T.);
#11153 = FACE_BOUND('',#11154,.T.);
#11154 = EDGE_LOOP('',(#11155,#11163,#11164,#11172));
#11155 = ORIENTED_EDGE('',*,*,#11156,.T.);
#11156 = EDGE_CURVE('',#11157,#10505,#11159,.T.);
#11157 = VERTEX_POINT('',#11158);
#11158 = CARTESIAN_POINT('',(3.1,0.,4.8));
#11159 = LINE('',#11160,#11161);
#11160 = CARTESIAN_POINT('',(3.1,0.,4.8));
#11161 = VECTOR('',#11162,1.);
#11162 = DIRECTION('',(0.,0.,-1.));
#11163 = ORIENTED_EDGE('',*,*,#10504,.T.);
#11164 = ORIENTED_EDGE('',*,*,#11165,.F.);
#11165 = EDGE_CURVE('',#11166,#10497,#11168,.T.);
#11166 = VERTEX_POINT('',#11167);
#11167 = CARTESIAN_POINT('',(4.8,0.,4.8));
#11168 = LINE('',#11169,#11170);
#11169 = CARTESIAN_POINT('',(4.8,0.,4.8));
#11170 = VECTOR('',#11171,1.);
#11171 = DIRECTION('',(0.,0.,-1.));
#11172 = ORIENTED_EDGE('',*,*,#11173,.F.);
#11173 = EDGE_CURVE('',#11157,#11166,#11174,.T.);
#11174 = LINE('',#11175,#11176);
#11175 = CARTESIAN_POINT('',(3.1,0.,4.8));
#11176 = VECTOR('',#11177,1.);
#11177 = DIRECTION('',(1.,0.,0.));
#11178 = PLANE('',#11179);
#11179 = AXIS2_PLACEMENT_3D('',#11180,#11181,#11182);
#11180 = CARTESIAN_POINT('',(-4.8,0.,4.8));
#11181 = DIRECTION('',(0.,-1.,0.));
#11182 = DIRECTION('',(0.,0.,-1.));
#11183 = ADVANCED_FACE('',(#11184),#11209,.T.);
#11184 = FACE_BOUND('',#11185,.T.);
#11185 = EDGE_LOOP('',(#11186,#11194,#11202,#11208));
#11186 = ORIENTED_EDGE('',*,*,#11187,.F.);
#11187 = EDGE_CURVE('',#11188,#10870,#11190,.T.);
#11188 = VERTEX_POINT('',#11189);
#11189 = CARTESIAN_POINT('',(4.8,0.,-3.8));
#11190 = LINE('',#11191,#11192);
#11191 = CARTESIAN_POINT('',(4.8,0.,-3.8));
#11192 = VECTOR('',#11193,1.);
#11193 = DIRECTION('',(0.,0.,-1.));
#11194 = ORIENTED_EDGE('',*,*,#11195,.F.);
#11195 = EDGE_CURVE('',#11196,#11188,#11198,.T.);
#11196 = VERTEX_POINT('',#11197);
#11197 = CARTESIAN_POINT('',(3.1,0.,-3.8));
#11198 = LINE('',#11199,#11200);
#11199 = CARTESIAN_POINT('',(3.1,0.,-3.8));
#11200 = VECTOR('',#11201,1.);
#11201 = DIRECTION('',(1.,0.,0.));
#11202 = ORIENTED_EDGE('',*,*,#11203,.F.);
#11203 = EDGE_CURVE('',#10878,#11196,#11204,.T.);
#11204 = LINE('',#11205,#11206);
#11205 = CARTESIAN_POINT('',(3.1,0.,-4.8));
#11206 = VECTOR('',#11207,1.);
#11207 = DIRECTION('',(0.,0.,1.));
#11208 = ORIENTED_EDGE('',*,*,#10877,.T.);
#11209 = PLANE('',#11210);
#11210 = AXIS2_PLACEMENT_3D('',#11211,#11212,#11213);
#11211 = CARTESIAN_POINT('',(-4.8,0.,4.8));
#11212 = DIRECTION('',(0.,-1.,0.));
#11213 = DIRECTION('',(0.,0.,-1.));
#11214 = ADVANCED_FACE('',(#11215),#11240,.T.);
#11215 = FACE_BOUND('',#11216,.T.);
#11216 = EDGE_LOOP('',(#11217,#11218,#11226,#11234));
#11217 = ORIENTED_EDGE('',*,*,#10560,.T.);
#11218 = ORIENTED_EDGE('',*,*,#11219,.F.);
#11219 = EDGE_CURVE('',#11220,#10553,#11222,.T.);
#11220 = VERTEX_POINT('',#11221);
#11221 = CARTESIAN_POINT('',(1.1,0.,4.8));
#11222 = LINE('',#11223,#11224);
#11223 = CARTESIAN_POINT('',(1.1,0.,4.8));
#11224 = VECTOR('',#11225,1.);
#11225 = DIRECTION('',(0.,0.,-1.));
#11226 = ORIENTED_EDGE('',*,*,#11227,.F.);
#11227 = EDGE_CURVE('',#11228,#11220,#11230,.T.);
#11228 = VERTEX_POINT('',#11229);
#11229 = CARTESIAN_POINT('',(-1.1,0.,4.8));
#11230 = LINE('',#11231,#11232);
#11231 = CARTESIAN_POINT('',(-1.1,0.,4.8));
#11232 = VECTOR('',#11233,1.);
#11233 = DIRECTION('',(1.,0.,0.));
#11234 = ORIENTED_EDGE('',*,*,#11235,.T.);
#11235 = EDGE_CURVE('',#11228,#10561,#11236,.T.);
#11236 = LINE('',#11237,#11238);
#11237 = CARTESIAN_POINT('',(-1.1,0.,4.8));
#11238 = VECTOR('',#11239,1.);
#11239 = DIRECTION('',(0.,0.,-1.));
#11240 = PLANE('',#11241);
#11241 = AXIS2_PLACEMENT_3D('',#11242,#11243,#11244);
#11242 = CARTESIAN_POINT('',(-4.8,0.,4.8));
#11243 = DIRECTION('',(0.,-1.,0.));
#11244 = DIRECTION('',(0.,0.,-1.));
#11245 = ADVANCED_FACE('',(#11246),#11264,.T.);
#11246 = FACE_BOUND('',#11247,.T.);
#11247 = EDGE_LOOP('',(#11248,#11256,#11257,#11258));
#11248 = ORIENTED_EDGE('',*,*,#11249,.F.);
#11249 = EDGE_CURVE('',#9976,#11250,#11252,.T.);
#11250 = VERTEX_POINT('',#11251);
#11251 = CARTESIAN_POINT('',(-3.1,0.,4.8));
#11252 = LINE('',#11253,#11254);
#11253 = CARTESIAN_POINT('',(-4.8,0.,4.8));
#11254 = VECTOR('',#11255,1.);
#11255 = DIRECTION('',(1.,0.,0.));
#11256 = ORIENTED_EDGE('',*,*,#9975,.T.);
#11257 = ORIENTED_EDGE('',*,*,#10599,.T.);
#11258 = ORIENTED_EDGE('',*,*,#11259,.F.);
#11259 = EDGE_CURVE('',#11250,#10600,#11260,.T.);
#11260 = LINE('',#11261,#11262);
#11261 = CARTESIAN_POINT('',(-3.1,0.,4.8));
#11262 = VECTOR('',#11263,1.);
#11263 = DIRECTION('',(0.,0.,-1.));
#11264 = PLANE('',#11265);
#11265 = AXIS2_PLACEMENT_3D('',#11266,#11267,#11268);
#11266 = CARTESIAN_POINT('',(-4.8,0.,4.8));
#11267 = DIRECTION('',(0.,-1.,0.));
#11268 = DIRECTION('',(0.,0.,-1.));
#11269 = ADVANCED_FACE('',(#11270),#11281,.T.);
#11270 = FACE_BOUND('',#11271,.T.);
#11271 = EDGE_LOOP('',(#11272,#11278,#11279,#11280));
#11272 = ORIENTED_EDGE('',*,*,#11273,.F.);
#11273 = EDGE_CURVE('',#10032,#11104,#11274,.T.);
#11274 = LINE('',#11275,#11276);
#11275 = CARTESIAN_POINT('',(-4.8,0.,-3.8));
#11276 = VECTOR('',#11277,1.);
#11277 = DIRECTION('',(1.,0.,0.));
#11278 = ORIENTED_EDGE('',*,*,#10031,.T.);
#11279 = ORIENTED_EDGE('',*,*,#10822,.T.);
#11280 = ORIENTED_EDGE('',*,*,#11111,.T.);
#11281 = PLANE('',#11282);
#11282 = AXIS2_PLACEMENT_3D('',#11283,#11284,#11285);
#11283 = CARTESIAN_POINT('',(-4.8,0.,4.8));
#11284 = DIRECTION('',(0.,-1.,0.));
#11285 = DIRECTION('',(0.,0.,-1.));
#11286 = ADVANCED_FACE('',(#11287),#11312,.T.);
#11287 = FACE_BOUND('',#11288,.T.);
#11288 = EDGE_LOOP('',(#11289,#11290,#11298,#11306));
#11289 = ORIENTED_EDGE('',*,*,#10900,.T.);
#11290 = ORIENTED_EDGE('',*,*,#11291,.T.);
#11291 = EDGE_CURVE('',#10893,#11292,#11294,.T.);
#11292 = VERTEX_POINT('',#11293);
#11293 = CARTESIAN_POINT('',(1.1,0.,-3.8));
#11294 = LINE('',#11295,#11296);
#11295 = CARTESIAN_POINT('',(1.1,0.,-4.8));
#11296 = VECTOR('',#11297,1.);
#11297 = DIRECTION('',(0.,0.,1.));
#11298 = ORIENTED_EDGE('',*,*,#11299,.F.);
#11299 = EDGE_CURVE('',#11300,#11292,#11302,.T.);
#11300 = VERTEX_POINT('',#11301);
#11301 = CARTESIAN_POINT('',(-1.1,0.,-3.8));
#11302 = LINE('',#11303,#11304);
#11303 = CARTESIAN_POINT('',(-1.1,0.,-3.8));
#11304 = VECTOR('',#11305,1.);
#11305 = DIRECTION('',(1.,0.,0.));
#11306 = ORIENTED_EDGE('',*,*,#11307,.F.);
#11307 = EDGE_CURVE('',#10901,#11300,#11308,.T.);
#11308 = LINE('',#11309,#11310);
#11309 = CARTESIAN_POINT('',(-1.1,0.,-4.8));
#11310 = VECTOR('',#11311,1.);
#11311 = DIRECTION('',(0.,0.,1.));
#11312 = PLANE('',#11313);
#11313 = AXIS2_PLACEMENT_3D('',#11314,#11315,#11316);
#11314 = CARTESIAN_POINT('',(-4.8,0.,4.8));
#11315 = DIRECTION('',(0.,-1.,0.));
#11316 = DIRECTION('',(0.,0.,-1.));
#11317 = ADVANCED_FACE('',(#11318),#11329,.F.);
#11318 = FACE_BOUND('',#11319,.T.);
#11319 = EDGE_LOOP('',(#11320,#11326,#11327,#11328));
#11320 = ORIENTED_EDGE('',*,*,#11321,.T.);
#11321 = EDGE_CURVE('',#11134,#10142,#11322,.T.);
#11322 = LINE('',#11323,#11324);
#11323 = CARTESIAN_POINT('',(3.8,0.,-0.5));
#11324 = VECTOR('',#11325,1.);
#11325 = DIRECTION('',(0.,1.,0.));
#11326 = ORIENTED_EDGE('',*,*,#10141,.F.);
#11327 = ORIENTED_EDGE('',*,*,#10418,.F.);
#11328 = ORIENTED_EDGE('',*,*,#11141,.T.);
#11329 = PLANE('',#11330);
#11330 = AXIS2_PLACEMENT_3D('',#11331,#11332,#11333);
#11331 = CARTESIAN_POINT('',(3.8,0.,0.5));
#11332 = DIRECTION('',(-1.,0.,0.));
#11333 = DIRECTION('',(0.,0.,1.));
#11334 = ADVANCED_FACE('',(#11335),#11374,.F.);
#11335 = FACE_BOUND('',#11336,.T.);
#11336 = EDGE_LOOP('',(#11337,#11343,#11344,#11350,#11351,#11352,#11353,
    #11359,#11360,#11366,#11367,#11373));
#11337 = ORIENTED_EDGE('',*,*,#11338,.T.);
#11338 = EDGE_CURVE('',#10342,#10659,#11339,.T.);
#11339 = LINE('',#11340,#11341);
#11340 = CARTESIAN_POINT('',(0.8,0.2,-0.5));
#11341 = VECTOR('',#11342,1.);
#11342 = DIRECTION('',(0.,1.,0.));
#11343 = ORIENTED_EDGE('',*,*,#10658,.F.);
#11344 = ORIENTED_EDGE('',*,*,#11345,.F.);
#11345 = EDGE_CURVE('',#10150,#10651,#11346,.T.);
#11346 = LINE('',#11347,#11348);
#11347 = CARTESIAN_POINT('',(3.4,0.2,-0.5));
#11348 = VECTOR('',#11349,1.);
#11349 = DIRECTION('',(0.,1.,0.));
#11350 = ORIENTED_EDGE('',*,*,#10149,.F.);
#11351 = ORIENTED_EDGE('',*,*,#11321,.F.);
#11352 = ORIENTED_EDGE('',*,*,#11133,.T.);
#11353 = ORIENTED_EDGE('',*,*,#11354,.T.);
#11354 = EDGE_CURVE('',#11126,#10294,#11355,.T.);
#11355 = LINE('',#11356,#11357);
#11356 = CARTESIAN_POINT('',(-3.8,0.,-0.5));
#11357 = VECTOR('',#11358,1.);
#11358 = DIRECTION('',(0.,1.,0.));
#11359 = ORIENTED_EDGE('',*,*,#10293,.F.);
#11360 = ORIENTED_EDGE('',*,*,#11361,.T.);
#11361 = EDGE_CURVE('',#10286,#10955,#11362,.T.);
#11362 = LINE('',#11363,#11364);
#11363 = CARTESIAN_POINT('',(-3.4,0.2,-0.5));
#11364 = VECTOR('',#11365,1.);
#11365 = DIRECTION('',(0.,1.,0.));
#11366 = ORIENTED_EDGE('',*,*,#10954,.F.);
#11367 = ORIENTED_EDGE('',*,*,#11368,.F.);
#11368 = EDGE_CURVE('',#10350,#10947,#11369,.T.);
#11369 = LINE('',#11370,#11371);
#11370 = CARTESIAN_POINT('',(-0.8,0.2,-0.5));
#11371 = VECTOR('',#11372,1.);
#11372 = DIRECTION('',(0.,1.,0.));
#11373 = ORIENTED_EDGE('',*,*,#10349,.F.);
#11374 = PLANE('',#11375);
#11375 = AXIS2_PLACEMENT_3D('',#11376,#11377,#11378);
#11376 = CARTESIAN_POINT('',(3.4,0.,-0.5));
#11377 = DIRECTION('',(0.,0.,1.));
#11378 = DIRECTION('',(1.,0.,-0.));
#11379 = ADVANCED_FACE('',(#11380),#11391,.F.);
#11380 = FACE_BOUND('',#11381,.T.);
#11381 = EDGE_LOOP('',(#11382,#11383,#11384,#11390));
#11382 = ORIENTED_EDGE('',*,*,#11368,.T.);
#11383 = ORIENTED_EDGE('',*,*,#10946,.F.);
#11384 = ORIENTED_EDGE('',*,*,#11385,.F.);
#11385 = EDGE_CURVE('',#10332,#10939,#11386,.T.);
#11386 = LINE('',#11387,#11388);
#11387 = CARTESIAN_POINT('',(-0.8,0.2,-3.8));
#11388 = VECTOR('',#11389,1.);
#11389 = DIRECTION('',(0.,1.,0.));
#11390 = ORIENTED_EDGE('',*,*,#10357,.T.);
#11391 = PLANE('',#11392);
#11392 = AXIS2_PLACEMENT_3D('',#11393,#11394,#11395);
#11393 = CARTESIAN_POINT('',(-0.8,0.,-3.8));
#11394 = DIRECTION('',(1.,0.,0.));
#11395 = DIRECTION('',(-0.,1.,0.));
#11396 = ADVANCED_FACE('',(#11397),#11420,.F.);
#11397 = FACE_BOUND('',#11398,.T.);
#11398 = EDGE_LOOP('',(#11399,#11400,#11406,#11407,#11413,#11414));
#11399 = ORIENTED_EDGE('',*,*,#11195,.T.);
#11400 = ORIENTED_EDGE('',*,*,#11401,.T.);
#11401 = EDGE_CURVE('',#11188,#10166,#11402,.T.);
#11402 = LINE('',#11403,#11404);
#11403 = CARTESIAN_POINT('',(4.8,0.,-3.8));
#11404 = VECTOR('',#11405,1.);
#11405 = DIRECTION('',(0.,1.,0.));
#11406 = ORIENTED_EDGE('',*,*,#10165,.F.);
#11407 = ORIENTED_EDGE('',*,*,#11408,.T.);
#11408 = EDGE_CURVE('',#10158,#10643,#11409,.T.);
#11409 = LINE('',#11410,#11411);
#11410 = CARTESIAN_POINT('',(3.4,0.2,-3.8));
#11411 = VECTOR('',#11412,1.);
#11412 = DIRECTION('',(0.,1.,0.));
#11413 = ORIENTED_EDGE('',*,*,#10642,.F.);
#11414 = ORIENTED_EDGE('',*,*,#11415,.F.);
#11415 = EDGE_CURVE('',#11196,#10635,#11416,.T.);
#11416 = LINE('',#11417,#11418);
#11417 = CARTESIAN_POINT('',(3.1,0.,-3.8));
#11418 = VECTOR('',#11419,1.);
#11419 = DIRECTION('',(0.,1.,0.));
#11420 = PLANE('',#11421);
#11421 = AXIS2_PLACEMENT_3D('',#11422,#11423,#11424);
#11422 = CARTESIAN_POINT('',(0.8,0.,-3.8));
#11423 = DIRECTION('',(0.,0.,-1.));
#11424 = DIRECTION('',(0.,-1.,0.));
#11425 = ADVANCED_FACE('',(#11426),#11439,.F.);
#11426 = FACE_BOUND('',#11427,.T.);
#11427 = EDGE_LOOP('',(#11428,#11429,#11430,#11431,#11432,#11438));
#11428 = ORIENTED_EDGE('',*,*,#10039,.F.);
#11429 = ORIENTED_EDGE('',*,*,#11273,.T.);
#11430 = ORIENTED_EDGE('',*,*,#11103,.F.);
#11431 = ORIENTED_EDGE('',*,*,#10970,.F.);
#11432 = ORIENTED_EDGE('',*,*,#11433,.F.);
#11433 = EDGE_CURVE('',#10278,#10963,#11434,.T.);
#11434 = LINE('',#11435,#11436);
#11435 = CARTESIAN_POINT('',(-3.4,0.2,-3.8));
#11436 = VECTOR('',#11437,1.);
#11437 = DIRECTION('',(0.,1.,0.));
#11438 = ORIENTED_EDGE('',*,*,#10277,.F.);
#11439 = PLANE('',#11440);
#11440 = AXIS2_PLACEMENT_3D('',#11441,#11442,#11443);
#11441 = CARTESIAN_POINT('',(0.8,0.,-3.8));
#11442 = DIRECTION('',(0.,0.,-1.));
#11443 = DIRECTION('',(0.,-1.,0.));
#11444 = ADVANCED_FACE('',(#11445),#11470,.F.);
#11445 = FACE_BOUND('',#11446,.T.);
#11446 = EDGE_LOOP('',(#11447,#11448,#11454,#11455,#11461,#11462,#11463,
    #11464));
#11447 = ORIENTED_EDGE('',*,*,#11299,.T.);
#11448 = ORIENTED_EDGE('',*,*,#11449,.F.);
#11449 = EDGE_CURVE('',#10675,#11292,#11450,.T.);
#11450 = LINE('',#11451,#11452);
#11451 = CARTESIAN_POINT('',(1.1,0.8,-3.8));
#11452 = VECTOR('',#11453,1.);
#11453 = DIRECTION('',(0.,-1.,0.));
#11454 = ORIENTED_EDGE('',*,*,#10674,.F.);
#11455 = ORIENTED_EDGE('',*,*,#11456,.F.);
#11456 = EDGE_CURVE('',#10334,#10667,#11457,.T.);
#11457 = LINE('',#11458,#11459);
#11458 = CARTESIAN_POINT('',(0.8,0.2,-3.8));
#11459 = VECTOR('',#11460,1.);
#11460 = DIRECTION('',(0.,1.,0.));
#11461 = ORIENTED_EDGE('',*,*,#10331,.F.);
#11462 = ORIENTED_EDGE('',*,*,#11385,.T.);
#11463 = ORIENTED_EDGE('',*,*,#10938,.F.);
#11464 = ORIENTED_EDGE('',*,*,#11465,.F.);
#11465 = EDGE_CURVE('',#11300,#10931,#11466,.T.);
#11466 = LINE('',#11467,#11468);
#11467 = CARTESIAN_POINT('',(-1.1,0.,-3.8));
#11468 = VECTOR('',#11469,1.);
#11469 = DIRECTION('',(0.,1.,0.));
#11470 = PLANE('',#11471);
#11471 = AXIS2_PLACEMENT_3D('',#11472,#11473,#11474);
#11472 = CARTESIAN_POINT('',(0.8,0.,-3.8));
#11473 = DIRECTION('',(0.,0.,-1.));
#11474 = DIRECTION('',(0.,-1.,0.));
#11475 = ADVANCED_FACE('',(#11476),#11482,.F.);
#11476 = FACE_BOUND('',#11477,.T.);
#11477 = EDGE_LOOP('',(#11478,#11479,#11480,#11481));
#11478 = ORIENTED_EDGE('',*,*,#11415,.T.);
#11479 = ORIENTED_EDGE('',*,*,#10632,.F.);
#11480 = ORIENTED_EDGE('',*,*,#10885,.F.);
#11481 = ORIENTED_EDGE('',*,*,#11203,.T.);
#11482 = PLANE('',#11483);
#11483 = AXIS2_PLACEMENT_3D('',#11484,#11485,#11486);
#11484 = CARTESIAN_POINT('',(3.1,0.,-4.8));
#11485 = DIRECTION('',(1.,0.,0.));
#11486 = DIRECTION('',(-0.,1.,0.));
#11487 = ADVANCED_FACE('',(#11488),#11494,.F.);
#11488 = FACE_BOUND('',#11489,.T.);
#11489 = EDGE_LOOP('',(#11490,#11491,#11492,#11493));
#11490 = ORIENTED_EDGE('',*,*,#11345,.T.);
#11491 = ORIENTED_EDGE('',*,*,#10650,.F.);
#11492 = ORIENTED_EDGE('',*,*,#11408,.F.);
#11493 = ORIENTED_EDGE('',*,*,#10157,.T.);
#11494 = PLANE('',#11495);
#11495 = AXIS2_PLACEMENT_3D('',#11496,#11497,#11498);
#11496 = CARTESIAN_POINT('',(3.4,0.,-3.8));
#11497 = DIRECTION('',(1.,0.,0.));
#11498 = DIRECTION('',(-0.,1.,0.));
#11499 = ADVANCED_FACE('',(#11500),#11520,.T.);
#11500 = FACE_BOUND('',#11501,.T.);
#11501 = EDGE_LOOP('',(#11502,#11503,#11504,#11505,#11506,#11514));
#11502 = ORIENTED_EDGE('',*,*,#10173,.F.);
#11503 = ORIENTED_EDGE('',*,*,#11401,.F.);
#11504 = ORIENTED_EDGE('',*,*,#11187,.T.);
#11505 = ORIENTED_EDGE('',*,*,#10869,.T.);
#11506 = ORIENTED_EDGE('',*,*,#11507,.T.);
#11507 = EDGE_CURVE('',#10862,#11508,#11510,.T.);
#11508 = VERTEX_POINT('',#11509);
#11509 = CARTESIAN_POINT('',(4.8,12.8,2.2));
#11510 = LINE('',#11511,#11512);
#11511 = CARTESIAN_POINT('',(4.8,12.8,-4.8));
#11512 = VECTOR('',#11513,1.);
#11513 = DIRECTION('',(0.,0.,1.));
#11514 = ORIENTED_EDGE('',*,*,#11515,.T.);
#11515 = EDGE_CURVE('',#11508,#10174,#11516,.T.);
#11516 = LINE('',#11517,#11518);
#11517 = CARTESIAN_POINT('',(4.8,12.8,2.2));
#11518 = VECTOR('',#11519,1.);
#11519 = DIRECTION('',(0.,-1.,0.));
#11520 = PLANE('',#11521);
#11521 = AXIS2_PLACEMENT_3D('',#11522,#11523,#11524);
#11522 = CARTESIAN_POINT('',(4.8,0.,0.));
#11523 = DIRECTION('',(1.,0.,0.));
#11524 = DIRECTION('',(-0.,1.,0.));
#11525 = ADVANCED_FACE('',(#11526),#11546,.T.);
#11526 = FACE_BOUND('',#11527,.T.);
#11527 = EDGE_LOOP('',(#11528,#11536,#11542,#11543,#11544,#11545));
#11528 = ORIENTED_EDGE('',*,*,#11529,.T.);
#11529 = EDGE_CURVE('',#9926,#11530,#11532,.T.);
#11530 = VERTEX_POINT('',#11531);
#11531 = CARTESIAN_POINT('',(4.8,12.8,4.8));
#11532 = LINE('',#11533,#11534);
#11533 = CARTESIAN_POINT('',(4.8,12.8,3.));
#11534 = VECTOR('',#11535,1.);
#11535 = DIRECTION('',(0.,0.,1.));
#11536 = ORIENTED_EDGE('',*,*,#11537,.T.);
#11537 = EDGE_CURVE('',#11530,#11166,#11538,.T.);
#11538 = LINE('',#11539,#11540);
#11539 = CARTESIAN_POINT('',(4.8,12.8,4.8));
#11540 = VECTOR('',#11541,1.);
#11541 = DIRECTION('',(0.,-1.,0.));
#11542 = ORIENTED_EDGE('',*,*,#11165,.T.);
#11543 = ORIENTED_EDGE('',*,*,#10496,.T.);
#11544 = ORIENTED_EDGE('',*,*,#10189,.F.);
#11545 = ORIENTED_EDGE('',*,*,#9934,.F.);
#11546 = PLANE('',#11547);
#11547 = AXIS2_PLACEMENT_3D('',#11548,#11549,#11550);
#11548 = CARTESIAN_POINT('',(4.8,0.,0.));
#11549 = DIRECTION('',(1.,0.,0.));
#11550 = DIRECTION('',(-0.,1.,0.));
#11551 = ADVANCED_FACE('',(#11552),#11564,.T.);
#11552 = FACE_BOUND('',#11553,.T.);
#11553 = EDGE_LOOP('',(#11554,#11555,#11556,#11557));
#11554 = ORIENTED_EDGE('',*,*,#9915,.T.);
#11555 = ORIENTED_EDGE('',*,*,#10181,.F.);
#11556 = ORIENTED_EDGE('',*,*,#11515,.F.);
#11557 = ORIENTED_EDGE('',*,*,#11558,.T.);
#11558 = EDGE_CURVE('',#11508,#9916,#11559,.T.);
#11559 = CIRCLE('',#11560,0.4);
#11560 = AXIS2_PLACEMENT_3D('',#11561,#11562,#11563);
#11561 = CARTESIAN_POINT('',(4.8,12.8,2.6));
#11562 = DIRECTION('',(0.,-1.,0.));
#11563 = DIRECTION('',(0.,0.,-1.));
#11564 = CYLINDRICAL_SURFACE('',#11565,0.4);
#11565 = AXIS2_PLACEMENT_3D('',#11566,#11567,#11568);
#11566 = CARTESIAN_POINT('',(4.8,12.8,2.6));
#11567 = DIRECTION('',(0.,1.,-0.));
#11568 = DIRECTION('',(1.,0.,0.));
#11569 = ADVANCED_FACE('',(#11570,#11600,#11634,#11684,#11734),#11768,
  .T.);
#11570 = FACE_BOUND('',#11571,.T.);
#11571 = EDGE_LOOP('',(#11572,#11573,#11574,#11580,#11581,#11582,#11583,
    #11589,#11590,#11591,#11592,#11593,#11594));
#11572 = ORIENTED_EDGE('',*,*,#10829,.F.);
#11573 = ORIENTED_EDGE('',*,*,#10013,.T.);
#11574 = ORIENTED_EDGE('',*,*,#11575,.F.);
#11575 = EDGE_CURVE('',#10101,#10016,#11576,.T.);
#11576 = LINE('',#11577,#11578);
#11577 = CARTESIAN_POINT('',(-5.2,12.8,-2.99));
#11578 = VECTOR('',#11579,1.);
#11579 = DIRECTION('',(0.707106781187,0.,-0.707106781187));
#11580 = ORIENTED_EDGE('',*,*,#10100,.F.);
#11581 = ORIENTED_EDGE('',*,*,#10078,.F.);
#11582 = ORIENTED_EDGE('',*,*,#9991,.T.);
#11583 = ORIENTED_EDGE('',*,*,#11584,.T.);
#11584 = EDGE_CURVE('',#9984,#11530,#11585,.T.);
#11585 = LINE('',#11586,#11587);
#11586 = CARTESIAN_POINT('',(-4.8,12.8,4.8));
#11587 = VECTOR('',#11588,1.);
#11588 = DIRECTION('',(1.,0.,0.));
#11589 = ORIENTED_EDGE('',*,*,#11529,.F.);
#11590 = ORIENTED_EDGE('',*,*,#9925,.F.);
#11591 = ORIENTED_EDGE('',*,*,#11558,.F.);
#11592 = ORIENTED_EDGE('',*,*,#11507,.F.);
#11593 = ORIENTED_EDGE('',*,*,#10861,.F.);
#11594 = ORIENTED_EDGE('',*,*,#11595,.F.);
#11595 = EDGE_CURVE('',#10830,#10854,#11596,.T.);
#11596 = LINE('',#11597,#11598);
#11597 = CARTESIAN_POINT('',(-1.7,12.8,-4.8));
#11598 = VECTOR('',#11599,1.);
#11599 = DIRECTION('',(1.,0.,0.));
#11600 = FACE_BOUND('',#11601,.T.);
#11601 = EDGE_LOOP('',(#11602,#11612,#11620,#11628));
#11602 = ORIENTED_EDGE('',*,*,#11603,.F.);
#11603 = EDGE_CURVE('',#11604,#11606,#11608,.T.);
#11604 = VERTEX_POINT('',#11605);
#11605 = CARTESIAN_POINT('',(0.3,12.8,3.9));
#11606 = VERTEX_POINT('',#11607);
#11607 = CARTESIAN_POINT('',(3.9,12.8,3.9));
#11608 = LINE('',#11609,#11610);
#11609 = CARTESIAN_POINT('',(0.3,12.8,3.9));
#11610 = VECTOR('',#11611,1.);
#11611 = DIRECTION('',(1.,0.,0.));
#11612 = ORIENTED_EDGE('',*,*,#11613,.F.);
#11613 = EDGE_CURVE('',#11614,#11604,#11616,.T.);
#11614 = VERTEX_POINT('',#11615);
#11615 = CARTESIAN_POINT('',(0.3,12.8,0.3));
#11616 = LINE('',#11617,#11618);
#11617 = CARTESIAN_POINT('',(0.3,12.8,0.3));
#11618 = VECTOR('',#11619,1.);
#11619 = DIRECTION('',(0.,0.,1.));
#11620 = ORIENTED_EDGE('',*,*,#11621,.F.);
#11621 = EDGE_CURVE('',#11622,#11614,#11624,.T.);
#11622 = VERTEX_POINT('',#11623);
#11623 = CARTESIAN_POINT('',(3.9,12.8,0.3));
#11624 = LINE('',#11625,#11626);
#11625 = CARTESIAN_POINT('',(3.9,12.8,0.3));
#11626 = VECTOR('',#11627,1.);
#11627 = DIRECTION('',(-1.,0.,0.));
#11628 = ORIENTED_EDGE('',*,*,#11629,.F.);
#11629 = EDGE_CURVE('',#11606,#11622,#11630,.T.);
#11630 = LINE('',#11631,#11632);
#11631 = CARTESIAN_POINT('',(3.9,12.8,3.9));
#11632 = VECTOR('',#11633,1.);
#11633 = DIRECTION('',(0.,0.,-1.));
#11634 = FACE_BOUND('',#11635,.T.);
#11635 = EDGE_LOOP('',(#11636,#11646,#11654,#11662,#11670,#11678));
#11636 = ORIENTED_EDGE('',*,*,#11637,.F.);
#11637 = EDGE_CURVE('',#11638,#11640,#11642,.T.);
#11638 = VERTEX_POINT('',#11639);
#11639 = CARTESIAN_POINT('',(3.,12.8,-0.3));
#11640 = VERTEX_POINT('',#11641);
#11641 = CARTESIAN_POINT('',(3.9,12.8,-1.2));
#11642 = LINE('',#11643,#11644);
#11643 = CARTESIAN_POINT('',(3.,12.8,-0.3));
#11644 = VECTOR('',#11645,1.);
#11645 = DIRECTION('',(0.707106781187,0.,-0.707106781187));
#11646 = ORIENTED_EDGE('',*,*,#11647,.F.);
#11647 = EDGE_CURVE('',#11648,#11638,#11650,.T.);
#11648 = VERTEX_POINT('',#11649);
#11649 = CARTESIAN_POINT('',(1.2,12.8,-0.3));
#11650 = LINE('',#11651,#11652);
#11651 = CARTESIAN_POINT('',(1.2,12.8,-0.3));
#11652 = VECTOR('',#11653,1.);
#11653 = DIRECTION('',(1.,0.,0.));
#11654 = ORIENTED_EDGE('',*,*,#11655,.F.);
#11655 = EDGE_CURVE('',#11656,#11648,#11658,.T.);
#11656 = VERTEX_POINT('',#11657);
#11657 = CARTESIAN_POINT('',(0.3,12.8,-1.2));
#11658 = LINE('',#11659,#11660);
#11659 = CARTESIAN_POINT('',(0.3,12.8,-1.2));
#11660 = VECTOR('',#11661,1.);
#11661 = DIRECTION('',(0.707106781187,0.,0.707106781187));
#11662 = ORIENTED_EDGE('',*,*,#11663,.F.);
#11663 = EDGE_CURVE('',#11664,#11656,#11666,.T.);
#11664 = VERTEX_POINT('',#11665);
#11665 = CARTESIAN_POINT('',(0.3,12.8,-3.9));
#11666 = LINE('',#11667,#11668);
#11667 = CARTESIAN_POINT('',(0.3,12.8,-3.9));
#11668 = VECTOR('',#11669,1.);
#11669 = DIRECTION('',(0.,0.,1.));
#11670 = ORIENTED_EDGE('',*,*,#11671,.F.);
#11671 = EDGE_CURVE('',#11672,#11664,#11674,.T.);
#11672 = VERTEX_POINT('',#11673);
#11673 = CARTESIAN_POINT('',(3.9,12.8,-3.9));
#11674 = LINE('',#11675,#11676);
#11675 = CARTESIAN_POINT('',(3.9,12.8,-3.9));
#11676 = VECTOR('',#11677,1.);
#11677 = DIRECTION('',(-1.,0.,0.));
#11678 = ORIENTED_EDGE('',*,*,#11679,.F.);
#11679 = EDGE_CURVE('',#11640,#11672,#11680,.T.);
#11680 = LINE('',#11681,#11682);
#11681 = CARTESIAN_POINT('',(3.9,12.8,-1.2));
#11682 = VECTOR('',#11683,1.);
#11683 = DIRECTION('',(0.,0.,-1.));
#11684 = FACE_BOUND('',#11685,.T.);
#11685 = EDGE_LOOP('',(#11686,#11696,#11704,#11712,#11720,#11728));
#11686 = ORIENTED_EDGE('',*,*,#11687,.F.);
#11687 = EDGE_CURVE('',#11688,#11690,#11692,.T.);
#11688 = VERTEX_POINT('',#11689);
#11689 = CARTESIAN_POINT('',(-1.2,12.8,3.9));
#11690 = VERTEX_POINT('',#11691);
#11691 = CARTESIAN_POINT('',(-0.3,12.8,3.));
#11692 = LINE('',#11693,#11694);
#11693 = CARTESIAN_POINT('',(-1.2,12.8,3.9));
#11694 = VECTOR('',#11695,1.);
#11695 = DIRECTION('',(0.707106781187,0.,-0.707106781187));
#11696 = ORIENTED_EDGE('',*,*,#11697,.F.);
#11697 = EDGE_CURVE('',#11698,#11688,#11700,.T.);
#11698 = VERTEX_POINT('',#11699);
#11699 = CARTESIAN_POINT('',(-3.,12.8,3.9));
#11700 = LINE('',#11701,#11702);
#11701 = CARTESIAN_POINT('',(-3.,12.8,3.9));
#11702 = VECTOR('',#11703,1.);
#11703 = DIRECTION('',(1.,0.,0.));
#11704 = ORIENTED_EDGE('',*,*,#11705,.F.);
#11705 = EDGE_CURVE('',#11706,#11698,#11708,.T.);
#11706 = VERTEX_POINT('',#11707);
#11707 = CARTESIAN_POINT('',(-3.9,12.8,3.));
#11708 = LINE('',#11709,#11710);
#11709 = CARTESIAN_POINT('',(-3.9,12.8,3.));
#11710 = VECTOR('',#11711,1.);
#11711 = DIRECTION('',(0.707106781187,0.,0.707106781187));
#11712 = ORIENTED_EDGE('',*,*,#11713,.F.);
#11713 = EDGE_CURVE('',#11714,#11706,#11716,.T.);
#11714 = VERTEX_POINT('',#11715);
#11715 = CARTESIAN_POINT('',(-3.9,12.8,0.3));
#11716 = LINE('',#11717,#11718);
#11717 = CARTESIAN_POINT('',(-3.9,12.8,0.3));
#11718 = VECTOR('',#11719,1.);
#11719 = DIRECTION('',(0.,0.,1.));
#11720 = ORIENTED_EDGE('',*,*,#11721,.F.);
#11721 = EDGE_CURVE('',#11722,#11714,#11724,.T.);
#11722 = VERTEX_POINT('',#11723);
#11723 = CARTESIAN_POINT('',(-0.3,12.8,0.3));
#11724 = LINE('',#11725,#11726);
#11725 = CARTESIAN_POINT('',(-0.3,12.8,0.3));
#11726 = VECTOR('',#11727,1.);
#11727 = DIRECTION('',(-1.,0.,0.));
#11728 = ORIENTED_EDGE('',*,*,#11729,.F.);
#11729 = EDGE_CURVE('',#11690,#11722,#11730,.T.);
#11730 = LINE('',#11731,#11732);
#11731 = CARTESIAN_POINT('',(-0.3,12.8,3.));
#11732 = VECTOR('',#11733,1.);
#11733 = DIRECTION('',(0.,0.,-1.));
#11734 = FACE_BOUND('',#11735,.T.);
#11735 = EDGE_LOOP('',(#11736,#11746,#11754,#11762));
#11736 = ORIENTED_EDGE('',*,*,#11737,.F.);
#11737 = EDGE_CURVE('',#11738,#11740,#11742,.T.);
#11738 = VERTEX_POINT('',#11739);
#11739 = CARTESIAN_POINT('',(-3.9,12.8,-0.3));
#11740 = VERTEX_POINT('',#11741);
#11741 = CARTESIAN_POINT('',(-0.3,12.8,-0.3));
#11742 = LINE('',#11743,#11744);
#11743 = CARTESIAN_POINT('',(-3.9,12.8,-0.3));
#11744 = VECTOR('',#11745,1.);
#11745 = DIRECTION('',(1.,0.,0.));
#11746 = ORIENTED_EDGE('',*,*,#11747,.F.);
#11747 = EDGE_CURVE('',#11748,#11738,#11750,.T.);
#11748 = VERTEX_POINT('',#11749);
#11749 = CARTESIAN_POINT('',(-3.9,12.8,-3.9));
#11750 = LINE('',#11751,#11752);
#11751 = CARTESIAN_POINT('',(-3.9,12.8,-3.9));
#11752 = VECTOR('',#11753,1.);
#11753 = DIRECTION('',(0.,0.,1.));
#11754 = ORIENTED_EDGE('',*,*,#11755,.F.);
#11755 = EDGE_CURVE('',#11756,#11748,#11758,.T.);
#11756 = VERTEX_POINT('',#11757);
#11757 = CARTESIAN_POINT('',(-0.3,12.8,-3.9));
#11758 = LINE('',#11759,#11760);
#11759 = CARTESIAN_POINT('',(-0.3,12.8,-3.9));
#11760 = VECTOR('',#11761,1.);
#11761 = DIRECTION('',(-1.,0.,0.));
#11762 = ORIENTED_EDGE('',*,*,#11763,.F.);
#11763 = EDGE_CURVE('',#11740,#11756,#11764,.T.);
#11764 = LINE('',#11765,#11766);
#11765 = CARTESIAN_POINT('',(-0.3,12.8,-0.3));
#11766 = VECTOR('',#11767,1.);
#11767 = DIRECTION('',(0.,0.,-1.));
#11768 = PLANE('',#11769);
#11769 = AXIS2_PLACEMENT_3D('',#11770,#11771,#11772);
#11770 = CARTESIAN_POINT('',(-4.8,12.8,-4.8));
#11771 = DIRECTION('',(-0.,1.,0.));
#11772 = DIRECTION('',(1.,0.,0.));
#11773 = ADVANCED_FACE('',(#11774),#11799,.T.);
#11774 = FACE_BOUND('',#11775,.T.);
#11775 = EDGE_LOOP('',(#11776,#11784,#11792,#11798));
#11776 = ORIENTED_EDGE('',*,*,#11777,.F.);
#11777 = EDGE_CURVE('',#11778,#10854,#11780,.T.);
#11778 = VERTEX_POINT('',#11779);
#11779 = CARTESIAN_POINT('',(1.7,10.45,-6.2));
#11780 = LINE('',#11781,#11782);
#11781 = CARTESIAN_POINT('',(1.7,10.45,-6.2));
#11782 = VECTOR('',#11783,1.);
#11783 = DIRECTION('',(0.,0.859101543909,0.511805175095));
#11784 = ORIENTED_EDGE('',*,*,#11785,.F.);
#11785 = EDGE_CURVE('',#11786,#11778,#11788,.T.);
#11786 = VERTEX_POINT('',#11787);
#11787 = CARTESIAN_POINT('',(-1.7,10.45,-6.2));
#11788 = LINE('',#11789,#11790);
#11789 = CARTESIAN_POINT('',(-1.7,10.45,-6.2));
#11790 = VECTOR('',#11791,1.);
#11791 = DIRECTION('',(1.,0.,0.));
#11792 = ORIENTED_EDGE('',*,*,#11793,.T.);
#11793 = EDGE_CURVE('',#11786,#10830,#11794,.T.);
#11794 = LINE('',#11795,#11796);
#11795 = CARTESIAN_POINT('',(-1.7,10.45,-6.2));
#11796 = VECTOR('',#11797,1.);
#11797 = DIRECTION('',(0.,0.859101543909,0.511805175095));
#11798 = ORIENTED_EDGE('',*,*,#11595,.T.);
#11799 = PLANE('',#11800);
#11800 = AXIS2_PLACEMENT_3D('',#11801,#11802,#11803);
#11801 = CARTESIAN_POINT('',(-1.7,10.45,-6.2));
#11802 = DIRECTION('',(0.,0.511805175095,-0.859101543909));
#11803 = DIRECTION('',(-1.,0.,0.));
#11804 = ADVANCED_FACE('',(#11805),#11823,.F.);
#11805 = FACE_BOUND('',#11806,.T.);
#11806 = EDGE_LOOP('',(#11807,#11808,#11816,#11822));
#11807 = ORIENTED_EDGE('',*,*,#11793,.F.);
#11808 = ORIENTED_EDGE('',*,*,#11809,.F.);
#11809 = EDGE_CURVE('',#11810,#11786,#11812,.T.);
#11810 = VERTEX_POINT('',#11811);
#11811 = CARTESIAN_POINT('',(-1.7,9.75,-6.2));
#11812 = LINE('',#11813,#11814);
#11813 = CARTESIAN_POINT('',(-1.7,9.75,-6.2));
#11814 = VECTOR('',#11815,1.);
#11815 = DIRECTION('',(0.,1.,0.));
#11816 = ORIENTED_EDGE('',*,*,#11817,.F.);
#11817 = EDGE_CURVE('',#10838,#11810,#11818,.T.);
#11818 = LINE('',#11819,#11820);
#11819 = CARTESIAN_POINT('',(-1.7,9.75,-4.8));
#11820 = VECTOR('',#11821,1.);
#11821 = DIRECTION('',(0.,0.,-1.));
#11822 = ORIENTED_EDGE('',*,*,#10837,.F.);
#11823 = PLANE('',#11824);
#11824 = AXIS2_PLACEMENT_3D('',#11825,#11826,#11827);
#11825 = CARTESIAN_POINT('',(-1.7,0.,0.));
#11826 = DIRECTION('',(1.,0.,0.));
#11827 = DIRECTION('',(-0.,1.,0.));
#11828 = ADVANCED_FACE('',(#11829),#11847,.T.);
#11829 = FACE_BOUND('',#11830,.T.);
#11830 = EDGE_LOOP('',(#11831,#11832,#11840,#11846));
#11831 = ORIENTED_EDGE('',*,*,#11817,.T.);
#11832 = ORIENTED_EDGE('',*,*,#11833,.T.);
#11833 = EDGE_CURVE('',#11810,#11834,#11836,.T.);
#11834 = VERTEX_POINT('',#11835);
#11835 = CARTESIAN_POINT('',(1.7,9.75,-6.2));
#11836 = LINE('',#11837,#11838);
#11837 = CARTESIAN_POINT('',(-1.7,9.75,-6.2));
#11838 = VECTOR('',#11839,1.);
#11839 = DIRECTION('',(1.,0.,0.));
#11840 = ORIENTED_EDGE('',*,*,#11841,.F.);
#11841 = EDGE_CURVE('',#10846,#11834,#11842,.T.);
#11842 = LINE('',#11843,#11844);
#11843 = CARTESIAN_POINT('',(1.7,9.75,-4.8));
#11844 = VECTOR('',#11845,1.);
#11845 = DIRECTION('',(0.,0.,-1.));
#11846 = ORIENTED_EDGE('',*,*,#10845,.F.);
#11847 = PLANE('',#11848);
#11848 = AXIS2_PLACEMENT_3D('',#11849,#11850,#11851);
#11849 = CARTESIAN_POINT('',(-1.7,9.75,-4.8));
#11850 = DIRECTION('',(0.,-1.,0.));
#11851 = DIRECTION('',(0.,0.,-1.));
#11852 = ADVANCED_FACE('',(#11853),#11864,.T.);
#11853 = FACE_BOUND('',#11854,.T.);
#11854 = EDGE_LOOP('',(#11855,#11856,#11862,#11863));
#11855 = ORIENTED_EDGE('',*,*,#11841,.T.);
#11856 = ORIENTED_EDGE('',*,*,#11857,.T.);
#11857 = EDGE_CURVE('',#11834,#11778,#11858,.T.);
#11858 = LINE('',#11859,#11860);
#11859 = CARTESIAN_POINT('',(1.7,9.75,-6.2));
#11860 = VECTOR('',#11861,1.);
#11861 = DIRECTION('',(0.,1.,0.));
#11862 = ORIENTED_EDGE('',*,*,#11777,.T.);
#11863 = ORIENTED_EDGE('',*,*,#10853,.T.);
#11864 = PLANE('',#11865);
#11865 = AXIS2_PLACEMENT_3D('',#11866,#11867,#11868);
#11866 = CARTESIAN_POINT('',(1.7,0.,0.));
#11867 = DIRECTION('',(1.,0.,0.));
#11868 = DIRECTION('',(-0.,1.,0.));
#11869 = ADVANCED_FACE('',(#11870),#11876,.T.);
#11870 = FACE_BOUND('',#11871,.T.);
#11871 = EDGE_LOOP('',(#11872,#11873,#11874,#11875));
#11872 = ORIENTED_EDGE('',*,*,#11785,.T.);
#11873 = ORIENTED_EDGE('',*,*,#11857,.F.);
#11874 = ORIENTED_EDGE('',*,*,#11833,.F.);
#11875 = ORIENTED_EDGE('',*,*,#11809,.T.);
#11876 = PLANE('',#11877);
#11877 = AXIS2_PLACEMENT_3D('',#11878,#11879,#11880);
#11878 = CARTESIAN_POINT('',(-1.7,9.75,-6.2));
#11879 = DIRECTION('',(0.,0.,-1.));
#11880 = DIRECTION('',(0.,-1.,0.));
#11881 = ADVANCED_FACE('',(#11882),#11916,.T.);
#11882 = FACE_BOUND('',#11883,.T.);
#11883 = EDGE_LOOP('',(#11884,#11890,#11891,#11897,#11898,#11904,#11905,
    #11906,#11907,#11908,#11909,#11915));
#11884 = ORIENTED_EDGE('',*,*,#11885,.F.);
#11885 = EDGE_CURVE('',#11228,#11046,#11886,.T.);
#11886 = LINE('',#11887,#11888);
#11887 = CARTESIAN_POINT('',(-1.1,0.,4.8));
#11888 = VECTOR('',#11889,1.);
#11889 = DIRECTION('',(0.,1.,0.));
#11890 = ORIENTED_EDGE('',*,*,#11227,.T.);
#11891 = ORIENTED_EDGE('',*,*,#11892,.T.);
#11892 = EDGE_CURVE('',#11220,#10739,#11893,.T.);
#11893 = LINE('',#11894,#11895);
#11894 = CARTESIAN_POINT('',(1.1,0.,4.8));
#11895 = VECTOR('',#11896,1.);
#11896 = DIRECTION('',(0.,1.,0.));
#11897 = ORIENTED_EDGE('',*,*,#10764,.T.);
#11898 = ORIENTED_EDGE('',*,*,#11899,.F.);
#11899 = EDGE_CURVE('',#11157,#10757,#11900,.T.);
#11900 = LINE('',#11901,#11902);
#11901 = CARTESIAN_POINT('',(3.1,0.,4.8));
#11902 = VECTOR('',#11903,1.);
#11903 = DIRECTION('',(0.,1.,0.));
#11904 = ORIENTED_EDGE('',*,*,#11173,.T.);
#11905 = ORIENTED_EDGE('',*,*,#11537,.F.);
#11906 = ORIENTED_EDGE('',*,*,#11584,.F.);
#11907 = ORIENTED_EDGE('',*,*,#9983,.T.);
#11908 = ORIENTED_EDGE('',*,*,#11249,.T.);
#11909 = ORIENTED_EDGE('',*,*,#11910,.T.);
#11910 = EDGE_CURVE('',#11250,#11028,#11911,.T.);
#11911 = LINE('',#11912,#11913);
#11912 = CARTESIAN_POINT('',(-3.1,0.,4.8));
#11913 = VECTOR('',#11914,1.);
#11914 = DIRECTION('',(0.,1.,0.));
#11915 = ORIENTED_EDGE('',*,*,#11053,.T.);
#11916 = PLANE('',#11917);
#11917 = AXIS2_PLACEMENT_3D('',#11918,#11919,#11920);
#11918 = CARTESIAN_POINT('',(-4.8,12.8,4.8));
#11919 = DIRECTION('',(0.,0.,1.));
#11920 = DIRECTION('',(1.,0.,-0.));
#11921 = ADVANCED_FACE('',(#11922),#11928,.F.);
#11922 = FACE_BOUND('',#11923,.T.);
#11923 = EDGE_LOOP('',(#11924,#11925,#11926,#11927));
#11924 = ORIENTED_EDGE('',*,*,#10618,.T.);
#11925 = ORIENTED_EDGE('',*,*,#11027,.F.);
#11926 = ORIENTED_EDGE('',*,*,#11910,.F.);
#11927 = ORIENTED_EDGE('',*,*,#11259,.T.);
#11928 = PLANE('',#11929);
#11929 = AXIS2_PLACEMENT_3D('',#11930,#11931,#11932);
#11930 = CARTESIAN_POINT('',(-3.1,0.,4.8));
#11931 = DIRECTION('',(-1.,0.,0.));
#11932 = DIRECTION('',(0.,0.,1.));
#11933 = ADVANCED_FACE('',(#11934),#11940,.F.);
#11934 = FACE_BOUND('',#11935,.T.);
#11935 = EDGE_LOOP('',(#11936,#11937,#11938,#11939));
#11936 = ORIENTED_EDGE('',*,*,#11899,.T.);
#11937 = ORIENTED_EDGE('',*,*,#10756,.F.);
#11938 = ORIENTED_EDGE('',*,*,#10512,.T.);
#11939 = ORIENTED_EDGE('',*,*,#11156,.F.);
#11940 = PLANE('',#11941);
#11941 = AXIS2_PLACEMENT_3D('',#11942,#11943,#11944);
#11942 = CARTESIAN_POINT('',(3.1,0.,3.8));
#11943 = DIRECTION('',(1.,0.,0.));
#11944 = DIRECTION('',(-0.,1.,0.));
#11945 = ADVANCED_FACE('',(#11946),#11952,.F.);
#11946 = FACE_BOUND('',#11947,.T.);
#11947 = EDGE_LOOP('',(#11948,#11949,#11950,#11951));
#11948 = ORIENTED_EDGE('',*,*,#10552,.T.);
#11949 = ORIENTED_EDGE('',*,*,#10738,.F.);
#11950 = ORIENTED_EDGE('',*,*,#11892,.F.);
#11951 = ORIENTED_EDGE('',*,*,#11219,.T.);
#11952 = PLANE('',#11953);
#11953 = AXIS2_PLACEMENT_3D('',#11954,#11955,#11956);
#11954 = CARTESIAN_POINT('',(1.1,0.,4.8));
#11955 = DIRECTION('',(-1.,0.,0.));
#11956 = DIRECTION('',(0.,0.,1.));
#11957 = ADVANCED_FACE('',(#11958),#11964,.F.);
#11958 = FACE_BOUND('',#11959,.T.);
#11959 = EDGE_LOOP('',(#11960,#11961,#11962,#11963));
#11960 = ORIENTED_EDGE('',*,*,#11885,.T.);
#11961 = ORIENTED_EDGE('',*,*,#11045,.F.);
#11962 = ORIENTED_EDGE('',*,*,#10568,.T.);
#11963 = ORIENTED_EDGE('',*,*,#11235,.F.);
#11964 = PLANE('',#11965);
#11965 = AXIS2_PLACEMENT_3D('',#11966,#11967,#11968);
#11966 = CARTESIAN_POINT('',(-1.1,0.,3.8));
#11967 = DIRECTION('',(1.,0.,0.));
#11968 = DIRECTION('',(-0.,1.,0.));
#11969 = ADVANCED_FACE('',(#11970),#11976,.T.);
#11970 = FACE_BOUND('',#11971,.T.);
#11971 = EDGE_LOOP('',(#11972,#11973,#11974,#11975));
#11972 = ORIENTED_EDGE('',*,*,#11575,.T.);
#11973 = ORIENTED_EDGE('',*,*,#10055,.F.);
#11974 = ORIENTED_EDGE('',*,*,#10270,.F.);
#11975 = ORIENTED_EDGE('',*,*,#10108,.F.);
#11976 = PLANE('',#11977);
#11977 = AXIS2_PLACEMENT_3D('',#11978,#11979,#11980);
#11978 = CARTESIAN_POINT('',(-5.2,12.8,-2.99));
#11979 = DIRECTION('',(-0.707106781187,0.,-0.707106781187));
#11980 = DIRECTION('',(-0.707106781187,0.,0.707106781187));
#11981 = ADVANCED_FACE('',(#11982),#12007,.F.);
#11982 = FACE_BOUND('',#11983,.T.);
#11983 = EDGE_LOOP('',(#11984,#11992,#12000,#12006));
#11984 = ORIENTED_EDGE('',*,*,#11985,.T.);
#11985 = EDGE_CURVE('',#11622,#11986,#11988,.T.);
#11986 = VERTEX_POINT('',#11987);
#11987 = CARTESIAN_POINT('',(3.9,3.7,0.3));
#11988 = LINE('',#11989,#11990);
#11989 = CARTESIAN_POINT('',(3.9,12.8,0.3));
#11990 = VECTOR('',#11991,1.);
#11991 = DIRECTION('',(0.,-1.,0.));
#11992 = ORIENTED_EDGE('',*,*,#11993,.F.);
#11993 = EDGE_CURVE('',#11994,#11986,#11996,.T.);
#11994 = VERTEX_POINT('',#11995);
#11995 = CARTESIAN_POINT('',(3.9,3.7,3.9));
#11996 = LINE('',#11997,#11998);
#11997 = CARTESIAN_POINT('',(3.9,3.7,3.9));
#11998 = VECTOR('',#11999,1.);
#11999 = DIRECTION('',(0.,0.,-1.));
#12000 = ORIENTED_EDGE('',*,*,#12001,.F.);
#12001 = EDGE_CURVE('',#11606,#11994,#12002,.T.);
#12002 = LINE('',#12003,#12004);
#12003 = CARTESIAN_POINT('',(3.9,12.8,3.9));
#12004 = VECTOR('',#12005,1.);
#12005 = DIRECTION('',(0.,-1.,0.));
#12006 = ORIENTED_EDGE('',*,*,#11629,.T.);
#12007 = PLANE('',#12008);
#12008 = AXIS2_PLACEMENT_3D('',#12009,#12010,#12011);
#12009 = CARTESIAN_POINT('',(3.9,12.8,3.9));
#12010 = DIRECTION('',(1.,0.,0.));
#12011 = DIRECTION('',(-0.,1.,0.));
#12012 = ADVANCED_FACE('',(#12013),#12031,.F.);
#12013 = FACE_BOUND('',#12014,.T.);
#12014 = EDGE_LOOP('',(#12015,#12016,#12024,#12030));
#12015 = ORIENTED_EDGE('',*,*,#12001,.T.);
#12016 = ORIENTED_EDGE('',*,*,#12017,.F.);
#12017 = EDGE_CURVE('',#12018,#11994,#12020,.T.);
#12018 = VERTEX_POINT('',#12019);
#12019 = CARTESIAN_POINT('',(0.3,3.7,3.9));
#12020 = LINE('',#12021,#12022);
#12021 = CARTESIAN_POINT('',(0.3,3.7,3.9));
#12022 = VECTOR('',#12023,1.);
#12023 = DIRECTION('',(1.,0.,0.));
#12024 = ORIENTED_EDGE('',*,*,#12025,.F.);
#12025 = EDGE_CURVE('',#11604,#12018,#12026,.T.);
#12026 = LINE('',#12027,#12028);
#12027 = CARTESIAN_POINT('',(0.3,12.8,3.9));
#12028 = VECTOR('',#12029,1.);
#12029 = DIRECTION('',(0.,-1.,0.));
#12030 = ORIENTED_EDGE('',*,*,#11603,.T.);
#12031 = PLANE('',#12032);
#12032 = AXIS2_PLACEMENT_3D('',#12033,#12034,#12035);
#12033 = CARTESIAN_POINT('',(0.3,12.8,3.9));
#12034 = DIRECTION('',(0.,0.,1.));
#12035 = DIRECTION('',(1.,0.,-0.));
#12036 = ADVANCED_FACE('',(#12037),#12055,.F.);
#12037 = FACE_BOUND('',#12038,.T.);
#12038 = EDGE_LOOP('',(#12039,#12040,#12048,#12054));
#12039 = ORIENTED_EDGE('',*,*,#12025,.T.);
#12040 = ORIENTED_EDGE('',*,*,#12041,.F.);
#12041 = EDGE_CURVE('',#12042,#12018,#12044,.T.);
#12042 = VERTEX_POINT('',#12043);
#12043 = CARTESIAN_POINT('',(0.3,3.7,0.3));
#12044 = LINE('',#12045,#12046);
#12045 = CARTESIAN_POINT('',(0.3,3.7,0.3));
#12046 = VECTOR('',#12047,1.);
#12047 = DIRECTION('',(0.,0.,1.));
#12048 = ORIENTED_EDGE('',*,*,#12049,.F.);
#12049 = EDGE_CURVE('',#11614,#12042,#12050,.T.);
#12050 = LINE('',#12051,#12052);
#12051 = CARTESIAN_POINT('',(0.3,12.8,0.3));
#12052 = VECTOR('',#12053,1.);
#12053 = DIRECTION('',(0.,-1.,0.));
#12054 = ORIENTED_EDGE('',*,*,#11613,.T.);
#12055 = PLANE('',#12056);
#12056 = AXIS2_PLACEMENT_3D('',#12057,#12058,#12059);
#12057 = CARTESIAN_POINT('',(0.3,12.8,0.3));
#12058 = DIRECTION('',(-1.,0.,0.));
#12059 = DIRECTION('',(0.,0.,1.));
#12060 = ADVANCED_FACE('',(#12061),#12072,.F.);
#12061 = FACE_BOUND('',#12062,.T.);
#12062 = EDGE_LOOP('',(#12063,#12064,#12070,#12071));
#12063 = ORIENTED_EDGE('',*,*,#12049,.T.);
#12064 = ORIENTED_EDGE('',*,*,#12065,.F.);
#12065 = EDGE_CURVE('',#11986,#12042,#12066,.T.);
#12066 = LINE('',#12067,#12068);
#12067 = CARTESIAN_POINT('',(3.9,3.7,0.3));
#12068 = VECTOR('',#12069,1.);
#12069 = DIRECTION('',(-1.,0.,0.));
#12070 = ORIENTED_EDGE('',*,*,#11985,.F.);
#12071 = ORIENTED_EDGE('',*,*,#11621,.T.);
#12072 = PLANE('',#12073);
#12073 = AXIS2_PLACEMENT_3D('',#12074,#12075,#12076);
#12074 = CARTESIAN_POINT('',(3.9,12.8,0.3));
#12075 = DIRECTION('',(0.,0.,-1.));
#12076 = DIRECTION('',(0.,-1.,0.));
#12077 = ADVANCED_FACE('',(#12078,#12084),#12118,.T.);
#12078 = FACE_BOUND('',#12079,.T.);
#12079 = EDGE_LOOP('',(#12080,#12081,#12082,#12083));
#12080 = ORIENTED_EDGE('',*,*,#12065,.T.);
#12081 = ORIENTED_EDGE('',*,*,#12041,.T.);
#12082 = ORIENTED_EDGE('',*,*,#12017,.T.);
#12083 = ORIENTED_EDGE('',*,*,#11993,.T.);
#12084 = FACE_BOUND('',#12085,.T.);
#12085 = EDGE_LOOP('',(#12086,#12096,#12104,#12112));
#12086 = ORIENTED_EDGE('',*,*,#12087,.T.);
#12087 = EDGE_CURVE('',#12088,#12090,#12092,.T.);
#12088 = VERTEX_POINT('',#12089);
#12089 = CARTESIAN_POINT('',(2.67,3.7,2.85));
#12090 = VERTEX_POINT('',#12091);
#12091 = CARTESIAN_POINT('',(1.53,3.7,2.85));
#12092 = LINE('',#12093,#12094);
#12093 = CARTESIAN_POINT('',(2.67,3.7,2.85));
#12094 = VECTOR('',#12095,1.);
#12095 = DIRECTION('',(-1.,0.,0.));
#12096 = ORIENTED_EDGE('',*,*,#12097,.F.);
#12097 = EDGE_CURVE('',#12098,#12090,#12100,.T.);
#12098 = VERTEX_POINT('',#12099);
#12099 = CARTESIAN_POINT('',(1.53,3.7,1.31));
#12100 = LINE('',#12101,#12102);
#12101 = CARTESIAN_POINT('',(1.53,3.7,1.31));
#12102 = VECTOR('',#12103,1.);
#12103 = DIRECTION('',(0.,0.,1.));
#12104 = ORIENTED_EDGE('',*,*,#12105,.F.);
#12105 = EDGE_CURVE('',#12106,#12098,#12108,.T.);
#12106 = VERTEX_POINT('',#12107);
#12107 = CARTESIAN_POINT('',(2.67,3.7,1.31));
#12108 = LINE('',#12109,#12110);
#12109 = CARTESIAN_POINT('',(2.67,3.7,1.31));
#12110 = VECTOR('',#12111,1.);
#12111 = DIRECTION('',(-1.,0.,0.));
#12112 = ORIENTED_EDGE('',*,*,#12113,.T.);
#12113 = EDGE_CURVE('',#12106,#12088,#12114,.T.);
#12114 = LINE('',#12115,#12116);
#12115 = CARTESIAN_POINT('',(2.67,3.7,1.31));
#12116 = VECTOR('',#12117,1.);
#12117 = DIRECTION('',(0.,0.,1.));
#12118 = PLANE('',#12119);
#12119 = AXIS2_PLACEMENT_3D('',#12120,#12121,#12122);
#12120 = CARTESIAN_POINT('',(-4.8,3.7,-4.8));
#12121 = DIRECTION('',(-0.,1.,0.));
#12122 = DIRECTION('',(1.,0.,0.));
#12123 = ADVANCED_FACE('',(#12124,#12174),#12208,.T.);
#12124 = FACE_BOUND('',#12125,.T.);
#12125 = EDGE_LOOP('',(#12126,#12136,#12144,#12152,#12160,#12168));
#12126 = ORIENTED_EDGE('',*,*,#12127,.T.);
#12127 = EDGE_CURVE('',#12128,#12130,#12132,.T.);
#12128 = VERTEX_POINT('',#12129);
#12129 = CARTESIAN_POINT('',(3.9,3.7,-3.9));
#12130 = VERTEX_POINT('',#12131);
#12131 = CARTESIAN_POINT('',(0.3,3.7,-3.9));
#12132 = LINE('',#12133,#12134);
#12133 = CARTESIAN_POINT('',(3.9,3.7,-3.9));
#12134 = VECTOR('',#12135,1.);
#12135 = DIRECTION('',(-1.,0.,0.));
#12136 = ORIENTED_EDGE('',*,*,#12137,.T.);
#12137 = EDGE_CURVE('',#12130,#12138,#12140,.T.);
#12138 = VERTEX_POINT('',#12139);
#12139 = CARTESIAN_POINT('',(0.3,3.7,-1.2));
#12140 = LINE('',#12141,#12142);
#12141 = CARTESIAN_POINT('',(0.3,3.7,-3.9));
#12142 = VECTOR('',#12143,1.);
#12143 = DIRECTION('',(0.,0.,1.));
#12144 = ORIENTED_EDGE('',*,*,#12145,.T.);
#12145 = EDGE_CURVE('',#12138,#12146,#12148,.T.);
#12146 = VERTEX_POINT('',#12147);
#12147 = CARTESIAN_POINT('',(1.2,3.7,-0.3));
#12148 = LINE('',#12149,#12150);
#12149 = CARTESIAN_POINT('',(0.3,3.7,-1.2));
#12150 = VECTOR('',#12151,1.);
#12151 = DIRECTION('',(0.707106781187,0.,0.707106781187));
#12152 = ORIENTED_EDGE('',*,*,#12153,.T.);
#12153 = EDGE_CURVE('',#12146,#12154,#12156,.T.);
#12154 = VERTEX_POINT('',#12155);
#12155 = CARTESIAN_POINT('',(3.,3.7,-0.3));
#12156 = LINE('',#12157,#12158);
#12157 = CARTESIAN_POINT('',(1.2,3.7,-0.3));
#12158 = VECTOR('',#12159,1.);
#12159 = DIRECTION('',(1.,0.,0.));
#12160 = ORIENTED_EDGE('',*,*,#12161,.T.);
#12161 = EDGE_CURVE('',#12154,#12162,#12164,.T.);
#12162 = VERTEX_POINT('',#12163);
#12163 = CARTESIAN_POINT('',(3.9,3.7,-1.2));
#12164 = LINE('',#12165,#12166);
#12165 = CARTESIAN_POINT('',(3.,3.7,-0.3));
#12166 = VECTOR('',#12167,1.);
#12167 = DIRECTION('',(0.707106781187,0.,-0.707106781187));
#12168 = ORIENTED_EDGE('',*,*,#12169,.T.);
#12169 = EDGE_CURVE('',#12162,#12128,#12170,.T.);
#12170 = LINE('',#12171,#12172);
#12171 = CARTESIAN_POINT('',(3.9,3.7,-1.2));
#12172 = VECTOR('',#12173,1.);
#12173 = DIRECTION('',(0.,0.,-1.));
#12174 = FACE_BOUND('',#12175,.T.);
#12175 = EDGE_LOOP('',(#12176,#12186,#12194,#12202));
#12176 = ORIENTED_EDGE('',*,*,#12177,.T.);
#12177 = EDGE_CURVE('',#12178,#12180,#12182,.T.);
#12178 = VERTEX_POINT('',#12179);
#12179 = CARTESIAN_POINT('',(2.67,3.7,-1.71));
#12180 = VERTEX_POINT('',#12181);
#12181 = CARTESIAN_POINT('',(1.53,3.7,-1.71));
#12182 = LINE('',#12183,#12184);
#12183 = CARTESIAN_POINT('',(2.67,3.7,-1.71));
#12184 = VECTOR('',#12185,1.);
#12185 = DIRECTION('',(-1.,0.,0.));
#12186 = ORIENTED_EDGE('',*,*,#12187,.F.);
#12187 = EDGE_CURVE('',#12188,#12180,#12190,.T.);
#12188 = VERTEX_POINT('',#12189);
#12189 = CARTESIAN_POINT('',(1.53,3.7,-3.25));
#12190 = LINE('',#12191,#12192);
#12191 = CARTESIAN_POINT('',(1.53,3.7,-3.25));
#12192 = VECTOR('',#12193,1.);
#12193 = DIRECTION('',(0.,0.,1.));
#12194 = ORIENTED_EDGE('',*,*,#12195,.F.);
#12195 = EDGE_CURVE('',#12196,#12188,#12198,.T.);
#12196 = VERTEX_POINT('',#12197);
#12197 = CARTESIAN_POINT('',(2.67,3.7,-3.25));
#12198 = LINE('',#12199,#12200);
#12199 = CARTESIAN_POINT('',(2.67,3.7,-3.25));
#12200 = VECTOR('',#12201,1.);
#12201 = DIRECTION('',(-1.,0.,0.));
#12202 = ORIENTED_EDGE('',*,*,#12203,.T.);
#12203 = EDGE_CURVE('',#12196,#12178,#12204,.T.);
#12204 = LINE('',#12205,#12206);
#12205 = CARTESIAN_POINT('',(2.67,3.7,-3.25));
#12206 = VECTOR('',#12207,1.);
#12207 = DIRECTION('',(0.,0.,1.));
#12208 = PLANE('',#12209);
#12209 = AXIS2_PLACEMENT_3D('',#12210,#12211,#12212);
#12210 = CARTESIAN_POINT('',(-4.8,3.7,-4.8));
#12211 = DIRECTION('',(-0.,1.,0.));
#12212 = DIRECTION('',(1.,0.,0.));
#12213 = ADVANCED_FACE('',(#12214),#12230,.F.);
#12214 = FACE_BOUND('',#12215,.T.);
#12215 = EDGE_LOOP('',(#12216,#12222,#12223,#12229));
#12216 = ORIENTED_EDGE('',*,*,#12217,.T.);
#12217 = EDGE_CURVE('',#11672,#12128,#12218,.T.);
#12218 = LINE('',#12219,#12220);
#12219 = CARTESIAN_POINT('',(3.9,12.8,-3.9));
#12220 = VECTOR('',#12221,1.);
#12221 = DIRECTION('',(0.,-1.,0.));
#12222 = ORIENTED_EDGE('',*,*,#12169,.F.);
#12223 = ORIENTED_EDGE('',*,*,#12224,.F.);
#12224 = EDGE_CURVE('',#11640,#12162,#12225,.T.);
#12225 = LINE('',#12226,#12227);
#12226 = CARTESIAN_POINT('',(3.9,12.8,-1.2));
#12227 = VECTOR('',#12228,1.);
#12228 = DIRECTION('',(0.,-1.,0.));
#12229 = ORIENTED_EDGE('',*,*,#11679,.T.);
#12230 = PLANE('',#12231);
#12231 = AXIS2_PLACEMENT_3D('',#12232,#12233,#12234);
#12232 = CARTESIAN_POINT('',(3.9,12.8,-1.2));
#12233 = DIRECTION('',(1.,0.,0.));
#12234 = DIRECTION('',(-0.,1.,0.));
#12235 = ADVANCED_FACE('',(#12236),#12247,.F.);
#12236 = FACE_BOUND('',#12237,.T.);
#12237 = EDGE_LOOP('',(#12238,#12239,#12240,#12246));
#12238 = ORIENTED_EDGE('',*,*,#12224,.T.);
#12239 = ORIENTED_EDGE('',*,*,#12161,.F.);
#12240 = ORIENTED_EDGE('',*,*,#12241,.F.);
#12241 = EDGE_CURVE('',#11638,#12154,#12242,.T.);
#12242 = LINE('',#12243,#12244);
#12243 = CARTESIAN_POINT('',(3.,12.8,-0.3));
#12244 = VECTOR('',#12245,1.);
#12245 = DIRECTION('',(0.,-1.,0.));
#12246 = ORIENTED_EDGE('',*,*,#11637,.T.);
#12247 = PLANE('',#12248);
#12248 = AXIS2_PLACEMENT_3D('',#12249,#12250,#12251);
#12249 = CARTESIAN_POINT('',(3.,12.8,-0.3));
#12250 = DIRECTION('',(0.707106781187,0.,0.707106781187));
#12251 = DIRECTION('',(0.,-1.,0.));
#12252 = ADVANCED_FACE('',(#12253),#12264,.F.);
#12253 = FACE_BOUND('',#12254,.T.);
#12254 = EDGE_LOOP('',(#12255,#12256,#12257,#12263));
#12255 = ORIENTED_EDGE('',*,*,#12241,.T.);
#12256 = ORIENTED_EDGE('',*,*,#12153,.F.);
#12257 = ORIENTED_EDGE('',*,*,#12258,.F.);
#12258 = EDGE_CURVE('',#11648,#12146,#12259,.T.);
#12259 = LINE('',#12260,#12261);
#12260 = CARTESIAN_POINT('',(1.2,12.8,-0.3));
#12261 = VECTOR('',#12262,1.);
#12262 = DIRECTION('',(0.,-1.,0.));
#12263 = ORIENTED_EDGE('',*,*,#11647,.T.);
#12264 = PLANE('',#12265);
#12265 = AXIS2_PLACEMENT_3D('',#12266,#12267,#12268);
#12266 = CARTESIAN_POINT('',(1.2,12.8,-0.3));
#12267 = DIRECTION('',(0.,0.,1.));
#12268 = DIRECTION('',(1.,0.,-0.));
#12269 = ADVANCED_FACE('',(#12270),#12281,.F.);
#12270 = FACE_BOUND('',#12271,.T.);
#12271 = EDGE_LOOP('',(#12272,#12273,#12274,#12280));
#12272 = ORIENTED_EDGE('',*,*,#12258,.T.);
#12273 = ORIENTED_EDGE('',*,*,#12145,.F.);
#12274 = ORIENTED_EDGE('',*,*,#12275,.F.);
#12275 = EDGE_CURVE('',#11656,#12138,#12276,.T.);
#12276 = LINE('',#12277,#12278);
#12277 = CARTESIAN_POINT('',(0.3,12.8,-1.2));
#12278 = VECTOR('',#12279,1.);
#12279 = DIRECTION('',(0.,-1.,0.));
#12280 = ORIENTED_EDGE('',*,*,#11655,.T.);
#12281 = PLANE('',#12282);
#12282 = AXIS2_PLACEMENT_3D('',#12283,#12284,#12285);
#12283 = CARTESIAN_POINT('',(0.3,12.8,-1.2));
#12284 = DIRECTION('',(-0.707106781187,0.,0.707106781187));
#12285 = DIRECTION('',(0.,1.,0.));
#12286 = ADVANCED_FACE('',(#12287),#12298,.F.);
#12287 = FACE_BOUND('',#12288,.T.);
#12288 = EDGE_LOOP('',(#12289,#12290,#12291,#12297));
#12289 = ORIENTED_EDGE('',*,*,#12275,.T.);
#12290 = ORIENTED_EDGE('',*,*,#12137,.F.);
#12291 = ORIENTED_EDGE('',*,*,#12292,.F.);
#12292 = EDGE_CURVE('',#11664,#12130,#12293,.T.);
#12293 = LINE('',#12294,#12295);
#12294 = CARTESIAN_POINT('',(0.3,12.8,-3.9));
#12295 = VECTOR('',#12296,1.);
#12296 = DIRECTION('',(0.,-1.,0.));
#12297 = ORIENTED_EDGE('',*,*,#11663,.T.);
#12298 = PLANE('',#12299);
#12299 = AXIS2_PLACEMENT_3D('',#12300,#12301,#12302);
#12300 = CARTESIAN_POINT('',(0.3,12.8,-3.9));
#12301 = DIRECTION('',(-1.,0.,0.));
#12302 = DIRECTION('',(0.,0.,1.));
#12303 = ADVANCED_FACE('',(#12304),#12310,.F.);
#12304 = FACE_BOUND('',#12305,.T.);
#12305 = EDGE_LOOP('',(#12306,#12307,#12308,#12309));
#12306 = ORIENTED_EDGE('',*,*,#12292,.T.);
#12307 = ORIENTED_EDGE('',*,*,#12127,.F.);
#12308 = ORIENTED_EDGE('',*,*,#12217,.F.);
#12309 = ORIENTED_EDGE('',*,*,#11671,.T.);
#12310 = PLANE('',#12311);
#12311 = AXIS2_PLACEMENT_3D('',#12312,#12313,#12314);
#12312 = CARTESIAN_POINT('',(3.9,12.8,-3.9));
#12313 = DIRECTION('',(0.,0.,-1.));
#12314 = DIRECTION('',(0.,-1.,0.));
#12315 = ADVANCED_FACE('',(#12316),#12349,.F.);
#12316 = FACE_BOUND('',#12317,.T.);
#12317 = EDGE_LOOP('',(#12318,#12326,#12334,#12342,#12348));
#12318 = ORIENTED_EDGE('',*,*,#12319,.F.);
#12319 = EDGE_CURVE('',#12320,#12196,#12322,.T.);
#12320 = VERTEX_POINT('',#12321);
#12321 = CARTESIAN_POINT('',(2.67,4.3,-2.85));
#12322 = LINE('',#12323,#12324);
#12323 = CARTESIAN_POINT('',(2.67,4.3,-2.85));
#12324 = VECTOR('',#12325,1.);
#12325 = DIRECTION('',(0.,-0.832050294338,-0.554700196225));
#12326 = ORIENTED_EDGE('',*,*,#12327,.F.);
#12327 = EDGE_CURVE('',#12328,#12320,#12330,.T.);
#12328 = VERTEX_POINT('',#12329);
#12329 = CARTESIAN_POINT('',(2.67,9.2,-2.85));
#12330 = LINE('',#12331,#12332);
#12331 = CARTESIAN_POINT('',(2.67,9.2,-2.85));
#12332 = VECTOR('',#12333,1.);
#12333 = DIRECTION('',(0.,-1.,0.));
#12334 = ORIENTED_EDGE('',*,*,#12335,.F.);
#12335 = EDGE_CURVE('',#12336,#12328,#12338,.T.);
#12336 = VERTEX_POINT('',#12337);
#12337 = CARTESIAN_POINT('',(2.67,9.2,-1.71));
#12338 = LINE('',#12339,#12340);
#12339 = CARTESIAN_POINT('',(2.67,9.2,-1.71));
#12340 = VECTOR('',#12341,1.);
#12341 = DIRECTION('',(0.,0.,-1.));
#12342 = ORIENTED_EDGE('',*,*,#12343,.F.);
#12343 = EDGE_CURVE('',#12178,#12336,#12344,.T.);
#12344 = LINE('',#12345,#12346);
#12345 = CARTESIAN_POINT('',(2.67,3.7,-1.71));
#12346 = VECTOR('',#12347,1.);
#12347 = DIRECTION('',(0.,1.,0.));
#12348 = ORIENTED_EDGE('',*,*,#12203,.F.);
#12349 = PLANE('',#12350);
#12350 = AXIS2_PLACEMENT_3D('',#12351,#12352,#12353);
#12351 = CARTESIAN_POINT('',(2.67,0.,0.));
#12352 = DIRECTION('',(-1.,0.,0.));
#12353 = DIRECTION('',(0.,0.,1.));
#12354 = ADVANCED_FACE('',(#12355),#12388,.F.);
#12355 = FACE_BOUND('',#12356,.T.);
#12356 = EDGE_LOOP('',(#12357,#12365,#12373,#12381,#12387));
#12357 = ORIENTED_EDGE('',*,*,#12358,.F.);
#12358 = EDGE_CURVE('',#12359,#12106,#12361,.T.);
#12359 = VERTEX_POINT('',#12360);
#12360 = CARTESIAN_POINT('',(2.67,9.2,1.31));
#12361 = LINE('',#12362,#12363);
#12362 = CARTESIAN_POINT('',(2.67,9.2,1.31));
#12363 = VECTOR('',#12364,1.);
#12364 = DIRECTION('',(0.,-1.,0.));
#12365 = ORIENTED_EDGE('',*,*,#12366,.F.);
#12366 = EDGE_CURVE('',#12367,#12359,#12369,.T.);
#12367 = VERTEX_POINT('',#12368);
#12368 = CARTESIAN_POINT('',(2.67,9.2,2.45));
#12369 = LINE('',#12370,#12371);
#12370 = CARTESIAN_POINT('',(2.67,9.2,2.45));
#12371 = VECTOR('',#12372,1.);
#12372 = DIRECTION('',(0.,0.,-1.));
#12373 = ORIENTED_EDGE('',*,*,#12374,.F.);
#12374 = EDGE_CURVE('',#12375,#12367,#12377,.T.);
#12375 = VERTEX_POINT('',#12376);
#12376 = CARTESIAN_POINT('',(2.67,4.3,2.45));
#12377 = LINE('',#12378,#12379);
#12378 = CARTESIAN_POINT('',(2.67,4.3,2.45));
#12379 = VECTOR('',#12380,1.);
#12380 = DIRECTION('',(0.,1.,0.));
#12381 = ORIENTED_EDGE('',*,*,#12382,.F.);
#12382 = EDGE_CURVE('',#12088,#12375,#12383,.T.);
#12383 = LINE('',#12384,#12385);
#12384 = CARTESIAN_POINT('',(2.67,3.7,2.85));
#12385 = VECTOR('',#12386,1.);
#12386 = DIRECTION('',(0.,0.832050294338,-0.554700196225));
#12387 = ORIENTED_EDGE('',*,*,#12113,.F.);
#12388 = PLANE('',#12389);
#12389 = AXIS2_PLACEMENT_3D('',#12390,#12391,#12392);
#12390 = CARTESIAN_POINT('',(2.67,0.,0.));
#12391 = DIRECTION('',(-1.,0.,0.));
#12392 = DIRECTION('',(0.,0.,1.));
#12393 = ADVANCED_FACE('',(#12394),#12427,.F.);
#12394 = FACE_BOUND('',#12395,.T.);
#12395 = EDGE_LOOP('',(#12396,#12397,#12405,#12413,#12421));
#12396 = ORIENTED_EDGE('',*,*,#10798,.T.);
#12397 = ORIENTED_EDGE('',*,*,#12398,.F.);
#12398 = EDGE_CURVE('',#12399,#10791,#12401,.T.);
#12399 = VERTEX_POINT('',#12400);
#12400 = CARTESIAN_POINT('',(2.67,-3.5,2.85));
#12401 = LINE('',#12402,#12403);
#12402 = CARTESIAN_POINT('',(2.67,-3.5,2.85));
#12403 = VECTOR('',#12404,1.);
#12404 = DIRECTION('',(0.,1.,0.));
#12405 = ORIENTED_EDGE('',*,*,#12406,.F.);
#12406 = EDGE_CURVE('',#12407,#12399,#12409,.T.);
#12407 = VERTEX_POINT('',#12408);
#12408 = CARTESIAN_POINT('',(2.67,-3.5,2.7));
#12409 = LINE('',#12410,#12411);
#12410 = CARTESIAN_POINT('',(2.67,-3.5,2.7));
#12411 = VECTOR('',#12412,1.);
#12412 = DIRECTION('',(0.,0.,1.));
#12413 = ORIENTED_EDGE('',*,*,#12414,.F.);
#12414 = EDGE_CURVE('',#12415,#12407,#12417,.T.);
#12415 = VERTEX_POINT('',#12416);
#12416 = CARTESIAN_POINT('',(2.67,-2.23,2.25));
#12417 = LINE('',#12418,#12419);
#12418 = CARTESIAN_POINT('',(2.67,-2.23,2.25));
#12419 = VECTOR('',#12420,1.);
#12420 = DIRECTION('',(0.,-0.942578556478,0.333984527886));
#12421 = ORIENTED_EDGE('',*,*,#12422,.F.);
#12422 = EDGE_CURVE('',#10773,#12415,#12423,.T.);
#12423 = LINE('',#12424,#12425);
#12424 = CARTESIAN_POINT('',(2.67,0.8,2.25));
#12425 = VECTOR('',#12426,1.);
#12426 = DIRECTION('',(0.,-1.,0.));
#12427 = PLANE('',#12428);
#12428 = AXIS2_PLACEMENT_3D('',#12429,#12430,#12431);
#12429 = CARTESIAN_POINT('',(2.67,0.,0.));
#12430 = DIRECTION('',(-1.,0.,0.));
#12431 = DIRECTION('',(0.,0.,1.));
#12432 = ADVANCED_FACE('',(#12433),#12466,.F.);
#12433 = FACE_BOUND('',#12434,.T.);
#12434 = EDGE_LOOP('',(#12435,#12443,#12451,#12459,#12465));
#12435 = ORIENTED_EDGE('',*,*,#12436,.F.);
#12436 = EDGE_CURVE('',#12437,#10717,#12439,.T.);
#12437 = VERTEX_POINT('',#12438);
#12438 = CARTESIAN_POINT('',(2.67,-2.23,-2.65));
#12439 = LINE('',#12440,#12441);
#12440 = CARTESIAN_POINT('',(2.67,-2.23,-2.65));
#12441 = VECTOR('',#12442,1.);
#12442 = DIRECTION('',(0.,1.,0.));
#12443 = ORIENTED_EDGE('',*,*,#12444,.F.);
#12444 = EDGE_CURVE('',#12445,#12437,#12447,.T.);
#12445 = VERTEX_POINT('',#12446);
#12446 = CARTESIAN_POINT('',(2.67,-3.5,-3.1));
#12447 = LINE('',#12448,#12449);
#12448 = CARTESIAN_POINT('',(2.67,-3.5,-3.1));
#12449 = VECTOR('',#12450,1.);
#12450 = DIRECTION('',(0.,0.942578556478,0.333984527886));
#12451 = ORIENTED_EDGE('',*,*,#12452,.F.);
#12452 = EDGE_CURVE('',#12453,#12445,#12455,.T.);
#12453 = VERTEX_POINT('',#12454);
#12454 = CARTESIAN_POINT('',(2.67,-3.5,-3.25));
#12455 = LINE('',#12456,#12457);
#12456 = CARTESIAN_POINT('',(2.67,-3.5,-3.25));
#12457 = VECTOR('',#12458,1.);
#12458 = DIRECTION('',(0.,0.,1.));
#12459 = ORIENTED_EDGE('',*,*,#12460,.F.);
#12460 = EDGE_CURVE('',#10699,#12453,#12461,.T.);
#12461 = LINE('',#12462,#12463);
#12462 = CARTESIAN_POINT('',(2.67,0.8,-3.25));
#12463 = VECTOR('',#12464,1.);
#12464 = DIRECTION('',(0.,-1.,0.));
#12465 = ORIENTED_EDGE('',*,*,#10724,.T.);
#12466 = PLANE('',#12467);
#12467 = AXIS2_PLACEMENT_3D('',#12468,#12469,#12470);
#12468 = CARTESIAN_POINT('',(2.67,0.,0.));
#12469 = DIRECTION('',(-1.,0.,0.));
#12470 = DIRECTION('',(0.,0.,1.));
#12471 = ADVANCED_FACE('',(#12472),#12490,.T.);
#12472 = FACE_BOUND('',#12473,.T.);
#12473 = EDGE_LOOP('',(#12474,#12475,#12483,#12489));
#12474 = ORIENTED_EDGE('',*,*,#12343,.T.);
#12475 = ORIENTED_EDGE('',*,*,#12476,.T.);
#12476 = EDGE_CURVE('',#12336,#12477,#12479,.T.);
#12477 = VERTEX_POINT('',#12478);
#12478 = CARTESIAN_POINT('',(1.53,9.2,-1.71));
#12479 = LINE('',#12480,#12481);
#12480 = CARTESIAN_POINT('',(2.67,9.2,-1.71));
#12481 = VECTOR('',#12482,1.);
#12482 = DIRECTION('',(-1.,0.,0.));
#12483 = ORIENTED_EDGE('',*,*,#12484,.F.);
#12484 = EDGE_CURVE('',#12180,#12477,#12485,.T.);
#12485 = LINE('',#12486,#12487);
#12486 = CARTESIAN_POINT('',(1.53,3.7,-1.71));
#12487 = VECTOR('',#12488,1.);
#12488 = DIRECTION('',(0.,1.,0.));
#12489 = ORIENTED_EDGE('',*,*,#12177,.F.);
#12490 = PLANE('',#12491);
#12491 = AXIS2_PLACEMENT_3D('',#12492,#12493,#12494);
#12492 = CARTESIAN_POINT('',(2.67,3.7,-1.71));
#12493 = DIRECTION('',(0.,0.,1.));
#12494 = DIRECTION('',(1.,0.,-0.));
#12495 = ADVANCED_FACE('',(#12496),#12522,.T.);
#12496 = FACE_BOUND('',#12497,.T.);
#12497 = EDGE_LOOP('',(#12498,#12499,#12507,#12515,#12521));
#12498 = ORIENTED_EDGE('',*,*,#12484,.T.);
#12499 = ORIENTED_EDGE('',*,*,#12500,.T.);
#12500 = EDGE_CURVE('',#12477,#12501,#12503,.T.);
#12501 = VERTEX_POINT('',#12502);
#12502 = CARTESIAN_POINT('',(1.53,9.2,-2.85));
#12503 = LINE('',#12504,#12505);
#12504 = CARTESIAN_POINT('',(1.53,9.2,-1.71));
#12505 = VECTOR('',#12506,1.);
#12506 = DIRECTION('',(0.,0.,-1.));
#12507 = ORIENTED_EDGE('',*,*,#12508,.T.);
#12508 = EDGE_CURVE('',#12501,#12509,#12511,.T.);
#12509 = VERTEX_POINT('',#12510);
#12510 = CARTESIAN_POINT('',(1.53,4.3,-2.85));
#12511 = LINE('',#12512,#12513);
#12512 = CARTESIAN_POINT('',(1.53,9.2,-2.85));
#12513 = VECTOR('',#12514,1.);
#12514 = DIRECTION('',(0.,-1.,0.));
#12515 = ORIENTED_EDGE('',*,*,#12516,.T.);
#12516 = EDGE_CURVE('',#12509,#12188,#12517,.T.);
#12517 = LINE('',#12518,#12519);
#12518 = CARTESIAN_POINT('',(1.53,4.3,-2.85));
#12519 = VECTOR('',#12520,1.);
#12520 = DIRECTION('',(0.,-0.832050294338,-0.554700196225));
#12521 = ORIENTED_EDGE('',*,*,#12187,.T.);
#12522 = PLANE('',#12523);
#12523 = AXIS2_PLACEMENT_3D('',#12524,#12525,#12526);
#12524 = CARTESIAN_POINT('',(1.53,0.,0.));
#12525 = DIRECTION('',(-1.,0.,0.));
#12526 = DIRECTION('',(0.,0.,1.));
#12527 = ADVANCED_FACE('',(#12528),#12561,.T.);
#12528 = FACE_BOUND('',#12529,.T.);
#12529 = EDGE_LOOP('',(#12530,#12538,#12546,#12554,#12560));
#12530 = ORIENTED_EDGE('',*,*,#12531,.T.);
#12531 = EDGE_CURVE('',#12090,#12532,#12534,.T.);
#12532 = VERTEX_POINT('',#12533);
#12533 = CARTESIAN_POINT('',(1.53,4.3,2.45));
#12534 = LINE('',#12535,#12536);
#12535 = CARTESIAN_POINT('',(1.53,3.7,2.85));
#12536 = VECTOR('',#12537,1.);
#12537 = DIRECTION('',(0.,0.832050294338,-0.554700196225));
#12538 = ORIENTED_EDGE('',*,*,#12539,.T.);
#12539 = EDGE_CURVE('',#12532,#12540,#12542,.T.);
#12540 = VERTEX_POINT('',#12541);
#12541 = CARTESIAN_POINT('',(1.53,9.2,2.45));
#12542 = LINE('',#12543,#12544);
#12543 = CARTESIAN_POINT('',(1.53,4.3,2.45));
#12544 = VECTOR('',#12545,1.);
#12545 = DIRECTION('',(0.,1.,0.));
#12546 = ORIENTED_EDGE('',*,*,#12547,.T.);
#12547 = EDGE_CURVE('',#12540,#12548,#12550,.T.);
#12548 = VERTEX_POINT('',#12549);
#12549 = CARTESIAN_POINT('',(1.53,9.2,1.31));
#12550 = LINE('',#12551,#12552);
#12551 = CARTESIAN_POINT('',(1.53,9.2,2.45));
#12552 = VECTOR('',#12553,1.);
#12553 = DIRECTION('',(0.,0.,-1.));
#12554 = ORIENTED_EDGE('',*,*,#12555,.T.);
#12555 = EDGE_CURVE('',#12548,#12098,#12556,.T.);
#12556 = LINE('',#12557,#12558);
#12557 = CARTESIAN_POINT('',(1.53,9.2,1.31));
#12558 = VECTOR('',#12559,1.);
#12559 = DIRECTION('',(0.,-1.,0.));
#12560 = ORIENTED_EDGE('',*,*,#12097,.T.);
#12561 = PLANE('',#12562);
#12562 = AXIS2_PLACEMENT_3D('',#12563,#12564,#12565);
#12563 = CARTESIAN_POINT('',(1.53,0.,0.));
#12564 = DIRECTION('',(-1.,0.,0.));
#12565 = DIRECTION('',(0.,0.,1.));
#12566 = ADVANCED_FACE('',(#12567),#12600,.T.);
#12567 = FACE_BOUND('',#12568,.T.);
#12568 = EDGE_LOOP('',(#12569,#12579,#12587,#12593,#12594));
#12569 = ORIENTED_EDGE('',*,*,#12570,.T.);
#12570 = EDGE_CURVE('',#12571,#12573,#12575,.T.);
#12571 = VERTEX_POINT('',#12572);
#12572 = CARTESIAN_POINT('',(1.53,-2.23,2.25));
#12573 = VERTEX_POINT('',#12574);
#12574 = CARTESIAN_POINT('',(1.53,-3.5,2.7));
#12575 = LINE('',#12576,#12577);
#12576 = CARTESIAN_POINT('',(1.53,-2.23,2.25));
#12577 = VECTOR('',#12578,1.);
#12578 = DIRECTION('',(0.,-0.942578556478,0.333984527886));
#12579 = ORIENTED_EDGE('',*,*,#12580,.T.);
#12580 = EDGE_CURVE('',#12573,#12581,#12583,.T.);
#12581 = VERTEX_POINT('',#12582);
#12582 = CARTESIAN_POINT('',(1.53,-3.5,2.85));
#12583 = LINE('',#12584,#12585);
#12584 = CARTESIAN_POINT('',(1.53,-3.5,2.7));
#12585 = VECTOR('',#12586,1.);
#12586 = DIRECTION('',(0.,0.,1.));
#12587 = ORIENTED_EDGE('',*,*,#12588,.T.);
#12588 = EDGE_CURVE('',#12581,#10783,#12589,.T.);
#12589 = LINE('',#12590,#12591);
#12590 = CARTESIAN_POINT('',(1.53,-3.5,2.85));
#12591 = VECTOR('',#12592,1.);
#12592 = DIRECTION('',(0.,1.,0.));
#12593 = ORIENTED_EDGE('',*,*,#10782,.F.);
#12594 = ORIENTED_EDGE('',*,*,#12595,.T.);
#12595 = EDGE_CURVE('',#10775,#12571,#12596,.T.);
#12596 = LINE('',#12597,#12598);
#12597 = CARTESIAN_POINT('',(1.53,0.8,2.25));
#12598 = VECTOR('',#12599,1.);
#12599 = DIRECTION('',(0.,-1.,0.));
#12600 = PLANE('',#12601);
#12601 = AXIS2_PLACEMENT_3D('',#12602,#12603,#12604);
#12602 = CARTESIAN_POINT('',(1.53,0.,0.));
#12603 = DIRECTION('',(-1.,0.,0.));
#12604 = DIRECTION('',(0.,0.,1.));
#12605 = ADVANCED_FACE('',(#12606),#12639,.T.);
#12606 = FACE_BOUND('',#12607,.T.);
#12607 = EDGE_LOOP('',(#12608,#12616,#12624,#12632,#12638));
#12608 = ORIENTED_EDGE('',*,*,#12609,.T.);
#12609 = EDGE_CURVE('',#10701,#12610,#12612,.T.);
#12610 = VERTEX_POINT('',#12611);
#12611 = CARTESIAN_POINT('',(1.53,-3.5,-3.25));
#12612 = LINE('',#12613,#12614);
#12613 = CARTESIAN_POINT('',(1.53,0.8,-3.25));
#12614 = VECTOR('',#12615,1.);
#12615 = DIRECTION('',(0.,-1.,0.));
#12616 = ORIENTED_EDGE('',*,*,#12617,.T.);
#12617 = EDGE_CURVE('',#12610,#12618,#12620,.T.);
#12618 = VERTEX_POINT('',#12619);
#12619 = CARTESIAN_POINT('',(1.53,-3.5,-3.1));
#12620 = LINE('',#12621,#12622);
#12621 = CARTESIAN_POINT('',(1.53,-3.5,-3.25));
#12622 = VECTOR('',#12623,1.);
#12623 = DIRECTION('',(0.,0.,1.));
#12624 = ORIENTED_EDGE('',*,*,#12625,.T.);
#12625 = EDGE_CURVE('',#12618,#12626,#12628,.T.);
#12626 = VERTEX_POINT('',#12627);
#12627 = CARTESIAN_POINT('',(1.53,-2.23,-2.65));
#12628 = LINE('',#12629,#12630);
#12629 = CARTESIAN_POINT('',(1.53,-3.5,-3.1));
#12630 = VECTOR('',#12631,1.);
#12631 = DIRECTION('',(0.,0.942578556478,0.333984527886));
#12632 = ORIENTED_EDGE('',*,*,#12633,.T.);
#12633 = EDGE_CURVE('',#12626,#10709,#12634,.T.);
#12634 = LINE('',#12635,#12636);
#12635 = CARTESIAN_POINT('',(1.53,-2.23,-2.65));
#12636 = VECTOR('',#12637,1.);
#12637 = DIRECTION('',(0.,1.,0.));
#12638 = ORIENTED_EDGE('',*,*,#10708,.F.);
#12639 = PLANE('',#12640);
#12640 = AXIS2_PLACEMENT_3D('',#12641,#12642,#12643);
#12641 = CARTESIAN_POINT('',(1.53,0.,0.));
#12642 = DIRECTION('',(-1.,0.,0.));
#12643 = DIRECTION('',(0.,0.,1.));
#12644 = ADVANCED_FACE('',(#12645),#12656,.T.);
#12645 = FACE_BOUND('',#12646,.T.);
#12646 = EDGE_LOOP('',(#12647,#12648,#12654,#12655));
#12647 = ORIENTED_EDGE('',*,*,#12516,.F.);
#12648 = ORIENTED_EDGE('',*,*,#12649,.F.);
#12649 = EDGE_CURVE('',#12320,#12509,#12650,.T.);
#12650 = LINE('',#12651,#12652);
#12651 = CARTESIAN_POINT('',(2.67,4.3,-2.85));
#12652 = VECTOR('',#12653,1.);
#12653 = DIRECTION('',(-1.,0.,0.));
#12654 = ORIENTED_EDGE('',*,*,#12319,.T.);
#12655 = ORIENTED_EDGE('',*,*,#12195,.T.);
#12656 = PLANE('',#12657);
#12657 = AXIS2_PLACEMENT_3D('',#12658,#12659,#12660);
#12658 = CARTESIAN_POINT('',(2.67,4.3,-2.85));
#12659 = DIRECTION('',(0.,0.554700196225,-0.832050294338));
#12660 = DIRECTION('',(-1.,0.,0.));
#12661 = ADVANCED_FACE('',(#12662),#12673,.T.);
#12662 = FACE_BOUND('',#12663,.T.);
#12663 = EDGE_LOOP('',(#12664,#12665,#12666,#12672));
#12664 = ORIENTED_EDGE('',*,*,#12649,.T.);
#12665 = ORIENTED_EDGE('',*,*,#12508,.F.);
#12666 = ORIENTED_EDGE('',*,*,#12667,.F.);
#12667 = EDGE_CURVE('',#12328,#12501,#12668,.T.);
#12668 = LINE('',#12669,#12670);
#12669 = CARTESIAN_POINT('',(2.67,9.2,-2.85));
#12670 = VECTOR('',#12671,1.);
#12671 = DIRECTION('',(-1.,0.,0.));
#12672 = ORIENTED_EDGE('',*,*,#12327,.T.);
#12673 = PLANE('',#12674);
#12674 = AXIS2_PLACEMENT_3D('',#12675,#12676,#12677);
#12675 = CARTESIAN_POINT('',(2.67,9.2,-2.85));
#12676 = DIRECTION('',(0.,0.,-1.));
#12677 = DIRECTION('',(0.,-1.,0.));
#12678 = ADVANCED_FACE('',(#12679),#12685,.T.);
#12679 = FACE_BOUND('',#12680,.T.);
#12680 = EDGE_LOOP('',(#12681,#12682,#12683,#12684));
#12681 = ORIENTED_EDGE('',*,*,#12667,.T.);
#12682 = ORIENTED_EDGE('',*,*,#12500,.F.);
#12683 = ORIENTED_EDGE('',*,*,#12476,.F.);
#12684 = ORIENTED_EDGE('',*,*,#12335,.T.);
#12685 = PLANE('',#12686);
#12686 = AXIS2_PLACEMENT_3D('',#12687,#12688,#12689);
#12687 = CARTESIAN_POINT('',(2.67,9.2,-1.71));
#12688 = DIRECTION('',(-0.,1.,0.));
#12689 = DIRECTION('',(1.,0.,0.));
#12690 = ADVANCED_FACE('',(#12691),#12702,.T.);
#12691 = FACE_BOUND('',#12692,.T.);
#12692 = EDGE_LOOP('',(#12693,#12694,#12700,#12701));
#12693 = ORIENTED_EDGE('',*,*,#12555,.F.);
#12694 = ORIENTED_EDGE('',*,*,#12695,.F.);
#12695 = EDGE_CURVE('',#12359,#12548,#12696,.T.);
#12696 = LINE('',#12697,#12698);
#12697 = CARTESIAN_POINT('',(2.67,9.2,1.31));
#12698 = VECTOR('',#12699,1.);
#12699 = DIRECTION('',(-1.,0.,0.));
#12700 = ORIENTED_EDGE('',*,*,#12358,.T.);
#12701 = ORIENTED_EDGE('',*,*,#12105,.T.);
#12702 = PLANE('',#12703);
#12703 = AXIS2_PLACEMENT_3D('',#12704,#12705,#12706);
#12704 = CARTESIAN_POINT('',(2.67,9.2,1.31));
#12705 = DIRECTION('',(0.,0.,-1.));
#12706 = DIRECTION('',(0.,-1.,0.));
#12707 = ADVANCED_FACE('',(#12708),#12719,.T.);
#12708 = FACE_BOUND('',#12709,.T.);
#12709 = EDGE_LOOP('',(#12710,#12711,#12712,#12718));
#12710 = ORIENTED_EDGE('',*,*,#12695,.T.);
#12711 = ORIENTED_EDGE('',*,*,#12547,.F.);
#12712 = ORIENTED_EDGE('',*,*,#12713,.F.);
#12713 = EDGE_CURVE('',#12367,#12540,#12714,.T.);
#12714 = LINE('',#12715,#12716);
#12715 = CARTESIAN_POINT('',(2.67,9.2,2.45));
#12716 = VECTOR('',#12717,1.);
#12717 = DIRECTION('',(-1.,0.,0.));
#12718 = ORIENTED_EDGE('',*,*,#12366,.T.);
#12719 = PLANE('',#12720);
#12720 = AXIS2_PLACEMENT_3D('',#12721,#12722,#12723);
#12721 = CARTESIAN_POINT('',(2.67,9.2,2.45));
#12722 = DIRECTION('',(-0.,1.,0.));
#12723 = DIRECTION('',(1.,0.,0.));
#12724 = ADVANCED_FACE('',(#12725),#12736,.T.);
#12725 = FACE_BOUND('',#12726,.T.);
#12726 = EDGE_LOOP('',(#12727,#12728,#12729,#12735));
#12727 = ORIENTED_EDGE('',*,*,#12713,.T.);
#12728 = ORIENTED_EDGE('',*,*,#12539,.F.);
#12729 = ORIENTED_EDGE('',*,*,#12730,.F.);
#12730 = EDGE_CURVE('',#12375,#12532,#12731,.T.);
#12731 = LINE('',#12732,#12733);
#12732 = CARTESIAN_POINT('',(2.67,4.3,2.45));
#12733 = VECTOR('',#12734,1.);
#12734 = DIRECTION('',(-1.,0.,0.));
#12735 = ORIENTED_EDGE('',*,*,#12374,.T.);
#12736 = PLANE('',#12737);
#12737 = AXIS2_PLACEMENT_3D('',#12738,#12739,#12740);
#12738 = CARTESIAN_POINT('',(2.67,4.3,2.45));
#12739 = DIRECTION('',(0.,0.,1.));
#12740 = DIRECTION('',(1.,0.,-0.));
#12741 = ADVANCED_FACE('',(#12742),#12748,.T.);
#12742 = FACE_BOUND('',#12743,.T.);
#12743 = EDGE_LOOP('',(#12744,#12745,#12746,#12747));
#12744 = ORIENTED_EDGE('',*,*,#12382,.T.);
#12745 = ORIENTED_EDGE('',*,*,#12730,.T.);
#12746 = ORIENTED_EDGE('',*,*,#12531,.F.);
#12747 = ORIENTED_EDGE('',*,*,#12087,.F.);
#12748 = PLANE('',#12749);
#12749 = AXIS2_PLACEMENT_3D('',#12750,#12751,#12752);
#12750 = CARTESIAN_POINT('',(2.67,3.7,2.85));
#12751 = DIRECTION('',(0.,0.554700196225,0.832050294338));
#12752 = DIRECTION('',(1.,-0.,0.));
#12753 = ADVANCED_FACE('',(#12754),#12765,.T.);
#12754 = FACE_BOUND('',#12755,.T.);
#12755 = EDGE_LOOP('',(#12756,#12762,#12763,#12764));
#12756 = ORIENTED_EDGE('',*,*,#12757,.T.);
#12757 = EDGE_CURVE('',#12415,#12571,#12758,.T.);
#12758 = LINE('',#12759,#12760);
#12759 = CARTESIAN_POINT('',(2.67,-2.23,2.25));
#12760 = VECTOR('',#12761,1.);
#12761 = DIRECTION('',(-1.,0.,0.));
#12762 = ORIENTED_EDGE('',*,*,#12595,.F.);
#12763 = ORIENTED_EDGE('',*,*,#10772,.F.);
#12764 = ORIENTED_EDGE('',*,*,#12422,.T.);
#12765 = PLANE('',#12766);
#12766 = AXIS2_PLACEMENT_3D('',#12767,#12768,#12769);
#12767 = CARTESIAN_POINT('',(2.67,3.7,2.25));
#12768 = DIRECTION('',(0.,0.,-1.));
#12769 = DIRECTION('',(0.,-1.,0.));
#12770 = ADVANCED_FACE('',(#12771),#12782,.T.);
#12771 = FACE_BOUND('',#12772,.T.);
#12772 = EDGE_LOOP('',(#12773,#12779,#12780,#12781));
#12773 = ORIENTED_EDGE('',*,*,#12774,.T.);
#12774 = EDGE_CURVE('',#12407,#12573,#12775,.T.);
#12775 = LINE('',#12776,#12777);
#12776 = CARTESIAN_POINT('',(2.67,-3.5,2.7));
#12777 = VECTOR('',#12778,1.);
#12778 = DIRECTION('',(-1.,0.,0.));
#12779 = ORIENTED_EDGE('',*,*,#12570,.F.);
#12780 = ORIENTED_EDGE('',*,*,#12757,.F.);
#12781 = ORIENTED_EDGE('',*,*,#12414,.T.);
#12782 = PLANE('',#12783);
#12783 = AXIS2_PLACEMENT_3D('',#12784,#12785,#12786);
#12784 = CARTESIAN_POINT('',(2.67,-2.23,2.25));
#12785 = DIRECTION('',(0.,-0.333984527886,-0.942578556478));
#12786 = DIRECTION('',(0.,-0.942578556478,0.333984527886));
#12787 = ADVANCED_FACE('',(#12788),#12799,.T.);
#12788 = FACE_BOUND('',#12789,.T.);
#12789 = EDGE_LOOP('',(#12790,#12796,#12797,#12798));
#12790 = ORIENTED_EDGE('',*,*,#12791,.T.);
#12791 = EDGE_CURVE('',#12399,#12581,#12792,.T.);
#12792 = LINE('',#12793,#12794);
#12793 = CARTESIAN_POINT('',(2.67,-3.5,2.85));
#12794 = VECTOR('',#12795,1.);
#12795 = DIRECTION('',(-1.,0.,0.));
#12796 = ORIENTED_EDGE('',*,*,#12580,.F.);
#12797 = ORIENTED_EDGE('',*,*,#12774,.F.);
#12798 = ORIENTED_EDGE('',*,*,#12406,.T.);
#12799 = PLANE('',#12800);
#12800 = AXIS2_PLACEMENT_3D('',#12801,#12802,#12803);
#12801 = CARTESIAN_POINT('',(2.67,-3.5,2.7));
#12802 = DIRECTION('',(0.,-1.,0.));
#12803 = DIRECTION('',(0.,0.,-1.));
#12804 = ADVANCED_FACE('',(#12805),#12811,.T.);
#12805 = FACE_BOUND('',#12806,.T.);
#12806 = EDGE_LOOP('',(#12807,#12808,#12809,#12810));
#12807 = ORIENTED_EDGE('',*,*,#10790,.T.);
#12808 = ORIENTED_EDGE('',*,*,#12588,.F.);
#12809 = ORIENTED_EDGE('',*,*,#12791,.F.);
#12810 = ORIENTED_EDGE('',*,*,#12398,.T.);
#12811 = PLANE('',#12812);
#12812 = AXIS2_PLACEMENT_3D('',#12813,#12814,#12815);
#12813 = CARTESIAN_POINT('',(2.67,-3.5,2.85));
#12814 = DIRECTION('',(0.,0.,1.));
#12815 = DIRECTION('',(1.,0.,-0.));
#12816 = ADVANCED_FACE('',(#12817),#12828,.T.);
#12817 = FACE_BOUND('',#12818,.T.);
#12818 = EDGE_LOOP('',(#12819,#12820,#12826,#12827));
#12819 = ORIENTED_EDGE('',*,*,#12633,.F.);
#12820 = ORIENTED_EDGE('',*,*,#12821,.F.);
#12821 = EDGE_CURVE('',#12437,#12626,#12822,.T.);
#12822 = LINE('',#12823,#12824);
#12823 = CARTESIAN_POINT('',(2.67,-2.23,-2.65));
#12824 = VECTOR('',#12825,1.);
#12825 = DIRECTION('',(-1.,0.,0.));
#12826 = ORIENTED_EDGE('',*,*,#12436,.T.);
#12827 = ORIENTED_EDGE('',*,*,#10716,.T.);
#12828 = PLANE('',#12829);
#12829 = AXIS2_PLACEMENT_3D('',#12830,#12831,#12832);
#12830 = CARTESIAN_POINT('',(2.67,-2.23,-2.65));
#12831 = DIRECTION('',(0.,0.,1.));
#12832 = DIRECTION('',(1.,0.,-0.));
#12833 = ADVANCED_FACE('',(#12834),#12845,.T.);
#12834 = FACE_BOUND('',#12835,.T.);
#12835 = EDGE_LOOP('',(#12836,#12837,#12838,#12844));
#12836 = ORIENTED_EDGE('',*,*,#12821,.T.);
#12837 = ORIENTED_EDGE('',*,*,#12625,.F.);
#12838 = ORIENTED_EDGE('',*,*,#12839,.F.);
#12839 = EDGE_CURVE('',#12445,#12618,#12840,.T.);
#12840 = LINE('',#12841,#12842);
#12841 = CARTESIAN_POINT('',(2.67,-3.5,-3.1));
#12842 = VECTOR('',#12843,1.);
#12843 = DIRECTION('',(-1.,0.,0.));
#12844 = ORIENTED_EDGE('',*,*,#12444,.T.);
#12845 = PLANE('',#12846);
#12846 = AXIS2_PLACEMENT_3D('',#12847,#12848,#12849);
#12847 = CARTESIAN_POINT('',(2.67,-3.5,-3.1));
#12848 = DIRECTION('',(0.,-0.333984527886,0.942578556478));
#12849 = DIRECTION('',(-1.,0.,0.));
#12850 = ADVANCED_FACE('',(#12851),#12862,.T.);
#12851 = FACE_BOUND('',#12852,.T.);
#12852 = EDGE_LOOP('',(#12853,#12854,#12855,#12861));
#12853 = ORIENTED_EDGE('',*,*,#12839,.T.);
#12854 = ORIENTED_EDGE('',*,*,#12617,.F.);
#12855 = ORIENTED_EDGE('',*,*,#12856,.F.);
#12856 = EDGE_CURVE('',#12453,#12610,#12857,.T.);
#12857 = LINE('',#12858,#12859);
#12858 = CARTESIAN_POINT('',(2.67,-3.5,-3.25));
#12859 = VECTOR('',#12860,1.);
#12860 = DIRECTION('',(-1.,0.,0.));
#12861 = ORIENTED_EDGE('',*,*,#12452,.T.);
#12862 = PLANE('',#12863);
#12863 = AXIS2_PLACEMENT_3D('',#12864,#12865,#12866);
#12864 = CARTESIAN_POINT('',(2.67,-3.5,-3.25));
#12865 = DIRECTION('',(0.,-1.,0.));
#12866 = DIRECTION('',(0.,0.,-1.));
#12867 = ADVANCED_FACE('',(#12868),#12874,.T.);
#12868 = FACE_BOUND('',#12869,.T.);
#12869 = EDGE_LOOP('',(#12870,#12871,#12872,#12873));
#12870 = ORIENTED_EDGE('',*,*,#12460,.T.);
#12871 = ORIENTED_EDGE('',*,*,#12856,.T.);
#12872 = ORIENTED_EDGE('',*,*,#12609,.F.);
#12873 = ORIENTED_EDGE('',*,*,#10698,.F.);
#12874 = PLANE('',#12875);
#12875 = AXIS2_PLACEMENT_3D('',#12876,#12877,#12878);
#12876 = CARTESIAN_POINT('',(2.67,3.7,-3.25));
#12877 = DIRECTION('',(0.,0.,-1.));
#12878 = DIRECTION('',(0.,-1.,0.));
#12879 = ADVANCED_FACE('',(#12880),#12905,.F.);
#12880 = FACE_BOUND('',#12881,.T.);
#12881 = EDGE_LOOP('',(#12882,#12890,#12898,#12904));
#12882 = ORIENTED_EDGE('',*,*,#12883,.T.);
#12883 = EDGE_CURVE('',#11722,#12884,#12886,.T.);
#12884 = VERTEX_POINT('',#12885);
#12885 = CARTESIAN_POINT('',(-0.3,3.7,0.3));
#12886 = LINE('',#12887,#12888);
#12887 = CARTESIAN_POINT('',(-0.3,12.8,0.3));
#12888 = VECTOR('',#12889,1.);
#12889 = DIRECTION('',(0.,-1.,0.));
#12890 = ORIENTED_EDGE('',*,*,#12891,.F.);
#12891 = EDGE_CURVE('',#12892,#12884,#12894,.T.);
#12892 = VERTEX_POINT('',#12893);
#12893 = CARTESIAN_POINT('',(-0.3,3.7,3.));
#12894 = LINE('',#12895,#12896);
#12895 = CARTESIAN_POINT('',(-0.3,3.7,3.));
#12896 = VECTOR('',#12897,1.);
#12897 = DIRECTION('',(0.,0.,-1.));
#12898 = ORIENTED_EDGE('',*,*,#12899,.F.);
#12899 = EDGE_CURVE('',#11690,#12892,#12900,.T.);
#12900 = LINE('',#12901,#12902);
#12901 = CARTESIAN_POINT('',(-0.3,12.8,3.));
#12902 = VECTOR('',#12903,1.);
#12903 = DIRECTION('',(0.,-1.,0.));
#12904 = ORIENTED_EDGE('',*,*,#11729,.T.);
#12905 = PLANE('',#12906);
#12906 = AXIS2_PLACEMENT_3D('',#12907,#12908,#12909);
#12907 = CARTESIAN_POINT('',(-0.3,12.8,3.));
#12908 = DIRECTION('',(1.,0.,0.));
#12909 = DIRECTION('',(-0.,1.,0.));
#12910 = ADVANCED_FACE('',(#12911),#12929,.F.);
#12911 = FACE_BOUND('',#12912,.T.);
#12912 = EDGE_LOOP('',(#12913,#12914,#12922,#12928));
#12913 = ORIENTED_EDGE('',*,*,#12899,.T.);
#12914 = ORIENTED_EDGE('',*,*,#12915,.F.);
#12915 = EDGE_CURVE('',#12916,#12892,#12918,.T.);
#12916 = VERTEX_POINT('',#12917);
#12917 = CARTESIAN_POINT('',(-1.2,3.7,3.9));
#12918 = LINE('',#12919,#12920);
#12919 = CARTESIAN_POINT('',(-1.2,3.7,3.9));
#12920 = VECTOR('',#12921,1.);
#12921 = DIRECTION('',(0.707106781187,0.,-0.707106781187));
#12922 = ORIENTED_EDGE('',*,*,#12923,.F.);
#12923 = EDGE_CURVE('',#11688,#12916,#12924,.T.);
#12924 = LINE('',#12925,#12926);
#12925 = CARTESIAN_POINT('',(-1.2,12.8,3.9));
#12926 = VECTOR('',#12927,1.);
#12927 = DIRECTION('',(0.,-1.,0.));
#12928 = ORIENTED_EDGE('',*,*,#11687,.T.);
#12929 = PLANE('',#12930);
#12930 = AXIS2_PLACEMENT_3D('',#12931,#12932,#12933);
#12931 = CARTESIAN_POINT('',(-1.2,12.8,3.9));
#12932 = DIRECTION('',(0.707106781187,0.,0.707106781187));
#12933 = DIRECTION('',(0.,-1.,0.));
#12934 = ADVANCED_FACE('',(#12935),#12953,.F.);
#12935 = FACE_BOUND('',#12936,.T.);
#12936 = EDGE_LOOP('',(#12937,#12938,#12946,#12952));
#12937 = ORIENTED_EDGE('',*,*,#12923,.T.);
#12938 = ORIENTED_EDGE('',*,*,#12939,.F.);
#12939 = EDGE_CURVE('',#12940,#12916,#12942,.T.);
#12940 = VERTEX_POINT('',#12941);
#12941 = CARTESIAN_POINT('',(-3.,3.7,3.9));
#12942 = LINE('',#12943,#12944);
#12943 = CARTESIAN_POINT('',(-3.,3.7,3.9));
#12944 = VECTOR('',#12945,1.);
#12945 = DIRECTION('',(1.,0.,0.));
#12946 = ORIENTED_EDGE('',*,*,#12947,.F.);
#12947 = EDGE_CURVE('',#11698,#12940,#12948,.T.);
#12948 = LINE('',#12949,#12950);
#12949 = CARTESIAN_POINT('',(-3.,12.8,3.9));
#12950 = VECTOR('',#12951,1.);
#12951 = DIRECTION('',(0.,-1.,0.));
#12952 = ORIENTED_EDGE('',*,*,#11697,.T.);
#12953 = PLANE('',#12954);
#12954 = AXIS2_PLACEMENT_3D('',#12955,#12956,#12957);
#12955 = CARTESIAN_POINT('',(-3.,12.8,3.9));
#12956 = DIRECTION('',(0.,0.,1.));
#12957 = DIRECTION('',(1.,0.,-0.));
#12958 = ADVANCED_FACE('',(#12959),#12977,.F.);
#12959 = FACE_BOUND('',#12960,.T.);
#12960 = EDGE_LOOP('',(#12961,#12962,#12970,#12976));
#12961 = ORIENTED_EDGE('',*,*,#12947,.T.);
#12962 = ORIENTED_EDGE('',*,*,#12963,.F.);
#12963 = EDGE_CURVE('',#12964,#12940,#12966,.T.);
#12964 = VERTEX_POINT('',#12965);
#12965 = CARTESIAN_POINT('',(-3.9,3.7,3.));
#12966 = LINE('',#12967,#12968);
#12967 = CARTESIAN_POINT('',(-3.9,3.7,3.));
#12968 = VECTOR('',#12969,1.);
#12969 = DIRECTION('',(0.707106781187,0.,0.707106781187));
#12970 = ORIENTED_EDGE('',*,*,#12971,.F.);
#12971 = EDGE_CURVE('',#11706,#12964,#12972,.T.);
#12972 = LINE('',#12973,#12974);
#12973 = CARTESIAN_POINT('',(-3.9,12.8,3.));
#12974 = VECTOR('',#12975,1.);
#12975 = DIRECTION('',(0.,-1.,0.));
#12976 = ORIENTED_EDGE('',*,*,#11705,.T.);
#12977 = PLANE('',#12978);
#12978 = AXIS2_PLACEMENT_3D('',#12979,#12980,#12981);
#12979 = CARTESIAN_POINT('',(-3.9,12.8,3.));
#12980 = DIRECTION('',(-0.707106781187,0.,0.707106781187));
#12981 = DIRECTION('',(0.,1.,0.));
#12982 = ADVANCED_FACE('',(#12983),#13001,.F.);
#12983 = FACE_BOUND('',#12984,.T.);
#12984 = EDGE_LOOP('',(#12985,#12986,#12994,#13000));
#12985 = ORIENTED_EDGE('',*,*,#12971,.T.);
#12986 = ORIENTED_EDGE('',*,*,#12987,.F.);
#12987 = EDGE_CURVE('',#12988,#12964,#12990,.T.);
#12988 = VERTEX_POINT('',#12989);
#12989 = CARTESIAN_POINT('',(-3.9,3.7,0.3));
#12990 = LINE('',#12991,#12992);
#12991 = CARTESIAN_POINT('',(-3.9,3.7,0.3));
#12992 = VECTOR('',#12993,1.);
#12993 = DIRECTION('',(0.,0.,1.));
#12994 = ORIENTED_EDGE('',*,*,#12995,.F.);
#12995 = EDGE_CURVE('',#11714,#12988,#12996,.T.);
#12996 = LINE('',#12997,#12998);
#12997 = CARTESIAN_POINT('',(-3.9,12.8,0.3));
#12998 = VECTOR('',#12999,1.);
#12999 = DIRECTION('',(0.,-1.,0.));
#13000 = ORIENTED_EDGE('',*,*,#11713,.T.);
#13001 = PLANE('',#13002);
#13002 = AXIS2_PLACEMENT_3D('',#13003,#13004,#13005);
#13003 = CARTESIAN_POINT('',(-3.9,12.8,0.3));
#13004 = DIRECTION('',(-1.,0.,0.));
#13005 = DIRECTION('',(0.,0.,1.));
#13006 = ADVANCED_FACE('',(#13007),#13018,.F.);
#13007 = FACE_BOUND('',#13008,.T.);
#13008 = EDGE_LOOP('',(#13009,#13010,#13016,#13017));
#13009 = ORIENTED_EDGE('',*,*,#12995,.T.);
#13010 = ORIENTED_EDGE('',*,*,#13011,.F.);
#13011 = EDGE_CURVE('',#12884,#12988,#13012,.T.);
#13012 = LINE('',#13013,#13014);
#13013 = CARTESIAN_POINT('',(-0.3,3.7,0.3));
#13014 = VECTOR('',#13015,1.);
#13015 = DIRECTION('',(-1.,0.,0.));
#13016 = ORIENTED_EDGE('',*,*,#12883,.F.);
#13017 = ORIENTED_EDGE('',*,*,#11721,.T.);
#13018 = PLANE('',#13019);
#13019 = AXIS2_PLACEMENT_3D('',#13020,#13021,#13022);
#13020 = CARTESIAN_POINT('',(-0.3,12.8,0.3));
#13021 = DIRECTION('',(0.,0.,-1.));
#13022 = DIRECTION('',(0.,-1.,0.));
#13023 = ADVANCED_FACE('',(#13024,#13032),#13066,.T.);
#13024 = FACE_BOUND('',#13025,.T.);
#13025 = EDGE_LOOP('',(#13026,#13027,#13028,#13029,#13030,#13031));
#13026 = ORIENTED_EDGE('',*,*,#13011,.T.);
#13027 = ORIENTED_EDGE('',*,*,#12987,.T.);
#13028 = ORIENTED_EDGE('',*,*,#12963,.T.);
#13029 = ORIENTED_EDGE('',*,*,#12939,.T.);
#13030 = ORIENTED_EDGE('',*,*,#12915,.T.);
#13031 = ORIENTED_EDGE('',*,*,#12891,.T.);
#13032 = FACE_BOUND('',#13033,.T.);
#13033 = EDGE_LOOP('',(#13034,#13044,#13052,#13060));
#13034 = ORIENTED_EDGE('',*,*,#13035,.T.);
#13035 = EDGE_CURVE('',#13036,#13038,#13040,.T.);
#13036 = VERTEX_POINT('',#13037);
#13037 = CARTESIAN_POINT('',(-1.53,3.7,2.85));
#13038 = VERTEX_POINT('',#13039);
#13039 = CARTESIAN_POINT('',(-2.67,3.7,2.85));
#13040 = LINE('',#13041,#13042);
#13041 = CARTESIAN_POINT('',(-1.53,3.7,2.85));
#13042 = VECTOR('',#13043,1.);
#13043 = DIRECTION('',(-1.,0.,0.));
#13044 = ORIENTED_EDGE('',*,*,#13045,.F.);
#13045 = EDGE_CURVE('',#13046,#13038,#13048,.T.);
#13046 = VERTEX_POINT('',#13047);
#13047 = CARTESIAN_POINT('',(-2.67,3.7,1.31));
#13048 = LINE('',#13049,#13050);
#13049 = CARTESIAN_POINT('',(-2.67,3.7,1.31));
#13050 = VECTOR('',#13051,1.);
#13051 = DIRECTION('',(0.,0.,1.));
#13052 = ORIENTED_EDGE('',*,*,#13053,.F.);
#13053 = EDGE_CURVE('',#13054,#13046,#13056,.T.);
#13054 = VERTEX_POINT('',#13055);
#13055 = CARTESIAN_POINT('',(-1.53,3.7,1.31));
#13056 = LINE('',#13057,#13058);
#13057 = CARTESIAN_POINT('',(-1.53,3.7,1.31));
#13058 = VECTOR('',#13059,1.);
#13059 = DIRECTION('',(-1.,0.,0.));
#13060 = ORIENTED_EDGE('',*,*,#13061,.F.);
#13061 = EDGE_CURVE('',#13036,#13054,#13062,.T.);
#13062 = LINE('',#13063,#13064);
#13063 = CARTESIAN_POINT('',(-1.53,3.7,2.85));
#13064 = VECTOR('',#13065,1.);
#13065 = DIRECTION('',(0.,0.,-1.));
#13066 = PLANE('',#13067);
#13067 = AXIS2_PLACEMENT_3D('',#13068,#13069,#13070);
#13068 = CARTESIAN_POINT('',(-4.8,3.7,-4.8));
#13069 = DIRECTION('',(-0.,1.,0.));
#13070 = DIRECTION('',(1.,0.,0.));
#13071 = ADVANCED_FACE('',(#13072,#13106),#13140,.T.);
#13072 = FACE_BOUND('',#13073,.T.);
#13073 = EDGE_LOOP('',(#13074,#13084,#13092,#13100));
#13074 = ORIENTED_EDGE('',*,*,#13075,.T.);
#13075 = EDGE_CURVE('',#13076,#13078,#13080,.T.);
#13076 = VERTEX_POINT('',#13077);
#13077 = CARTESIAN_POINT('',(-0.3,3.7,-3.9));
#13078 = VERTEX_POINT('',#13079);
#13079 = CARTESIAN_POINT('',(-3.9,3.7,-3.9));
#13080 = LINE('',#13081,#13082);
#13081 = CARTESIAN_POINT('',(-0.3,3.7,-3.9));
#13082 = VECTOR('',#13083,1.);
#13083 = DIRECTION('',(-1.,0.,0.));
#13084 = ORIENTED_EDGE('',*,*,#13085,.T.);
#13085 = EDGE_CURVE('',#13078,#13086,#13088,.T.);
#13086 = VERTEX_POINT('',#13087);
#13087 = CARTESIAN_POINT('',(-3.9,3.7,-0.3));
#13088 = LINE('',#13089,#13090);
#13089 = CARTESIAN_POINT('',(-3.9,3.7,-3.9));
#13090 = VECTOR('',#13091,1.);
#13091 = DIRECTION('',(0.,0.,1.));
#13092 = ORIENTED_EDGE('',*,*,#13093,.T.);
#13093 = EDGE_CURVE('',#13086,#13094,#13096,.T.);
#13094 = VERTEX_POINT('',#13095);
#13095 = CARTESIAN_POINT('',(-0.3,3.7,-0.3));
#13096 = LINE('',#13097,#13098);
#13097 = CARTESIAN_POINT('',(-3.9,3.7,-0.3));
#13098 = VECTOR('',#13099,1.);
#13099 = DIRECTION('',(1.,0.,0.));
#13100 = ORIENTED_EDGE('',*,*,#13101,.T.);
#13101 = EDGE_CURVE('',#13094,#13076,#13102,.T.);
#13102 = LINE('',#13103,#13104);
#13103 = CARTESIAN_POINT('',(-0.3,3.7,-0.3));
#13104 = VECTOR('',#13105,1.);
#13105 = DIRECTION('',(0.,0.,-1.));
#13106 = FACE_BOUND('',#13107,.T.);
#13107 = EDGE_LOOP('',(#13108,#13118,#13126,#13134));
#13108 = ORIENTED_EDGE('',*,*,#13109,.T.);
#13109 = EDGE_CURVE('',#13110,#13112,#13114,.T.);
#13110 = VERTEX_POINT('',#13111);
#13111 = CARTESIAN_POINT('',(-1.53,3.7,-1.71));
#13112 = VERTEX_POINT('',#13113);
#13113 = CARTESIAN_POINT('',(-2.67,3.7,-1.71));
#13114 = LINE('',#13115,#13116);
#13115 = CARTESIAN_POINT('',(-1.53,3.7,-1.71));
#13116 = VECTOR('',#13117,1.);
#13117 = DIRECTION('',(-1.,0.,0.));
#13118 = ORIENTED_EDGE('',*,*,#13119,.F.);
#13119 = EDGE_CURVE('',#13120,#13112,#13122,.T.);
#13120 = VERTEX_POINT('',#13121);
#13121 = CARTESIAN_POINT('',(-2.67,3.7,-3.25));
#13122 = LINE('',#13123,#13124);
#13123 = CARTESIAN_POINT('',(-2.67,3.7,-3.25));
#13124 = VECTOR('',#13125,1.);
#13125 = DIRECTION('',(0.,0.,1.));
#13126 = ORIENTED_EDGE('',*,*,#13127,.F.);
#13127 = EDGE_CURVE('',#13128,#13120,#13130,.T.);
#13128 = VERTEX_POINT('',#13129);
#13129 = CARTESIAN_POINT('',(-1.53,3.7,-3.25));
#13130 = LINE('',#13131,#13132);
#13131 = CARTESIAN_POINT('',(-1.53,3.7,-3.25));
#13132 = VECTOR('',#13133,1.);
#13133 = DIRECTION('',(-1.,0.,0.));
#13134 = ORIENTED_EDGE('',*,*,#13135,.F.);
#13135 = EDGE_CURVE('',#13110,#13128,#13136,.T.);
#13136 = LINE('',#13137,#13138);
#13137 = CARTESIAN_POINT('',(-1.53,3.7,-1.71));
#13138 = VECTOR('',#13139,1.);
#13139 = DIRECTION('',(0.,0.,-1.));
#13140 = PLANE('',#13141);
#13141 = AXIS2_PLACEMENT_3D('',#13142,#13143,#13144);
#13142 = CARTESIAN_POINT('',(-4.8,3.7,-4.8));
#13143 = DIRECTION('',(-0.,1.,0.));
#13144 = DIRECTION('',(1.,0.,0.));
#13145 = ADVANCED_FACE('',(#13146),#13162,.F.);
#13146 = FACE_BOUND('',#13147,.T.);
#13147 = EDGE_LOOP('',(#13148,#13154,#13155,#13161));
#13148 = ORIENTED_EDGE('',*,*,#13149,.T.);
#13149 = EDGE_CURVE('',#11756,#13076,#13150,.T.);
#13150 = LINE('',#13151,#13152);
#13151 = CARTESIAN_POINT('',(-0.3,12.8,-3.9));
#13152 = VECTOR('',#13153,1.);
#13153 = DIRECTION('',(0.,-1.,0.));
#13154 = ORIENTED_EDGE('',*,*,#13101,.F.);
#13155 = ORIENTED_EDGE('',*,*,#13156,.F.);
#13156 = EDGE_CURVE('',#11740,#13094,#13157,.T.);
#13157 = LINE('',#13158,#13159);
#13158 = CARTESIAN_POINT('',(-0.3,12.8,-0.3));
#13159 = VECTOR('',#13160,1.);
#13160 = DIRECTION('',(0.,-1.,0.));
#13161 = ORIENTED_EDGE('',*,*,#11763,.T.);
#13162 = PLANE('',#13163);
#13163 = AXIS2_PLACEMENT_3D('',#13164,#13165,#13166);
#13164 = CARTESIAN_POINT('',(-0.3,12.8,-0.3));
#13165 = DIRECTION('',(1.,0.,0.));
#13166 = DIRECTION('',(-0.,1.,0.));
#13167 = ADVANCED_FACE('',(#13168),#13179,.F.);
#13168 = FACE_BOUND('',#13169,.T.);
#13169 = EDGE_LOOP('',(#13170,#13171,#13172,#13178));
#13170 = ORIENTED_EDGE('',*,*,#13156,.T.);
#13171 = ORIENTED_EDGE('',*,*,#13093,.F.);
#13172 = ORIENTED_EDGE('',*,*,#13173,.F.);
#13173 = EDGE_CURVE('',#11738,#13086,#13174,.T.);
#13174 = LINE('',#13175,#13176);
#13175 = CARTESIAN_POINT('',(-3.9,12.8,-0.3));
#13176 = VECTOR('',#13177,1.);
#13177 = DIRECTION('',(0.,-1.,0.));
#13178 = ORIENTED_EDGE('',*,*,#11737,.T.);
#13179 = PLANE('',#13180);
#13180 = AXIS2_PLACEMENT_3D('',#13181,#13182,#13183);
#13181 = CARTESIAN_POINT('',(-3.9,12.8,-0.3));
#13182 = DIRECTION('',(0.,0.,1.));
#13183 = DIRECTION('',(1.,0.,-0.));
#13184 = ADVANCED_FACE('',(#13185),#13196,.F.);
#13185 = FACE_BOUND('',#13186,.T.);
#13186 = EDGE_LOOP('',(#13187,#13188,#13189,#13195));
#13187 = ORIENTED_EDGE('',*,*,#13173,.T.);
#13188 = ORIENTED_EDGE('',*,*,#13085,.F.);
#13189 = ORIENTED_EDGE('',*,*,#13190,.F.);
#13190 = EDGE_CURVE('',#11748,#13078,#13191,.T.);
#13191 = LINE('',#13192,#13193);
#13192 = CARTESIAN_POINT('',(-3.9,12.8,-3.9));
#13193 = VECTOR('',#13194,1.);
#13194 = DIRECTION('',(0.,-1.,0.));
#13195 = ORIENTED_EDGE('',*,*,#11747,.T.);
#13196 = PLANE('',#13197);
#13197 = AXIS2_PLACEMENT_3D('',#13198,#13199,#13200);
#13198 = CARTESIAN_POINT('',(-3.9,12.8,-3.9));
#13199 = DIRECTION('',(-1.,0.,0.));
#13200 = DIRECTION('',(0.,0.,1.));
#13201 = ADVANCED_FACE('',(#13202),#13208,.F.);
#13202 = FACE_BOUND('',#13203,.T.);
#13203 = EDGE_LOOP('',(#13204,#13205,#13206,#13207));
#13204 = ORIENTED_EDGE('',*,*,#13190,.T.);
#13205 = ORIENTED_EDGE('',*,*,#13075,.F.);
#13206 = ORIENTED_EDGE('',*,*,#13149,.F.);
#13207 = ORIENTED_EDGE('',*,*,#11755,.T.);
#13208 = PLANE('',#13209);
#13209 = AXIS2_PLACEMENT_3D('',#13210,#13211,#13212);
#13210 = CARTESIAN_POINT('',(-0.3,12.8,-3.9));
#13211 = DIRECTION('',(0.,0.,-1.));
#13212 = DIRECTION('',(0.,-1.,0.));
#13213 = ADVANCED_FACE('',(#13214),#13247,.F.);
#13214 = FACE_BOUND('',#13215,.T.);
#13215 = EDGE_LOOP('',(#13216,#13224,#13232,#13240,#13246));
#13216 = ORIENTED_EDGE('',*,*,#13217,.F.);
#13217 = EDGE_CURVE('',#13218,#11006,#13220,.T.);
#13218 = VERTEX_POINT('',#13219);
#13219 = CARTESIAN_POINT('',(-1.53,-2.23,-2.65));
#13220 = LINE('',#13221,#13222);
#13221 = CARTESIAN_POINT('',(-1.53,-2.23,-2.65));
#13222 = VECTOR('',#13223,1.);
#13223 = DIRECTION('',(0.,1.,0.));
#13224 = ORIENTED_EDGE('',*,*,#13225,.F.);
#13225 = EDGE_CURVE('',#13226,#13218,#13228,.T.);
#13226 = VERTEX_POINT('',#13227);
#13227 = CARTESIAN_POINT('',(-1.53,-3.5,-3.1));
#13228 = LINE('',#13229,#13230);
#13229 = CARTESIAN_POINT('',(-1.53,-3.5,-3.1));
#13230 = VECTOR('',#13231,1.);
#13231 = DIRECTION('',(0.,0.942578556478,0.333984527886));
#13232 = ORIENTED_EDGE('',*,*,#13233,.F.);
#13233 = EDGE_CURVE('',#13234,#13226,#13236,.T.);
#13234 = VERTEX_POINT('',#13235);
#13235 = CARTESIAN_POINT('',(-1.53,-3.5,-3.25));
#13236 = LINE('',#13237,#13238);
#13237 = CARTESIAN_POINT('',(-1.53,-3.5,-3.25));
#13238 = VECTOR('',#13239,1.);
#13239 = DIRECTION('',(0.,0.,1.));
#13240 = ORIENTED_EDGE('',*,*,#13241,.F.);
#13241 = EDGE_CURVE('',#10988,#13234,#13242,.T.);
#13242 = LINE('',#13243,#13244);
#13243 = CARTESIAN_POINT('',(-1.53,0.8,-3.25));
#13244 = VECTOR('',#13245,1.);
#13245 = DIRECTION('',(0.,-1.,0.));
#13246 = ORIENTED_EDGE('',*,*,#11013,.T.);
#13247 = PLANE('',#13248);
#13248 = AXIS2_PLACEMENT_3D('',#13249,#13250,#13251);
#13249 = CARTESIAN_POINT('',(-1.53,0.,0.));
#13250 = DIRECTION('',(-1.,0.,0.));
#13251 = DIRECTION('',(0.,0.,1.));
#13252 = ADVANCED_FACE('',(#13253),#13286,.F.);
#13253 = FACE_BOUND('',#13254,.T.);
#13254 = EDGE_LOOP('',(#13255,#13263,#13271,#13279,#13285));
#13255 = ORIENTED_EDGE('',*,*,#13256,.F.);
#13256 = EDGE_CURVE('',#13257,#11080,#13259,.T.);
#13257 = VERTEX_POINT('',#13258);
#13258 = CARTESIAN_POINT('',(-1.53,-3.5,2.85));
#13259 = LINE('',#13260,#13261);
#13260 = CARTESIAN_POINT('',(-1.53,-3.5,2.85));
#13261 = VECTOR('',#13262,1.);
#13262 = DIRECTION('',(0.,1.,0.));
#13263 = ORIENTED_EDGE('',*,*,#13264,.F.);
#13264 = EDGE_CURVE('',#13265,#13257,#13267,.T.);
#13265 = VERTEX_POINT('',#13266);
#13266 = CARTESIAN_POINT('',(-1.53,-3.5,2.7));
#13267 = LINE('',#13268,#13269);
#13268 = CARTESIAN_POINT('',(-1.53,-3.5,2.7));
#13269 = VECTOR('',#13270,1.);
#13270 = DIRECTION('',(0.,0.,1.));
#13271 = ORIENTED_EDGE('',*,*,#13272,.F.);
#13272 = EDGE_CURVE('',#13273,#13265,#13275,.T.);
#13273 = VERTEX_POINT('',#13274);
#13274 = CARTESIAN_POINT('',(-1.53,-2.23,2.25));
#13275 = LINE('',#13276,#13277);
#13276 = CARTESIAN_POINT('',(-1.53,-2.23,2.25));
#13277 = VECTOR('',#13278,1.);
#13278 = DIRECTION('',(0.,-0.942578556478,0.333984527886));
#13279 = ORIENTED_EDGE('',*,*,#13280,.F.);
#13280 = EDGE_CURVE('',#11062,#13273,#13281,.T.);
#13281 = LINE('',#13282,#13283);
#13282 = CARTESIAN_POINT('',(-1.53,0.8,2.25));
#13283 = VECTOR('',#13284,1.);
#13284 = DIRECTION('',(0.,-1.,0.));
#13285 = ORIENTED_EDGE('',*,*,#11087,.T.);
#13286 = PLANE('',#13287);
#13287 = AXIS2_PLACEMENT_3D('',#13288,#13289,#13290);
#13288 = CARTESIAN_POINT('',(-1.53,0.,0.));
#13289 = DIRECTION('',(-1.,0.,0.));
#13290 = DIRECTION('',(0.,0.,1.));
#13291 = ADVANCED_FACE('',(#13292),#13325,.F.);
#13292 = FACE_BOUND('',#13293,.T.);
#13293 = EDGE_LOOP('',(#13294,#13295,#13303,#13311,#13319));
#13294 = ORIENTED_EDGE('',*,*,#13061,.T.);
#13295 = ORIENTED_EDGE('',*,*,#13296,.F.);
#13296 = EDGE_CURVE('',#13297,#13054,#13299,.T.);
#13297 = VERTEX_POINT('',#13298);
#13298 = CARTESIAN_POINT('',(-1.53,9.2,1.31));
#13299 = LINE('',#13300,#13301);
#13300 = CARTESIAN_POINT('',(-1.53,9.2,1.31));
#13301 = VECTOR('',#13302,1.);
#13302 = DIRECTION('',(0.,-1.,0.));
#13303 = ORIENTED_EDGE('',*,*,#13304,.F.);
#13304 = EDGE_CURVE('',#13305,#13297,#13307,.T.);
#13305 = VERTEX_POINT('',#13306);
#13306 = CARTESIAN_POINT('',(-1.53,9.2,2.45));
#13307 = LINE('',#13308,#13309);
#13308 = CARTESIAN_POINT('',(-1.53,9.2,2.45));
#13309 = VECTOR('',#13310,1.);
#13310 = DIRECTION('',(0.,0.,-1.));
#13311 = ORIENTED_EDGE('',*,*,#13312,.F.);
#13312 = EDGE_CURVE('',#13313,#13305,#13315,.T.);
#13313 = VERTEX_POINT('',#13314);
#13314 = CARTESIAN_POINT('',(-1.53,4.3,2.45));
#13315 = LINE('',#13316,#13317);
#13316 = CARTESIAN_POINT('',(-1.53,4.3,2.45));
#13317 = VECTOR('',#13318,1.);
#13318 = DIRECTION('',(0.,1.,0.));
#13319 = ORIENTED_EDGE('',*,*,#13320,.F.);
#13320 = EDGE_CURVE('',#13036,#13313,#13321,.T.);
#13321 = LINE('',#13322,#13323);
#13322 = CARTESIAN_POINT('',(-1.53,3.7,2.85));
#13323 = VECTOR('',#13324,1.);
#13324 = DIRECTION('',(0.,0.832050294338,-0.554700196225));
#13325 = PLANE('',#13326);
#13326 = AXIS2_PLACEMENT_3D('',#13327,#13328,#13329);
#13327 = CARTESIAN_POINT('',(-1.53,0.,0.));
#13328 = DIRECTION('',(-1.,0.,0.));
#13329 = DIRECTION('',(0.,0.,1.));
#13330 = ADVANCED_FACE('',(#13331),#13364,.F.);
#13331 = FACE_BOUND('',#13332,.T.);
#13332 = EDGE_LOOP('',(#13333,#13334,#13342,#13350,#13358));
#13333 = ORIENTED_EDGE('',*,*,#13135,.T.);
#13334 = ORIENTED_EDGE('',*,*,#13335,.F.);
#13335 = EDGE_CURVE('',#13336,#13128,#13338,.T.);
#13336 = VERTEX_POINT('',#13337);
#13337 = CARTESIAN_POINT('',(-1.53,4.3,-2.85));
#13338 = LINE('',#13339,#13340);
#13339 = CARTESIAN_POINT('',(-1.53,4.3,-2.85));
#13340 = VECTOR('',#13341,1.);
#13341 = DIRECTION('',(0.,-0.832050294338,-0.554700196225));
#13342 = ORIENTED_EDGE('',*,*,#13343,.F.);
#13343 = EDGE_CURVE('',#13344,#13336,#13346,.T.);
#13344 = VERTEX_POINT('',#13345);
#13345 = CARTESIAN_POINT('',(-1.53,9.2,-2.85));
#13346 = LINE('',#13347,#13348);
#13347 = CARTESIAN_POINT('',(-1.53,9.2,-2.85));
#13348 = VECTOR('',#13349,1.);
#13349 = DIRECTION('',(0.,-1.,0.));
#13350 = ORIENTED_EDGE('',*,*,#13351,.F.);
#13351 = EDGE_CURVE('',#13352,#13344,#13354,.T.);
#13352 = VERTEX_POINT('',#13353);
#13353 = CARTESIAN_POINT('',(-1.53,9.2,-1.71));
#13354 = LINE('',#13355,#13356);
#13355 = CARTESIAN_POINT('',(-1.53,9.2,-1.71));
#13356 = VECTOR('',#13357,1.);
#13357 = DIRECTION('',(0.,0.,-1.));
#13358 = ORIENTED_EDGE('',*,*,#13359,.F.);
#13359 = EDGE_CURVE('',#13110,#13352,#13360,.T.);
#13360 = LINE('',#13361,#13362);
#13361 = CARTESIAN_POINT('',(-1.53,3.7,-1.71));
#13362 = VECTOR('',#13363,1.);
#13363 = DIRECTION('',(0.,1.,0.));
#13364 = PLANE('',#13365);
#13365 = AXIS2_PLACEMENT_3D('',#13366,#13367,#13368);
#13366 = CARTESIAN_POINT('',(-1.53,0.,0.));
#13367 = DIRECTION('',(-1.,0.,0.));
#13368 = DIRECTION('',(0.,0.,1.));
#13369 = ADVANCED_FACE('',(#13370),#13388,.T.);
#13370 = FACE_BOUND('',#13371,.T.);
#13371 = EDGE_LOOP('',(#13372,#13373,#13381,#13387));
#13372 = ORIENTED_EDGE('',*,*,#13241,.T.);
#13373 = ORIENTED_EDGE('',*,*,#13374,.T.);
#13374 = EDGE_CURVE('',#13234,#13375,#13377,.T.);
#13375 = VERTEX_POINT('',#13376);
#13376 = CARTESIAN_POINT('',(-2.67,-3.5,-3.25));
#13377 = LINE('',#13378,#13379);
#13378 = CARTESIAN_POINT('',(-1.53,-3.5,-3.25));
#13379 = VECTOR('',#13380,1.);
#13380 = DIRECTION('',(-1.,0.,0.));
#13381 = ORIENTED_EDGE('',*,*,#13382,.F.);
#13382 = EDGE_CURVE('',#10990,#13375,#13383,.T.);
#13383 = LINE('',#13384,#13385);
#13384 = CARTESIAN_POINT('',(-2.67,0.8,-3.25));
#13385 = VECTOR('',#13386,1.);
#13386 = DIRECTION('',(0.,-1.,0.));
#13387 = ORIENTED_EDGE('',*,*,#10987,.F.);
#13388 = PLANE('',#13389);
#13389 = AXIS2_PLACEMENT_3D('',#13390,#13391,#13392);
#13390 = CARTESIAN_POINT('',(-1.53,3.7,-3.25));
#13391 = DIRECTION('',(0.,0.,-1.));
#13392 = DIRECTION('',(0.,-1.,0.));
#13393 = ADVANCED_FACE('',(#13394),#13420,.T.);
#13394 = FACE_BOUND('',#13395,.T.);
#13395 = EDGE_LOOP('',(#13396,#13397,#13405,#13413,#13419));
#13396 = ORIENTED_EDGE('',*,*,#13382,.T.);
#13397 = ORIENTED_EDGE('',*,*,#13398,.T.);
#13398 = EDGE_CURVE('',#13375,#13399,#13401,.T.);
#13399 = VERTEX_POINT('',#13400);
#13400 = CARTESIAN_POINT('',(-2.67,-3.5,-3.1));
#13401 = LINE('',#13402,#13403);
#13402 = CARTESIAN_POINT('',(-2.67,-3.5,-3.25));
#13403 = VECTOR('',#13404,1.);
#13404 = DIRECTION('',(0.,0.,1.));
#13405 = ORIENTED_EDGE('',*,*,#13406,.T.);
#13406 = EDGE_CURVE('',#13399,#13407,#13409,.T.);
#13407 = VERTEX_POINT('',#13408);
#13408 = CARTESIAN_POINT('',(-2.67,-2.23,-2.65));
#13409 = LINE('',#13410,#13411);
#13410 = CARTESIAN_POINT('',(-2.67,-3.5,-3.1));
#13411 = VECTOR('',#13412,1.);
#13412 = DIRECTION('',(0.,0.942578556478,0.333984527886));
#13413 = ORIENTED_EDGE('',*,*,#13414,.T.);
#13414 = EDGE_CURVE('',#13407,#10998,#13415,.T.);
#13415 = LINE('',#13416,#13417);
#13416 = CARTESIAN_POINT('',(-2.67,-2.23,-2.65));
#13417 = VECTOR('',#13418,1.);
#13418 = DIRECTION('',(0.,1.,0.));
#13419 = ORIENTED_EDGE('',*,*,#10997,.F.);
#13420 = PLANE('',#13421);
#13421 = AXIS2_PLACEMENT_3D('',#13422,#13423,#13424);
#13422 = CARTESIAN_POINT('',(-2.67,0.,0.));
#13423 = DIRECTION('',(-1.,0.,0.));
#13424 = DIRECTION('',(0.,0.,1.));
#13425 = ADVANCED_FACE('',(#13426),#13459,.T.);
#13426 = FACE_BOUND('',#13427,.T.);
#13427 = EDGE_LOOP('',(#13428,#13436,#13444,#13452,#13458));
#13428 = ORIENTED_EDGE('',*,*,#13429,.T.);
#13429 = EDGE_CURVE('',#11064,#13430,#13432,.T.);
#13430 = VERTEX_POINT('',#13431);
#13431 = CARTESIAN_POINT('',(-2.67,-2.23,2.25));
#13432 = LINE('',#13433,#13434);
#13433 = CARTESIAN_POINT('',(-2.67,0.8,2.25));
#13434 = VECTOR('',#13435,1.);
#13435 = DIRECTION('',(0.,-1.,0.));
#13436 = ORIENTED_EDGE('',*,*,#13437,.T.);
#13437 = EDGE_CURVE('',#13430,#13438,#13440,.T.);
#13438 = VERTEX_POINT('',#13439);
#13439 = CARTESIAN_POINT('',(-2.67,-3.5,2.7));
#13440 = LINE('',#13441,#13442);
#13441 = CARTESIAN_POINT('',(-2.67,-2.23,2.25));
#13442 = VECTOR('',#13443,1.);
#13443 = DIRECTION('',(0.,-0.942578556478,0.333984527886));
#13444 = ORIENTED_EDGE('',*,*,#13445,.T.);
#13445 = EDGE_CURVE('',#13438,#13446,#13448,.T.);
#13446 = VERTEX_POINT('',#13447);
#13447 = CARTESIAN_POINT('',(-2.67,-3.5,2.85));
#13448 = LINE('',#13449,#13450);
#13449 = CARTESIAN_POINT('',(-2.67,-3.5,2.7));
#13450 = VECTOR('',#13451,1.);
#13451 = DIRECTION('',(0.,0.,1.));
#13452 = ORIENTED_EDGE('',*,*,#13453,.T.);
#13453 = EDGE_CURVE('',#13446,#11072,#13454,.T.);
#13454 = LINE('',#13455,#13456);
#13455 = CARTESIAN_POINT('',(-2.67,-3.5,2.85));
#13456 = VECTOR('',#13457,1.);
#13457 = DIRECTION('',(0.,1.,0.));
#13458 = ORIENTED_EDGE('',*,*,#11071,.F.);
#13459 = PLANE('',#13460);
#13460 = AXIS2_PLACEMENT_3D('',#13461,#13462,#13463);
#13461 = CARTESIAN_POINT('',(-2.67,0.,0.));
#13462 = DIRECTION('',(-1.,0.,0.));
#13463 = DIRECTION('',(0.,0.,1.));
#13464 = ADVANCED_FACE('',(#13465),#13498,.T.);
#13465 = FACE_BOUND('',#13466,.T.);
#13466 = EDGE_LOOP('',(#13467,#13477,#13485,#13491,#13492));
#13467 = ORIENTED_EDGE('',*,*,#13468,.T.);
#13468 = EDGE_CURVE('',#13469,#13471,#13473,.T.);
#13469 = VERTEX_POINT('',#13470);
#13470 = CARTESIAN_POINT('',(-2.67,4.3,2.45));
#13471 = VERTEX_POINT('',#13472);
#13472 = CARTESIAN_POINT('',(-2.67,9.2,2.45));
#13473 = LINE('',#13474,#13475);
#13474 = CARTESIAN_POINT('',(-2.67,4.3,2.45));
#13475 = VECTOR('',#13476,1.);
#13476 = DIRECTION('',(0.,1.,0.));
#13477 = ORIENTED_EDGE('',*,*,#13478,.T.);
#13478 = EDGE_CURVE('',#13471,#13479,#13481,.T.);
#13479 = VERTEX_POINT('',#13480);
#13480 = CARTESIAN_POINT('',(-2.67,9.2,1.31));
#13481 = LINE('',#13482,#13483);
#13482 = CARTESIAN_POINT('',(-2.67,9.2,2.45));
#13483 = VECTOR('',#13484,1.);
#13484 = DIRECTION('',(0.,0.,-1.));
#13485 = ORIENTED_EDGE('',*,*,#13486,.T.);
#13486 = EDGE_CURVE('',#13479,#13046,#13487,.T.);
#13487 = LINE('',#13488,#13489);
#13488 = CARTESIAN_POINT('',(-2.67,9.2,1.31));
#13489 = VECTOR('',#13490,1.);
#13490 = DIRECTION('',(0.,-1.,0.));
#13491 = ORIENTED_EDGE('',*,*,#13045,.T.);
#13492 = ORIENTED_EDGE('',*,*,#13493,.T.);
#13493 = EDGE_CURVE('',#13038,#13469,#13494,.T.);
#13494 = LINE('',#13495,#13496);
#13495 = CARTESIAN_POINT('',(-2.67,3.7,2.85));
#13496 = VECTOR('',#13497,1.);
#13497 = DIRECTION('',(0.,0.832050294338,-0.554700196225));
#13498 = PLANE('',#13499);
#13499 = AXIS2_PLACEMENT_3D('',#13500,#13501,#13502);
#13500 = CARTESIAN_POINT('',(-2.67,0.,0.));
#13501 = DIRECTION('',(-1.,0.,0.));
#13502 = DIRECTION('',(0.,0.,1.));
#13503 = ADVANCED_FACE('',(#13504),#13537,.T.);
#13504 = FACE_BOUND('',#13505,.T.);
#13505 = EDGE_LOOP('',(#13506,#13516,#13524,#13530,#13531));
#13506 = ORIENTED_EDGE('',*,*,#13507,.T.);
#13507 = EDGE_CURVE('',#13508,#13510,#13512,.T.);
#13508 = VERTEX_POINT('',#13509);
#13509 = CARTESIAN_POINT('',(-2.67,9.2,-1.71));
#13510 = VERTEX_POINT('',#13511);
#13511 = CARTESIAN_POINT('',(-2.67,9.2,-2.85));
#13512 = LINE('',#13513,#13514);
#13513 = CARTESIAN_POINT('',(-2.67,9.2,-1.71));
#13514 = VECTOR('',#13515,1.);
#13515 = DIRECTION('',(0.,0.,-1.));
#13516 = ORIENTED_EDGE('',*,*,#13517,.T.);
#13517 = EDGE_CURVE('',#13510,#13518,#13520,.T.);
#13518 = VERTEX_POINT('',#13519);
#13519 = CARTESIAN_POINT('',(-2.67,4.3,-2.85));
#13520 = LINE('',#13521,#13522);
#13521 = CARTESIAN_POINT('',(-2.67,9.2,-2.85));
#13522 = VECTOR('',#13523,1.);
#13523 = DIRECTION('',(0.,-1.,0.));
#13524 = ORIENTED_EDGE('',*,*,#13525,.T.);
#13525 = EDGE_CURVE('',#13518,#13120,#13526,.T.);
#13526 = LINE('',#13527,#13528);
#13527 = CARTESIAN_POINT('',(-2.67,4.3,-2.85));
#13528 = VECTOR('',#13529,1.);
#13529 = DIRECTION('',(0.,-0.832050294338,-0.554700196225));
#13530 = ORIENTED_EDGE('',*,*,#13119,.T.);
#13531 = ORIENTED_EDGE('',*,*,#13532,.T.);
#13532 = EDGE_CURVE('',#13112,#13508,#13533,.T.);
#13533 = LINE('',#13534,#13535);
#13534 = CARTESIAN_POINT('',(-2.67,3.7,-1.71));
#13535 = VECTOR('',#13536,1.);
#13536 = DIRECTION('',(0.,1.,0.));
#13537 = PLANE('',#13538);
#13538 = AXIS2_PLACEMENT_3D('',#13539,#13540,#13541);
#13539 = CARTESIAN_POINT('',(-2.67,0.,0.));
#13540 = DIRECTION('',(-1.,0.,0.));
#13541 = DIRECTION('',(0.,0.,1.));
#13542 = ADVANCED_FACE('',(#13543),#13554,.T.);
#13543 = FACE_BOUND('',#13544,.T.);
#13544 = EDGE_LOOP('',(#13545,#13546,#13552,#13553));
#13545 = ORIENTED_EDGE('',*,*,#13414,.F.);
#13546 = ORIENTED_EDGE('',*,*,#13547,.F.);
#13547 = EDGE_CURVE('',#13218,#13407,#13548,.T.);
#13548 = LINE('',#13549,#13550);
#13549 = CARTESIAN_POINT('',(-1.53,-2.23,-2.65));
#13550 = VECTOR('',#13551,1.);
#13551 = DIRECTION('',(-1.,0.,0.));
#13552 = ORIENTED_EDGE('',*,*,#13217,.T.);
#13553 = ORIENTED_EDGE('',*,*,#11005,.T.);
#13554 = PLANE('',#13555);
#13555 = AXIS2_PLACEMENT_3D('',#13556,#13557,#13558);
#13556 = CARTESIAN_POINT('',(-1.53,-2.23,-2.65));
#13557 = DIRECTION('',(0.,0.,1.));
#13558 = DIRECTION('',(1.,0.,-0.));
#13559 = ADVANCED_FACE('',(#13560),#13571,.T.);
#13560 = FACE_BOUND('',#13561,.T.);
#13561 = EDGE_LOOP('',(#13562,#13563,#13564,#13570));
#13562 = ORIENTED_EDGE('',*,*,#13547,.T.);
#13563 = ORIENTED_EDGE('',*,*,#13406,.F.);
#13564 = ORIENTED_EDGE('',*,*,#13565,.F.);
#13565 = EDGE_CURVE('',#13226,#13399,#13566,.T.);
#13566 = LINE('',#13567,#13568);
#13567 = CARTESIAN_POINT('',(-1.53,-3.5,-3.1));
#13568 = VECTOR('',#13569,1.);
#13569 = DIRECTION('',(-1.,0.,0.));
#13570 = ORIENTED_EDGE('',*,*,#13225,.T.);
#13571 = PLANE('',#13572);
#13572 = AXIS2_PLACEMENT_3D('',#13573,#13574,#13575);
#13573 = CARTESIAN_POINT('',(-1.53,-3.5,-3.1));
#13574 = DIRECTION('',(0.,-0.333984527886,0.942578556478));
#13575 = DIRECTION('',(-1.,0.,0.));
#13576 = ADVANCED_FACE('',(#13577),#13583,.T.);
#13577 = FACE_BOUND('',#13578,.T.);
#13578 = EDGE_LOOP('',(#13579,#13580,#13581,#13582));
#13579 = ORIENTED_EDGE('',*,*,#13565,.T.);
#13580 = ORIENTED_EDGE('',*,*,#13398,.F.);
#13581 = ORIENTED_EDGE('',*,*,#13374,.F.);
#13582 = ORIENTED_EDGE('',*,*,#13233,.T.);
#13583 = PLANE('',#13584);
#13584 = AXIS2_PLACEMENT_3D('',#13585,#13586,#13587);
#13585 = CARTESIAN_POINT('',(-1.53,-3.5,-3.25));
#13586 = DIRECTION('',(0.,-1.,0.));
#13587 = DIRECTION('',(0.,0.,-1.));
#13588 = ADVANCED_FACE('',(#13589),#13600,.T.);
#13589 = FACE_BOUND('',#13590,.T.);
#13590 = EDGE_LOOP('',(#13591,#13592,#13598,#13599));
#13591 = ORIENTED_EDGE('',*,*,#13453,.F.);
#13592 = ORIENTED_EDGE('',*,*,#13593,.F.);
#13593 = EDGE_CURVE('',#13257,#13446,#13594,.T.);
#13594 = LINE('',#13595,#13596);
#13595 = CARTESIAN_POINT('',(-1.53,-3.5,2.85));
#13596 = VECTOR('',#13597,1.);
#13597 = DIRECTION('',(-1.,0.,0.));
#13598 = ORIENTED_EDGE('',*,*,#13256,.T.);
#13599 = ORIENTED_EDGE('',*,*,#11079,.T.);
#13600 = PLANE('',#13601);
#13601 = AXIS2_PLACEMENT_3D('',#13602,#13603,#13604);
#13602 = CARTESIAN_POINT('',(-1.53,-3.5,2.85));
#13603 = DIRECTION('',(0.,0.,1.));
#13604 = DIRECTION('',(1.,0.,-0.));
#13605 = ADVANCED_FACE('',(#13606),#13617,.T.);
#13606 = FACE_BOUND('',#13607,.T.);
#13607 = EDGE_LOOP('',(#13608,#13609,#13610,#13616));
#13608 = ORIENTED_EDGE('',*,*,#13593,.T.);
#13609 = ORIENTED_EDGE('',*,*,#13445,.F.);
#13610 = ORIENTED_EDGE('',*,*,#13611,.F.);
#13611 = EDGE_CURVE('',#13265,#13438,#13612,.T.);
#13612 = LINE('',#13613,#13614);
#13613 = CARTESIAN_POINT('',(-1.53,-3.5,2.7));
#13614 = VECTOR('',#13615,1.);
#13615 = DIRECTION('',(-1.,0.,0.));
#13616 = ORIENTED_EDGE('',*,*,#13264,.T.);
#13617 = PLANE('',#13618);
#13618 = AXIS2_PLACEMENT_3D('',#13619,#13620,#13621);
#13619 = CARTESIAN_POINT('',(-1.53,-3.5,2.7));
#13620 = DIRECTION('',(0.,-1.,0.));
#13621 = DIRECTION('',(0.,0.,-1.));
#13622 = ADVANCED_FACE('',(#13623),#13634,.T.);
#13623 = FACE_BOUND('',#13624,.T.);
#13624 = EDGE_LOOP('',(#13625,#13626,#13627,#13633));
#13625 = ORIENTED_EDGE('',*,*,#13611,.T.);
#13626 = ORIENTED_EDGE('',*,*,#13437,.F.);
#13627 = ORIENTED_EDGE('',*,*,#13628,.F.);
#13628 = EDGE_CURVE('',#13273,#13430,#13629,.T.);
#13629 = LINE('',#13630,#13631);
#13630 = CARTESIAN_POINT('',(-1.53,-2.23,2.25));
#13631 = VECTOR('',#13632,1.);
#13632 = DIRECTION('',(-1.,0.,0.));
#13633 = ORIENTED_EDGE('',*,*,#13272,.T.);
#13634 = PLANE('',#13635);
#13635 = AXIS2_PLACEMENT_3D('',#13636,#13637,#13638);
#13636 = CARTESIAN_POINT('',(-1.53,-2.23,2.25));
#13637 = DIRECTION('',(0.,-0.333984527886,-0.942578556478));
#13638 = DIRECTION('',(0.,-0.942578556478,0.333984527886));
#13639 = ADVANCED_FACE('',(#13640),#13646,.T.);
#13640 = FACE_BOUND('',#13641,.T.);
#13641 = EDGE_LOOP('',(#13642,#13643,#13644,#13645));
#13642 = ORIENTED_EDGE('',*,*,#13280,.T.);
#13643 = ORIENTED_EDGE('',*,*,#13628,.T.);
#13644 = ORIENTED_EDGE('',*,*,#13429,.F.);
#13645 = ORIENTED_EDGE('',*,*,#11061,.F.);
#13646 = PLANE('',#13647);
#13647 = AXIS2_PLACEMENT_3D('',#13648,#13649,#13650);
#13648 = CARTESIAN_POINT('',(-1.53,3.7,2.25));
#13649 = DIRECTION('',(0.,0.,-1.));
#13650 = DIRECTION('',(0.,-1.,0.));
#13651 = ADVANCED_FACE('',(#13652),#13663,.T.);
#13652 = FACE_BOUND('',#13653,.T.);
#13653 = EDGE_LOOP('',(#13654,#13660,#13661,#13662));
#13654 = ORIENTED_EDGE('',*,*,#13655,.T.);
#13655 = EDGE_CURVE('',#13313,#13469,#13656,.T.);
#13656 = LINE('',#13657,#13658);
#13657 = CARTESIAN_POINT('',(-1.53,4.3,2.45));
#13658 = VECTOR('',#13659,1.);
#13659 = DIRECTION('',(-1.,0.,0.));
#13660 = ORIENTED_EDGE('',*,*,#13493,.F.);
#13661 = ORIENTED_EDGE('',*,*,#13035,.F.);
#13662 = ORIENTED_EDGE('',*,*,#13320,.T.);
#13663 = PLANE('',#13664);
#13664 = AXIS2_PLACEMENT_3D('',#13665,#13666,#13667);
#13665 = CARTESIAN_POINT('',(-1.53,3.7,2.85));
#13666 = DIRECTION('',(0.,0.554700196225,0.832050294338));
#13667 = DIRECTION('',(1.,-0.,0.));
#13668 = ADVANCED_FACE('',(#13669),#13680,.T.);
#13669 = FACE_BOUND('',#13670,.T.);
#13670 = EDGE_LOOP('',(#13671,#13677,#13678,#13679));
#13671 = ORIENTED_EDGE('',*,*,#13672,.T.);
#13672 = EDGE_CURVE('',#13305,#13471,#13673,.T.);
#13673 = LINE('',#13674,#13675);
#13674 = CARTESIAN_POINT('',(-1.53,9.2,2.45));
#13675 = VECTOR('',#13676,1.);
#13676 = DIRECTION('',(-1.,0.,0.));
#13677 = ORIENTED_EDGE('',*,*,#13468,.F.);
#13678 = ORIENTED_EDGE('',*,*,#13655,.F.);
#13679 = ORIENTED_EDGE('',*,*,#13312,.T.);
#13680 = PLANE('',#13681);
#13681 = AXIS2_PLACEMENT_3D('',#13682,#13683,#13684);
#13682 = CARTESIAN_POINT('',(-1.53,4.3,2.45));
#13683 = DIRECTION('',(0.,0.,1.));
#13684 = DIRECTION('',(1.,0.,-0.));
#13685 = ADVANCED_FACE('',(#13686),#13697,.T.);
#13686 = FACE_BOUND('',#13687,.T.);
#13687 = EDGE_LOOP('',(#13688,#13694,#13695,#13696));
#13688 = ORIENTED_EDGE('',*,*,#13689,.T.);
#13689 = EDGE_CURVE('',#13297,#13479,#13690,.T.);
#13690 = LINE('',#13691,#13692);
#13691 = CARTESIAN_POINT('',(-1.53,9.2,1.31));
#13692 = VECTOR('',#13693,1.);
#13693 = DIRECTION('',(-1.,0.,0.));
#13694 = ORIENTED_EDGE('',*,*,#13478,.F.);
#13695 = ORIENTED_EDGE('',*,*,#13672,.F.);
#13696 = ORIENTED_EDGE('',*,*,#13304,.T.);
#13697 = PLANE('',#13698);
#13698 = AXIS2_PLACEMENT_3D('',#13699,#13700,#13701);
#13699 = CARTESIAN_POINT('',(-1.53,9.2,2.45));
#13700 = DIRECTION('',(-0.,1.,0.));
#13701 = DIRECTION('',(1.,0.,0.));
#13702 = ADVANCED_FACE('',(#13703),#13709,.T.);
#13703 = FACE_BOUND('',#13704,.T.);
#13704 = EDGE_LOOP('',(#13705,#13706,#13707,#13708));
#13705 = ORIENTED_EDGE('',*,*,#13053,.T.);
#13706 = ORIENTED_EDGE('',*,*,#13486,.F.);
#13707 = ORIENTED_EDGE('',*,*,#13689,.F.);
#13708 = ORIENTED_EDGE('',*,*,#13296,.T.);
#13709 = PLANE('',#13710);
#13710 = AXIS2_PLACEMENT_3D('',#13711,#13712,#13713);
#13711 = CARTESIAN_POINT('',(-1.53,9.2,1.31));
#13712 = DIRECTION('',(0.,0.,-1.));
#13713 = DIRECTION('',(0.,-1.,0.));
#13714 = ADVANCED_FACE('',(#13715),#13726,.T.);
#13715 = FACE_BOUND('',#13716,.T.);
#13716 = EDGE_LOOP('',(#13717,#13723,#13724,#13725));
#13717 = ORIENTED_EDGE('',*,*,#13718,.T.);
#13718 = EDGE_CURVE('',#13352,#13508,#13719,.T.);
#13719 = LINE('',#13720,#13721);
#13720 = CARTESIAN_POINT('',(-1.53,9.2,-1.71));
#13721 = VECTOR('',#13722,1.);
#13722 = DIRECTION('',(-1.,0.,0.));
#13723 = ORIENTED_EDGE('',*,*,#13532,.F.);
#13724 = ORIENTED_EDGE('',*,*,#13109,.F.);
#13725 = ORIENTED_EDGE('',*,*,#13359,.T.);
#13726 = PLANE('',#13727);
#13727 = AXIS2_PLACEMENT_3D('',#13728,#13729,#13730);
#13728 = CARTESIAN_POINT('',(-1.53,3.7,-1.71));
#13729 = DIRECTION('',(0.,0.,1.));
#13730 = DIRECTION('',(1.,0.,-0.));
#13731 = ADVANCED_FACE('',(#13732),#13743,.T.);
#13732 = FACE_BOUND('',#13733,.T.);
#13733 = EDGE_LOOP('',(#13734,#13740,#13741,#13742));
#13734 = ORIENTED_EDGE('',*,*,#13735,.T.);
#13735 = EDGE_CURVE('',#13344,#13510,#13736,.T.);
#13736 = LINE('',#13737,#13738);
#13737 = CARTESIAN_POINT('',(-1.53,9.2,-2.85));
#13738 = VECTOR('',#13739,1.);
#13739 = DIRECTION('',(-1.,0.,0.));
#13740 = ORIENTED_EDGE('',*,*,#13507,.F.);
#13741 = ORIENTED_EDGE('',*,*,#13718,.F.);
#13742 = ORIENTED_EDGE('',*,*,#13351,.T.);
#13743 = PLANE('',#13744);
#13744 = AXIS2_PLACEMENT_3D('',#13745,#13746,#13747);
#13745 = CARTESIAN_POINT('',(-1.53,9.2,-1.71));
#13746 = DIRECTION('',(-0.,1.,0.));
#13747 = DIRECTION('',(1.,0.,0.));
#13748 = ADVANCED_FACE('',(#13749),#13760,.T.);
#13749 = FACE_BOUND('',#13750,.T.);
#13750 = EDGE_LOOP('',(#13751,#13757,#13758,#13759));
#13751 = ORIENTED_EDGE('',*,*,#13752,.T.);
#13752 = EDGE_CURVE('',#13336,#13518,#13753,.T.);
#13753 = LINE('',#13754,#13755);
#13754 = CARTESIAN_POINT('',(-1.53,4.3,-2.85));
#13755 = VECTOR('',#13756,1.);
#13756 = DIRECTION('',(-1.,0.,0.));
#13757 = ORIENTED_EDGE('',*,*,#13517,.F.);
#13758 = ORIENTED_EDGE('',*,*,#13735,.F.);
#13759 = ORIENTED_EDGE('',*,*,#13343,.T.);
#13760 = PLANE('',#13761);
#13761 = AXIS2_PLACEMENT_3D('',#13762,#13763,#13764);
#13762 = CARTESIAN_POINT('',(-1.53,9.2,-2.85));
#13763 = DIRECTION('',(0.,0.,-1.));
#13764 = DIRECTION('',(0.,-1.,0.));
#13765 = ADVANCED_FACE('',(#13766),#13772,.T.);
#13766 = FACE_BOUND('',#13767,.T.);
#13767 = EDGE_LOOP('',(#13768,#13769,#13770,#13771));
#13768 = ORIENTED_EDGE('',*,*,#13127,.T.);
#13769 = ORIENTED_EDGE('',*,*,#13525,.F.);
#13770 = ORIENTED_EDGE('',*,*,#13752,.F.);
#13771 = ORIENTED_EDGE('',*,*,#13335,.T.);
#13772 = PLANE('',#13773);
#13773 = AXIS2_PLACEMENT_3D('',#13774,#13775,#13776);
#13774 = CARTESIAN_POINT('',(-1.53,4.3,-2.85));
#13775 = DIRECTION('',(0.,0.554700196225,-0.832050294338));
#13776 = DIRECTION('',(-1.,0.,0.));
#13777 = ADVANCED_FACE('',(#13778),#13784,.F.);
#13778 = FACE_BOUND('',#13779,.T.);
#13779 = EDGE_LOOP('',(#13780,#13781,#13782,#13783));
#13780 = ORIENTED_EDGE('',*,*,#11433,.T.);
#13781 = ORIENTED_EDGE('',*,*,#10962,.F.);
#13782 = ORIENTED_EDGE('',*,*,#11361,.F.);
#13783 = ORIENTED_EDGE('',*,*,#10285,.F.);
#13784 = PLANE('',#13785);
#13785 = AXIS2_PLACEMENT_3D('',#13786,#13787,#13788);
#13786 = CARTESIAN_POINT('',(-3.4,0.,-0.5));
#13787 = DIRECTION('',(-1.,0.,0.));
#13788 = DIRECTION('',(0.,0.,1.));
#13789 = ADVANCED_FACE('',(#13790),#13796,.F.);
#13790 = FACE_BOUND('',#13791,.T.);
#13791 = EDGE_LOOP('',(#13792,#13793,#13794,#13795));
#13792 = ORIENTED_EDGE('',*,*,#11465,.T.);
#13793 = ORIENTED_EDGE('',*,*,#10930,.F.);
#13794 = ORIENTED_EDGE('',*,*,#10908,.F.);
#13795 = ORIENTED_EDGE('',*,*,#11307,.T.);
#13796 = PLANE('',#13797);
#13797 = AXIS2_PLACEMENT_3D('',#13798,#13799,#13800);
#13798 = CARTESIAN_POINT('',(-1.1,0.,-4.8));
#13799 = DIRECTION('',(1.,0.,0.));
#13800 = DIRECTION('',(-0.,1.,0.));
#13801 = ADVANCED_FACE('',(#13802),#13808,.F.);
#13802 = FACE_BOUND('',#13803,.T.);
#13803 = EDGE_LOOP('',(#13804,#13805,#13806,#13807));
#13804 = ORIENTED_EDGE('',*,*,#11456,.T.);
#13805 = ORIENTED_EDGE('',*,*,#10666,.F.);
#13806 = ORIENTED_EDGE('',*,*,#11338,.F.);
#13807 = ORIENTED_EDGE('',*,*,#10341,.F.);
#13808 = PLANE('',#13809);
#13809 = AXIS2_PLACEMENT_3D('',#13810,#13811,#13812);
#13810 = CARTESIAN_POINT('',(0.8,0.,-0.5));
#13811 = DIRECTION('',(-1.,0.,0.));
#13812 = DIRECTION('',(0.,0.,1.));
#13813 = ADVANCED_FACE('',(#13814),#13820,.F.);
#13814 = FACE_BOUND('',#13815,.T.);
#13815 = EDGE_LOOP('',(#13816,#13817,#13818,#13819));
#13816 = ORIENTED_EDGE('',*,*,#10892,.T.);
#13817 = ORIENTED_EDGE('',*,*,#10682,.F.);
#13818 = ORIENTED_EDGE('',*,*,#11449,.T.);
#13819 = ORIENTED_EDGE('',*,*,#11291,.F.);
#13820 = PLANE('',#13821);
#13821 = AXIS2_PLACEMENT_3D('',#13822,#13823,#13824);
#13822 = CARTESIAN_POINT('',(1.1,0.,-3.8));
#13823 = DIRECTION('',(-1.,0.,0.));
#13824 = DIRECTION('',(0.,0.,1.));
#13825 = ADVANCED_FACE('',(#13826),#13832,.F.);
#13826 = FACE_BOUND('',#13827,.T.);
#13827 = EDGE_LOOP('',(#13828,#13829,#13830,#13831));
#13828 = ORIENTED_EDGE('',*,*,#10402,.T.);
#13829 = ORIENTED_EDGE('',*,*,#10301,.F.);
#13830 = ORIENTED_EDGE('',*,*,#11354,.F.);
#13831 = ORIENTED_EDGE('',*,*,#11125,.T.);
#13832 = PLANE('',#13833);
#13833 = AXIS2_PLACEMENT_3D('',#13834,#13835,#13836);
#13834 = CARTESIAN_POINT('',(-3.8,0.,-0.5));
#13835 = DIRECTION('',(1.,0.,0.));
#13836 = DIRECTION('',(-0.,1.,0.));
#13837 = ADVANCED_FACE('',(#13838),#13844,.F.);
#13838 = FACE_BOUND('',#13839,.T.);
#13839 = EDGE_LOOP('',(#13840,#13841,#13842,#13843));
#13840 = ORIENTED_EDGE('',*,*,#10584,.T.);
#13841 = ORIENTED_EDGE('',*,*,#11038,.F.);
#13842 = ORIENTED_EDGE('',*,*,#10441,.F.);
#13843 = ORIENTED_EDGE('',*,*,#10245,.F.);
#13844 = PLANE('',#13845);
#13845 = AXIS2_PLACEMENT_3D('',#13846,#13847,#13848);
#13846 = CARTESIAN_POINT('',(-0.8,0.,0.5));
#13847 = DIRECTION('',(1.,0.,0.));
#13848 = DIRECTION('',(-0.,1.,0.));
#13849 = ADVANCED_FACE('',(#13850),#13856,.F.);
#13850 = FACE_BOUND('',#13851,.T.);
#13851 = EDGE_LOOP('',(#13852,#13853,#13854,#13855));
#13852 = ORIENTED_EDGE('',*,*,#10434,.T.);
#13853 = ORIENTED_EDGE('',*,*,#10747,.F.);
#13854 = ORIENTED_EDGE('',*,*,#10536,.F.);
#13855 = ORIENTED_EDGE('',*,*,#10229,.F.);
#13856 = PLANE('',#13857);
#13857 = AXIS2_PLACEMENT_3D('',#13858,#13859,#13860);
#13858 = CARTESIAN_POINT('',(0.8,0.,3.8));
#13859 = DIRECTION('',(-1.,0.,0.));
#13860 = DIRECTION('',(0.,0.,1.));
#13861 = ( GEOMETRIC_REPRESENTATION_CONTEXT(3) 
GLOBAL_UNCERTAINTY_ASSIGNED_CONTEXT((#13865)) 
GLOBAL_UNIT_ASSIGNED_CONTEXT((#13862,#13863,#13864)) 
REPRESENTATION_CONTEXT('Context #1',
  '3D Context with UNIT and UNCERTAINTY') );
#13862 = ( LENGTH_UNIT() NAMED_UNIT(*) SI_UNIT(.MILLI.,.METRE.) );
#13863 = ( NAMED_UNIT(*) PLANE_ANGLE_UNIT() SI_UNIT($,.RADIAN.) );
#13864 = ( NAMED_UNIT(*) SI_UNIT($,.STERADIAN.) SOLID_ANGLE_UNIT() );
#13865 = UNCERTAINTY_MEASURE_WITH_UNIT(LENGTH_MEASURE(1.E-07),#13862,
  'distance_accuracy_value','confusion accuracy');
#13866 = CONTEXT_DEPENDENT_SHAPE_REPRESENTATION(#13867,#13869);
#13867 = ( REPRESENTATION_RELATIONSHIP('','',#9908,#9881) 
REPRESENTATION_RELATIONSHIP_WITH_TRANSFORMATION(#13868) 
SHAPE_REPRESENTATION_RELATIONSHIP() );
#13868 = ITEM_DEFINED_TRANSFORMATION('','',#11,#9882);
#13869 = PRODUCT_DEFINITION_SHAPE('Placement','Placement of an item',
  #13870);
#13870 = NEXT_ASSEMBLY_USAGE_OCCURRENCE('3','=>[0:1:1:2]','',#9876,#9903
  ,$);
#13871 = PRODUCT_RELATED_PRODUCT_CATEGORY('part',$,(#9905));
#13872 = SHAPE_DEFINITION_REPRESENTATION(#13873,#13879);
#13873 = PRODUCT_DEFINITION_SHAPE('','',#13874);
#13874 = PRODUCT_DEFINITION('design','',#13875,#13878);
#13875 = PRODUCT_DEFINITION_FORMATION('','',#13876);
#13876 = PRODUCT('COMPOUND','COMPOUND','',(#13877));
#13877 = PRODUCT_CONTEXT('',#2,'mechanical');
#13878 = PRODUCT_DEFINITION_CONTEXT('part definition',#2,'design');
#13879 = SHAPE_REPRESENTATION('',(#11,#13880,#13889,#13898,#13907,#13916
    ,#13925,#13934,#13943),#13952);
#13880 = GEOMETRIC_CURVE_SET('',(#13881));
#13881 = TRIMMED_CURVE('',#13882,(#13887,PARAMETER_VALUE(0.)),(#13888,
    PARAMETER_VALUE(3.141592653589)),.T.,.PARAMETER.);
#13882 = CIRCLE('',#13883,0.7);
#13883 = AXIS2_PLACEMENT_3D('',#13884,#13885,#13886);
#13884 = CARTESIAN_POINT('',(2.1,0.,-2.95));
#13885 = DIRECTION('',(0.,-1.,0.));
#13886 = DIRECTION('',(1.,0.,0.));
#13887 = CARTESIAN_POINT('',(2.8,0.,-2.95));
#13888 = CARTESIAN_POINT('',(1.4,0.,-2.95));
#13889 = GEOMETRIC_CURVE_SET('',(#13890));
#13890 = TRIMMED_CURVE('',#13891,(#13896,PARAMETER_VALUE(0.)),(#13897,
    PARAMETER_VALUE(3.141592653589)),.T.,.PARAMETER.);
#13891 = CIRCLE('',#13892,0.7);
#13892 = AXIS2_PLACEMENT_3D('',#13893,#13894,#13895);
#13893 = CARTESIAN_POINT('',(2.1,0.,-2.95));
#13894 = DIRECTION('',(0.,-1.,0.));
#13895 = DIRECTION('',(-1.,0.,0.));
#13896 = CARTESIAN_POINT('',(1.4,0.,-2.95));
#13897 = CARTESIAN_POINT('',(2.8,0.,-2.95));
#13898 = GEOMETRIC_CURVE_SET('',(#13899));
#13899 = TRIMMED_CURVE('',#13900,(#13905,PARAMETER_VALUE(0.)),(#13906,
    PARAMETER_VALUE(3.141592653589)),.T.,.PARAMETER.);
#13900 = CIRCLE('',#13901,0.7);
#13901 = AXIS2_PLACEMENT_3D('',#13902,#13903,#13904);
#13902 = CARTESIAN_POINT('',(2.1,0.,2.55));
#13903 = DIRECTION('',(0.,-1.,0.));
#13904 = DIRECTION('',(1.,0.,0.));
#13905 = CARTESIAN_POINT('',(2.8,0.,2.55));
#13906 = CARTESIAN_POINT('',(1.4,0.,2.55));
#13907 = GEOMETRIC_CURVE_SET('',(#13908));
#13908 = TRIMMED_CURVE('',#13909,(#13914,PARAMETER_VALUE(0.)),(#13915,
    PARAMETER_VALUE(3.141592653589)),.T.,.PARAMETER.);
#13909 = CIRCLE('',#13910,0.7);
#13910 = AXIS2_PLACEMENT_3D('',#13911,#13912,#13913);
#13911 = CARTESIAN_POINT('',(2.1,0.,2.55));
#13912 = DIRECTION('',(0.,-1.,0.));
#13913 = DIRECTION('',(-1.,0.,0.));
#13914 = CARTESIAN_POINT('',(1.4,0.,2.55));
#13915 = CARTESIAN_POINT('',(2.8,0.,2.55));
#13916 = GEOMETRIC_CURVE_SET('',(#13917));
#13917 = TRIMMED_CURVE('',#13918,(#13923,PARAMETER_VALUE(0.)),(#13924,
    PARAMETER_VALUE(3.141592653589)),.T.,.PARAMETER.);
#13918 = CIRCLE('',#13919,0.7);
#13919 = AXIS2_PLACEMENT_3D('',#13920,#13921,#13922);
#13920 = CARTESIAN_POINT('',(-2.1,0.,-2.95));
#13921 = DIRECTION('',(0.,-1.,0.));
#13922 = DIRECTION('',(1.,0.,0.));
#13923 = CARTESIAN_POINT('',(-1.4,0.,-2.95));
#13924 = CARTESIAN_POINT('',(-2.8,0.,-2.95));
#13925 = GEOMETRIC_CURVE_SET('',(#13926));
#13926 = TRIMMED_CURVE('',#13927,(#13932,PARAMETER_VALUE(0.)),(#13933,
    PARAMETER_VALUE(3.141592653589)),.T.,.PARAMETER.);
#13927 = CIRCLE('',#13928,0.7);
#13928 = AXIS2_PLACEMENT_3D('',#13929,#13930,#13931);
#13929 = CARTESIAN_POINT('',(-2.1,0.,-2.95));
#13930 = DIRECTION('',(0.,-1.,0.));
#13931 = DIRECTION('',(-1.,0.,0.));
#13932 = CARTESIAN_POINT('',(-2.8,0.,-2.95));
#13933 = CARTESIAN_POINT('',(-1.4,0.,-2.95));
#13934 = GEOMETRIC_CURVE_SET('',(#13935));
#13935 = TRIMMED_CURVE('',#13936,(#13941,PARAMETER_VALUE(0.)),(#13942,
    PARAMETER_VALUE(3.141592653589)),.T.,.PARAMETER.);
#13936 = CIRCLE('',#13937,0.7);
#13937 = AXIS2_PLACEMENT_3D('',#13938,#13939,#13940);
#13938 = CARTESIAN_POINT('',(-2.1,0.,2.55));
#13939 = DIRECTION('',(0.,-1.,0.));
#13940 = DIRECTION('',(1.,0.,0.));
#13941 = CARTESIAN_POINT('',(-1.4,0.,2.55));
#13942 = CARTESIAN_POINT('',(-2.8,0.,2.55));
#13943 = GEOMETRIC_CURVE_SET('',(#13944));
#13944 = TRIMMED_CURVE('',#13945,(#13950,PARAMETER_VALUE(0.)),(#13951,
    PARAMETER_VALUE(3.141592653589)),.T.,.PARAMETER.);
#13945 = CIRCLE('',#13946,0.7);
#13946 = AXIS2_PLACEMENT_3D('',#13947,#13948,#13949);
#13947 = CARTESIAN_POINT('',(-2.1,0.,2.55));
#13948 = DIRECTION('',(0.,-1.,0.));
#13949 = DIRECTION('',(-1.,0.,0.));
#13950 = CARTESIAN_POINT('',(-2.8,0.,2.55));
#13951 = CARTESIAN_POINT('',(-1.4,0.,2.55));
#13952 = ( GEOMETRIC_REPRESENTATION_CONTEXT(3) 
GLOBAL_UNCERTAINTY_ASSIGNED_CONTEXT((#13956)) 
GLOBAL_UNIT_ASSIGNED_CONTEXT((#13953,#13954,#13955)) 
REPRESENTATION_CONTEXT('Context #1',
  '3D Context with UNIT and UNCERTAINTY') );
#13953 = ( LENGTH_UNIT() NAMED_UNIT(*) SI_UNIT(.MILLI.,.METRE.) );
#13954 = ( NAMED_UNIT(*) PLANE_ANGLE_UNIT() SI_UNIT($,.RADIAN.) );
#13955 = ( NAMED_UNIT(*) SI_UNIT($,.STERADIAN.) SOLID_ANGLE_UNIT() );
#13956 = UNCERTAINTY_MEASURE_WITH_UNIT(LENGTH_MEASURE(1.E-07),#13953,
  'distance_accuracy_value','confusion accuracy');
#13957 = CONTEXT_DEPENDENT_SHAPE_REPRESENTATION(#13958,#13960);
#13958 = ( REPRESENTATION_RELATIONSHIP('','',#13879,#9881) 
REPRESENTATION_RELATIONSHIP_WITH_TRANSFORMATION(#13959) 
SHAPE_REPRESENTATION_RELATIONSHIP() );
#13959 = ITEM_DEFINED_TRANSFORMATION('','',#11,#9886);
#13960 = PRODUCT_DEFINITION_SHAPE('Placement','Placement of an item',
  #13961);
#13961 = NEXT_ASSEMBLY_USAGE_OCCURRENCE('4','=>[0:1:1:3]','',#9876,
  #13874,$);
#13962 = PRODUCT_RELATED_PRODUCT_CATEGORY('part',$,(#13876));
#13963 = SHAPE_DEFINITION_REPRESENTATION(#13964,#13970);
#13964 = PRODUCT_DEFINITION_SHAPE('','',#13965);
#13965 = PRODUCT_DEFINITION('design','',#13966,#13969);
#13966 = PRODUCT_DEFINITION_FORMATION('','',#13967);
#13967 = PRODUCT('ElectronicsPCB_PCB','ElectronicsPCB_PCB','',(#13968));
#13968 = PRODUCT_CONTEXT('',#2,'mechanical');
#13969 = PRODUCT_DEFINITION_CONTEXT('part definition',#2,'design');
#13970 = ADVANCED_BREP_SHAPE_REPRESENTATION('',(#11,#13971),#20228);
#13971 = MANIFOLD_SOLID_BREP('',#13972);
#13972 = CLOSED_SHELL('',(#13973,#14015,#14046,#14077,#15812,#17547,
    #17564,#17581,#17598,#17615,#17627,#17644,#17661,#17678,#17695,
    #17712,#17729,#17746,#17763,#17780,#17797,#17814,#17831,#17848,
    #17865,#17882,#17899,#17916,#17933,#17950,#17967,#17984,#18001,
    #18018,#18035,#18052,#18069,#18086,#18103,#18120,#18137,#18154,
    #18171,#18188,#18205,#18222,#18239,#18256,#18273,#18290,#18307,
    #18324,#18341,#18358,#18375,#18392,#18409,#18426,#18443,#18460,
    #18477,#18494,#18511,#18528,#18545,#18562,#18579,#18596,#18613,
    #18630,#18647,#18664,#18681,#18698,#18715,#18732,#18749,#18766,
    #18783,#18800,#18817,#18834,#18851,#18868,#18885,#18902,#18919,
    #18936,#18953,#18970,#18987,#19004,#19021,#19038,#19055,#19072,
    #19089,#19106,#19123,#19140,#19157,#19174,#19191,#19208,#19225,
    #19242,#19259,#19276,#19293,#19310,#19327,#19344,#19361,#19378,
    #19395,#19412,#19429,#19446,#19463,#19480,#19497,#19514,#19531,
    #19548,#19565,#19582,#19599,#19616,#19633,#19650,#19667,#19684,
    #19701,#19718,#19735,#19752,#19769,#19786,#19803,#19820,#19837,
    #19854,#19871,#19888,#19905,#19922,#19939,#19956,#19973,#19990,
    #20007,#20024,#20041,#20058,#20075,#20092,#20109,#20126,#20143,
    #20160,#20177,#20194,#20211));
#13973 = ADVANCED_FACE('',(#13974),#14010,.T.);
#13974 = FACE_BOUND('',#13975,.T.);
#13975 = EDGE_LOOP('',(#13976,#13986,#13995,#14003));
#13976 = ORIENTED_EDGE('',*,*,#13977,.T.);
#13977 = EDGE_CURVE('',#13978,#13980,#13982,.T.);
#13978 = VERTEX_POINT('',#13979);
#13979 = CARTESIAN_POINT('',(160.,-37.,0.));
#13980 = VERTEX_POINT('',#13981);
#13981 = CARTESIAN_POINT('',(160.,-37.,1.510198));
#13982 = LINE('',#13983,#13984);
#13983 = CARTESIAN_POINT('',(160.,-37.,0.));
#13984 = VECTOR('',#13985,1.);
#13985 = DIRECTION('',(0.,0.,1.));
#13986 = ORIENTED_EDGE('',*,*,#13987,.T.);
#13987 = EDGE_CURVE('',#13980,#13988,#13990,.T.);
#13988 = VERTEX_POINT('',#13989);
#13989 = CARTESIAN_POINT('',(163.,-40.,1.510198));
#13990 = CIRCLE('',#13991,3.000001172987);
#13991 = AXIS2_PLACEMENT_3D('',#13992,#13993,#13994);
#13992 = CARTESIAN_POINT('',(159.99999882701,-40.00000117298,1.510198));
#13993 = DIRECTION('',(0.,0.,-1.));
#13994 = DIRECTION('',(3.909953710804E-07,1.,0.));
#13995 = ORIENTED_EDGE('',*,*,#13996,.F.);
#13996 = EDGE_CURVE('',#13997,#13988,#13999,.T.);
#13997 = VERTEX_POINT('',#13998);
#13998 = CARTESIAN_POINT('',(163.,-40.,0.));
#13999 = LINE('',#14000,#14001);
#14000 = CARTESIAN_POINT('',(163.,-40.,0.));
#14001 = VECTOR('',#14002,1.);
#14002 = DIRECTION('',(0.,0.,1.));
#14003 = ORIENTED_EDGE('',*,*,#14004,.F.);
#14004 = EDGE_CURVE('',#13978,#13997,#14005,.T.);
#14005 = CIRCLE('',#14006,3.000001172987);
#14006 = AXIS2_PLACEMENT_3D('',#14007,#14008,#14009);
#14007 = CARTESIAN_POINT('',(159.99999882701,-40.00000117298,0.));
#14008 = DIRECTION('',(0.,0.,-1.));
#14009 = DIRECTION('',(3.909953710804E-07,1.,0.));
#14010 = CYLINDRICAL_SURFACE('',#14011,3.000001172987);
#14011 = AXIS2_PLACEMENT_3D('',#14012,#14013,#14014);
#14012 = CARTESIAN_POINT('',(159.99999882701,-40.00000117298,0.));
#14013 = DIRECTION('',(0.,0.,-1.));
#14014 = DIRECTION('',(3.909953710804E-07,1.,0.));
#14015 = ADVANCED_FACE('',(#14016),#14041,.T.);
#14016 = FACE_BOUND('',#14017,.T.);
#14017 = EDGE_LOOP('',(#14018,#14028,#14034,#14035));
#14018 = ORIENTED_EDGE('',*,*,#14019,.T.);
#14019 = EDGE_CURVE('',#14020,#14022,#14024,.T.);
#14020 = VERTEX_POINT('',#14021);
#14021 = CARTESIAN_POINT('',(104.,-37.,0.));
#14022 = VERTEX_POINT('',#14023);
#14023 = CARTESIAN_POINT('',(104.,-37.,1.510198));
#14024 = LINE('',#14025,#14026);
#14025 = CARTESIAN_POINT('',(104.,-37.,0.));
#14026 = VECTOR('',#14027,1.);
#14027 = DIRECTION('',(0.,0.,1.));
#14028 = ORIENTED_EDGE('',*,*,#14029,.T.);
#14029 = EDGE_CURVE('',#14022,#13980,#14030,.T.);
#14030 = LINE('',#14031,#14032);
#14031 = CARTESIAN_POINT('',(104.,-37.,1.510198));
#14032 = VECTOR('',#14033,1.);
#14033 = DIRECTION('',(1.,0.,0.));
#14034 = ORIENTED_EDGE('',*,*,#13977,.F.);
#14035 = ORIENTED_EDGE('',*,*,#14036,.F.);
#14036 = EDGE_CURVE('',#14020,#13978,#14037,.T.);
#14037 = LINE('',#14038,#14039);
#14038 = CARTESIAN_POINT('',(104.,-37.,0.));
#14039 = VECTOR('',#14040,1.);
#14040 = DIRECTION('',(1.,0.,0.));
#14041 = PLANE('',#14042);
#14042 = AXIS2_PLACEMENT_3D('',#14043,#14044,#14045);
#14043 = CARTESIAN_POINT('',(104.,-37.,0.));
#14044 = DIRECTION('',(0.,1.,0.));
#14045 = DIRECTION('',(1.,0.,0.));
#14046 = ADVANCED_FACE('',(#14047),#14072,.T.);
#14047 = FACE_BOUND('',#14048,.T.);
#14048 = EDGE_LOOP('',(#14049,#14050,#14058,#14066));
#14049 = ORIENTED_EDGE('',*,*,#13996,.T.);
#14050 = ORIENTED_EDGE('',*,*,#14051,.T.);
#14051 = EDGE_CURVE('',#13988,#14052,#14054,.T.);
#14052 = VERTEX_POINT('',#14053);
#14053 = CARTESIAN_POINT('',(163.,-126.,1.510198));
#14054 = LINE('',#14055,#14056);
#14055 = CARTESIAN_POINT('',(163.,-40.,1.510198));
#14056 = VECTOR('',#14057,1.);
#14057 = DIRECTION('',(0.,-1.,0.));
#14058 = ORIENTED_EDGE('',*,*,#14059,.F.);
#14059 = EDGE_CURVE('',#14060,#14052,#14062,.T.);
#14060 = VERTEX_POINT('',#14061);
#14061 = CARTESIAN_POINT('',(163.,-126.,0.));
#14062 = LINE('',#14063,#14064);
#14063 = CARTESIAN_POINT('',(163.,-126.,0.));
#14064 = VECTOR('',#14065,1.);
#14065 = DIRECTION('',(0.,0.,1.));
#14066 = ORIENTED_EDGE('',*,*,#14067,.F.);
#14067 = EDGE_CURVE('',#13997,#14060,#14068,.T.);
#14068 = LINE('',#14069,#14070);
#14069 = CARTESIAN_POINT('',(163.,-40.,0.));
#14070 = VECTOR('',#14071,1.);
#14071 = DIRECTION('',(0.,-1.,0.));
#14072 = PLANE('',#14073);
#14073 = AXIS2_PLACEMENT_3D('',#14074,#14075,#14076);
#14074 = CARTESIAN_POINT('',(163.,-40.,0.));
#14075 = DIRECTION('',(1.,0.,-0.));
#14076 = DIRECTION('',(0.,-1.,0.));
#14077 = ADVANCED_FACE('',(#14078,#14124,#14135,#14146,#14157,#14168,
    #14179,#14190,#14201,#14212,#14223,#14234,#14245,#14256,#14267,
    #14278,#14289,#14300,#14311,#14322,#14333,#14344,#14355,#14366,
    #14377,#14388,#14399,#14410,#14421,#14432,#14443,#14454,#14465,
    #14476,#14487,#14498,#14509,#14520,#14531,#14542,#14553,#14564,
    #14575,#14586,#14597,#14608,#14619,#14630,#14641,#14652,#14663,
    #14674,#14685,#14696,#14707,#14718,#14729,#14740,#14751,#14762,
    #14773,#14784,#14795,#14806,#14817,#14828,#14839,#14850,#14861,
    #14872,#14883,#14894,#14905,#14916,#14927,#14938,#14949,#14960,
    #14971,#14982,#14993,#15004,#15015,#15026,#15037,#15048,#15059,
    #15070,#15081,#15092,#15103,#15114,#15125,#15136,#15147,#15158,
    #15169,#15180,#15191,#15202,#15213,#15224,#15235,#15246,#15257,
    #15268,#15279,#15290,#15301,#15312,#15323,#15334,#15345,#15356,
    #15367,#15378,#15389,#15400,#15411,#15422,#15433,#15444,#15455,
    #15466,#15477,#15488,#15499,#15510,#15521,#15532,#15543,#15554,
    #15565,#15576,#15587,#15598,#15609,#15620,#15631,#15642,#15653,
    #15664,#15675,#15686,#15697,#15708,#15719,#15730,#15741,#15752,
    #15763,#15774,#15785,#15796),#15807,.F.);
#14078 = FACE_BOUND('',#14079,.F.);
#14079 = EDGE_LOOP('',(#14080,#14081,#14082,#14091,#14099,#14108,#14116,
    #14123));
#14080 = ORIENTED_EDGE('',*,*,#14004,.F.);
#14081 = ORIENTED_EDGE('',*,*,#14036,.F.);
#14082 = ORIENTED_EDGE('',*,*,#14083,.F.);
#14083 = EDGE_CURVE('',#14084,#14020,#14086,.T.);
#14084 = VERTEX_POINT('',#14085);
#14085 = CARTESIAN_POINT('',(101.,-40.,0.));
#14086 = CIRCLE('',#14087,3.000001172987);
#14087 = AXIS2_PLACEMENT_3D('',#14088,#14089,#14090);
#14088 = CARTESIAN_POINT('',(104.00000117298,-40.00000117298,0.));
#14089 = DIRECTION('',(0.,0.,-1.));
#14090 = DIRECTION('',(-1.,3.909953663434E-07,0.));
#14091 = ORIENTED_EDGE('',*,*,#14092,.F.);
#14092 = EDGE_CURVE('',#14093,#14084,#14095,.T.);
#14093 = VERTEX_POINT('',#14094);
#14094 = CARTESIAN_POINT('',(101.,-126.,0.));
#14095 = LINE('',#14096,#14097);
#14096 = CARTESIAN_POINT('',(101.,-126.,0.));
#14097 = VECTOR('',#14098,1.);
#14098 = DIRECTION('',(0.,1.,0.));
#14099 = ORIENTED_EDGE('',*,*,#14100,.F.);
#14100 = EDGE_CURVE('',#14101,#14093,#14103,.T.);
#14101 = VERTEX_POINT('',#14102);
#14102 = CARTESIAN_POINT('',(104.,-129.,0.));
#14103 = CIRCLE('',#14104,3.000001172987);
#14104 = AXIS2_PLACEMENT_3D('',#14105,#14106,#14107);
#14105 = CARTESIAN_POINT('',(104.00000117298,-125.999998827,0.));
#14106 = DIRECTION('',(0.,0.,-1.));
#14107 = DIRECTION('',(-3.909953616065E-07,-1.,-0.));
#14108 = ORIENTED_EDGE('',*,*,#14109,.F.);
#14109 = EDGE_CURVE('',#14110,#14101,#14112,.T.);
#14110 = VERTEX_POINT('',#14111);
#14111 = CARTESIAN_POINT('',(160.,-129.,0.));
#14112 = LINE('',#14113,#14114);
#14113 = CARTESIAN_POINT('',(160.,-129.,0.));
#14114 = VECTOR('',#14115,1.);
#14115 = DIRECTION('',(-1.,0.,0.));
#14116 = ORIENTED_EDGE('',*,*,#14117,.F.);
#14117 = EDGE_CURVE('',#14060,#14110,#14118,.T.);
#14118 = CIRCLE('',#14119,3.000001172987);
#14119 = AXIS2_PLACEMENT_3D('',#14120,#14121,#14122);
#14120 = CARTESIAN_POINT('',(159.99999882701,-125.999998827,0.));
#14121 = DIRECTION('',(0.,0.,-1.));
#14122 = DIRECTION('',(1.,-3.909953663434E-07,0.));
#14123 = ORIENTED_EDGE('',*,*,#14067,.F.);
#14124 = FACE_BOUND('',#14125,.F.);
#14125 = EDGE_LOOP('',(#14126));
#14126 = ORIENTED_EDGE('',*,*,#14127,.T.);
#14127 = EDGE_CURVE('',#14128,#14128,#14130,.T.);
#14128 = VERTEX_POINT('',#14129);
#14129 = CARTESIAN_POINT('',(104.,-116.4,0.));
#14130 = CIRCLE('',#14131,0.4);
#14131 = AXIS2_PLACEMENT_3D('',#14132,#14133,#14134);
#14132 = CARTESIAN_POINT('',(104.,-116.,0.));
#14133 = DIRECTION('',(-0.,0.,-1.));
#14134 = DIRECTION('',(-0.,-1.,0.));
#14135 = FACE_BOUND('',#14136,.F.);
#14136 = EDGE_LOOP('',(#14137));
#14137 = ORIENTED_EDGE('',*,*,#14138,.T.);
#14138 = EDGE_CURVE('',#14139,#14139,#14141,.T.);
#14139 = VERTEX_POINT('',#14140);
#14140 = CARTESIAN_POINT('',(104.,-114.4,0.));
#14141 = CIRCLE('',#14142,0.4);
#14142 = AXIS2_PLACEMENT_3D('',#14143,#14144,#14145);
#14143 = CARTESIAN_POINT('',(104.,-114.,0.));
#14144 = DIRECTION('',(-0.,0.,-1.));
#14145 = DIRECTION('',(-0.,-1.,0.));
#14146 = FACE_BOUND('',#14147,.F.);
#14147 = EDGE_LOOP('',(#14148));
#14148 = ORIENTED_EDGE('',*,*,#14149,.T.);
#14149 = EDGE_CURVE('',#14150,#14150,#14152,.T.);
#14150 = VERTEX_POINT('',#14151);
#14151 = CARTESIAN_POINT('',(104.,-112.4,0.));
#14152 = CIRCLE('',#14153,0.4);
#14153 = AXIS2_PLACEMENT_3D('',#14154,#14155,#14156);
#14154 = CARTESIAN_POINT('',(104.,-112.,0.));
#14155 = DIRECTION('',(-0.,0.,-1.));
#14156 = DIRECTION('',(-0.,-1.,0.));
#14157 = FACE_BOUND('',#14158,.F.);
#14158 = EDGE_LOOP('',(#14159));
#14159 = ORIENTED_EDGE('',*,*,#14160,.T.);
#14160 = EDGE_CURVE('',#14161,#14161,#14163,.T.);
#14161 = VERTEX_POINT('',#14162);
#14162 = CARTESIAN_POINT('',(104.,-110.4,0.));
#14163 = CIRCLE('',#14164,0.4);
#14164 = AXIS2_PLACEMENT_3D('',#14165,#14166,#14167);
#14165 = CARTESIAN_POINT('',(104.,-110.,0.));
#14166 = DIRECTION('',(-0.,0.,-1.));
#14167 = DIRECTION('',(-0.,-1.,0.));
#14168 = FACE_BOUND('',#14169,.F.);
#14169 = EDGE_LOOP('',(#14170));
#14170 = ORIENTED_EDGE('',*,*,#14171,.T.);
#14171 = EDGE_CURVE('',#14172,#14172,#14174,.T.);
#14172 = VERTEX_POINT('',#14173);
#14173 = CARTESIAN_POINT('',(104.,-108.4,0.));
#14174 = CIRCLE('',#14175,0.4);
#14175 = AXIS2_PLACEMENT_3D('',#14176,#14177,#14178);
#14176 = CARTESIAN_POINT('',(104.,-108.,0.));
#14177 = DIRECTION('',(-0.,0.,-1.));
#14178 = DIRECTION('',(-0.,-1.,0.));
#14179 = FACE_BOUND('',#14180,.F.);
#14180 = EDGE_LOOP('',(#14181));
#14181 = ORIENTED_EDGE('',*,*,#14182,.T.);
#14182 = EDGE_CURVE('',#14183,#14183,#14185,.T.);
#14183 = VERTEX_POINT('',#14184);
#14184 = CARTESIAN_POINT('',(104.,-106.4,0.));
#14185 = CIRCLE('',#14186,0.4);
#14186 = AXIS2_PLACEMENT_3D('',#14187,#14188,#14189);
#14187 = CARTESIAN_POINT('',(104.,-106.,0.));
#14188 = DIRECTION('',(-0.,0.,-1.));
#14189 = DIRECTION('',(-0.,-1.,0.));
#14190 = FACE_BOUND('',#14191,.F.);
#14191 = EDGE_LOOP('',(#14192));
#14192 = ORIENTED_EDGE('',*,*,#14193,.T.);
#14193 = EDGE_CURVE('',#14194,#14194,#14196,.T.);
#14194 = VERTEX_POINT('',#14195);
#14195 = CARTESIAN_POINT('',(126.,-116.4,0.));
#14196 = CIRCLE('',#14197,0.4);
#14197 = AXIS2_PLACEMENT_3D('',#14198,#14199,#14200);
#14198 = CARTESIAN_POINT('',(126.,-116.,0.));
#14199 = DIRECTION('',(-0.,0.,-1.));
#14200 = DIRECTION('',(-0.,-1.,0.));
#14201 = FACE_BOUND('',#14202,.F.);
#14202 = EDGE_LOOP('',(#14203));
#14203 = ORIENTED_EDGE('',*,*,#14204,.T.);
#14204 = EDGE_CURVE('',#14205,#14205,#14207,.T.);
#14205 = VERTEX_POINT('',#14206);
#14206 = CARTESIAN_POINT('',(126.,-114.4,0.));
#14207 = CIRCLE('',#14208,0.4);
#14208 = AXIS2_PLACEMENT_3D('',#14209,#14210,#14211);
#14209 = CARTESIAN_POINT('',(126.,-114.,0.));
#14210 = DIRECTION('',(-0.,0.,-1.));
#14211 = DIRECTION('',(-0.,-1.,0.));
#14212 = FACE_BOUND('',#14213,.F.);
#14213 = EDGE_LOOP('',(#14214));
#14214 = ORIENTED_EDGE('',*,*,#14215,.T.);
#14215 = EDGE_CURVE('',#14216,#14216,#14218,.T.);
#14216 = VERTEX_POINT('',#14217);
#14217 = CARTESIAN_POINT('',(126.,-112.4,0.));
#14218 = CIRCLE('',#14219,0.4);
#14219 = AXIS2_PLACEMENT_3D('',#14220,#14221,#14222);
#14220 = CARTESIAN_POINT('',(126.,-112.,0.));
#14221 = DIRECTION('',(-0.,0.,-1.));
#14222 = DIRECTION('',(-0.,-1.,0.));
#14223 = FACE_BOUND('',#14224,.F.);
#14224 = EDGE_LOOP('',(#14225));
#14225 = ORIENTED_EDGE('',*,*,#14226,.T.);
#14226 = EDGE_CURVE('',#14227,#14227,#14229,.T.);
#14227 = VERTEX_POINT('',#14228);
#14228 = CARTESIAN_POINT('',(126.,-110.4,0.));
#14229 = CIRCLE('',#14230,0.4);
#14230 = AXIS2_PLACEMENT_3D('',#14231,#14232,#14233);
#14231 = CARTESIAN_POINT('',(126.,-110.,0.));
#14232 = DIRECTION('',(-0.,0.,-1.));
#14233 = DIRECTION('',(-0.,-1.,0.));
#14234 = FACE_BOUND('',#14235,.F.);
#14235 = EDGE_LOOP('',(#14236));
#14236 = ORIENTED_EDGE('',*,*,#14237,.T.);
#14237 = EDGE_CURVE('',#14238,#14238,#14240,.T.);
#14238 = VERTEX_POINT('',#14239);
#14239 = CARTESIAN_POINT('',(126.,-108.4,0.));
#14240 = CIRCLE('',#14241,0.4);
#14241 = AXIS2_PLACEMENT_3D('',#14242,#14243,#14244);
#14242 = CARTESIAN_POINT('',(126.,-108.,0.));
#14243 = DIRECTION('',(-0.,0.,-1.));
#14244 = DIRECTION('',(-0.,-1.,0.));
#14245 = FACE_BOUND('',#14246,.F.);
#14246 = EDGE_LOOP('',(#14247));
#14247 = ORIENTED_EDGE('',*,*,#14248,.T.);
#14248 = EDGE_CURVE('',#14249,#14249,#14251,.T.);
#14249 = VERTEX_POINT('',#14250);
#14250 = CARTESIAN_POINT('',(126.,-106.4,0.));
#14251 = CIRCLE('',#14252,0.4);
#14252 = AXIS2_PLACEMENT_3D('',#14253,#14254,#14255);
#14253 = CARTESIAN_POINT('',(126.,-106.,0.));
#14254 = DIRECTION('',(-0.,0.,-1.));
#14255 = DIRECTION('',(-0.,-1.,0.));
#14256 = FACE_BOUND('',#14257,.F.);
#14257 = EDGE_LOOP('',(#14258));
#14258 = ORIENTED_EDGE('',*,*,#14259,.T.);
#14259 = EDGE_CURVE('',#14260,#14260,#14262,.T.);
#14260 = VERTEX_POINT('',#14261);
#14261 = CARTESIAN_POINT('',(104.,-104.4,0.));
#14262 = CIRCLE('',#14263,0.4);
#14263 = AXIS2_PLACEMENT_3D('',#14264,#14265,#14266);
#14264 = CARTESIAN_POINT('',(104.,-104.,0.));
#14265 = DIRECTION('',(-0.,0.,-1.));
#14266 = DIRECTION('',(-0.,-1.,0.));
#14267 = FACE_BOUND('',#14268,.F.);
#14268 = EDGE_LOOP('',(#14269));
#14269 = ORIENTED_EDGE('',*,*,#14270,.T.);
#14270 = EDGE_CURVE('',#14271,#14271,#14273,.T.);
#14271 = VERTEX_POINT('',#14272);
#14272 = CARTESIAN_POINT('',(104.,-102.4,0.));
#14273 = CIRCLE('',#14274,0.4);
#14274 = AXIS2_PLACEMENT_3D('',#14275,#14276,#14277);
#14275 = CARTESIAN_POINT('',(104.,-102.,0.));
#14276 = DIRECTION('',(-0.,0.,-1.));
#14277 = DIRECTION('',(-0.,-1.,0.));
#14278 = FACE_BOUND('',#14279,.F.);
#14279 = EDGE_LOOP('',(#14280));
#14280 = ORIENTED_EDGE('',*,*,#14281,.T.);
#14281 = EDGE_CURVE('',#14282,#14282,#14284,.T.);
#14282 = VERTEX_POINT('',#14283);
#14283 = CARTESIAN_POINT('',(104.,-100.4,0.));
#14284 = CIRCLE('',#14285,0.4);
#14285 = AXIS2_PLACEMENT_3D('',#14286,#14287,#14288);
#14286 = CARTESIAN_POINT('',(104.,-100.,0.));
#14287 = DIRECTION('',(-0.,0.,-1.));
#14288 = DIRECTION('',(-0.,-1.,0.));
#14289 = FACE_BOUND('',#14290,.F.);
#14290 = EDGE_LOOP('',(#14291));
#14291 = ORIENTED_EDGE('',*,*,#14292,.T.);
#14292 = EDGE_CURVE('',#14293,#14293,#14295,.T.);
#14293 = VERTEX_POINT('',#14294);
#14294 = CARTESIAN_POINT('',(104.,-98.4,0.));
#14295 = CIRCLE('',#14296,0.4);
#14296 = AXIS2_PLACEMENT_3D('',#14297,#14298,#14299);
#14297 = CARTESIAN_POINT('',(104.,-98.,0.));
#14298 = DIRECTION('',(-0.,0.,-1.));
#14299 = DIRECTION('',(-0.,-1.,0.));
#14300 = FACE_BOUND('',#14301,.F.);
#14301 = EDGE_LOOP('',(#14302));
#14302 = ORIENTED_EDGE('',*,*,#14303,.T.);
#14303 = EDGE_CURVE('',#14304,#14304,#14306,.T.);
#14304 = VERTEX_POINT('',#14305);
#14305 = CARTESIAN_POINT('',(104.18,-89.1,0.));
#14306 = CIRCLE('',#14307,0.5);
#14307 = AXIS2_PLACEMENT_3D('',#14308,#14309,#14310);
#14308 = CARTESIAN_POINT('',(104.18,-88.6,0.));
#14309 = DIRECTION('',(-0.,0.,-1.));
#14310 = DIRECTION('',(-0.,-1.,0.));
#14311 = FACE_BOUND('',#14312,.F.);
#14312 = EDGE_LOOP('',(#14313));
#14313 = ORIENTED_EDGE('',*,*,#14314,.T.);
#14314 = EDGE_CURVE('',#14315,#14315,#14317,.T.);
#14315 = VERTEX_POINT('',#14316);
#14316 = CARTESIAN_POINT('',(106.72,-89.1,0.));
#14317 = CIRCLE('',#14318,0.5);
#14318 = AXIS2_PLACEMENT_3D('',#14319,#14320,#14321);
#14319 = CARTESIAN_POINT('',(106.72,-88.6,0.));
#14320 = DIRECTION('',(-0.,0.,-1.));
#14321 = DIRECTION('',(-0.,-1.,0.));
#14322 = FACE_BOUND('',#14323,.F.);
#14323 = EDGE_LOOP('',(#14324));
#14324 = ORIENTED_EDGE('',*,*,#14325,.T.);
#14325 = EDGE_CURVE('',#14326,#14326,#14328,.T.);
#14326 = VERTEX_POINT('',#14327);
#14327 = CARTESIAN_POINT('',(104.18,-86.56,0.));
#14328 = CIRCLE('',#14329,0.5);
#14329 = AXIS2_PLACEMENT_3D('',#14330,#14331,#14332);
#14330 = CARTESIAN_POINT('',(104.18,-86.06,0.));
#14331 = DIRECTION('',(-0.,0.,-1.));
#14332 = DIRECTION('',(-0.,-1.,0.));
#14333 = FACE_BOUND('',#14334,.F.);
#14334 = EDGE_LOOP('',(#14335));
#14335 = ORIENTED_EDGE('',*,*,#14336,.T.);
#14336 = EDGE_CURVE('',#14337,#14337,#14339,.T.);
#14337 = VERTEX_POINT('',#14338);
#14338 = CARTESIAN_POINT('',(106.72,-86.56,0.));
#14339 = CIRCLE('',#14340,0.5);
#14340 = AXIS2_PLACEMENT_3D('',#14341,#14342,#14343);
#14341 = CARTESIAN_POINT('',(106.72,-86.06,0.));
#14342 = DIRECTION('',(-0.,0.,-1.));
#14343 = DIRECTION('',(-0.,-1.,0.));
#14344 = FACE_BOUND('',#14345,.F.);
#14345 = EDGE_LOOP('',(#14346));
#14346 = ORIENTED_EDGE('',*,*,#14347,.T.);
#14347 = EDGE_CURVE('',#14348,#14348,#14350,.T.);
#14348 = VERTEX_POINT('',#14349);
#14349 = CARTESIAN_POINT('',(109.26,-89.1,0.));
#14350 = CIRCLE('',#14351,0.5);
#14351 = AXIS2_PLACEMENT_3D('',#14352,#14353,#14354);
#14352 = CARTESIAN_POINT('',(109.26,-88.6,0.));
#14353 = DIRECTION('',(-0.,0.,-1.));
#14354 = DIRECTION('',(-0.,-1.,0.));
#14355 = FACE_BOUND('',#14356,.F.);
#14356 = EDGE_LOOP('',(#14357));
#14357 = ORIENTED_EDGE('',*,*,#14358,.T.);
#14358 = EDGE_CURVE('',#14359,#14359,#14361,.T.);
#14359 = VERTEX_POINT('',#14360);
#14360 = CARTESIAN_POINT('',(109.26,-86.56,0.));
#14361 = CIRCLE('',#14362,0.5);
#14362 = AXIS2_PLACEMENT_3D('',#14363,#14364,#14365);
#14363 = CARTESIAN_POINT('',(109.26,-86.06,0.));
#14364 = DIRECTION('',(-0.,0.,-1.));
#14365 = DIRECTION('',(-0.,-1.,0.));
#14366 = FACE_BOUND('',#14367,.F.);
#14367 = EDGE_LOOP('',(#14368));
#14368 = ORIENTED_EDGE('',*,*,#14369,.T.);
#14369 = EDGE_CURVE('',#14370,#14370,#14372,.T.);
#14370 = VERTEX_POINT('',#14371);
#14371 = CARTESIAN_POINT('',(111.8,-89.1,0.));
#14372 = CIRCLE('',#14373,0.5);
#14373 = AXIS2_PLACEMENT_3D('',#14374,#14375,#14376);
#14374 = CARTESIAN_POINT('',(111.8,-88.6,0.));
#14375 = DIRECTION('',(-0.,0.,-1.));
#14376 = DIRECTION('',(-0.,-1.,0.));
#14377 = FACE_BOUND('',#14378,.F.);
#14378 = EDGE_LOOP('',(#14379));
#14379 = ORIENTED_EDGE('',*,*,#14380,.T.);
#14380 = EDGE_CURVE('',#14381,#14381,#14383,.T.);
#14381 = VERTEX_POINT('',#14382);
#14382 = CARTESIAN_POINT('',(111.8,-86.56,0.));
#14383 = CIRCLE('',#14384,0.5);
#14384 = AXIS2_PLACEMENT_3D('',#14385,#14386,#14387);
#14385 = CARTESIAN_POINT('',(111.8,-86.06,0.));
#14386 = DIRECTION('',(-0.,0.,-1.));
#14387 = DIRECTION('',(-0.,-1.,0.));
#14388 = FACE_BOUND('',#14389,.F.);
#14389 = EDGE_LOOP('',(#14390));
#14390 = ORIENTED_EDGE('',*,*,#14391,.T.);
#14391 = EDGE_CURVE('',#14392,#14392,#14394,.T.);
#14392 = VERTEX_POINT('',#14393);
#14393 = CARTESIAN_POINT('',(114.34,-89.1,0.));
#14394 = CIRCLE('',#14395,0.5);
#14395 = AXIS2_PLACEMENT_3D('',#14396,#14397,#14398);
#14396 = CARTESIAN_POINT('',(114.34,-88.6,0.));
#14397 = DIRECTION('',(-0.,0.,-1.));
#14398 = DIRECTION('',(-0.,-1.,0.));
#14399 = FACE_BOUND('',#14400,.F.);
#14400 = EDGE_LOOP('',(#14401));
#14401 = ORIENTED_EDGE('',*,*,#14402,.T.);
#14402 = EDGE_CURVE('',#14403,#14403,#14405,.T.);
#14403 = VERTEX_POINT('',#14404);
#14404 = CARTESIAN_POINT('',(116.88,-89.1,0.));
#14405 = CIRCLE('',#14406,0.5);
#14406 = AXIS2_PLACEMENT_3D('',#14407,#14408,#14409);
#14407 = CARTESIAN_POINT('',(116.88,-88.6,0.));
#14408 = DIRECTION('',(-0.,0.,-1.));
#14409 = DIRECTION('',(-0.,-1.,0.));
#14410 = FACE_BOUND('',#14411,.F.);
#14411 = EDGE_LOOP('',(#14412));
#14412 = ORIENTED_EDGE('',*,*,#14413,.T.);
#14413 = EDGE_CURVE('',#14414,#14414,#14416,.T.);
#14414 = VERTEX_POINT('',#14415);
#14415 = CARTESIAN_POINT('',(114.34,-86.56,0.));
#14416 = CIRCLE('',#14417,0.5);
#14417 = AXIS2_PLACEMENT_3D('',#14418,#14419,#14420);
#14418 = CARTESIAN_POINT('',(114.34,-86.06,0.));
#14419 = DIRECTION('',(-0.,0.,-1.));
#14420 = DIRECTION('',(-0.,-1.,0.));
#14421 = FACE_BOUND('',#14422,.F.);
#14422 = EDGE_LOOP('',(#14423));
#14423 = ORIENTED_EDGE('',*,*,#14424,.T.);
#14424 = EDGE_CURVE('',#14425,#14425,#14427,.T.);
#14425 = VERTEX_POINT('',#14426);
#14426 = CARTESIAN_POINT('',(116.88,-86.56,0.));
#14427 = CIRCLE('',#14428,0.5);
#14428 = AXIS2_PLACEMENT_3D('',#14429,#14430,#14431);
#14429 = CARTESIAN_POINT('',(116.88,-86.06,0.));
#14430 = DIRECTION('',(-0.,0.,-1.));
#14431 = DIRECTION('',(-0.,-1.,0.));
#14432 = FACE_BOUND('',#14433,.F.);
#14433 = EDGE_LOOP('',(#14434));
#14434 = ORIENTED_EDGE('',*,*,#14435,.T.);
#14435 = EDGE_CURVE('',#14436,#14436,#14438,.T.);
#14436 = VERTEX_POINT('',#14437);
#14437 = CARTESIAN_POINT('',(126.,-104.4,0.));
#14438 = CIRCLE('',#14439,0.4);
#14439 = AXIS2_PLACEMENT_3D('',#14440,#14441,#14442);
#14440 = CARTESIAN_POINT('',(126.,-104.,0.));
#14441 = DIRECTION('',(-0.,0.,-1.));
#14442 = DIRECTION('',(-0.,-1.,0.));
#14443 = FACE_BOUND('',#14444,.F.);
#14444 = EDGE_LOOP('',(#14445));
#14445 = ORIENTED_EDGE('',*,*,#14446,.T.);
#14446 = EDGE_CURVE('',#14447,#14447,#14449,.T.);
#14447 = VERTEX_POINT('',#14448);
#14448 = CARTESIAN_POINT('',(126.,-102.4,0.));
#14449 = CIRCLE('',#14450,0.4);
#14450 = AXIS2_PLACEMENT_3D('',#14451,#14452,#14453);
#14451 = CARTESIAN_POINT('',(126.,-102.,0.));
#14452 = DIRECTION('',(-0.,0.,-1.));
#14453 = DIRECTION('',(-0.,-1.,0.));
#14454 = FACE_BOUND('',#14455,.F.);
#14455 = EDGE_LOOP('',(#14456));
#14456 = ORIENTED_EDGE('',*,*,#14457,.T.);
#14457 = EDGE_CURVE('',#14458,#14458,#14460,.T.);
#14458 = VERTEX_POINT('',#14459);
#14459 = CARTESIAN_POINT('',(126.,-100.4,0.));
#14460 = CIRCLE('',#14461,0.4);
#14461 = AXIS2_PLACEMENT_3D('',#14462,#14463,#14464);
#14462 = CARTESIAN_POINT('',(126.,-100.,0.));
#14463 = DIRECTION('',(-0.,0.,-1.));
#14464 = DIRECTION('',(-0.,-1.,0.));
#14465 = FACE_BOUND('',#14466,.F.);
#14466 = EDGE_LOOP('',(#14467));
#14467 = ORIENTED_EDGE('',*,*,#14468,.T.);
#14468 = EDGE_CURVE('',#14469,#14469,#14471,.T.);
#14469 = VERTEX_POINT('',#14470);
#14470 = CARTESIAN_POINT('',(126.,-98.4,0.));
#14471 = CIRCLE('',#14472,0.4);
#14472 = AXIS2_PLACEMENT_3D('',#14473,#14474,#14475);
#14473 = CARTESIAN_POINT('',(126.,-98.,0.));
#14474 = DIRECTION('',(-0.,0.,-1.));
#14475 = DIRECTION('',(-0.,-1.,0.));
#14476 = FACE_BOUND('',#14477,.F.);
#14477 = EDGE_LOOP('',(#14478));
#14478 = ORIENTED_EDGE('',*,*,#14479,.T.);
#14479 = EDGE_CURVE('',#14480,#14480,#14482,.T.);
#14480 = VERTEX_POINT('',#14481);
#14481 = CARTESIAN_POINT('',(119.42,-89.1,0.));
#14482 = CIRCLE('',#14483,0.5);
#14483 = AXIS2_PLACEMENT_3D('',#14484,#14485,#14486);
#14484 = CARTESIAN_POINT('',(119.42,-88.6,0.));
#14485 = DIRECTION('',(-0.,0.,-1.));
#14486 = DIRECTION('',(-0.,-1.,0.));
#14487 = FACE_BOUND('',#14488,.F.);
#14488 = EDGE_LOOP('',(#14489));
#14489 = ORIENTED_EDGE('',*,*,#14490,.T.);
#14490 = EDGE_CURVE('',#14491,#14491,#14493,.T.);
#14491 = VERTEX_POINT('',#14492);
#14492 = CARTESIAN_POINT('',(119.42,-86.56,0.));
#14493 = CIRCLE('',#14494,0.5);
#14494 = AXIS2_PLACEMENT_3D('',#14495,#14496,#14497);
#14495 = CARTESIAN_POINT('',(119.42,-86.06,0.));
#14496 = DIRECTION('',(-0.,0.,-1.));
#14497 = DIRECTION('',(-0.,-1.,0.));
#14498 = FACE_BOUND('',#14499,.F.);
#14499 = EDGE_LOOP('',(#14500));
#14500 = ORIENTED_EDGE('',*,*,#14501,.T.);
#14501 = EDGE_CURVE('',#14502,#14502,#14504,.T.);
#14502 = VERTEX_POINT('',#14503);
#14503 = CARTESIAN_POINT('',(121.96,-89.1,0.));
#14504 = CIRCLE('',#14505,0.5);
#14505 = AXIS2_PLACEMENT_3D('',#14506,#14507,#14508);
#14506 = CARTESIAN_POINT('',(121.96,-88.6,0.));
#14507 = DIRECTION('',(-0.,0.,-1.));
#14508 = DIRECTION('',(-0.,-1.,0.));
#14509 = FACE_BOUND('',#14510,.F.);
#14510 = EDGE_LOOP('',(#14511));
#14511 = ORIENTED_EDGE('',*,*,#14512,.T.);
#14512 = EDGE_CURVE('',#14513,#14513,#14515,.T.);
#14513 = VERTEX_POINT('',#14514);
#14514 = CARTESIAN_POINT('',(124.5,-89.1,0.));
#14515 = CIRCLE('',#14516,0.5);
#14516 = AXIS2_PLACEMENT_3D('',#14517,#14518,#14519);
#14517 = CARTESIAN_POINT('',(124.5,-88.6,0.));
#14518 = DIRECTION('',(-0.,0.,-1.));
#14519 = DIRECTION('',(-0.,-1.,0.));
#14520 = FACE_BOUND('',#14521,.F.);
#14521 = EDGE_LOOP('',(#14522));
#14522 = ORIENTED_EDGE('',*,*,#14523,.T.);
#14523 = EDGE_CURVE('',#14524,#14524,#14526,.T.);
#14524 = VERTEX_POINT('',#14525);
#14525 = CARTESIAN_POINT('',(121.96,-86.56,0.));
#14526 = CIRCLE('',#14527,0.5);
#14527 = AXIS2_PLACEMENT_3D('',#14528,#14529,#14530);
#14528 = CARTESIAN_POINT('',(121.96,-86.06,0.));
#14529 = DIRECTION('',(-0.,0.,-1.));
#14530 = DIRECTION('',(-0.,-1.,0.));
#14531 = FACE_BOUND('',#14532,.F.);
#14532 = EDGE_LOOP('',(#14533));
#14533 = ORIENTED_EDGE('',*,*,#14534,.T.);
#14534 = EDGE_CURVE('',#14535,#14535,#14537,.T.);
#14535 = VERTEX_POINT('',#14536);
#14536 = CARTESIAN_POINT('',(124.5,-86.56,0.));
#14537 = CIRCLE('',#14538,0.5);
#14538 = AXIS2_PLACEMENT_3D('',#14539,#14540,#14541);
#14539 = CARTESIAN_POINT('',(124.5,-86.06,0.));
#14540 = DIRECTION('',(-0.,0.,-1.));
#14541 = DIRECTION('',(-0.,-1.,0.));
#14542 = FACE_BOUND('',#14543,.F.);
#14543 = EDGE_LOOP('',(#14544));
#14544 = ORIENTED_EDGE('',*,*,#14545,.T.);
#14545 = EDGE_CURVE('',#14546,#14546,#14548,.T.);
#14546 = VERTEX_POINT('',#14547);
#14547 = CARTESIAN_POINT('',(127.04,-89.1,0.));
#14548 = CIRCLE('',#14549,0.5);
#14549 = AXIS2_PLACEMENT_3D('',#14550,#14551,#14552);
#14550 = CARTESIAN_POINT('',(127.04,-88.6,0.));
#14551 = DIRECTION('',(-0.,0.,-1.));
#14552 = DIRECTION('',(-0.,-1.,0.));
#14553 = FACE_BOUND('',#14554,.F.);
#14554 = EDGE_LOOP('',(#14555));
#14555 = ORIENTED_EDGE('',*,*,#14556,.T.);
#14556 = EDGE_CURVE('',#14557,#14557,#14559,.T.);
#14557 = VERTEX_POINT('',#14558);
#14558 = CARTESIAN_POINT('',(127.04,-86.56,0.));
#14559 = CIRCLE('',#14560,0.5);
#14560 = AXIS2_PLACEMENT_3D('',#14561,#14562,#14563);
#14561 = CARTESIAN_POINT('',(127.04,-86.06,0.));
#14562 = DIRECTION('',(-0.,0.,-1.));
#14563 = DIRECTION('',(-0.,-1.,0.));
#14564 = FACE_BOUND('',#14565,.F.);
#14565 = EDGE_LOOP('',(#14566));
#14566 = ORIENTED_EDGE('',*,*,#14567,.T.);
#14567 = EDGE_CURVE('',#14568,#14568,#14570,.T.);
#14568 = VERTEX_POINT('',#14569);
#14569 = CARTESIAN_POINT('',(129.58,-89.1,0.));
#14570 = CIRCLE('',#14571,0.5);
#14571 = AXIS2_PLACEMENT_3D('',#14572,#14573,#14574);
#14572 = CARTESIAN_POINT('',(129.58,-88.6,0.));
#14573 = DIRECTION('',(-0.,0.,-1.));
#14574 = DIRECTION('',(-0.,-1.,0.));
#14575 = FACE_BOUND('',#14576,.F.);
#14576 = EDGE_LOOP('',(#14577));
#14577 = ORIENTED_EDGE('',*,*,#14578,.T.);
#14578 = EDGE_CURVE('',#14579,#14579,#14581,.T.);
#14579 = VERTEX_POINT('',#14580);
#14580 = CARTESIAN_POINT('',(129.58,-86.56,0.));
#14581 = CIRCLE('',#14582,0.5);
#14582 = AXIS2_PLACEMENT_3D('',#14583,#14584,#14585);
#14583 = CARTESIAN_POINT('',(129.58,-86.06,0.));
#14584 = DIRECTION('',(-0.,0.,-1.));
#14585 = DIRECTION('',(-0.,-1.,0.));
#14586 = FACE_BOUND('',#14587,.F.);
#14587 = EDGE_LOOP('',(#14588));
#14588 = ORIENTED_EDGE('',*,*,#14589,.T.);
#14589 = EDGE_CURVE('',#14590,#14590,#14592,.T.);
#14590 = VERTEX_POINT('',#14591);
#14591 = CARTESIAN_POINT('',(135.9,-125.5,0.));
#14592 = CIRCLE('',#14593,1.6);
#14593 = AXIS2_PLACEMENT_3D('',#14594,#14595,#14596);
#14594 = CARTESIAN_POINT('',(135.9,-123.9,0.));
#14595 = DIRECTION('',(-0.,0.,-1.));
#14596 = DIRECTION('',(-0.,-1.,0.));
#14597 = FACE_BOUND('',#14598,.F.);
#14598 = EDGE_LOOP('',(#14599));
#14599 = ORIENTED_EDGE('',*,*,#14600,.T.);
#14600 = EDGE_CURVE('',#14601,#14601,#14603,.T.);
#14601 = VERTEX_POINT('',#14602);
#14602 = CARTESIAN_POINT('',(132.83,-111.5218,0.));
#14603 = CIRCLE('',#14604,0.4318);
#14604 = AXIS2_PLACEMENT_3D('',#14605,#14606,#14607);
#14605 = CARTESIAN_POINT('',(132.83,-111.09,0.));
#14606 = DIRECTION('',(-0.,0.,-1.));
#14607 = DIRECTION('',(6.582146695322E-14,-1.,-0.));
#14608 = FACE_BOUND('',#14609,.F.);
#14609 = EDGE_LOOP('',(#14610));
#14610 = ORIENTED_EDGE('',*,*,#14611,.T.);
#14611 = EDGE_CURVE('',#14612,#14612,#14614,.T.);
#14612 = VERTEX_POINT('',#14613);
#14613 = CARTESIAN_POINT('',(132.83,-108.9818,0.));
#14614 = CIRCLE('',#14615,0.4318);
#14615 = AXIS2_PLACEMENT_3D('',#14616,#14617,#14618);
#14616 = CARTESIAN_POINT('',(132.83,-108.55,0.));
#14617 = DIRECTION('',(-0.,0.,-1.));
#14618 = DIRECTION('',(6.582146695322E-14,-1.,-0.));
#14619 = FACE_BOUND('',#14620,.F.);
#14620 = EDGE_LOOP('',(#14621));
#14621 = ORIENTED_EDGE('',*,*,#14622,.T.);
#14622 = EDGE_CURVE('',#14623,#14623,#14625,.T.);
#14623 = VERTEX_POINT('',#14624);
#14624 = CARTESIAN_POINT('',(132.83,-106.4418,0.));
#14625 = CIRCLE('',#14626,0.4318);
#14626 = AXIS2_PLACEMENT_3D('',#14627,#14628,#14629);
#14627 = CARTESIAN_POINT('',(132.83,-106.01,0.));
#14628 = DIRECTION('',(-0.,0.,-1.));
#14629 = DIRECTION('',(6.582146695322E-14,-1.,-0.));
#14630 = FACE_BOUND('',#14631,.F.);
#14631 = EDGE_LOOP('',(#14632));
#14632 = ORIENTED_EDGE('',*,*,#14633,.T.);
#14633 = EDGE_CURVE('',#14634,#14634,#14636,.T.);
#14634 = VERTEX_POINT('',#14635);
#14635 = CARTESIAN_POINT('',(140.45,-111.5218,0.));
#14636 = CIRCLE('',#14637,0.4318);
#14637 = AXIS2_PLACEMENT_3D('',#14638,#14639,#14640);
#14638 = CARTESIAN_POINT('',(140.45,-111.09,0.));
#14639 = DIRECTION('',(-0.,0.,-1.));
#14640 = DIRECTION('',(-0.,-1.,0.));
#14641 = FACE_BOUND('',#14642,.F.);
#14642 = EDGE_LOOP('',(#14643));
#14643 = ORIENTED_EDGE('',*,*,#14644,.T.);
#14644 = EDGE_CURVE('',#14645,#14645,#14647,.T.);
#14645 = VERTEX_POINT('',#14646);
#14646 = CARTESIAN_POINT('',(140.45,-108.9818,0.));
#14647 = CIRCLE('',#14648,0.4318);
#14648 = AXIS2_PLACEMENT_3D('',#14649,#14650,#14651);
#14649 = CARTESIAN_POINT('',(140.45,-108.55,0.));
#14650 = DIRECTION('',(-0.,0.,-1.));
#14651 = DIRECTION('',(-0.,-1.,0.));
#14652 = FACE_BOUND('',#14653,.F.);
#14653 = EDGE_LOOP('',(#14654));
#14654 = ORIENTED_EDGE('',*,*,#14655,.T.);
#14655 = EDGE_CURVE('',#14656,#14656,#14658,.T.);
#14656 = VERTEX_POINT('',#14657);
#14657 = CARTESIAN_POINT('',(140.45,-106.4418,0.));
#14658 = CIRCLE('',#14659,0.4318);
#14659 = AXIS2_PLACEMENT_3D('',#14660,#14661,#14662);
#14660 = CARTESIAN_POINT('',(140.45,-106.01,0.));
#14661 = DIRECTION('',(-0.,0.,-1.));
#14662 = DIRECTION('',(-0.,-1.,0.));
#14663 = FACE_BOUND('',#14664,.F.);
#14664 = EDGE_LOOP('',(#14665));
#14665 = ORIENTED_EDGE('',*,*,#14666,.T.);
#14666 = EDGE_CURVE('',#14667,#14667,#14669,.T.);
#14667 = VERTEX_POINT('',#14668);
#14668 = CARTESIAN_POINT('',(154.08,-123.505,0.));
#14669 = CIRCLE('',#14670,1.6);
#14670 = AXIS2_PLACEMENT_3D('',#14671,#14672,#14673);
#14671 = CARTESIAN_POINT('',(154.08,-121.905,0.));
#14672 = DIRECTION('',(-0.,0.,-1.));
#14673 = DIRECTION('',(1.7763568394E-14,-1.,-0.));
#14674 = FACE_BOUND('',#14675,.F.);
#14675 = EDGE_LOOP('',(#14676));
#14676 = ORIENTED_EDGE('',*,*,#14677,.T.);
#14677 = EDGE_CURVE('',#14678,#14678,#14680,.T.);
#14678 = VERTEX_POINT('',#14679);
#14679 = CARTESIAN_POINT('',(152.66,-115.445,0.));
#14680 = CIRCLE('',#14681,0.5);
#14681 = AXIS2_PLACEMENT_3D('',#14682,#14683,#14684);
#14682 = CARTESIAN_POINT('',(152.66,-114.945,0.));
#14683 = DIRECTION('',(-0.,0.,-1.));
#14684 = DIRECTION('',(-0.,-1.,0.));
#14685 = FACE_BOUND('',#14686,.F.);
#14686 = EDGE_LOOP('',(#14687));
#14687 = ORIENTED_EDGE('',*,*,#14688,.T.);
#14688 = EDGE_CURVE('',#14689,#14689,#14691,.T.);
#14689 = VERTEX_POINT('',#14690);
#14690 = CARTESIAN_POINT('',(152.66,-112.675,0.));
#14691 = CIRCLE('',#14692,0.5);
#14692 = AXIS2_PLACEMENT_3D('',#14693,#14694,#14695);
#14693 = CARTESIAN_POINT('',(152.66,-112.175,0.));
#14694 = DIRECTION('',(-0.,0.,-1.));
#14695 = DIRECTION('',(-0.,-1.,0.));
#14696 = FACE_BOUND('',#14697,.F.);
#14697 = EDGE_LOOP('',(#14698));
#14698 = ORIENTED_EDGE('',*,*,#14699,.T.);
#14699 = EDGE_CURVE('',#14700,#14700,#14702,.T.);
#14700 = VERTEX_POINT('',#14701);
#14701 = CARTESIAN_POINT('',(152.66,-109.905,0.));
#14702 = CIRCLE('',#14703,0.5);
#14703 = AXIS2_PLACEMENT_3D('',#14704,#14705,#14706);
#14704 = CARTESIAN_POINT('',(152.66,-109.405,0.));
#14705 = DIRECTION('',(-0.,0.,-1.));
#14706 = DIRECTION('',(-0.,-1.,0.));
#14707 = FACE_BOUND('',#14708,.F.);
#14708 = EDGE_LOOP('',(#14709));
#14709 = ORIENTED_EDGE('',*,*,#14710,.T.);
#14710 = EDGE_CURVE('',#14711,#14711,#14713,.T.);
#14711 = VERTEX_POINT('',#14712);
#14712 = CARTESIAN_POINT('',(152.66,-107.135,0.));
#14713 = CIRCLE('',#14714,0.5);
#14714 = AXIS2_PLACEMENT_3D('',#14715,#14716,#14717);
#14715 = CARTESIAN_POINT('',(152.66,-106.635,0.));
#14716 = DIRECTION('',(-0.,0.,-1.));
#14717 = DIRECTION('',(-0.,-1.,0.));
#14718 = FACE_BOUND('',#14719,.F.);
#14719 = EDGE_LOOP('',(#14720));
#14720 = ORIENTED_EDGE('',*,*,#14721,.T.);
#14721 = EDGE_CURVE('',#14722,#14722,#14724,.T.);
#14722 = VERTEX_POINT('',#14723);
#14723 = CARTESIAN_POINT('',(155.5,-114.06,0.));
#14724 = CIRCLE('',#14725,0.5);
#14725 = AXIS2_PLACEMENT_3D('',#14726,#14727,#14728);
#14726 = CARTESIAN_POINT('',(155.5,-113.56,0.));
#14727 = DIRECTION('',(-0.,0.,-1.));
#14728 = DIRECTION('',(-0.,-1.,0.));
#14729 = FACE_BOUND('',#14730,.F.);
#14730 = EDGE_LOOP('',(#14731));
#14731 = ORIENTED_EDGE('',*,*,#14732,.T.);
#14732 = EDGE_CURVE('',#14733,#14733,#14735,.T.);
#14733 = VERTEX_POINT('',#14734);
#14734 = CARTESIAN_POINT('',(155.5,-111.29,0.));
#14735 = CIRCLE('',#14736,0.5);
#14736 = AXIS2_PLACEMENT_3D('',#14737,#14738,#14739);
#14737 = CARTESIAN_POINT('',(155.5,-110.79,0.));
#14738 = DIRECTION('',(-0.,0.,-1.));
#14739 = DIRECTION('',(-0.,-1.,0.));
#14740 = FACE_BOUND('',#14741,.F.);
#14741 = EDGE_LOOP('',(#14742));
#14742 = ORIENTED_EDGE('',*,*,#14743,.T.);
#14743 = EDGE_CURVE('',#14744,#14744,#14746,.T.);
#14744 = VERTEX_POINT('',#14745);
#14745 = CARTESIAN_POINT('',(155.5,-108.52,0.));
#14746 = CIRCLE('',#14747,0.5);
#14747 = AXIS2_PLACEMENT_3D('',#14748,#14749,#14750);
#14748 = CARTESIAN_POINT('',(155.5,-108.02,0.));
#14749 = DIRECTION('',(-0.,0.,-1.));
#14750 = DIRECTION('',(-0.,-1.,0.));
#14751 = FACE_BOUND('',#14752,.F.);
#14752 = EDGE_LOOP('',(#14753));
#14753 = ORIENTED_EDGE('',*,*,#14754,.T.);
#14754 = EDGE_CURVE('',#14755,#14755,#14757,.T.);
#14755 = VERTEX_POINT('',#14756);
#14756 = CARTESIAN_POINT('',(155.5,-105.75,0.));
#14757 = CIRCLE('',#14758,0.5);
#14758 = AXIS2_PLACEMENT_3D('',#14759,#14760,#14761);
#14759 = CARTESIAN_POINT('',(155.5,-105.25,0.));
#14760 = DIRECTION('',(-0.,0.,-1.));
#14761 = DIRECTION('',(-0.,-1.,0.));
#14762 = FACE_BOUND('',#14763,.F.);
#14763 = EDGE_LOOP('',(#14764));
#14764 = ORIENTED_EDGE('',*,*,#14765,.T.);
#14765 = EDGE_CURVE('',#14766,#14766,#14768,.T.);
#14766 = VERTEX_POINT('',#14767);
#14767 = CARTESIAN_POINT('',(132.83,-103.9018,0.));
#14768 = CIRCLE('',#14769,0.4318);
#14769 = AXIS2_PLACEMENT_3D('',#14770,#14771,#14772);
#14770 = CARTESIAN_POINT('',(132.83,-103.47,0.));
#14771 = DIRECTION('',(-0.,0.,-1.));
#14772 = DIRECTION('',(6.582146695322E-14,-1.,-0.));
#14773 = FACE_BOUND('',#14774,.F.);
#14774 = EDGE_LOOP('',(#14775));
#14775 = ORIENTED_EDGE('',*,*,#14776,.T.);
#14776 = EDGE_CURVE('',#14777,#14777,#14779,.T.);
#14777 = VERTEX_POINT('',#14778);
#14778 = CARTESIAN_POINT('',(132.83,-101.3618,0.));
#14779 = CIRCLE('',#14780,0.4318);
#14780 = AXIS2_PLACEMENT_3D('',#14781,#14782,#14783);
#14781 = CARTESIAN_POINT('',(132.83,-100.93,0.));
#14782 = DIRECTION('',(-0.,0.,-1.));
#14783 = DIRECTION('',(6.582146695322E-14,-1.,-0.));
#14784 = FACE_BOUND('',#14785,.F.);
#14785 = EDGE_LOOP('',(#14786));
#14786 = ORIENTED_EDGE('',*,*,#14787,.T.);
#14787 = EDGE_CURVE('',#14788,#14788,#14790,.T.);
#14788 = VERTEX_POINT('',#14789);
#14789 = CARTESIAN_POINT('',(132.83,-98.8218,0.));
#14790 = CIRCLE('',#14791,0.4318);
#14791 = AXIS2_PLACEMENT_3D('',#14792,#14793,#14794);
#14792 = CARTESIAN_POINT('',(132.83,-98.39,0.));
#14793 = DIRECTION('',(-0.,0.,-1.));
#14794 = DIRECTION('',(6.582146695322E-14,-1.,-0.));
#14795 = FACE_BOUND('',#14796,.F.);
#14796 = EDGE_LOOP('',(#14797));
#14797 = ORIENTED_EDGE('',*,*,#14798,.T.);
#14798 = EDGE_CURVE('',#14799,#14799,#14801,.T.);
#14799 = VERTEX_POINT('',#14800);
#14800 = CARTESIAN_POINT('',(132.83,-96.2818,0.));
#14801 = CIRCLE('',#14802,0.4318);
#14802 = AXIS2_PLACEMENT_3D('',#14803,#14804,#14805);
#14803 = CARTESIAN_POINT('',(132.83,-95.85,0.));
#14804 = DIRECTION('',(-0.,0.,-1.));
#14805 = DIRECTION('',(6.582146695322E-14,-1.,-0.));
#14806 = FACE_BOUND('',#14807,.F.);
#14807 = EDGE_LOOP('',(#14808));
#14808 = ORIENTED_EDGE('',*,*,#14809,.T.);
#14809 = EDGE_CURVE('',#14810,#14810,#14812,.T.);
#14810 = VERTEX_POINT('',#14811);
#14811 = CARTESIAN_POINT('',(140.45,-103.9018,0.));
#14812 = CIRCLE('',#14813,0.4318);
#14813 = AXIS2_PLACEMENT_3D('',#14814,#14815,#14816);
#14814 = CARTESIAN_POINT('',(140.45,-103.47,0.));
#14815 = DIRECTION('',(-0.,0.,-1.));
#14816 = DIRECTION('',(-0.,-1.,0.));
#14817 = FACE_BOUND('',#14818,.F.);
#14818 = EDGE_LOOP('',(#14819));
#14819 = ORIENTED_EDGE('',*,*,#14820,.T.);
#14820 = EDGE_CURVE('',#14821,#14821,#14823,.T.);
#14821 = VERTEX_POINT('',#14822);
#14822 = CARTESIAN_POINT('',(140.45,-101.3618,0.));
#14823 = CIRCLE('',#14824,0.4318);
#14824 = AXIS2_PLACEMENT_3D('',#14825,#14826,#14827);
#14825 = CARTESIAN_POINT('',(140.45,-100.93,0.));
#14826 = DIRECTION('',(-0.,0.,-1.));
#14827 = DIRECTION('',(-0.,-1.,0.));
#14828 = FACE_BOUND('',#14829,.F.);
#14829 = EDGE_LOOP('',(#14830));
#14830 = ORIENTED_EDGE('',*,*,#14831,.T.);
#14831 = EDGE_CURVE('',#14832,#14832,#14834,.T.);
#14832 = VERTEX_POINT('',#14833);
#14833 = CARTESIAN_POINT('',(140.45,-98.8218,0.));
#14834 = CIRCLE('',#14835,0.4318);
#14835 = AXIS2_PLACEMENT_3D('',#14836,#14837,#14838);
#14836 = CARTESIAN_POINT('',(140.45,-98.39,0.));
#14837 = DIRECTION('',(-0.,0.,-1.));
#14838 = DIRECTION('',(-0.,-1.,0.));
#14839 = FACE_BOUND('',#14840,.F.);
#14840 = EDGE_LOOP('',(#14841));
#14841 = ORIENTED_EDGE('',*,*,#14842,.T.);
#14842 = EDGE_CURVE('',#14843,#14843,#14845,.T.);
#14843 = VERTEX_POINT('',#14844);
#14844 = CARTESIAN_POINT('',(140.45,-96.2818,0.));
#14845 = CIRCLE('',#14846,0.4318);
#14846 = AXIS2_PLACEMENT_3D('',#14847,#14848,#14849);
#14847 = CARTESIAN_POINT('',(140.45,-95.85,0.));
#14848 = DIRECTION('',(-0.,0.,-1.));
#14849 = DIRECTION('',(-0.,-1.,0.));
#14850 = FACE_BOUND('',#14851,.F.);
#14851 = EDGE_LOOP('',(#14852));
#14852 = ORIENTED_EDGE('',*,*,#14853,.T.);
#14853 = EDGE_CURVE('',#14854,#14854,#14856,.T.);
#14854 = VERTEX_POINT('',#14855);
#14855 = CARTESIAN_POINT('',(132.83,-93.7418,0.));
#14856 = CIRCLE('',#14857,0.4318);
#14857 = AXIS2_PLACEMENT_3D('',#14858,#14859,#14860);
#14858 = CARTESIAN_POINT('',(132.83,-93.31,0.));
#14859 = DIRECTION('',(-0.,0.,-1.));
#14860 = DIRECTION('',(6.582146695322E-14,-1.,-0.));
#14861 = FACE_BOUND('',#14862,.F.);
#14862 = EDGE_LOOP('',(#14863));
#14863 = ORIENTED_EDGE('',*,*,#14864,.T.);
#14864 = EDGE_CURVE('',#14865,#14865,#14867,.T.);
#14865 = VERTEX_POINT('',#14866);
#14866 = CARTESIAN_POINT('',(132.12,-89.1,0.));
#14867 = CIRCLE('',#14868,0.5);
#14868 = AXIS2_PLACEMENT_3D('',#14869,#14870,#14871);
#14869 = CARTESIAN_POINT('',(132.12,-88.6,0.));
#14870 = DIRECTION('',(-0.,0.,-1.));
#14871 = DIRECTION('',(-0.,-1.,0.));
#14872 = FACE_BOUND('',#14873,.F.);
#14873 = EDGE_LOOP('',(#14874));
#14874 = ORIENTED_EDGE('',*,*,#14875,.T.);
#14875 = EDGE_CURVE('',#14876,#14876,#14878,.T.);
#14876 = VERTEX_POINT('',#14877);
#14877 = CARTESIAN_POINT('',(134.66,-89.1,0.));
#14878 = CIRCLE('',#14879,0.5);
#14879 = AXIS2_PLACEMENT_3D('',#14880,#14881,#14882);
#14880 = CARTESIAN_POINT('',(134.66,-88.6,0.));
#14881 = DIRECTION('',(-0.,0.,-1.));
#14882 = DIRECTION('',(-0.,-1.,0.));
#14883 = FACE_BOUND('',#14884,.F.);
#14884 = EDGE_LOOP('',(#14885));
#14885 = ORIENTED_EDGE('',*,*,#14886,.T.);
#14886 = EDGE_CURVE('',#14887,#14887,#14889,.T.);
#14887 = VERTEX_POINT('',#14888);
#14888 = CARTESIAN_POINT('',(132.12,-86.56,0.));
#14889 = CIRCLE('',#14890,0.5);
#14890 = AXIS2_PLACEMENT_3D('',#14891,#14892,#14893);
#14891 = CARTESIAN_POINT('',(132.12,-86.06,0.));
#14892 = DIRECTION('',(-0.,0.,-1.));
#14893 = DIRECTION('',(-0.,-1.,0.));
#14894 = FACE_BOUND('',#14895,.F.);
#14895 = EDGE_LOOP('',(#14896));
#14896 = ORIENTED_EDGE('',*,*,#14897,.T.);
#14897 = EDGE_CURVE('',#14898,#14898,#14900,.T.);
#14898 = VERTEX_POINT('',#14899);
#14899 = CARTESIAN_POINT('',(134.66,-86.56,0.));
#14900 = CIRCLE('',#14901,0.5);
#14901 = AXIS2_PLACEMENT_3D('',#14902,#14903,#14904);
#14902 = CARTESIAN_POINT('',(134.66,-86.06,0.));
#14903 = DIRECTION('',(-0.,0.,-1.));
#14904 = DIRECTION('',(-0.,-1.,0.));
#14905 = FACE_BOUND('',#14906,.F.);
#14906 = EDGE_LOOP('',(#14907));
#14907 = ORIENTED_EDGE('',*,*,#14908,.T.);
#14908 = EDGE_CURVE('',#14909,#14909,#14911,.T.);
#14909 = VERTEX_POINT('',#14910);
#14910 = CARTESIAN_POINT('',(137.2,-89.1,0.));
#14911 = CIRCLE('',#14912,0.5);
#14912 = AXIS2_PLACEMENT_3D('',#14913,#14914,#14915);
#14913 = CARTESIAN_POINT('',(137.2,-88.6,0.));
#14914 = DIRECTION('',(-0.,0.,-1.));
#14915 = DIRECTION('',(-0.,-1.,0.));
#14916 = FACE_BOUND('',#14917,.F.);
#14917 = EDGE_LOOP('',(#14918));
#14918 = ORIENTED_EDGE('',*,*,#14919,.T.);
#14919 = EDGE_CURVE('',#14920,#14920,#14922,.T.);
#14920 = VERTEX_POINT('',#14921);
#14921 = CARTESIAN_POINT('',(137.2,-86.56,0.));
#14922 = CIRCLE('',#14923,0.5);
#14923 = AXIS2_PLACEMENT_3D('',#14924,#14925,#14926);
#14924 = CARTESIAN_POINT('',(137.2,-86.06,0.));
#14925 = DIRECTION('',(-0.,0.,-1.));
#14926 = DIRECTION('',(-0.,-1.,0.));
#14927 = FACE_BOUND('',#14928,.F.);
#14928 = EDGE_LOOP('',(#14929));
#14929 = ORIENTED_EDGE('',*,*,#14930,.T.);
#14930 = EDGE_CURVE('',#14931,#14931,#14933,.T.);
#14931 = VERTEX_POINT('',#14932);
#14932 = CARTESIAN_POINT('',(140.45,-93.7418,0.));
#14933 = CIRCLE('',#14934,0.4318);
#14934 = AXIS2_PLACEMENT_3D('',#14935,#14936,#14937);
#14935 = CARTESIAN_POINT('',(140.45,-93.31,0.));
#14936 = DIRECTION('',(-0.,0.,-1.));
#14937 = DIRECTION('',(-0.,-1.,0.));
#14938 = FACE_BOUND('',#14939,.F.);
#14939 = EDGE_LOOP('',(#14940));
#14940 = ORIENTED_EDGE('',*,*,#14941,.T.);
#14941 = EDGE_CURVE('',#14942,#14942,#14944,.T.);
#14942 = VERTEX_POINT('',#14943);
#14943 = CARTESIAN_POINT('',(139.74,-89.1,0.));
#14944 = CIRCLE('',#14945,0.5);
#14945 = AXIS2_PLACEMENT_3D('',#14946,#14947,#14948);
#14946 = CARTESIAN_POINT('',(139.74,-88.6,0.));
#14947 = DIRECTION('',(-0.,0.,-1.));
#14948 = DIRECTION('',(-0.,-1.,0.));
#14949 = FACE_BOUND('',#14950,.F.);
#14950 = EDGE_LOOP('',(#14951));
#14951 = ORIENTED_EDGE('',*,*,#14952,.T.);
#14952 = EDGE_CURVE('',#14953,#14953,#14955,.T.);
#14953 = VERTEX_POINT('',#14954);
#14954 = CARTESIAN_POINT('',(142.28,-89.1,0.));
#14955 = CIRCLE('',#14956,0.5);
#14956 = AXIS2_PLACEMENT_3D('',#14957,#14958,#14959);
#14957 = CARTESIAN_POINT('',(142.28,-88.6,0.));
#14958 = DIRECTION('',(-0.,0.,-1.));
#14959 = DIRECTION('',(-0.,-1.,0.));
#14960 = FACE_BOUND('',#14961,.F.);
#14961 = EDGE_LOOP('',(#14962));
#14962 = ORIENTED_EDGE('',*,*,#14963,.T.);
#14963 = EDGE_CURVE('',#14964,#14964,#14966,.T.);
#14964 = VERTEX_POINT('',#14965);
#14965 = CARTESIAN_POINT('',(139.74,-86.56,0.));
#14966 = CIRCLE('',#14967,0.5);
#14967 = AXIS2_PLACEMENT_3D('',#14968,#14969,#14970);
#14968 = CARTESIAN_POINT('',(139.74,-86.06,0.));
#14969 = DIRECTION('',(-0.,0.,-1.));
#14970 = DIRECTION('',(-0.,-1.,0.));
#14971 = FACE_BOUND('',#14972,.F.);
#14972 = EDGE_LOOP('',(#14973));
#14973 = ORIENTED_EDGE('',*,*,#14974,.T.);
#14974 = EDGE_CURVE('',#14975,#14975,#14977,.T.);
#14975 = VERTEX_POINT('',#14976);
#14976 = CARTESIAN_POINT('',(142.28,-86.56,0.));
#14977 = CIRCLE('',#14978,0.5);
#14978 = AXIS2_PLACEMENT_3D('',#14979,#14980,#14981);
#14979 = CARTESIAN_POINT('',(142.28,-86.06,0.));
#14980 = DIRECTION('',(-0.,0.,-1.));
#14981 = DIRECTION('',(-0.,-1.,0.));
#14982 = FACE_BOUND('',#14983,.F.);
#14983 = EDGE_LOOP('',(#14984));
#14984 = ORIENTED_EDGE('',*,*,#14985,.T.);
#14985 = EDGE_CURVE('',#14986,#14986,#14988,.T.);
#14986 = VERTEX_POINT('',#14987);
#14987 = CARTESIAN_POINT('',(144.82,-89.1,0.));
#14988 = CIRCLE('',#14989,0.5);
#14989 = AXIS2_PLACEMENT_3D('',#14990,#14991,#14992);
#14990 = CARTESIAN_POINT('',(144.82,-88.6,0.));
#14991 = DIRECTION('',(-0.,0.,-1.));
#14992 = DIRECTION('',(-0.,-1.,0.));
#14993 = FACE_BOUND('',#14994,.F.);
#14994 = EDGE_LOOP('',(#14995));
#14995 = ORIENTED_EDGE('',*,*,#14996,.T.);
#14996 = EDGE_CURVE('',#14997,#14997,#14999,.T.);
#14997 = VERTEX_POINT('',#14998);
#14998 = CARTESIAN_POINT('',(144.82,-86.56,0.));
#14999 = CIRCLE('',#15000,0.5);
#15000 = AXIS2_PLACEMENT_3D('',#15001,#15002,#15003);
#15001 = CARTESIAN_POINT('',(144.82,-86.06,0.));
#15002 = DIRECTION('',(-0.,0.,-1.));
#15003 = DIRECTION('',(-0.,-1.,0.));
#15004 = FACE_BOUND('',#15005,.F.);
#15005 = EDGE_LOOP('',(#15006));
#15006 = ORIENTED_EDGE('',*,*,#15007,.T.);
#15007 = EDGE_CURVE('',#15008,#15008,#15010,.T.);
#15008 = VERTEX_POINT('',#15009);
#15009 = CARTESIAN_POINT('',(152.66,-104.365,0.));
#15010 = CIRCLE('',#15011,0.5);
#15011 = AXIS2_PLACEMENT_3D('',#15012,#15013,#15014);
#15012 = CARTESIAN_POINT('',(152.66,-103.865,0.));
#15013 = DIRECTION('',(-0.,0.,-1.));
#15014 = DIRECTION('',(-0.,-1.,0.));
#15015 = FACE_BOUND('',#15016,.F.);
#15016 = EDGE_LOOP('',(#15017));
#15017 = ORIENTED_EDGE('',*,*,#15018,.T.);
#15018 = EDGE_CURVE('',#15019,#15019,#15021,.T.);
#15019 = VERTEX_POINT('',#15020);
#15020 = CARTESIAN_POINT('',(154.08,-98.505,0.));
#15021 = CIRCLE('',#15022,1.6);
#15022 = AXIS2_PLACEMENT_3D('',#15023,#15024,#15025);
#15023 = CARTESIAN_POINT('',(154.08,-96.905,0.));
#15024 = DIRECTION('',(-0.,0.,-1.));
#15025 = DIRECTION('',(1.7763568394E-14,-1.,-0.));
#15026 = FACE_BOUND('',#15027,.F.);
#15027 = EDGE_LOOP('',(#15028));
#15028 = ORIENTED_EDGE('',*,*,#15029,.T.);
#15029 = EDGE_CURVE('',#15030,#15030,#15032,.T.);
#15030 = VERTEX_POINT('',#15031);
#15031 = CARTESIAN_POINT('',(147.36,-89.1,0.));
#15032 = CIRCLE('',#15033,0.5);
#15033 = AXIS2_PLACEMENT_3D('',#15034,#15035,#15036);
#15034 = CARTESIAN_POINT('',(147.36,-88.6,0.));
#15035 = DIRECTION('',(-0.,0.,-1.));
#15036 = DIRECTION('',(-0.,-1.,0.));
#15037 = FACE_BOUND('',#15038,.F.);
#15038 = EDGE_LOOP('',(#15039));
#15039 = ORIENTED_EDGE('',*,*,#15040,.T.);
#15040 = EDGE_CURVE('',#15041,#15041,#15043,.T.);
#15041 = VERTEX_POINT('',#15042);
#15042 = CARTESIAN_POINT('',(147.36,-86.56,0.));
#15043 = CIRCLE('',#15044,0.5);
#15044 = AXIS2_PLACEMENT_3D('',#15045,#15046,#15047);
#15045 = CARTESIAN_POINT('',(147.36,-86.06,0.));
#15046 = DIRECTION('',(-0.,0.,-1.));
#15047 = DIRECTION('',(-0.,-1.,0.));
#15048 = FACE_BOUND('',#15049,.F.);
#15049 = EDGE_LOOP('',(#15050));
#15050 = ORIENTED_EDGE('',*,*,#15051,.T.);
#15051 = EDGE_CURVE('',#15052,#15052,#15054,.T.);
#15052 = VERTEX_POINT('',#15053);
#15053 = CARTESIAN_POINT('',(149.9,-89.1,0.));
#15054 = CIRCLE('',#15055,0.5);
#15055 = AXIS2_PLACEMENT_3D('',#15056,#15057,#15058);
#15056 = CARTESIAN_POINT('',(149.9,-88.6,0.));
#15057 = DIRECTION('',(-0.,0.,-1.));
#15058 = DIRECTION('',(-0.,-1.,0.));
#15059 = FACE_BOUND('',#15060,.F.);
#15060 = EDGE_LOOP('',(#15061));
#15061 = ORIENTED_EDGE('',*,*,#15062,.T.);
#15062 = EDGE_CURVE('',#15063,#15063,#15065,.T.);
#15063 = VERTEX_POINT('',#15064);
#15064 = CARTESIAN_POINT('',(152.44,-89.1,0.));
#15065 = CIRCLE('',#15066,0.5);
#15066 = AXIS2_PLACEMENT_3D('',#15067,#15068,#15069);
#15067 = CARTESIAN_POINT('',(152.44,-88.6,0.));
#15068 = DIRECTION('',(-0.,0.,-1.));
#15069 = DIRECTION('',(-0.,-1.,0.));
#15070 = FACE_BOUND('',#15071,.F.);
#15071 = EDGE_LOOP('',(#15072));
#15072 = ORIENTED_EDGE('',*,*,#15073,.T.);
#15073 = EDGE_CURVE('',#15074,#15074,#15076,.T.);
#15074 = VERTEX_POINT('',#15075);
#15075 = CARTESIAN_POINT('',(149.9,-86.56,0.));
#15076 = CIRCLE('',#15077,0.5);
#15077 = AXIS2_PLACEMENT_3D('',#15078,#15079,#15080);
#15078 = CARTESIAN_POINT('',(149.9,-86.06,0.));
#15079 = DIRECTION('',(-0.,0.,-1.));
#15080 = DIRECTION('',(-0.,-1.,0.));
#15081 = FACE_BOUND('',#15082,.F.);
#15082 = EDGE_LOOP('',(#15083));
#15083 = ORIENTED_EDGE('',*,*,#15084,.T.);
#15084 = EDGE_CURVE('',#15085,#15085,#15087,.T.);
#15085 = VERTEX_POINT('',#15086);
#15086 = CARTESIAN_POINT('',(152.44,-86.56,0.));
#15087 = CIRCLE('',#15088,0.5);
#15088 = AXIS2_PLACEMENT_3D('',#15089,#15090,#15091);
#15089 = CARTESIAN_POINT('',(152.44,-86.06,0.));
#15090 = DIRECTION('',(-0.,0.,-1.));
#15091 = DIRECTION('',(-0.,-1.,0.));
#15092 = FACE_BOUND('',#15093,.F.);
#15093 = EDGE_LOOP('',(#15094));
#15094 = ORIENTED_EDGE('',*,*,#15095,.T.);
#15095 = EDGE_CURVE('',#15096,#15096,#15098,.T.);
#15096 = VERTEX_POINT('',#15097);
#15097 = CARTESIAN_POINT('',(158.39,-91.1,0.));
#15098 = CIRCLE('',#15099,1.6);
#15099 = AXIS2_PLACEMENT_3D('',#15100,#15101,#15102);
#15100 = CARTESIAN_POINT('',(158.39,-89.5,0.));
#15101 = DIRECTION('',(-0.,0.,-1.));
#15102 = DIRECTION('',(-0.,-1.,0.));
#15103 = FACE_BOUND('',#15104,.F.);
#15104 = EDGE_LOOP('',(#15105));
#15105 = ORIENTED_EDGE('',*,*,#15106,.T.);
#15106 = EDGE_CURVE('',#15107,#15107,#15109,.T.);
#15107 = VERTEX_POINT('',#15108);
#15108 = CARTESIAN_POINT('',(105.8875,-79.525,0.));
#15109 = CIRCLE('',#15110,0.5);
#15110 = AXIS2_PLACEMENT_3D('',#15111,#15112,#15113);
#15111 = CARTESIAN_POINT('',(105.8875,-79.025,0.));
#15112 = DIRECTION('',(-0.,0.,-1.));
#15113 = DIRECTION('',(-0.,-1.,0.));
#15114 = FACE_BOUND('',#15115,.F.);
#15115 = EDGE_LOOP('',(#15116));
#15116 = ORIENTED_EDGE('',*,*,#15117,.T.);
#15117 = EDGE_CURVE('',#15118,#15118,#15120,.T.);
#15118 = VERTEX_POINT('',#15119);
#15119 = CARTESIAN_POINT('',(108.3875,-79.525,0.));
#15120 = CIRCLE('',#15121,0.5);
#15121 = AXIS2_PLACEMENT_3D('',#15122,#15123,#15124);
#15122 = CARTESIAN_POINT('',(108.3875,-79.025,0.));
#15123 = DIRECTION('',(-0.,0.,-1.));
#15124 = DIRECTION('',(-0.,-1.,0.));
#15125 = FACE_BOUND('',#15126,.F.);
#15126 = EDGE_LOOP('',(#15127));
#15127 = ORIENTED_EDGE('',*,*,#15128,.T.);
#15128 = EDGE_CURVE('',#15129,#15129,#15131,.T.);
#15129 = VERTEX_POINT('',#15130);
#15130 = CARTESIAN_POINT('',(110.8875,-79.525,0.));
#15131 = CIRCLE('',#15132,0.5);
#15132 = AXIS2_PLACEMENT_3D('',#15133,#15134,#15135);
#15133 = CARTESIAN_POINT('',(110.8875,-79.025,0.));
#15134 = DIRECTION('',(-0.,0.,-1.));
#15135 = DIRECTION('',(-0.,-1.,0.));
#15136 = FACE_BOUND('',#15137,.F.);
#15137 = EDGE_LOOP('',(#15138));
#15138 = ORIENTED_EDGE('',*,*,#15139,.T.);
#15139 = EDGE_CURVE('',#15140,#15140,#15142,.T.);
#15140 = VERTEX_POINT('',#15141);
#15141 = CARTESIAN_POINT('',(113.3875,-79.525,0.));
#15142 = CIRCLE('',#15143,0.5);
#15143 = AXIS2_PLACEMENT_3D('',#15144,#15145,#15146);
#15144 = CARTESIAN_POINT('',(113.3875,-79.025,0.));
#15145 = DIRECTION('',(-0.,0.,-1.));
#15146 = DIRECTION('',(-0.,-1.,0.));
#15147 = FACE_BOUND('',#15148,.F.);
#15148 = EDGE_LOOP('',(#15149));
#15149 = ORIENTED_EDGE('',*,*,#15150,.T.);
#15150 = EDGE_CURVE('',#15151,#15151,#15153,.T.);
#15151 = VERTEX_POINT('',#15152);
#15152 = CARTESIAN_POINT('',(106.2875,-69.775,0.));
#15153 = CIRCLE('',#15154,0.5);
#15154 = AXIS2_PLACEMENT_3D('',#15155,#15156,#15157);
#15155 = CARTESIAN_POINT('',(106.2875,-69.275,0.));
#15156 = DIRECTION('',(-0.,0.,-1.));
#15157 = DIRECTION('',(-0.,-1.,0.));
#15158 = FACE_BOUND('',#15159,.F.);
#15159 = EDGE_LOOP('',(#15160));
#15160 = ORIENTED_EDGE('',*,*,#15161,.T.);
#15161 = EDGE_CURVE('',#15162,#15162,#15164,.T.);
#15162 = VERTEX_POINT('',#15163);
#15163 = CARTESIAN_POINT('',(108.7875,-69.775,0.));
#15164 = CIRCLE('',#15165,0.5);
#15165 = AXIS2_PLACEMENT_3D('',#15166,#15167,#15168);
#15166 = CARTESIAN_POINT('',(108.7875,-69.275,0.));
#15167 = DIRECTION('',(-0.,0.,-1.));
#15168 = DIRECTION('',(-0.,-1.,0.));
#15169 = FACE_BOUND('',#15170,.F.);
#15170 = EDGE_LOOP('',(#15171));
#15171 = ORIENTED_EDGE('',*,*,#15172,.T.);
#15172 = EDGE_CURVE('',#15173,#15173,#15175,.T.);
#15173 = VERTEX_POINT('',#15174);
#15174 = CARTESIAN_POINT('',(111.2875,-69.775,0.));
#15175 = CIRCLE('',#15176,0.5);
#15176 = AXIS2_PLACEMENT_3D('',#15177,#15178,#15179);
#15177 = CARTESIAN_POINT('',(111.2875,-69.275,0.));
#15178 = DIRECTION('',(-0.,0.,-1.));
#15179 = DIRECTION('',(-0.,-1.,0.));
#15180 = FACE_BOUND('',#15181,.F.);
#15181 = EDGE_LOOP('',(#15182));
#15182 = ORIENTED_EDGE('',*,*,#15183,.T.);
#15183 = EDGE_CURVE('',#15184,#15184,#15186,.T.);
#15184 = VERTEX_POINT('',#15185);
#15185 = CARTESIAN_POINT('',(113.7875,-69.775,0.));
#15186 = CIRCLE('',#15187,0.5);
#15187 = AXIS2_PLACEMENT_3D('',#15188,#15189,#15190);
#15188 = CARTESIAN_POINT('',(113.7875,-69.275,0.));
#15189 = DIRECTION('',(-0.,0.,-1.));
#15190 = DIRECTION('',(-0.,-1.,0.));
#15191 = FACE_BOUND('',#15192,.F.);
#15192 = EDGE_LOOP('',(#15193));
#15193 = ORIENTED_EDGE('',*,*,#15194,.T.);
#15194 = EDGE_CURVE('',#15195,#15195,#15197,.T.);
#15195 = VERTEX_POINT('',#15196);
#15196 = CARTESIAN_POINT('',(126.14,-81.91,0.));
#15197 = CIRCLE('',#15198,0.51);
#15198 = AXIS2_PLACEMENT_3D('',#15199,#15200,#15201);
#15199 = CARTESIAN_POINT('',(126.14,-81.4,0.));
#15200 = DIRECTION('',(-0.,0.,-1.));
#15201 = DIRECTION('',(-0.,-1.,0.));
#15202 = FACE_BOUND('',#15203,.F.);
#15203 = EDGE_LOOP('',(#15204));
#15204 = ORIENTED_EDGE('',*,*,#15205,.T.);
#15205 = EDGE_CURVE('',#15206,#15206,#15208,.T.);
#15206 = VERTEX_POINT('',#15207);
#15207 = CARTESIAN_POINT('',(126.14,-79.37,0.));
#15208 = CIRCLE('',#15209,0.51);
#15209 = AXIS2_PLACEMENT_3D('',#15210,#15211,#15212);
#15210 = CARTESIAN_POINT('',(126.14,-78.86,0.));
#15211 = DIRECTION('',(-0.,0.,-1.));
#15212 = DIRECTION('',(-0.,-1.,0.));
#15213 = FACE_BOUND('',#15214,.F.);
#15214 = EDGE_LOOP('',(#15215));
#15215 = ORIENTED_EDGE('',*,*,#15216,.T.);
#15216 = EDGE_CURVE('',#15217,#15217,#15219,.T.);
#15217 = VERTEX_POINT('',#15218);
#15218 = CARTESIAN_POINT('',(128.68,-81.91,0.));
#15219 = CIRCLE('',#15220,0.51);
#15220 = AXIS2_PLACEMENT_3D('',#15221,#15222,#15223);
#15221 = CARTESIAN_POINT('',(128.68,-81.4,0.));
#15222 = DIRECTION('',(-0.,0.,-1.));
#15223 = DIRECTION('',(-0.,-1.,0.));
#15224 = FACE_BOUND('',#15225,.F.);
#15225 = EDGE_LOOP('',(#15226));
#15226 = ORIENTED_EDGE('',*,*,#15227,.T.);
#15227 = EDGE_CURVE('',#15228,#15228,#15230,.T.);
#15228 = VERTEX_POINT('',#15229);
#15229 = CARTESIAN_POINT('',(131.22,-81.91,0.));
#15230 = CIRCLE('',#15231,0.51);
#15231 = AXIS2_PLACEMENT_3D('',#15232,#15233,#15234);
#15232 = CARTESIAN_POINT('',(131.22,-81.4,0.));
#15233 = DIRECTION('',(-0.,0.,-1.));
#15234 = DIRECTION('',(-0.,-1.,0.));
#15235 = FACE_BOUND('',#15236,.F.);
#15236 = EDGE_LOOP('',(#15237));
#15237 = ORIENTED_EDGE('',*,*,#15238,.T.);
#15238 = EDGE_CURVE('',#15239,#15239,#15241,.T.);
#15239 = VERTEX_POINT('',#15240);
#15240 = CARTESIAN_POINT('',(126.14,-76.83,0.));
#15241 = CIRCLE('',#15242,0.51);
#15242 = AXIS2_PLACEMENT_3D('',#15243,#15244,#15245);
#15243 = CARTESIAN_POINT('',(126.14,-76.32,0.));
#15244 = DIRECTION('',(-0.,0.,-1.));
#15245 = DIRECTION('',(-0.,-1.,0.));
#15246 = FACE_BOUND('',#15247,.F.);
#15247 = EDGE_LOOP('',(#15248));
#15248 = ORIENTED_EDGE('',*,*,#15249,.T.);
#15249 = EDGE_CURVE('',#15250,#15250,#15252,.T.);
#15250 = VERTEX_POINT('',#15251);
#15251 = CARTESIAN_POINT('',(126.14,-74.29,0.));
#15252 = CIRCLE('',#15253,0.51);
#15253 = AXIS2_PLACEMENT_3D('',#15254,#15255,#15256);
#15254 = CARTESIAN_POINT('',(126.14,-73.78,0.));
#15255 = DIRECTION('',(-0.,0.,-1.));
#15256 = DIRECTION('',(-0.,-1.,0.));
#15257 = FACE_BOUND('',#15258,.F.);
#15258 = EDGE_LOOP('',(#15259));
#15259 = ORIENTED_EDGE('',*,*,#15260,.T.);
#15260 = EDGE_CURVE('',#15261,#15261,#15263,.T.);
#15261 = VERTEX_POINT('',#15262);
#15262 = CARTESIAN_POINT('',(120.23,-74.41,0.));
#15263 = CIRCLE('',#15264,1.6);
#15264 = AXIS2_PLACEMENT_3D('',#15265,#15266,#15267);
#15265 = CARTESIAN_POINT('',(120.23,-72.81,0.));
#15266 = DIRECTION('',(-0.,0.,-1.));
#15267 = DIRECTION('',(8.881784197001E-15,-1.,-0.));
#15268 = FACE_BOUND('',#15269,.F.);
#15269 = EDGE_LOOP('',(#15270));
#15270 = ORIENTED_EDGE('',*,*,#15271,.T.);
#15271 = EDGE_CURVE('',#15272,#15272,#15274,.T.);
#15272 = VERTEX_POINT('',#15273);
#15273 = CARTESIAN_POINT('',(126.14,-71.75,0.));
#15274 = CIRCLE('',#15275,0.51);
#15275 = AXIS2_PLACEMENT_3D('',#15276,#15277,#15278);
#15276 = CARTESIAN_POINT('',(126.14,-71.24,0.));
#15277 = DIRECTION('',(-0.,0.,-1.));
#15278 = DIRECTION('',(-0.,-1.,0.));
#15279 = FACE_BOUND('',#15280,.F.);
#15280 = EDGE_LOOP('',(#15281));
#15281 = ORIENTED_EDGE('',*,*,#15282,.T.);
#15282 = EDGE_CURVE('',#15283,#15283,#15285,.T.);
#15283 = VERTEX_POINT('',#15284);
#15284 = CARTESIAN_POINT('',(126.14,-69.21,0.));
#15285 = CIRCLE('',#15286,0.51);
#15286 = AXIS2_PLACEMENT_3D('',#15287,#15288,#15289);
#15287 = CARTESIAN_POINT('',(126.14,-68.7,0.));
#15288 = DIRECTION('',(-0.,0.,-1.));
#15289 = DIRECTION('',(-0.,-1.,0.));
#15290 = FACE_BOUND('',#15291,.F.);
#15291 = EDGE_LOOP('',(#15292));
#15292 = ORIENTED_EDGE('',*,*,#15293,.T.);
#15293 = EDGE_CURVE('',#15294,#15294,#15296,.T.);
#15294 = VERTEX_POINT('',#15295);
#15295 = CARTESIAN_POINT('',(126.14,-66.67,0.));
#15296 = CIRCLE('',#15297,0.51);
#15297 = AXIS2_PLACEMENT_3D('',#15298,#15299,#15300);
#15298 = CARTESIAN_POINT('',(126.14,-66.16,0.));
#15299 = DIRECTION('',(-0.,0.,-1.));
#15300 = DIRECTION('',(-0.,-1.,0.));
#15301 = FACE_BOUND('',#15302,.F.);
#15302 = EDGE_LOOP('',(#15303));
#15303 = ORIENTED_EDGE('',*,*,#15304,.T.);
#15304 = EDGE_CURVE('',#15305,#15305,#15307,.T.);
#15305 = VERTEX_POINT('',#15306);
#15306 = CARTESIAN_POINT('',(128.68,-66.67,0.));
#15307 = CIRCLE('',#15308,0.51);
#15308 = AXIS2_PLACEMENT_3D('',#15309,#15310,#15311);
#15309 = CARTESIAN_POINT('',(128.68,-66.16,0.));
#15310 = DIRECTION('',(-0.,0.,-1.));
#15311 = DIRECTION('',(-0.,-1.,0.));
#15312 = FACE_BOUND('',#15313,.F.);
#15313 = EDGE_LOOP('',(#15314));
#15314 = ORIENTED_EDGE('',*,*,#15315,.T.);
#15315 = EDGE_CURVE('',#15316,#15316,#15318,.T.);
#15316 = VERTEX_POINT('',#15317);
#15317 = CARTESIAN_POINT('',(131.22,-66.67,0.));
#15318 = CIRCLE('',#15319,0.51);
#15319 = AXIS2_PLACEMENT_3D('',#15320,#15321,#15322);
#15320 = CARTESIAN_POINT('',(131.22,-66.16,0.));
#15321 = DIRECTION('',(-0.,0.,-1.));
#15322 = DIRECTION('',(-0.,-1.,0.));
#15323 = FACE_BOUND('',#15324,.F.);
#15324 = EDGE_LOOP('',(#15325));
#15325 = ORIENTED_EDGE('',*,*,#15326,.T.);
#15326 = EDGE_CURVE('',#15327,#15327,#15329,.T.);
#15327 = VERTEX_POINT('',#15328);
#15328 = CARTESIAN_POINT('',(113.375,-60.6,0.));
#15329 = CIRCLE('',#15330,0.5);
#15330 = AXIS2_PLACEMENT_3D('',#15331,#15332,#15333);
#15331 = CARTESIAN_POINT('',(113.375,-60.1,0.));
#15332 = DIRECTION('',(-0.,0.,-1.));
#15333 = DIRECTION('',(-0.,-1.,0.));
#15334 = FACE_BOUND('',#15335,.F.);
#15335 = EDGE_LOOP('',(#15336));
#15336 = ORIENTED_EDGE('',*,*,#15337,.T.);
#15337 = EDGE_CURVE('',#15338,#15338,#15340,.T.);
#15338 = VERTEX_POINT('',#15339);
#15339 = CARTESIAN_POINT('',(113.375,-58.1,0.));
#15340 = CIRCLE('',#15341,0.5);
#15341 = AXIS2_PLACEMENT_3D('',#15342,#15343,#15344);
#15342 = CARTESIAN_POINT('',(113.375,-57.6,0.));
#15343 = DIRECTION('',(-0.,0.,-1.));
#15344 = DIRECTION('',(-0.,-1.,0.));
#15345 = FACE_BOUND('',#15346,.F.);
#15346 = EDGE_LOOP('',(#15347));
#15347 = ORIENTED_EDGE('',*,*,#15348,.T.);
#15348 = EDGE_CURVE('',#15349,#15349,#15351,.T.);
#15349 = VERTEX_POINT('',#15350);
#15350 = CARTESIAN_POINT('',(113.375,-55.6,0.));
#15351 = CIRCLE('',#15352,0.5);
#15352 = AXIS2_PLACEMENT_3D('',#15353,#15354,#15355);
#15353 = CARTESIAN_POINT('',(113.375,-55.1,0.));
#15354 = DIRECTION('',(-0.,0.,-1.));
#15355 = DIRECTION('',(-0.,-1.,0.));
#15356 = FACE_BOUND('',#15357,.F.);
#15357 = EDGE_LOOP('',(#15358));
#15358 = ORIENTED_EDGE('',*,*,#15359,.T.);
#15359 = EDGE_CURVE('',#15360,#15360,#15362,.T.);
#15360 = VERTEX_POINT('',#15361);
#15361 = CARTESIAN_POINT('',(106.9,-48.4,0.));
#15362 = CIRCLE('',#15363,0.7);
#15363 = AXIS2_PLACEMENT_3D('',#15364,#15365,#15366);
#15364 = CARTESIAN_POINT('',(106.9,-47.7,0.));
#15365 = DIRECTION('',(-0.,0.,-1.));
#15366 = DIRECTION('',(-0.,-1.,0.));
#15367 = FACE_BOUND('',#15368,.F.);
#15368 = EDGE_LOOP('',(#15369));
#15369 = ORIENTED_EDGE('',*,*,#15370,.T.);
#15370 = EDGE_CURVE('',#15371,#15371,#15373,.T.);
#15371 = VERTEX_POINT('',#15372);
#15372 = CARTESIAN_POINT('',(106.9,-42.9,0.));
#15373 = CIRCLE('',#15374,0.7);
#15374 = AXIS2_PLACEMENT_3D('',#15375,#15376,#15377);
#15375 = CARTESIAN_POINT('',(106.9,-42.2,0.));
#15376 = DIRECTION('',(-0.,0.,-1.));
#15377 = DIRECTION('',(-0.,-1.,0.));
#15378 = FACE_BOUND('',#15379,.F.);
#15379 = EDGE_LOOP('',(#15380));
#15380 = ORIENTED_EDGE('',*,*,#15381,.T.);
#15381 = EDGE_CURVE('',#15382,#15382,#15384,.T.);
#15382 = VERTEX_POINT('',#15383);
#15383 = CARTESIAN_POINT('',(111.1,-48.4,0.));
#15384 = CIRCLE('',#15385,0.7);
#15385 = AXIS2_PLACEMENT_3D('',#15386,#15387,#15388);
#15386 = CARTESIAN_POINT('',(111.1,-47.7,0.));
#15387 = DIRECTION('',(-0.,0.,-1.));
#15388 = DIRECTION('',(-0.,-1.,0.));
#15389 = FACE_BOUND('',#15390,.F.);
#15390 = EDGE_LOOP('',(#15391));
#15391 = ORIENTED_EDGE('',*,*,#15392,.T.);
#15392 = EDGE_CURVE('',#15393,#15393,#15395,.T.);
#15393 = VERTEX_POINT('',#15394);
#15394 = CARTESIAN_POINT('',(115.3,-48.4,0.));
#15395 = CIRCLE('',#15396,0.7);
#15396 = AXIS2_PLACEMENT_3D('',#15397,#15398,#15399);
#15397 = CARTESIAN_POINT('',(115.3,-47.7,0.));
#15398 = DIRECTION('',(-0.,0.,-1.));
#15399 = DIRECTION('',(-0.,-1.,0.));
#15400 = FACE_BOUND('',#15401,.F.);
#15401 = EDGE_LOOP('',(#15402));
#15402 = ORIENTED_EDGE('',*,*,#15403,.T.);
#15403 = EDGE_CURVE('',#15404,#15404,#15406,.T.);
#15404 = VERTEX_POINT('',#15405);
#15405 = CARTESIAN_POINT('',(111.1,-42.9,0.));
#15406 = CIRCLE('',#15407,0.7);
#15407 = AXIS2_PLACEMENT_3D('',#15408,#15409,#15410);
#15408 = CARTESIAN_POINT('',(111.1,-42.2,0.));
#15409 = DIRECTION('',(-0.,0.,-1.));
#15410 = DIRECTION('',(-0.,-1.,0.));
#15411 = FACE_BOUND('',#15412,.F.);
#15412 = EDGE_LOOP('',(#15413));
#15413 = ORIENTED_EDGE('',*,*,#15414,.T.);
#15414 = EDGE_CURVE('',#15415,#15415,#15417,.T.);
#15415 = VERTEX_POINT('',#15416);
#15416 = CARTESIAN_POINT('',(115.3,-42.9,0.));
#15417 = CIRCLE('',#15418,0.7);
#15418 = AXIS2_PLACEMENT_3D('',#15419,#15420,#15421);
#15419 = CARTESIAN_POINT('',(115.3,-42.2,0.));
#15420 = DIRECTION('',(-0.,0.,-1.));
#15421 = DIRECTION('',(-0.,-1.,0.));
#15422 = FACE_BOUND('',#15423,.F.);
#15423 = EDGE_LOOP('',(#15424));
#15424 = ORIENTED_EDGE('',*,*,#15425,.T.);
#15425 = EDGE_CURVE('',#15426,#15426,#15428,.T.);
#15426 = VERTEX_POINT('',#15427);
#15427 = CARTESIAN_POINT('',(122.475,-60.6,0.));
#15428 = CIRCLE('',#15429,0.5);
#15429 = AXIS2_PLACEMENT_3D('',#15430,#15431,#15432);
#15430 = CARTESIAN_POINT('',(122.475,-60.1,0.));
#15431 = DIRECTION('',(-0.,0.,-1.));
#15432 = DIRECTION('',(-0.,-1.,0.));
#15433 = FACE_BOUND('',#15434,.F.);
#15434 = EDGE_LOOP('',(#15435));
#15435 = ORIENTED_EDGE('',*,*,#15436,.T.);
#15436 = EDGE_CURVE('',#15437,#15437,#15439,.T.);
#15437 = VERTEX_POINT('',#15438);
#15438 = CARTESIAN_POINT('',(122.475,-58.1,0.));
#15439 = CIRCLE('',#15440,0.5);
#15440 = AXIS2_PLACEMENT_3D('',#15441,#15442,#15443);
#15441 = CARTESIAN_POINT('',(122.475,-57.6,0.));
#15442 = DIRECTION('',(-0.,0.,-1.));
#15443 = DIRECTION('',(-0.,-1.,0.));
#15444 = FACE_BOUND('',#15445,.F.);
#15445 = EDGE_LOOP('',(#15446));
#15446 = ORIENTED_EDGE('',*,*,#15447,.T.);
#15447 = EDGE_CURVE('',#15448,#15448,#15450,.T.);
#15448 = VERTEX_POINT('',#15449);
#15449 = CARTESIAN_POINT('',(122.475,-55.6,0.));
#15450 = CIRCLE('',#15451,0.5);
#15451 = AXIS2_PLACEMENT_3D('',#15452,#15453,#15454);
#15452 = CARTESIAN_POINT('',(122.475,-55.1,0.));
#15453 = DIRECTION('',(-0.,0.,-1.));
#15454 = DIRECTION('',(-0.,-1.,0.));
#15455 = FACE_BOUND('',#15456,.F.);
#15456 = EDGE_LOOP('',(#15457));
#15457 = ORIENTED_EDGE('',*,*,#15458,.T.);
#15458 = EDGE_CURVE('',#15459,#15459,#15461,.T.);
#15459 = VERTEX_POINT('',#15460);
#15460 = CARTESIAN_POINT('',(131.475,-60.5375,0.));
#15461 = CIRCLE('',#15462,0.5);
#15462 = AXIS2_PLACEMENT_3D('',#15463,#15464,#15465);
#15463 = CARTESIAN_POINT('',(131.475,-60.0375,0.));
#15464 = DIRECTION('',(-0.,0.,-1.));
#15465 = DIRECTION('',(-0.,-1.,0.));
#15466 = FACE_BOUND('',#15467,.F.);
#15467 = EDGE_LOOP('',(#15468));
#15468 = ORIENTED_EDGE('',*,*,#15469,.T.);
#15469 = EDGE_CURVE('',#15470,#15470,#15472,.T.);
#15470 = VERTEX_POINT('',#15471);
#15471 = CARTESIAN_POINT('',(131.475,-58.0375,0.));
#15472 = CIRCLE('',#15473,0.5);
#15473 = AXIS2_PLACEMENT_3D('',#15474,#15475,#15476);
#15474 = CARTESIAN_POINT('',(131.475,-57.5375,0.));
#15475 = DIRECTION('',(-0.,0.,-1.));
#15476 = DIRECTION('',(-0.,-1.,0.));
#15477 = FACE_BOUND('',#15478,.F.);
#15478 = EDGE_LOOP('',(#15479));
#15479 = ORIENTED_EDGE('',*,*,#15480,.T.);
#15480 = EDGE_CURVE('',#15481,#15481,#15483,.T.);
#15481 = VERTEX_POINT('',#15482);
#15482 = CARTESIAN_POINT('',(131.475,-55.5375,0.));
#15483 = CIRCLE('',#15484,0.5);
#15484 = AXIS2_PLACEMENT_3D('',#15485,#15486,#15487);
#15485 = CARTESIAN_POINT('',(131.475,-55.0375,0.));
#15486 = DIRECTION('',(-0.,0.,-1.));
#15487 = DIRECTION('',(-0.,-1.,0.));
#15488 = FACE_BOUND('',#15489,.F.);
#15489 = EDGE_LOOP('',(#15490));
#15490 = ORIENTED_EDGE('',*,*,#15491,.T.);
#15491 = EDGE_CURVE('',#15492,#15492,#15494,.T.);
#15492 = VERTEX_POINT('',#15493);
#15493 = CARTESIAN_POINT('',(133.76,-81.91,0.));
#15494 = CIRCLE('',#15495,0.51);
#15495 = AXIS2_PLACEMENT_3D('',#15496,#15497,#15498);
#15496 = CARTESIAN_POINT('',(133.76,-81.4,0.));
#15497 = DIRECTION('',(-0.,0.,-1.));
#15498 = DIRECTION('',(-0.,-1.,0.));
#15499 = FACE_BOUND('',#15500,.F.);
#15500 = EDGE_LOOP('',(#15501));
#15501 = ORIENTED_EDGE('',*,*,#15502,.T.);
#15502 = EDGE_CURVE('',#15503,#15503,#15505,.T.);
#15503 = VERTEX_POINT('',#15504);
#15504 = CARTESIAN_POINT('',(136.3,-81.91,0.));
#15505 = CIRCLE('',#15506,0.51);
#15506 = AXIS2_PLACEMENT_3D('',#15507,#15508,#15509);
#15507 = CARTESIAN_POINT('',(136.3,-81.4,0.));
#15508 = DIRECTION('',(-0.,0.,-1.));
#15509 = DIRECTION('',(-0.,-1.,0.));
#15510 = FACE_BOUND('',#15511,.F.);
#15511 = EDGE_LOOP('',(#15512));
#15512 = ORIENTED_EDGE('',*,*,#15513,.T.);
#15513 = EDGE_CURVE('',#15514,#15514,#15516,.T.);
#15514 = VERTEX_POINT('',#15515);
#15515 = CARTESIAN_POINT('',(138.84,-81.91,0.));
#15516 = CIRCLE('',#15517,0.51);
#15517 = AXIS2_PLACEMENT_3D('',#15518,#15519,#15520);
#15518 = CARTESIAN_POINT('',(138.84,-81.4,0.));
#15519 = DIRECTION('',(-0.,0.,-1.));
#15520 = DIRECTION('',(-0.,-1.,0.));
#15521 = FACE_BOUND('',#15522,.F.);
#15522 = EDGE_LOOP('',(#15523));
#15523 = ORIENTED_EDGE('',*,*,#15524,.T.);
#15524 = EDGE_CURVE('',#15525,#15525,#15527,.T.);
#15525 = VERTEX_POINT('',#15526);
#15526 = CARTESIAN_POINT('',(141.38,-81.91,0.));
#15527 = CIRCLE('',#15528,0.51);
#15528 = AXIS2_PLACEMENT_3D('',#15529,#15530,#15531);
#15529 = CARTESIAN_POINT('',(141.38,-81.4,0.));
#15530 = DIRECTION('',(-0.,0.,-1.));
#15531 = DIRECTION('',(-0.,-1.,0.));
#15532 = FACE_BOUND('',#15533,.F.);
#15533 = EDGE_LOOP('',(#15534));
#15534 = ORIENTED_EDGE('',*,*,#15535,.T.);
#15535 = EDGE_CURVE('',#15536,#15536,#15538,.T.);
#15536 = VERTEX_POINT('',#15537);
#15537 = CARTESIAN_POINT('',(143.92,-81.91,0.));
#15538 = CIRCLE('',#15539,0.51);
#15539 = AXIS2_PLACEMENT_3D('',#15540,#15541,#15542);
#15540 = CARTESIAN_POINT('',(143.92,-81.4,0.));
#15541 = DIRECTION('',(-0.,0.,-1.));
#15542 = DIRECTION('',(-5.57288420204E-14,-1.,0.));
#15543 = FACE_BOUND('',#15544,.F.);
#15544 = EDGE_LOOP('',(#15545));
#15545 = ORIENTED_EDGE('',*,*,#15546,.T.);
#15546 = EDGE_CURVE('',#15547,#15547,#15549,.T.);
#15547 = VERTEX_POINT('',#15548);
#15548 = CARTESIAN_POINT('',(133.76,-66.67,0.));
#15549 = CIRCLE('',#15550,0.51);
#15550 = AXIS2_PLACEMENT_3D('',#15551,#15552,#15553);
#15551 = CARTESIAN_POINT('',(133.76,-66.16,0.));
#15552 = DIRECTION('',(-0.,0.,-1.));
#15553 = DIRECTION('',(-0.,-1.,0.));
#15554 = FACE_BOUND('',#15555,.F.);
#15555 = EDGE_LOOP('',(#15556));
#15556 = ORIENTED_EDGE('',*,*,#15557,.T.);
#15557 = EDGE_CURVE('',#15558,#15558,#15560,.T.);
#15558 = VERTEX_POINT('',#15559);
#15559 = CARTESIAN_POINT('',(136.3,-66.67,0.));
#15560 = CIRCLE('',#15561,0.51);
#15561 = AXIS2_PLACEMENT_3D('',#15562,#15563,#15564);
#15562 = CARTESIAN_POINT('',(136.3,-66.16,0.));
#15563 = DIRECTION('',(-0.,0.,-1.));
#15564 = DIRECTION('',(-0.,-1.,0.));
#15565 = FACE_BOUND('',#15566,.F.);
#15566 = EDGE_LOOP('',(#15567));
#15567 = ORIENTED_EDGE('',*,*,#15568,.T.);
#15568 = EDGE_CURVE('',#15569,#15569,#15571,.T.);
#15569 = VERTEX_POINT('',#15570);
#15570 = CARTESIAN_POINT('',(138.84,-66.67,0.));
#15571 = CIRCLE('',#15572,0.51);
#15572 = AXIS2_PLACEMENT_3D('',#15573,#15574,#15575);
#15573 = CARTESIAN_POINT('',(138.84,-66.16,0.));
#15574 = DIRECTION('',(-0.,0.,-1.));
#15575 = DIRECTION('',(-0.,-1.,0.));
#15576 = FACE_BOUND('',#15577,.F.);
#15577 = EDGE_LOOP('',(#15578));
#15578 = ORIENTED_EDGE('',*,*,#15579,.T.);
#15579 = EDGE_CURVE('',#15580,#15580,#15582,.T.);
#15580 = VERTEX_POINT('',#15581);
#15581 = CARTESIAN_POINT('',(141.38,-66.67,0.));
#15582 = CIRCLE('',#15583,0.51);
#15583 = AXIS2_PLACEMENT_3D('',#15584,#15585,#15586);
#15584 = CARTESIAN_POINT('',(141.38,-66.16,0.));
#15585 = DIRECTION('',(-0.,0.,-1.));
#15586 = DIRECTION('',(-0.,-1.,0.));
#15587 = FACE_BOUND('',#15588,.F.);
#15588 = EDGE_LOOP('',(#15589));
#15589 = ORIENTED_EDGE('',*,*,#15590,.T.);
#15590 = EDGE_CURVE('',#15591,#15591,#15593,.T.);
#15591 = VERTEX_POINT('',#15592);
#15592 = CARTESIAN_POINT('',(143.92,-66.67,0.));
#15593 = CIRCLE('',#15594,0.51);
#15594 = AXIS2_PLACEMENT_3D('',#15595,#15596,#15597);
#15595 = CARTESIAN_POINT('',(143.92,-66.16,0.));
#15596 = DIRECTION('',(-0.,0.,-1.));
#15597 = DIRECTION('',(-5.57288420204E-14,-1.,0.));
#15598 = FACE_BOUND('',#15599,.F.);
#15599 = EDGE_LOOP('',(#15600));
#15600 = ORIENTED_EDGE('',*,*,#15601,.T.);
#15601 = EDGE_CURVE('',#15602,#15602,#15604,.T.);
#15602 = VERTEX_POINT('',#15603);
#15603 = CARTESIAN_POINT('',(146.46,-81.91,0.));
#15604 = CIRCLE('',#15605,0.51);
#15605 = AXIS2_PLACEMENT_3D('',#15606,#15607,#15608);
#15606 = CARTESIAN_POINT('',(146.46,-81.4,0.));
#15607 = DIRECTION('',(-0.,0.,-1.));
#15608 = DIRECTION('',(5.57288420204E-14,-1.,-0.));
#15609 = FACE_BOUND('',#15610,.F.);
#15610 = EDGE_LOOP('',(#15611));
#15611 = ORIENTED_EDGE('',*,*,#15612,.T.);
#15612 = EDGE_CURVE('',#15613,#15613,#15615,.T.);
#15613 = VERTEX_POINT('',#15614);
#15614 = CARTESIAN_POINT('',(149.,-81.91,0.));
#15615 = CIRCLE('',#15616,0.51);
#15616 = AXIS2_PLACEMENT_3D('',#15617,#15618,#15619);
#15617 = CARTESIAN_POINT('',(149.,-81.4,0.));
#15618 = DIRECTION('',(-0.,0.,-1.));
#15619 = DIRECTION('',(-0.,-1.,0.));
#15620 = FACE_BOUND('',#15621,.F.);
#15621 = EDGE_LOOP('',(#15622));
#15622 = ORIENTED_EDGE('',*,*,#15623,.T.);
#15623 = EDGE_CURVE('',#15624,#15624,#15626,.T.);
#15624 = VERTEX_POINT('',#15625);
#15625 = CARTESIAN_POINT('',(151.54,-81.91,0.));
#15626 = CIRCLE('',#15627,0.51);
#15627 = AXIS2_PLACEMENT_3D('',#15628,#15629,#15630);
#15628 = CARTESIAN_POINT('',(151.54,-81.4,0.));
#15629 = DIRECTION('',(-0.,0.,-1.));
#15630 = DIRECTION('',(-5.57288420204E-14,-1.,0.));
#15631 = FACE_BOUND('',#15632,.F.);
#15632 = EDGE_LOOP('',(#15633));
#15633 = ORIENTED_EDGE('',*,*,#15634,.T.);
#15634 = EDGE_CURVE('',#15635,#15635,#15637,.T.);
#15635 = VERTEX_POINT('',#15636);
#15636 = CARTESIAN_POINT('',(154.08,-81.91,0.));
#15637 = CIRCLE('',#15638,0.51);
#15638 = AXIS2_PLACEMENT_3D('',#15639,#15640,#15641);
#15639 = CARTESIAN_POINT('',(154.08,-81.4,0.));
#15640 = DIRECTION('',(-0.,0.,-1.));
#15641 = DIRECTION('',(5.57288420204E-14,-1.,-0.));
#15642 = FACE_BOUND('',#15643,.F.);
#15643 = EDGE_LOOP('',(#15644));
#15644 = ORIENTED_EDGE('',*,*,#15645,.T.);
#15645 = EDGE_CURVE('',#15646,#15646,#15648,.T.);
#15646 = VERTEX_POINT('',#15647);
#15647 = CARTESIAN_POINT('',(156.62,-81.91,0.));
#15648 = CIRCLE('',#15649,0.51);
#15649 = AXIS2_PLACEMENT_3D('',#15650,#15651,#15652);
#15650 = CARTESIAN_POINT('',(156.62,-81.4,0.));
#15651 = DIRECTION('',(-0.,0.,-1.));
#15652 = DIRECTION('',(-0.,-1.,0.));
#15653 = FACE_BOUND('',#15654,.F.);
#15654 = EDGE_LOOP('',(#15655));
#15655 = ORIENTED_EDGE('',*,*,#15656,.T.);
#15656 = EDGE_CURVE('',#15657,#15657,#15659,.T.);
#15657 = VERTEX_POINT('',#15658);
#15658 = CARTESIAN_POINT('',(159.16,-81.91,0.));
#15659 = CIRCLE('',#15660,0.51);
#15660 = AXIS2_PLACEMENT_3D('',#15661,#15662,#15663);
#15661 = CARTESIAN_POINT('',(159.16,-81.4,0.));
#15662 = DIRECTION('',(-0.,0.,-1.));
#15663 = DIRECTION('',(-0.,-1.,0.));
#15664 = FACE_BOUND('',#15665,.F.);
#15665 = EDGE_LOOP('',(#15666));
#15666 = ORIENTED_EDGE('',*,*,#15667,.T.);
#15667 = EDGE_CURVE('',#15668,#15668,#15670,.T.);
#15668 = VERTEX_POINT('',#15669);
#15669 = CARTESIAN_POINT('',(146.46,-66.67,0.));
#15670 = CIRCLE('',#15671,0.51);
#15671 = AXIS2_PLACEMENT_3D('',#15672,#15673,#15674);
#15672 = CARTESIAN_POINT('',(146.46,-66.16,0.));
#15673 = DIRECTION('',(-0.,0.,-1.));
#15674 = DIRECTION('',(5.57288420204E-14,-1.,-0.));
#15675 = FACE_BOUND('',#15676,.F.);
#15676 = EDGE_LOOP('',(#15677));
#15677 = ORIENTED_EDGE('',*,*,#15678,.T.);
#15678 = EDGE_CURVE('',#15679,#15679,#15681,.T.);
#15679 = VERTEX_POINT('',#15680);
#15680 = CARTESIAN_POINT('',(149.,-66.67,0.));
#15681 = CIRCLE('',#15682,0.51);
#15682 = AXIS2_PLACEMENT_3D('',#15683,#15684,#15685);
#15683 = CARTESIAN_POINT('',(149.,-66.16,0.));
#15684 = DIRECTION('',(-0.,0.,-1.));
#15685 = DIRECTION('',(-0.,-1.,0.));
#15686 = FACE_BOUND('',#15687,.F.);
#15687 = EDGE_LOOP('',(#15688));
#15688 = ORIENTED_EDGE('',*,*,#15689,.T.);
#15689 = EDGE_CURVE('',#15690,#15690,#15692,.T.);
#15690 = VERTEX_POINT('',#15691);
#15691 = CARTESIAN_POINT('',(151.54,-66.67,0.));
#15692 = CIRCLE('',#15693,0.51);
#15693 = AXIS2_PLACEMENT_3D('',#15694,#15695,#15696);
#15694 = CARTESIAN_POINT('',(151.54,-66.16,0.));
#15695 = DIRECTION('',(-0.,0.,-1.));
#15696 = DIRECTION('',(-5.57288420204E-14,-1.,0.));
#15697 = FACE_BOUND('',#15698,.F.);
#15698 = EDGE_LOOP('',(#15699));
#15699 = ORIENTED_EDGE('',*,*,#15700,.T.);
#15700 = EDGE_CURVE('',#15701,#15701,#15703,.T.);
#15701 = VERTEX_POINT('',#15702);
#15702 = CARTESIAN_POINT('',(154.08,-66.67,0.));
#15703 = CIRCLE('',#15704,0.51);
#15704 = AXIS2_PLACEMENT_3D('',#15705,#15706,#15707);
#15705 = CARTESIAN_POINT('',(154.08,-66.16,0.));
#15706 = DIRECTION('',(-0.,0.,-1.));
#15707 = DIRECTION('',(5.57288420204E-14,-1.,-0.));
#15708 = FACE_BOUND('',#15709,.F.);
#15709 = EDGE_LOOP('',(#15710));
#15710 = ORIENTED_EDGE('',*,*,#15711,.T.);
#15711 = EDGE_CURVE('',#15712,#15712,#15714,.T.);
#15712 = VERTEX_POINT('',#15713);
#15713 = CARTESIAN_POINT('',(156.62,-66.67,0.));
#15714 = CIRCLE('',#15715,0.51);
#15715 = AXIS2_PLACEMENT_3D('',#15716,#15717,#15718);
#15716 = CARTESIAN_POINT('',(156.62,-66.16,0.));
#15717 = DIRECTION('',(-0.,0.,-1.));
#15718 = DIRECTION('',(-0.,-1.,0.));
#15719 = FACE_BOUND('',#15720,.F.);
#15720 = EDGE_LOOP('',(#15721));
#15721 = ORIENTED_EDGE('',*,*,#15722,.T.);
#15722 = EDGE_CURVE('',#15723,#15723,#15725,.T.);
#15723 = VERTEX_POINT('',#15724);
#15724 = CARTESIAN_POINT('',(159.16,-66.67,0.));
#15725 = CIRCLE('',#15726,0.51);
#15726 = AXIS2_PLACEMENT_3D('',#15727,#15728,#15729);
#15727 = CARTESIAN_POINT('',(159.16,-66.16,0.));
#15728 = DIRECTION('',(-0.,0.,-1.));
#15729 = DIRECTION('',(-0.,-1.,0.));
#15730 = FACE_BOUND('',#15731,.F.);
#15731 = EDGE_LOOP('',(#15732));
#15732 = ORIENTED_EDGE('',*,*,#15733,.T.);
#15733 = EDGE_CURVE('',#15734,#15734,#15736,.T.);
#15734 = VERTEX_POINT('',#15735);
#15735 = CARTESIAN_POINT('',(140.375,-60.5,0.));
#15736 = CIRCLE('',#15737,0.5);
#15737 = AXIS2_PLACEMENT_3D('',#15738,#15739,#15740);
#15738 = CARTESIAN_POINT('',(140.375,-60.,0.));
#15739 = DIRECTION('',(-0.,0.,-1.));
#15740 = DIRECTION('',(-0.,-1.,0.));
#15741 = FACE_BOUND('',#15742,.F.);
#15742 = EDGE_LOOP('',(#15743));
#15743 = ORIENTED_EDGE('',*,*,#15744,.T.);
#15744 = EDGE_CURVE('',#15745,#15745,#15747,.T.);
#15745 = VERTEX_POINT('',#15746);
#15746 = CARTESIAN_POINT('',(140.375,-58.,0.));
#15747 = CIRCLE('',#15748,0.5);
#15748 = AXIS2_PLACEMENT_3D('',#15749,#15750,#15751);
#15749 = CARTESIAN_POINT('',(140.375,-57.5,0.));
#15750 = DIRECTION('',(-0.,0.,-1.));
#15751 = DIRECTION('',(-0.,-1.,0.));
#15752 = FACE_BOUND('',#15753,.F.);
#15753 = EDGE_LOOP('',(#15754));
#15754 = ORIENTED_EDGE('',*,*,#15755,.T.);
#15755 = EDGE_CURVE('',#15756,#15756,#15758,.T.);
#15756 = VERTEX_POINT('',#15757);
#15757 = CARTESIAN_POINT('',(140.375,-55.5,0.));
#15758 = CIRCLE('',#15759,0.5);
#15759 = AXIS2_PLACEMENT_3D('',#15760,#15761,#15762);
#15760 = CARTESIAN_POINT('',(140.375,-55.,0.));
#15761 = DIRECTION('',(-0.,0.,-1.));
#15762 = DIRECTION('',(-0.,-1.,0.));
#15763 = FACE_BOUND('',#15764,.F.);
#15764 = EDGE_LOOP('',(#15765));
#15765 = ORIENTED_EDGE('',*,*,#15766,.T.);
#15766 = EDGE_CURVE('',#15767,#15767,#15769,.T.);
#15767 = VERTEX_POINT('',#15768);
#15768 = CARTESIAN_POINT('',(152.25,-59.7,0.));
#15769 = CIRCLE('',#15770,0.7);
#15770 = AXIS2_PLACEMENT_3D('',#15771,#15772,#15773);
#15771 = CARTESIAN_POINT('',(152.25,-59.,0.));
#15772 = DIRECTION('',(-0.,0.,-1.));
#15773 = DIRECTION('',(-0.,-1.,0.));
#15774 = FACE_BOUND('',#15775,.F.);
#15775 = EDGE_LOOP('',(#15776));
#15776 = ORIENTED_EDGE('',*,*,#15777,.T.);
#15777 = EDGE_CURVE('',#15778,#15778,#15780,.T.);
#15778 = VERTEX_POINT('',#15779);
#15779 = CARTESIAN_POINT('',(152.25,-55.5,0.));
#15780 = CIRCLE('',#15781,0.7);
#15781 = AXIS2_PLACEMENT_3D('',#15782,#15783,#15784);
#15782 = CARTESIAN_POINT('',(152.25,-54.8,0.));
#15783 = DIRECTION('',(-0.,0.,-1.));
#15784 = DIRECTION('',(-0.,-1.,0.));
#15785 = FACE_BOUND('',#15786,.F.);
#15786 = EDGE_LOOP('',(#15787));
#15787 = ORIENTED_EDGE('',*,*,#15788,.T.);
#15788 = EDGE_CURVE('',#15789,#15789,#15791,.T.);
#15789 = VERTEX_POINT('',#15790);
#15790 = CARTESIAN_POINT('',(157.75,-59.7,0.));
#15791 = CIRCLE('',#15792,0.7);
#15792 = AXIS2_PLACEMENT_3D('',#15793,#15794,#15795);
#15793 = CARTESIAN_POINT('',(157.75,-59.,0.));
#15794 = DIRECTION('',(-0.,0.,-1.));
#15795 = DIRECTION('',(-0.,-1.,0.));
#15796 = FACE_BOUND('',#15797,.F.);
#15797 = EDGE_LOOP('',(#15798));
#15798 = ORIENTED_EDGE('',*,*,#15799,.T.);
#15799 = EDGE_CURVE('',#15800,#15800,#15802,.T.);
#15800 = VERTEX_POINT('',#15801);
#15801 = CARTESIAN_POINT('',(157.75,-55.5,0.));
#15802 = CIRCLE('',#15803,0.7);
#15803 = AXIS2_PLACEMENT_3D('',#15804,#15805,#15806);
#15804 = CARTESIAN_POINT('',(157.75,-54.8,0.));
#15805 = DIRECTION('',(-0.,0.,-1.));
#15806 = DIRECTION('',(-0.,-1.,0.));
#15807 = PLANE('',#15808);
#15808 = AXIS2_PLACEMENT_3D('',#15809,#15810,#15811);
#15809 = CARTESIAN_POINT('',(0.,0.,0.));
#15810 = DIRECTION('',(0.,0.,1.));
#15811 = DIRECTION('',(1.,0.,-0.));
#15812 = ADVANCED_FACE('',(#15813,#15859,#15870,#15881,#15892,#15903,
    #15914,#15925,#15936,#15947,#15958,#15969,#15980,#15991,#16002,
    #16013,#16024,#16035,#16046,#16057,#16068,#16079,#16090,#16101,
    #16112,#16123,#16134,#16145,#16156,#16167,#16178,#16189,#16200,
    #16211,#16222,#16233,#16244,#16255,#16266,#16277,#16288,#16299,
    #16310,#16321,#16332,#16343,#16354,#16365,#16376,#16387,#16398,
    #16409,#16420,#16431,#16442,#16453,#16464,#16475,#16486,#16497,
    #16508,#16519,#16530,#16541,#16552,#16563,#16574,#16585,#16596,
    #16607,#16618,#16629,#16640,#16651,#16662,#16673,#16684,#16695,
    #16706,#16717,#16728,#16739,#16750,#16761,#16772,#16783,#16794,
    #16805,#16816,#16827,#16838,#16849,#16860,#16871,#16882,#16893,
    #16904,#16915,#16926,#16937,#16948,#16959,#16970,#16981,#16992,
    #17003,#17014,#17025,#17036,#17047,#17058,#17069,#17080,#17091,
    #17102,#17113,#17124,#17135,#17146,#17157,#17168,#17179,#17190,
    #17201,#17212,#17223,#17234,#17245,#17256,#17267,#17278,#17289,
    #17300,#17311,#17322,#17333,#17344,#17355,#17366,#17377,#17388,
    #17399,#17410,#17421,#17432,#17443,#17454,#17465,#17476,#17487,
    #17498,#17509,#17520,#17531),#17542,.T.);
#15813 = FACE_BOUND('',#15814,.T.);
#15814 = EDGE_LOOP('',(#15815,#15816,#15817,#15826,#15834,#15843,#15851,
    #15858));
#15815 = ORIENTED_EDGE('',*,*,#13987,.F.);
#15816 = ORIENTED_EDGE('',*,*,#14029,.F.);
#15817 = ORIENTED_EDGE('',*,*,#15818,.F.);
#15818 = EDGE_CURVE('',#15819,#14022,#15821,.T.);
#15819 = VERTEX_POINT('',#15820);
#15820 = CARTESIAN_POINT('',(101.,-40.,1.510198));
#15821 = CIRCLE('',#15822,3.000001172987);
#15822 = AXIS2_PLACEMENT_3D('',#15823,#15824,#15825);
#15823 = CARTESIAN_POINT('',(104.00000117298,-40.00000117298,1.510198));
#15824 = DIRECTION('',(0.,0.,-1.));
#15825 = DIRECTION('',(-1.,3.909953663434E-07,0.));
#15826 = ORIENTED_EDGE('',*,*,#15827,.F.);
#15827 = EDGE_CURVE('',#15828,#15819,#15830,.T.);
#15828 = VERTEX_POINT('',#15829);
#15829 = CARTESIAN_POINT('',(101.,-126.,1.510198));
#15830 = LINE('',#15831,#15832);
#15831 = CARTESIAN_POINT('',(101.,-126.,1.510198));
#15832 = VECTOR('',#15833,1.);
#15833 = DIRECTION('',(0.,1.,0.));
#15834 = ORIENTED_EDGE('',*,*,#15835,.F.);
#15835 = EDGE_CURVE('',#15836,#15828,#15838,.T.);
#15836 = VERTEX_POINT('',#15837);
#15837 = CARTESIAN_POINT('',(104.,-129.,1.510198));
#15838 = CIRCLE('',#15839,3.000001172987);
#15839 = AXIS2_PLACEMENT_3D('',#15840,#15841,#15842);
#15840 = CARTESIAN_POINT('',(104.00000117298,-125.999998827,1.510198));
#15841 = DIRECTION('',(0.,0.,-1.));
#15842 = DIRECTION('',(-3.909953616065E-07,-1.,-0.));
#15843 = ORIENTED_EDGE('',*,*,#15844,.F.);
#15844 = EDGE_CURVE('',#15845,#15836,#15847,.T.);
#15845 = VERTEX_POINT('',#15846);
#15846 = CARTESIAN_POINT('',(160.,-129.,1.510198));
#15847 = LINE('',#15848,#15849);
#15848 = CARTESIAN_POINT('',(160.,-129.,1.510198));
#15849 = VECTOR('',#15850,1.);
#15850 = DIRECTION('',(-1.,0.,0.));
#15851 = ORIENTED_EDGE('',*,*,#15852,.F.);
#15852 = EDGE_CURVE('',#14052,#15845,#15853,.T.);
#15853 = CIRCLE('',#15854,3.000001172987);
#15854 = AXIS2_PLACEMENT_3D('',#15855,#15856,#15857);
#15855 = CARTESIAN_POINT('',(159.99999882701,-125.999998827,1.510198));
#15856 = DIRECTION('',(0.,0.,-1.));
#15857 = DIRECTION('',(1.,-3.909953663434E-07,0.));
#15858 = ORIENTED_EDGE('',*,*,#14051,.F.);
#15859 = FACE_BOUND('',#15860,.T.);
#15860 = EDGE_LOOP('',(#15861));
#15861 = ORIENTED_EDGE('',*,*,#15862,.T.);
#15862 = EDGE_CURVE('',#15863,#15863,#15865,.T.);
#15863 = VERTEX_POINT('',#15864);
#15864 = CARTESIAN_POINT('',(104.,-116.4,1.510198));
#15865 = CIRCLE('',#15866,0.4);
#15866 = AXIS2_PLACEMENT_3D('',#15867,#15868,#15869);
#15867 = CARTESIAN_POINT('',(104.,-116.,1.510198));
#15868 = DIRECTION('',(-0.,0.,-1.));
#15869 = DIRECTION('',(-0.,-1.,0.));
#15870 = FACE_BOUND('',#15871,.T.);
#15871 = EDGE_LOOP('',(#15872));
#15872 = ORIENTED_EDGE('',*,*,#15873,.T.);
#15873 = EDGE_CURVE('',#15874,#15874,#15876,.T.);
#15874 = VERTEX_POINT('',#15875);
#15875 = CARTESIAN_POINT('',(104.,-114.4,1.510198));
#15876 = CIRCLE('',#15877,0.4);
#15877 = AXIS2_PLACEMENT_3D('',#15878,#15879,#15880);
#15878 = CARTESIAN_POINT('',(104.,-114.,1.510198));
#15879 = DIRECTION('',(-0.,0.,-1.));
#15880 = DIRECTION('',(-0.,-1.,0.));
#15881 = FACE_BOUND('',#15882,.T.);
#15882 = EDGE_LOOP('',(#15883));
#15883 = ORIENTED_EDGE('',*,*,#15884,.T.);
#15884 = EDGE_CURVE('',#15885,#15885,#15887,.T.);
#15885 = VERTEX_POINT('',#15886);
#15886 = CARTESIAN_POINT('',(104.,-112.4,1.510198));
#15887 = CIRCLE('',#15888,0.4);
#15888 = AXIS2_PLACEMENT_3D('',#15889,#15890,#15891);
#15889 = CARTESIAN_POINT('',(104.,-112.,1.510198));
#15890 = DIRECTION('',(-0.,0.,-1.));
#15891 = DIRECTION('',(-0.,-1.,0.));
#15892 = FACE_BOUND('',#15893,.T.);
#15893 = EDGE_LOOP('',(#15894));
#15894 = ORIENTED_EDGE('',*,*,#15895,.T.);
#15895 = EDGE_CURVE('',#15896,#15896,#15898,.T.);
#15896 = VERTEX_POINT('',#15897);
#15897 = CARTESIAN_POINT('',(104.,-110.4,1.510198));
#15898 = CIRCLE('',#15899,0.4);
#15899 = AXIS2_PLACEMENT_3D('',#15900,#15901,#15902);
#15900 = CARTESIAN_POINT('',(104.,-110.,1.510198));
#15901 = DIRECTION('',(-0.,0.,-1.));
#15902 = DIRECTION('',(-0.,-1.,0.));
#15903 = FACE_BOUND('',#15904,.T.);
#15904 = EDGE_LOOP('',(#15905));
#15905 = ORIENTED_EDGE('',*,*,#15906,.T.);
#15906 = EDGE_CURVE('',#15907,#15907,#15909,.T.);
#15907 = VERTEX_POINT('',#15908);
#15908 = CARTESIAN_POINT('',(104.,-108.4,1.510198));
#15909 = CIRCLE('',#15910,0.4);
#15910 = AXIS2_PLACEMENT_3D('',#15911,#15912,#15913);
#15911 = CARTESIAN_POINT('',(104.,-108.,1.510198));
#15912 = DIRECTION('',(-0.,0.,-1.));
#15913 = DIRECTION('',(-0.,-1.,0.));
#15914 = FACE_BOUND('',#15915,.T.);
#15915 = EDGE_LOOP('',(#15916));
#15916 = ORIENTED_EDGE('',*,*,#15917,.T.);
#15917 = EDGE_CURVE('',#15918,#15918,#15920,.T.);
#15918 = VERTEX_POINT('',#15919);
#15919 = CARTESIAN_POINT('',(104.,-106.4,1.510198));
#15920 = CIRCLE('',#15921,0.4);
#15921 = AXIS2_PLACEMENT_3D('',#15922,#15923,#15924);
#15922 = CARTESIAN_POINT('',(104.,-106.,1.510198));
#15923 = DIRECTION('',(-0.,0.,-1.));
#15924 = DIRECTION('',(-0.,-1.,0.));
#15925 = FACE_BOUND('',#15926,.T.);
#15926 = EDGE_LOOP('',(#15927));
#15927 = ORIENTED_EDGE('',*,*,#15928,.T.);
#15928 = EDGE_CURVE('',#15929,#15929,#15931,.T.);
#15929 = VERTEX_POINT('',#15930);
#15930 = CARTESIAN_POINT('',(126.,-116.4,1.510198));
#15931 = CIRCLE('',#15932,0.4);
#15932 = AXIS2_PLACEMENT_3D('',#15933,#15934,#15935);
#15933 = CARTESIAN_POINT('',(126.,-116.,1.510198));
#15934 = DIRECTION('',(-0.,0.,-1.));
#15935 = DIRECTION('',(-0.,-1.,0.));
#15936 = FACE_BOUND('',#15937,.T.);
#15937 = EDGE_LOOP('',(#15938));
#15938 = ORIENTED_EDGE('',*,*,#15939,.T.);
#15939 = EDGE_CURVE('',#15940,#15940,#15942,.T.);
#15940 = VERTEX_POINT('',#15941);
#15941 = CARTESIAN_POINT('',(126.,-114.4,1.510198));
#15942 = CIRCLE('',#15943,0.4);
#15943 = AXIS2_PLACEMENT_3D('',#15944,#15945,#15946);
#15944 = CARTESIAN_POINT('',(126.,-114.,1.510198));
#15945 = DIRECTION('',(-0.,0.,-1.));
#15946 = DIRECTION('',(-0.,-1.,0.));
#15947 = FACE_BOUND('',#15948,.T.);
#15948 = EDGE_LOOP('',(#15949));
#15949 = ORIENTED_EDGE('',*,*,#15950,.T.);
#15950 = EDGE_CURVE('',#15951,#15951,#15953,.T.);
#15951 = VERTEX_POINT('',#15952);
#15952 = CARTESIAN_POINT('',(126.,-112.4,1.510198));
#15953 = CIRCLE('',#15954,0.4);
#15954 = AXIS2_PLACEMENT_3D('',#15955,#15956,#15957);
#15955 = CARTESIAN_POINT('',(126.,-112.,1.510198));
#15956 = DIRECTION('',(-0.,0.,-1.));
#15957 = DIRECTION('',(-0.,-1.,0.));
#15958 = FACE_BOUND('',#15959,.T.);
#15959 = EDGE_LOOP('',(#15960));
#15960 = ORIENTED_EDGE('',*,*,#15961,.T.);
#15961 = EDGE_CURVE('',#15962,#15962,#15964,.T.);
#15962 = VERTEX_POINT('',#15963);
#15963 = CARTESIAN_POINT('',(126.,-110.4,1.510198));
#15964 = CIRCLE('',#15965,0.4);
#15965 = AXIS2_PLACEMENT_3D('',#15966,#15967,#15968);
#15966 = CARTESIAN_POINT('',(126.,-110.,1.510198));
#15967 = DIRECTION('',(-0.,0.,-1.));
#15968 = DIRECTION('',(-0.,-1.,0.));
#15969 = FACE_BOUND('',#15970,.T.);
#15970 = EDGE_LOOP('',(#15971));
#15971 = ORIENTED_EDGE('',*,*,#15972,.T.);
#15972 = EDGE_CURVE('',#15973,#15973,#15975,.T.);
#15973 = VERTEX_POINT('',#15974);
#15974 = CARTESIAN_POINT('',(126.,-108.4,1.510198));
#15975 = CIRCLE('',#15976,0.4);
#15976 = AXIS2_PLACEMENT_3D('',#15977,#15978,#15979);
#15977 = CARTESIAN_POINT('',(126.,-108.,1.510198));
#15978 = DIRECTION('',(-0.,0.,-1.));
#15979 = DIRECTION('',(-0.,-1.,0.));
#15980 = FACE_BOUND('',#15981,.T.);
#15981 = EDGE_LOOP('',(#15982));
#15982 = ORIENTED_EDGE('',*,*,#15983,.T.);
#15983 = EDGE_CURVE('',#15984,#15984,#15986,.T.);
#15984 = VERTEX_POINT('',#15985);
#15985 = CARTESIAN_POINT('',(126.,-106.4,1.510198));
#15986 = CIRCLE('',#15987,0.4);
#15987 = AXIS2_PLACEMENT_3D('',#15988,#15989,#15990);
#15988 = CARTESIAN_POINT('',(126.,-106.,1.510198));
#15989 = DIRECTION('',(-0.,0.,-1.));
#15990 = DIRECTION('',(-0.,-1.,0.));
#15991 = FACE_BOUND('',#15992,.T.);
#15992 = EDGE_LOOP('',(#15993));
#15993 = ORIENTED_EDGE('',*,*,#15994,.T.);
#15994 = EDGE_CURVE('',#15995,#15995,#15997,.T.);
#15995 = VERTEX_POINT('',#15996);
#15996 = CARTESIAN_POINT('',(104.,-104.4,1.510198));
#15997 = CIRCLE('',#15998,0.4);
#15998 = AXIS2_PLACEMENT_3D('',#15999,#16000,#16001);
#15999 = CARTESIAN_POINT('',(104.,-104.,1.510198));
#16000 = DIRECTION('',(-0.,0.,-1.));
#16001 = DIRECTION('',(-0.,-1.,0.));
#16002 = FACE_BOUND('',#16003,.T.);
#16003 = EDGE_LOOP('',(#16004));
#16004 = ORIENTED_EDGE('',*,*,#16005,.T.);
#16005 = EDGE_CURVE('',#16006,#16006,#16008,.T.);
#16006 = VERTEX_POINT('',#16007);
#16007 = CARTESIAN_POINT('',(104.,-102.4,1.510198));
#16008 = CIRCLE('',#16009,0.4);
#16009 = AXIS2_PLACEMENT_3D('',#16010,#16011,#16012);
#16010 = CARTESIAN_POINT('',(104.,-102.,1.510198));
#16011 = DIRECTION('',(-0.,0.,-1.));
#16012 = DIRECTION('',(-0.,-1.,0.));
#16013 = FACE_BOUND('',#16014,.T.);
#16014 = EDGE_LOOP('',(#16015));
#16015 = ORIENTED_EDGE('',*,*,#16016,.T.);
#16016 = EDGE_CURVE('',#16017,#16017,#16019,.T.);
#16017 = VERTEX_POINT('',#16018);
#16018 = CARTESIAN_POINT('',(104.,-100.4,1.510198));
#16019 = CIRCLE('',#16020,0.4);
#16020 = AXIS2_PLACEMENT_3D('',#16021,#16022,#16023);
#16021 = CARTESIAN_POINT('',(104.,-100.,1.510198));
#16022 = DIRECTION('',(-0.,0.,-1.));
#16023 = DIRECTION('',(-0.,-1.,0.));
#16024 = FACE_BOUND('',#16025,.T.);
#16025 = EDGE_LOOP('',(#16026));
#16026 = ORIENTED_EDGE('',*,*,#16027,.T.);
#16027 = EDGE_CURVE('',#16028,#16028,#16030,.T.);
#16028 = VERTEX_POINT('',#16029);
#16029 = CARTESIAN_POINT('',(104.,-98.4,1.510198));
#16030 = CIRCLE('',#16031,0.4);
#16031 = AXIS2_PLACEMENT_3D('',#16032,#16033,#16034);
#16032 = CARTESIAN_POINT('',(104.,-98.,1.510198));
#16033 = DIRECTION('',(-0.,0.,-1.));
#16034 = DIRECTION('',(-0.,-1.,0.));
#16035 = FACE_BOUND('',#16036,.T.);
#16036 = EDGE_LOOP('',(#16037));
#16037 = ORIENTED_EDGE('',*,*,#16038,.T.);
#16038 = EDGE_CURVE('',#16039,#16039,#16041,.T.);
#16039 = VERTEX_POINT('',#16040);
#16040 = CARTESIAN_POINT('',(104.18,-89.1,1.510198));
#16041 = CIRCLE('',#16042,0.5);
#16042 = AXIS2_PLACEMENT_3D('',#16043,#16044,#16045);
#16043 = CARTESIAN_POINT('',(104.18,-88.6,1.510198));
#16044 = DIRECTION('',(-0.,0.,-1.));
#16045 = DIRECTION('',(-0.,-1.,0.));
#16046 = FACE_BOUND('',#16047,.T.);
#16047 = EDGE_LOOP('',(#16048));
#16048 = ORIENTED_EDGE('',*,*,#16049,.T.);
#16049 = EDGE_CURVE('',#16050,#16050,#16052,.T.);
#16050 = VERTEX_POINT('',#16051);
#16051 = CARTESIAN_POINT('',(106.72,-89.1,1.510198));
#16052 = CIRCLE('',#16053,0.5);
#16053 = AXIS2_PLACEMENT_3D('',#16054,#16055,#16056);
#16054 = CARTESIAN_POINT('',(106.72,-88.6,1.510198));
#16055 = DIRECTION('',(-0.,0.,-1.));
#16056 = DIRECTION('',(-0.,-1.,0.));
#16057 = FACE_BOUND('',#16058,.T.);
#16058 = EDGE_LOOP('',(#16059));
#16059 = ORIENTED_EDGE('',*,*,#16060,.T.);
#16060 = EDGE_CURVE('',#16061,#16061,#16063,.T.);
#16061 = VERTEX_POINT('',#16062);
#16062 = CARTESIAN_POINT('',(104.18,-86.56,1.510198));
#16063 = CIRCLE('',#16064,0.5);
#16064 = AXIS2_PLACEMENT_3D('',#16065,#16066,#16067);
#16065 = CARTESIAN_POINT('',(104.18,-86.06,1.510198));
#16066 = DIRECTION('',(-0.,0.,-1.));
#16067 = DIRECTION('',(-0.,-1.,0.));
#16068 = FACE_BOUND('',#16069,.T.);
#16069 = EDGE_LOOP('',(#16070));
#16070 = ORIENTED_EDGE('',*,*,#16071,.T.);
#16071 = EDGE_CURVE('',#16072,#16072,#16074,.T.);
#16072 = VERTEX_POINT('',#16073);
#16073 = CARTESIAN_POINT('',(106.72,-86.56,1.510198));
#16074 = CIRCLE('',#16075,0.5);
#16075 = AXIS2_PLACEMENT_3D('',#16076,#16077,#16078);
#16076 = CARTESIAN_POINT('',(106.72,-86.06,1.510198));
#16077 = DIRECTION('',(-0.,0.,-1.));
#16078 = DIRECTION('',(-0.,-1.,0.));
#16079 = FACE_BOUND('',#16080,.T.);
#16080 = EDGE_LOOP('',(#16081));
#16081 = ORIENTED_EDGE('',*,*,#16082,.T.);
#16082 = EDGE_CURVE('',#16083,#16083,#16085,.T.);
#16083 = VERTEX_POINT('',#16084);
#16084 = CARTESIAN_POINT('',(109.26,-89.1,1.510198));
#16085 = CIRCLE('',#16086,0.5);
#16086 = AXIS2_PLACEMENT_3D('',#16087,#16088,#16089);
#16087 = CARTESIAN_POINT('',(109.26,-88.6,1.510198));
#16088 = DIRECTION('',(-0.,0.,-1.));
#16089 = DIRECTION('',(-0.,-1.,0.));
#16090 = FACE_BOUND('',#16091,.T.);
#16091 = EDGE_LOOP('',(#16092));
#16092 = ORIENTED_EDGE('',*,*,#16093,.T.);
#16093 = EDGE_CURVE('',#16094,#16094,#16096,.T.);
#16094 = VERTEX_POINT('',#16095);
#16095 = CARTESIAN_POINT('',(109.26,-86.56,1.510198));
#16096 = CIRCLE('',#16097,0.5);
#16097 = AXIS2_PLACEMENT_3D('',#16098,#16099,#16100);
#16098 = CARTESIAN_POINT('',(109.26,-86.06,1.510198));
#16099 = DIRECTION('',(-0.,0.,-1.));
#16100 = DIRECTION('',(-0.,-1.,0.));
#16101 = FACE_BOUND('',#16102,.T.);
#16102 = EDGE_LOOP('',(#16103));
#16103 = ORIENTED_EDGE('',*,*,#16104,.T.);
#16104 = EDGE_CURVE('',#16105,#16105,#16107,.T.);
#16105 = VERTEX_POINT('',#16106);
#16106 = CARTESIAN_POINT('',(111.8,-89.1,1.510198));
#16107 = CIRCLE('',#16108,0.5);
#16108 = AXIS2_PLACEMENT_3D('',#16109,#16110,#16111);
#16109 = CARTESIAN_POINT('',(111.8,-88.6,1.510198));
#16110 = DIRECTION('',(-0.,0.,-1.));
#16111 = DIRECTION('',(-0.,-1.,0.));
#16112 = FACE_BOUND('',#16113,.T.);
#16113 = EDGE_LOOP('',(#16114));
#16114 = ORIENTED_EDGE('',*,*,#16115,.T.);
#16115 = EDGE_CURVE('',#16116,#16116,#16118,.T.);
#16116 = VERTEX_POINT('',#16117);
#16117 = CARTESIAN_POINT('',(111.8,-86.56,1.510198));
#16118 = CIRCLE('',#16119,0.5);
#16119 = AXIS2_PLACEMENT_3D('',#16120,#16121,#16122);
#16120 = CARTESIAN_POINT('',(111.8,-86.06,1.510198));
#16121 = DIRECTION('',(-0.,0.,-1.));
#16122 = DIRECTION('',(-0.,-1.,0.));
#16123 = FACE_BOUND('',#16124,.T.);
#16124 = EDGE_LOOP('',(#16125));
#16125 = ORIENTED_EDGE('',*,*,#16126,.T.);
#16126 = EDGE_CURVE('',#16127,#16127,#16129,.T.);
#16127 = VERTEX_POINT('',#16128);
#16128 = CARTESIAN_POINT('',(114.34,-89.1,1.510198));
#16129 = CIRCLE('',#16130,0.5);
#16130 = AXIS2_PLACEMENT_3D('',#16131,#16132,#16133);
#16131 = CARTESIAN_POINT('',(114.34,-88.6,1.510198));
#16132 = DIRECTION('',(-0.,0.,-1.));
#16133 = DIRECTION('',(-0.,-1.,0.));
#16134 = FACE_BOUND('',#16135,.T.);
#16135 = EDGE_LOOP('',(#16136));
#16136 = ORIENTED_EDGE('',*,*,#16137,.T.);
#16137 = EDGE_CURVE('',#16138,#16138,#16140,.T.);
#16138 = VERTEX_POINT('',#16139);
#16139 = CARTESIAN_POINT('',(116.88,-89.1,1.510198));
#16140 = CIRCLE('',#16141,0.5);
#16141 = AXIS2_PLACEMENT_3D('',#16142,#16143,#16144);
#16142 = CARTESIAN_POINT('',(116.88,-88.6,1.510198));
#16143 = DIRECTION('',(-0.,0.,-1.));
#16144 = DIRECTION('',(-0.,-1.,0.));
#16145 = FACE_BOUND('',#16146,.T.);
#16146 = EDGE_LOOP('',(#16147));
#16147 = ORIENTED_EDGE('',*,*,#16148,.T.);
#16148 = EDGE_CURVE('',#16149,#16149,#16151,.T.);
#16149 = VERTEX_POINT('',#16150);
#16150 = CARTESIAN_POINT('',(114.34,-86.56,1.510198));
#16151 = CIRCLE('',#16152,0.5);
#16152 = AXIS2_PLACEMENT_3D('',#16153,#16154,#16155);
#16153 = CARTESIAN_POINT('',(114.34,-86.06,1.510198));
#16154 = DIRECTION('',(-0.,0.,-1.));
#16155 = DIRECTION('',(-0.,-1.,0.));
#16156 = FACE_BOUND('',#16157,.T.);
#16157 = EDGE_LOOP('',(#16158));
#16158 = ORIENTED_EDGE('',*,*,#16159,.T.);
#16159 = EDGE_CURVE('',#16160,#16160,#16162,.T.);
#16160 = VERTEX_POINT('',#16161);
#16161 = CARTESIAN_POINT('',(116.88,-86.56,1.510198));
#16162 = CIRCLE('',#16163,0.5);
#16163 = AXIS2_PLACEMENT_3D('',#16164,#16165,#16166);
#16164 = CARTESIAN_POINT('',(116.88,-86.06,1.510198));
#16165 = DIRECTION('',(-0.,0.,-1.));
#16166 = DIRECTION('',(-0.,-1.,0.));
#16167 = FACE_BOUND('',#16168,.T.);
#16168 = EDGE_LOOP('',(#16169));
#16169 = ORIENTED_EDGE('',*,*,#16170,.T.);
#16170 = EDGE_CURVE('',#16171,#16171,#16173,.T.);
#16171 = VERTEX_POINT('',#16172);
#16172 = CARTESIAN_POINT('',(126.,-104.4,1.510198));
#16173 = CIRCLE('',#16174,0.4);
#16174 = AXIS2_PLACEMENT_3D('',#16175,#16176,#16177);
#16175 = CARTESIAN_POINT('',(126.,-104.,1.510198));
#16176 = DIRECTION('',(-0.,0.,-1.));
#16177 = DIRECTION('',(-0.,-1.,0.));
#16178 = FACE_BOUND('',#16179,.T.);
#16179 = EDGE_LOOP('',(#16180));
#16180 = ORIENTED_EDGE('',*,*,#16181,.T.);
#16181 = EDGE_CURVE('',#16182,#16182,#16184,.T.);
#16182 = VERTEX_POINT('',#16183);
#16183 = CARTESIAN_POINT('',(126.,-102.4,1.510198));
#16184 = CIRCLE('',#16185,0.4);
#16185 = AXIS2_PLACEMENT_3D('',#16186,#16187,#16188);
#16186 = CARTESIAN_POINT('',(126.,-102.,1.510198));
#16187 = DIRECTION('',(-0.,0.,-1.));
#16188 = DIRECTION('',(-0.,-1.,0.));
#16189 = FACE_BOUND('',#16190,.T.);
#16190 = EDGE_LOOP('',(#16191));
#16191 = ORIENTED_EDGE('',*,*,#16192,.T.);
#16192 = EDGE_CURVE('',#16193,#16193,#16195,.T.);
#16193 = VERTEX_POINT('',#16194);
#16194 = CARTESIAN_POINT('',(126.,-100.4,1.510198));
#16195 = CIRCLE('',#16196,0.4);
#16196 = AXIS2_PLACEMENT_3D('',#16197,#16198,#16199);
#16197 = CARTESIAN_POINT('',(126.,-100.,1.510198));
#16198 = DIRECTION('',(-0.,0.,-1.));
#16199 = DIRECTION('',(-0.,-1.,0.));
#16200 = FACE_BOUND('',#16201,.T.);
#16201 = EDGE_LOOP('',(#16202));
#16202 = ORIENTED_EDGE('',*,*,#16203,.T.);
#16203 = EDGE_CURVE('',#16204,#16204,#16206,.T.);
#16204 = VERTEX_POINT('',#16205);
#16205 = CARTESIAN_POINT('',(126.,-98.4,1.510198));
#16206 = CIRCLE('',#16207,0.4);
#16207 = AXIS2_PLACEMENT_3D('',#16208,#16209,#16210);
#16208 = CARTESIAN_POINT('',(126.,-98.,1.510198));
#16209 = DIRECTION('',(-0.,0.,-1.));
#16210 = DIRECTION('',(-0.,-1.,0.));
#16211 = FACE_BOUND('',#16212,.T.);
#16212 = EDGE_LOOP('',(#16213));
#16213 = ORIENTED_EDGE('',*,*,#16214,.T.);
#16214 = EDGE_CURVE('',#16215,#16215,#16217,.T.);
#16215 = VERTEX_POINT('',#16216);
#16216 = CARTESIAN_POINT('',(119.42,-89.1,1.510198));
#16217 = CIRCLE('',#16218,0.5);
#16218 = AXIS2_PLACEMENT_3D('',#16219,#16220,#16221);
#16219 = CARTESIAN_POINT('',(119.42,-88.6,1.510198));
#16220 = DIRECTION('',(-0.,0.,-1.));
#16221 = DIRECTION('',(-0.,-1.,0.));
#16222 = FACE_BOUND('',#16223,.T.);
#16223 = EDGE_LOOP('',(#16224));
#16224 = ORIENTED_EDGE('',*,*,#16225,.T.);
#16225 = EDGE_CURVE('',#16226,#16226,#16228,.T.);
#16226 = VERTEX_POINT('',#16227);
#16227 = CARTESIAN_POINT('',(119.42,-86.56,1.510198));
#16228 = CIRCLE('',#16229,0.5);
#16229 = AXIS2_PLACEMENT_3D('',#16230,#16231,#16232);
#16230 = CARTESIAN_POINT('',(119.42,-86.06,1.510198));
#16231 = DIRECTION('',(-0.,0.,-1.));
#16232 = DIRECTION('',(-0.,-1.,0.));
#16233 = FACE_BOUND('',#16234,.T.);
#16234 = EDGE_LOOP('',(#16235));
#16235 = ORIENTED_EDGE('',*,*,#16236,.T.);
#16236 = EDGE_CURVE('',#16237,#16237,#16239,.T.);
#16237 = VERTEX_POINT('',#16238);
#16238 = CARTESIAN_POINT('',(121.96,-89.1,1.510198));
#16239 = CIRCLE('',#16240,0.5);
#16240 = AXIS2_PLACEMENT_3D('',#16241,#16242,#16243);
#16241 = CARTESIAN_POINT('',(121.96,-88.6,1.510198));
#16242 = DIRECTION('',(-0.,0.,-1.));
#16243 = DIRECTION('',(-0.,-1.,0.));
#16244 = FACE_BOUND('',#16245,.T.);
#16245 = EDGE_LOOP('',(#16246));
#16246 = ORIENTED_EDGE('',*,*,#16247,.T.);
#16247 = EDGE_CURVE('',#16248,#16248,#16250,.T.);
#16248 = VERTEX_POINT('',#16249);
#16249 = CARTESIAN_POINT('',(124.5,-89.1,1.510198));
#16250 = CIRCLE('',#16251,0.5);
#16251 = AXIS2_PLACEMENT_3D('',#16252,#16253,#16254);
#16252 = CARTESIAN_POINT('',(124.5,-88.6,1.510198));
#16253 = DIRECTION('',(-0.,0.,-1.));
#16254 = DIRECTION('',(-0.,-1.,0.));
#16255 = FACE_BOUND('',#16256,.T.);
#16256 = EDGE_LOOP('',(#16257));
#16257 = ORIENTED_EDGE('',*,*,#16258,.T.);
#16258 = EDGE_CURVE('',#16259,#16259,#16261,.T.);
#16259 = VERTEX_POINT('',#16260);
#16260 = CARTESIAN_POINT('',(121.96,-86.56,1.510198));
#16261 = CIRCLE('',#16262,0.5);
#16262 = AXIS2_PLACEMENT_3D('',#16263,#16264,#16265);
#16263 = CARTESIAN_POINT('',(121.96,-86.06,1.510198));
#16264 = DIRECTION('',(-0.,0.,-1.));
#16265 = DIRECTION('',(-0.,-1.,0.));
#16266 = FACE_BOUND('',#16267,.T.);
#16267 = EDGE_LOOP('',(#16268));
#16268 = ORIENTED_EDGE('',*,*,#16269,.T.);
#16269 = EDGE_CURVE('',#16270,#16270,#16272,.T.);
#16270 = VERTEX_POINT('',#16271);
#16271 = CARTESIAN_POINT('',(124.5,-86.56,1.510198));
#16272 = CIRCLE('',#16273,0.5);
#16273 = AXIS2_PLACEMENT_3D('',#16274,#16275,#16276);
#16274 = CARTESIAN_POINT('',(124.5,-86.06,1.510198));
#16275 = DIRECTION('',(-0.,0.,-1.));
#16276 = DIRECTION('',(-0.,-1.,0.));
#16277 = FACE_BOUND('',#16278,.T.);
#16278 = EDGE_LOOP('',(#16279));
#16279 = ORIENTED_EDGE('',*,*,#16280,.T.);
#16280 = EDGE_CURVE('',#16281,#16281,#16283,.T.);
#16281 = VERTEX_POINT('',#16282);
#16282 = CARTESIAN_POINT('',(127.04,-89.1,1.510198));
#16283 = CIRCLE('',#16284,0.5);
#16284 = AXIS2_PLACEMENT_3D('',#16285,#16286,#16287);
#16285 = CARTESIAN_POINT('',(127.04,-88.6,1.510198));
#16286 = DIRECTION('',(-0.,0.,-1.));
#16287 = DIRECTION('',(-0.,-1.,0.));
#16288 = FACE_BOUND('',#16289,.T.);
#16289 = EDGE_LOOP('',(#16290));
#16290 = ORIENTED_EDGE('',*,*,#16291,.T.);
#16291 = EDGE_CURVE('',#16292,#16292,#16294,.T.);
#16292 = VERTEX_POINT('',#16293);
#16293 = CARTESIAN_POINT('',(127.04,-86.56,1.510198));
#16294 = CIRCLE('',#16295,0.5);
#16295 = AXIS2_PLACEMENT_3D('',#16296,#16297,#16298);
#16296 = CARTESIAN_POINT('',(127.04,-86.06,1.510198));
#16297 = DIRECTION('',(-0.,0.,-1.));
#16298 = DIRECTION('',(-0.,-1.,0.));
#16299 = FACE_BOUND('',#16300,.T.);
#16300 = EDGE_LOOP('',(#16301));
#16301 = ORIENTED_EDGE('',*,*,#16302,.T.);
#16302 = EDGE_CURVE('',#16303,#16303,#16305,.T.);
#16303 = VERTEX_POINT('',#16304);
#16304 = CARTESIAN_POINT('',(129.58,-89.1,1.510198));
#16305 = CIRCLE('',#16306,0.5);
#16306 = AXIS2_PLACEMENT_3D('',#16307,#16308,#16309);
#16307 = CARTESIAN_POINT('',(129.58,-88.6,1.510198));
#16308 = DIRECTION('',(-0.,0.,-1.));
#16309 = DIRECTION('',(-0.,-1.,0.));
#16310 = FACE_BOUND('',#16311,.T.);
#16311 = EDGE_LOOP('',(#16312));
#16312 = ORIENTED_EDGE('',*,*,#16313,.T.);
#16313 = EDGE_CURVE('',#16314,#16314,#16316,.T.);
#16314 = VERTEX_POINT('',#16315);
#16315 = CARTESIAN_POINT('',(129.58,-86.56,1.510198));
#16316 = CIRCLE('',#16317,0.5);
#16317 = AXIS2_PLACEMENT_3D('',#16318,#16319,#16320);
#16318 = CARTESIAN_POINT('',(129.58,-86.06,1.510198));
#16319 = DIRECTION('',(-0.,0.,-1.));
#16320 = DIRECTION('',(-0.,-1.,0.));
#16321 = FACE_BOUND('',#16322,.T.);
#16322 = EDGE_LOOP('',(#16323));
#16323 = ORIENTED_EDGE('',*,*,#16324,.T.);
#16324 = EDGE_CURVE('',#16325,#16325,#16327,.T.);
#16325 = VERTEX_POINT('',#16326);
#16326 = CARTESIAN_POINT('',(135.9,-125.5,1.510198));
#16327 = CIRCLE('',#16328,1.6);
#16328 = AXIS2_PLACEMENT_3D('',#16329,#16330,#16331);
#16329 = CARTESIAN_POINT('',(135.9,-123.9,1.510198));
#16330 = DIRECTION('',(-0.,0.,-1.));
#16331 = DIRECTION('',(-0.,-1.,0.));
#16332 = FACE_BOUND('',#16333,.T.);
#16333 = EDGE_LOOP('',(#16334));
#16334 = ORIENTED_EDGE('',*,*,#16335,.T.);
#16335 = EDGE_CURVE('',#16336,#16336,#16338,.T.);
#16336 = VERTEX_POINT('',#16337);
#16337 = CARTESIAN_POINT('',(132.83,-111.5218,1.510198));
#16338 = CIRCLE('',#16339,0.4318);
#16339 = AXIS2_PLACEMENT_3D('',#16340,#16341,#16342);
#16340 = CARTESIAN_POINT('',(132.83,-111.09,1.510198));
#16341 = DIRECTION('',(-0.,0.,-1.));
#16342 = DIRECTION('',(6.582146695322E-14,-1.,-0.));
#16343 = FACE_BOUND('',#16344,.T.);
#16344 = EDGE_LOOP('',(#16345));
#16345 = ORIENTED_EDGE('',*,*,#16346,.T.);
#16346 = EDGE_CURVE('',#16347,#16347,#16349,.T.);
#16347 = VERTEX_POINT('',#16348);
#16348 = CARTESIAN_POINT('',(132.83,-108.9818,1.510198));
#16349 = CIRCLE('',#16350,0.4318);
#16350 = AXIS2_PLACEMENT_3D('',#16351,#16352,#16353);
#16351 = CARTESIAN_POINT('',(132.83,-108.55,1.510198));
#16352 = DIRECTION('',(-0.,0.,-1.));
#16353 = DIRECTION('',(6.582146695322E-14,-1.,-0.));
#16354 = FACE_BOUND('',#16355,.T.);
#16355 = EDGE_LOOP('',(#16356));
#16356 = ORIENTED_EDGE('',*,*,#16357,.T.);
#16357 = EDGE_CURVE('',#16358,#16358,#16360,.T.);
#16358 = VERTEX_POINT('',#16359);
#16359 = CARTESIAN_POINT('',(132.83,-106.4418,1.510198));
#16360 = CIRCLE('',#16361,0.4318);
#16361 = AXIS2_PLACEMENT_3D('',#16362,#16363,#16364);
#16362 = CARTESIAN_POINT('',(132.83,-106.01,1.510198));
#16363 = DIRECTION('',(-0.,0.,-1.));
#16364 = DIRECTION('',(6.582146695322E-14,-1.,-0.));
#16365 = FACE_BOUND('',#16366,.T.);
#16366 = EDGE_LOOP('',(#16367));
#16367 = ORIENTED_EDGE('',*,*,#16368,.T.);
#16368 = EDGE_CURVE('',#16369,#16369,#16371,.T.);
#16369 = VERTEX_POINT('',#16370);
#16370 = CARTESIAN_POINT('',(140.45,-111.5218,1.510198));
#16371 = CIRCLE('',#16372,0.4318);
#16372 = AXIS2_PLACEMENT_3D('',#16373,#16374,#16375);
#16373 = CARTESIAN_POINT('',(140.45,-111.09,1.510198));
#16374 = DIRECTION('',(-0.,0.,-1.));
#16375 = DIRECTION('',(-0.,-1.,0.));
#16376 = FACE_BOUND('',#16377,.T.);
#16377 = EDGE_LOOP('',(#16378));
#16378 = ORIENTED_EDGE('',*,*,#16379,.T.);
#16379 = EDGE_CURVE('',#16380,#16380,#16382,.T.);
#16380 = VERTEX_POINT('',#16381);
#16381 = CARTESIAN_POINT('',(140.45,-108.9818,1.510198));
#16382 = CIRCLE('',#16383,0.4318);
#16383 = AXIS2_PLACEMENT_3D('',#16384,#16385,#16386);
#16384 = CARTESIAN_POINT('',(140.45,-108.55,1.510198));
#16385 = DIRECTION('',(-0.,0.,-1.));
#16386 = DIRECTION('',(-0.,-1.,0.));
#16387 = FACE_BOUND('',#16388,.T.);
#16388 = EDGE_LOOP('',(#16389));
#16389 = ORIENTED_EDGE('',*,*,#16390,.T.);
#16390 = EDGE_CURVE('',#16391,#16391,#16393,.T.);
#16391 = VERTEX_POINT('',#16392);
#16392 = CARTESIAN_POINT('',(140.45,-106.4418,1.510198));
#16393 = CIRCLE('',#16394,0.4318);
#16394 = AXIS2_PLACEMENT_3D('',#16395,#16396,#16397);
#16395 = CARTESIAN_POINT('',(140.45,-106.01,1.510198));
#16396 = DIRECTION('',(-0.,0.,-1.));
#16397 = DIRECTION('',(-0.,-1.,0.));
#16398 = FACE_BOUND('',#16399,.T.);
#16399 = EDGE_LOOP('',(#16400));
#16400 = ORIENTED_EDGE('',*,*,#16401,.T.);
#16401 = EDGE_CURVE('',#16402,#16402,#16404,.T.);
#16402 = VERTEX_POINT('',#16403);
#16403 = CARTESIAN_POINT('',(154.08,-123.505,1.510198));
#16404 = CIRCLE('',#16405,1.6);
#16405 = AXIS2_PLACEMENT_3D('',#16406,#16407,#16408);
#16406 = CARTESIAN_POINT('',(154.08,-121.905,1.510198));
#16407 = DIRECTION('',(-0.,0.,-1.));
#16408 = DIRECTION('',(1.7763568394E-14,-1.,-0.));
#16409 = FACE_BOUND('',#16410,.T.);
#16410 = EDGE_LOOP('',(#16411));
#16411 = ORIENTED_EDGE('',*,*,#16412,.T.);
#16412 = EDGE_CURVE('',#16413,#16413,#16415,.T.);
#16413 = VERTEX_POINT('',#16414);
#16414 = CARTESIAN_POINT('',(152.66,-115.445,1.510198));
#16415 = CIRCLE('',#16416,0.5);
#16416 = AXIS2_PLACEMENT_3D('',#16417,#16418,#16419);
#16417 = CARTESIAN_POINT('',(152.66,-114.945,1.510198));
#16418 = DIRECTION('',(-0.,0.,-1.));
#16419 = DIRECTION('',(-0.,-1.,0.));
#16420 = FACE_BOUND('',#16421,.T.);
#16421 = EDGE_LOOP('',(#16422));
#16422 = ORIENTED_EDGE('',*,*,#16423,.T.);
#16423 = EDGE_CURVE('',#16424,#16424,#16426,.T.);
#16424 = VERTEX_POINT('',#16425);
#16425 = CARTESIAN_POINT('',(152.66,-112.675,1.510198));
#16426 = CIRCLE('',#16427,0.5);
#16427 = AXIS2_PLACEMENT_3D('',#16428,#16429,#16430);
#16428 = CARTESIAN_POINT('',(152.66,-112.175,1.510198));
#16429 = DIRECTION('',(-0.,0.,-1.));
#16430 = DIRECTION('',(-0.,-1.,0.));
#16431 = FACE_BOUND('',#16432,.T.);
#16432 = EDGE_LOOP('',(#16433));
#16433 = ORIENTED_EDGE('',*,*,#16434,.T.);
#16434 = EDGE_CURVE('',#16435,#16435,#16437,.T.);
#16435 = VERTEX_POINT('',#16436);
#16436 = CARTESIAN_POINT('',(152.66,-109.905,1.510198));
#16437 = CIRCLE('',#16438,0.5);
#16438 = AXIS2_PLACEMENT_3D('',#16439,#16440,#16441);
#16439 = CARTESIAN_POINT('',(152.66,-109.405,1.510198));
#16440 = DIRECTION('',(-0.,0.,-1.));
#16441 = DIRECTION('',(-0.,-1.,0.));
#16442 = FACE_BOUND('',#16443,.T.);
#16443 = EDGE_LOOP('',(#16444));
#16444 = ORIENTED_EDGE('',*,*,#16445,.T.);
#16445 = EDGE_CURVE('',#16446,#16446,#16448,.T.);
#16446 = VERTEX_POINT('',#16447);
#16447 = CARTESIAN_POINT('',(152.66,-107.135,1.510198));
#16448 = CIRCLE('',#16449,0.5);
#16449 = AXIS2_PLACEMENT_3D('',#16450,#16451,#16452);
#16450 = CARTESIAN_POINT('',(152.66,-106.635,1.510198));
#16451 = DIRECTION('',(-0.,0.,-1.));
#16452 = DIRECTION('',(-0.,-1.,0.));
#16453 = FACE_BOUND('',#16454,.T.);
#16454 = EDGE_LOOP('',(#16455));
#16455 = ORIENTED_EDGE('',*,*,#16456,.T.);
#16456 = EDGE_CURVE('',#16457,#16457,#16459,.T.);
#16457 = VERTEX_POINT('',#16458);
#16458 = CARTESIAN_POINT('',(155.5,-114.06,1.510198));
#16459 = CIRCLE('',#16460,0.5);
#16460 = AXIS2_PLACEMENT_3D('',#16461,#16462,#16463);
#16461 = CARTESIAN_POINT('',(155.5,-113.56,1.510198));
#16462 = DIRECTION('',(-0.,0.,-1.));
#16463 = DIRECTION('',(-0.,-1.,0.));
#16464 = FACE_BOUND('',#16465,.T.);
#16465 = EDGE_LOOP('',(#16466));
#16466 = ORIENTED_EDGE('',*,*,#16467,.T.);
#16467 = EDGE_CURVE('',#16468,#16468,#16470,.T.);
#16468 = VERTEX_POINT('',#16469);
#16469 = CARTESIAN_POINT('',(155.5,-111.29,1.510198));
#16470 = CIRCLE('',#16471,0.5);
#16471 = AXIS2_PLACEMENT_3D('',#16472,#16473,#16474);
#16472 = CARTESIAN_POINT('',(155.5,-110.79,1.510198));
#16473 = DIRECTION('',(-0.,0.,-1.));
#16474 = DIRECTION('',(-0.,-1.,0.));
#16475 = FACE_BOUND('',#16476,.T.);
#16476 = EDGE_LOOP('',(#16477));
#16477 = ORIENTED_EDGE('',*,*,#16478,.T.);
#16478 = EDGE_CURVE('',#16479,#16479,#16481,.T.);
#16479 = VERTEX_POINT('',#16480);
#16480 = CARTESIAN_POINT('',(155.5,-108.52,1.510198));
#16481 = CIRCLE('',#16482,0.5);
#16482 = AXIS2_PLACEMENT_3D('',#16483,#16484,#16485);
#16483 = CARTESIAN_POINT('',(155.5,-108.02,1.510198));
#16484 = DIRECTION('',(-0.,0.,-1.));
#16485 = DIRECTION('',(-0.,-1.,0.));
#16486 = FACE_BOUND('',#16487,.T.);
#16487 = EDGE_LOOP('',(#16488));
#16488 = ORIENTED_EDGE('',*,*,#16489,.T.);
#16489 = EDGE_CURVE('',#16490,#16490,#16492,.T.);
#16490 = VERTEX_POINT('',#16491);
#16491 = CARTESIAN_POINT('',(155.5,-105.75,1.510198));
#16492 = CIRCLE('',#16493,0.5);
#16493 = AXIS2_PLACEMENT_3D('',#16494,#16495,#16496);
#16494 = CARTESIAN_POINT('',(155.5,-105.25,1.510198));
#16495 = DIRECTION('',(-0.,0.,-1.));
#16496 = DIRECTION('',(-0.,-1.,0.));
#16497 = FACE_BOUND('',#16498,.T.);
#16498 = EDGE_LOOP('',(#16499));
#16499 = ORIENTED_EDGE('',*,*,#16500,.T.);
#16500 = EDGE_CURVE('',#16501,#16501,#16503,.T.);
#16501 = VERTEX_POINT('',#16502);
#16502 = CARTESIAN_POINT('',(132.83,-103.9018,1.510198));
#16503 = CIRCLE('',#16504,0.4318);
#16504 = AXIS2_PLACEMENT_3D('',#16505,#16506,#16507);
#16505 = CARTESIAN_POINT('',(132.83,-103.47,1.510198));
#16506 = DIRECTION('',(-0.,0.,-1.));
#16507 = DIRECTION('',(6.582146695322E-14,-1.,-0.));
#16508 = FACE_BOUND('',#16509,.T.);
#16509 = EDGE_LOOP('',(#16510));
#16510 = ORIENTED_EDGE('',*,*,#16511,.T.);
#16511 = EDGE_CURVE('',#16512,#16512,#16514,.T.);
#16512 = VERTEX_POINT('',#16513);
#16513 = CARTESIAN_POINT('',(132.83,-101.3618,1.510198));
#16514 = CIRCLE('',#16515,0.4318);
#16515 = AXIS2_PLACEMENT_3D('',#16516,#16517,#16518);
#16516 = CARTESIAN_POINT('',(132.83,-100.93,1.510198));
#16517 = DIRECTION('',(-0.,0.,-1.));
#16518 = DIRECTION('',(6.582146695322E-14,-1.,-0.));
#16519 = FACE_BOUND('',#16520,.T.);
#16520 = EDGE_LOOP('',(#16521));
#16521 = ORIENTED_EDGE('',*,*,#16522,.T.);
#16522 = EDGE_CURVE('',#16523,#16523,#16525,.T.);
#16523 = VERTEX_POINT('',#16524);
#16524 = CARTESIAN_POINT('',(132.83,-98.8218,1.510198));
#16525 = CIRCLE('',#16526,0.4318);
#16526 = AXIS2_PLACEMENT_3D('',#16527,#16528,#16529);
#16527 = CARTESIAN_POINT('',(132.83,-98.39,1.510198));
#16528 = DIRECTION('',(-0.,0.,-1.));
#16529 = DIRECTION('',(6.582146695322E-14,-1.,-0.));
#16530 = FACE_BOUND('',#16531,.T.);
#16531 = EDGE_LOOP('',(#16532));
#16532 = ORIENTED_EDGE('',*,*,#16533,.T.);
#16533 = EDGE_CURVE('',#16534,#16534,#16536,.T.);
#16534 = VERTEX_POINT('',#16535);
#16535 = CARTESIAN_POINT('',(132.83,-96.2818,1.510198));
#16536 = CIRCLE('',#16537,0.4318);
#16537 = AXIS2_PLACEMENT_3D('',#16538,#16539,#16540);
#16538 = CARTESIAN_POINT('',(132.83,-95.85,1.510198));
#16539 = DIRECTION('',(-0.,0.,-1.));
#16540 = DIRECTION('',(6.582146695322E-14,-1.,-0.));
#16541 = FACE_BOUND('',#16542,.T.);
#16542 = EDGE_LOOP('',(#16543));
#16543 = ORIENTED_EDGE('',*,*,#16544,.T.);
#16544 = EDGE_CURVE('',#16545,#16545,#16547,.T.);
#16545 = VERTEX_POINT('',#16546);
#16546 = CARTESIAN_POINT('',(140.45,-103.9018,1.510198));
#16547 = CIRCLE('',#16548,0.4318);
#16548 = AXIS2_PLACEMENT_3D('',#16549,#16550,#16551);
#16549 = CARTESIAN_POINT('',(140.45,-103.47,1.510198));
#16550 = DIRECTION('',(-0.,0.,-1.));
#16551 = DIRECTION('',(-0.,-1.,0.));
#16552 = FACE_BOUND('',#16553,.T.);
#16553 = EDGE_LOOP('',(#16554));
#16554 = ORIENTED_EDGE('',*,*,#16555,.T.);
#16555 = EDGE_CURVE('',#16556,#16556,#16558,.T.);
#16556 = VERTEX_POINT('',#16557);
#16557 = CARTESIAN_POINT('',(140.45,-101.3618,1.510198));
#16558 = CIRCLE('',#16559,0.4318);
#16559 = AXIS2_PLACEMENT_3D('',#16560,#16561,#16562);
#16560 = CARTESIAN_POINT('',(140.45,-100.93,1.510198));
#16561 = DIRECTION('',(-0.,0.,-1.));
#16562 = DIRECTION('',(-0.,-1.,0.));
#16563 = FACE_BOUND('',#16564,.T.);
#16564 = EDGE_LOOP('',(#16565));
#16565 = ORIENTED_EDGE('',*,*,#16566,.T.);
#16566 = EDGE_CURVE('',#16567,#16567,#16569,.T.);
#16567 = VERTEX_POINT('',#16568);
#16568 = CARTESIAN_POINT('',(140.45,-98.8218,1.510198));
#16569 = CIRCLE('',#16570,0.4318);
#16570 = AXIS2_PLACEMENT_3D('',#16571,#16572,#16573);
#16571 = CARTESIAN_POINT('',(140.45,-98.39,1.510198));
#16572 = DIRECTION('',(-0.,0.,-1.));
#16573 = DIRECTION('',(-0.,-1.,0.));
#16574 = FACE_BOUND('',#16575,.T.);
#16575 = EDGE_LOOP('',(#16576));
#16576 = ORIENTED_EDGE('',*,*,#16577,.T.);
#16577 = EDGE_CURVE('',#16578,#16578,#16580,.T.);
#16578 = VERTEX_POINT('',#16579);
#16579 = CARTESIAN_POINT('',(140.45,-96.2818,1.510198));
#16580 = CIRCLE('',#16581,0.4318);
#16581 = AXIS2_PLACEMENT_3D('',#16582,#16583,#16584);
#16582 = CARTESIAN_POINT('',(140.45,-95.85,1.510198));
#16583 = DIRECTION('',(-0.,0.,-1.));
#16584 = DIRECTION('',(-0.,-1.,0.));
#16585 = FACE_BOUND('',#16586,.T.);
#16586 = EDGE_LOOP('',(#16587));
#16587 = ORIENTED_EDGE('',*,*,#16588,.T.);
#16588 = EDGE_CURVE('',#16589,#16589,#16591,.T.);
#16589 = VERTEX_POINT('',#16590);
#16590 = CARTESIAN_POINT('',(132.83,-93.7418,1.510198));
#16591 = CIRCLE('',#16592,0.4318);
#16592 = AXIS2_PLACEMENT_3D('',#16593,#16594,#16595);
#16593 = CARTESIAN_POINT('',(132.83,-93.31,1.510198));
#16594 = DIRECTION('',(-0.,0.,-1.));
#16595 = DIRECTION('',(6.582146695322E-14,-1.,-0.));
#16596 = FACE_BOUND('',#16597,.T.);
#16597 = EDGE_LOOP('',(#16598));
#16598 = ORIENTED_EDGE('',*,*,#16599,.T.);
#16599 = EDGE_CURVE('',#16600,#16600,#16602,.T.);
#16600 = VERTEX_POINT('',#16601);
#16601 = CARTESIAN_POINT('',(132.12,-89.1,1.510198));
#16602 = CIRCLE('',#16603,0.5);
#16603 = AXIS2_PLACEMENT_3D('',#16604,#16605,#16606);
#16604 = CARTESIAN_POINT('',(132.12,-88.6,1.510198));
#16605 = DIRECTION('',(-0.,0.,-1.));
#16606 = DIRECTION('',(-0.,-1.,0.));
#16607 = FACE_BOUND('',#16608,.T.);
#16608 = EDGE_LOOP('',(#16609));
#16609 = ORIENTED_EDGE('',*,*,#16610,.T.);
#16610 = EDGE_CURVE('',#16611,#16611,#16613,.T.);
#16611 = VERTEX_POINT('',#16612);
#16612 = CARTESIAN_POINT('',(134.66,-89.1,1.510198));
#16613 = CIRCLE('',#16614,0.5);
#16614 = AXIS2_PLACEMENT_3D('',#16615,#16616,#16617);
#16615 = CARTESIAN_POINT('',(134.66,-88.6,1.510198));
#16616 = DIRECTION('',(-0.,0.,-1.));
#16617 = DIRECTION('',(-0.,-1.,0.));
#16618 = FACE_BOUND('',#16619,.T.);
#16619 = EDGE_LOOP('',(#16620));
#16620 = ORIENTED_EDGE('',*,*,#16621,.T.);
#16621 = EDGE_CURVE('',#16622,#16622,#16624,.T.);
#16622 = VERTEX_POINT('',#16623);
#16623 = CARTESIAN_POINT('',(132.12,-86.56,1.510198));
#16624 = CIRCLE('',#16625,0.5);
#16625 = AXIS2_PLACEMENT_3D('',#16626,#16627,#16628);
#16626 = CARTESIAN_POINT('',(132.12,-86.06,1.510198));
#16627 = DIRECTION('',(-0.,0.,-1.));
#16628 = DIRECTION('',(-0.,-1.,0.));
#16629 = FACE_BOUND('',#16630,.T.);
#16630 = EDGE_LOOP('',(#16631));
#16631 = ORIENTED_EDGE('',*,*,#16632,.T.);
#16632 = EDGE_CURVE('',#16633,#16633,#16635,.T.);
#16633 = VERTEX_POINT('',#16634);
#16634 = CARTESIAN_POINT('',(134.66,-86.56,1.510198));
#16635 = CIRCLE('',#16636,0.5);
#16636 = AXIS2_PLACEMENT_3D('',#16637,#16638,#16639);
#16637 = CARTESIAN_POINT('',(134.66,-86.06,1.510198));
#16638 = DIRECTION('',(-0.,0.,-1.));
#16639 = DIRECTION('',(-0.,-1.,0.));
#16640 = FACE_BOUND('',#16641,.T.);
#16641 = EDGE_LOOP('',(#16642));
#16642 = ORIENTED_EDGE('',*,*,#16643,.T.);
#16643 = EDGE_CURVE('',#16644,#16644,#16646,.T.);
#16644 = VERTEX_POINT('',#16645);
#16645 = CARTESIAN_POINT('',(137.2,-89.1,1.510198));
#16646 = CIRCLE('',#16647,0.5);
#16647 = AXIS2_PLACEMENT_3D('',#16648,#16649,#16650);
#16648 = CARTESIAN_POINT('',(137.2,-88.6,1.510198));
#16649 = DIRECTION('',(-0.,0.,-1.));
#16650 = DIRECTION('',(-0.,-1.,0.));
#16651 = FACE_BOUND('',#16652,.T.);
#16652 = EDGE_LOOP('',(#16653));
#16653 = ORIENTED_EDGE('',*,*,#16654,.T.);
#16654 = EDGE_CURVE('',#16655,#16655,#16657,.T.);
#16655 = VERTEX_POINT('',#16656);
#16656 = CARTESIAN_POINT('',(137.2,-86.56,1.510198));
#16657 = CIRCLE('',#16658,0.5);
#16658 = AXIS2_PLACEMENT_3D('',#16659,#16660,#16661);
#16659 = CARTESIAN_POINT('',(137.2,-86.06,1.510198));
#16660 = DIRECTION('',(-0.,0.,-1.));
#16661 = DIRECTION('',(-0.,-1.,0.));
#16662 = FACE_BOUND('',#16663,.T.);
#16663 = EDGE_LOOP('',(#16664));
#16664 = ORIENTED_EDGE('',*,*,#16665,.T.);
#16665 = EDGE_CURVE('',#16666,#16666,#16668,.T.);
#16666 = VERTEX_POINT('',#16667);
#16667 = CARTESIAN_POINT('',(140.45,-93.7418,1.510198));
#16668 = CIRCLE('',#16669,0.4318);
#16669 = AXIS2_PLACEMENT_3D('',#16670,#16671,#16672);
#16670 = CARTESIAN_POINT('',(140.45,-93.31,1.510198));
#16671 = DIRECTION('',(-0.,0.,-1.));
#16672 = DIRECTION('',(-0.,-1.,0.));
#16673 = FACE_BOUND('',#16674,.T.);
#16674 = EDGE_LOOP('',(#16675));
#16675 = ORIENTED_EDGE('',*,*,#16676,.T.);
#16676 = EDGE_CURVE('',#16677,#16677,#16679,.T.);
#16677 = VERTEX_POINT('',#16678);
#16678 = CARTESIAN_POINT('',(139.74,-89.1,1.510198));
#16679 = CIRCLE('',#16680,0.5);
#16680 = AXIS2_PLACEMENT_3D('',#16681,#16682,#16683);
#16681 = CARTESIAN_POINT('',(139.74,-88.6,1.510198));
#16682 = DIRECTION('',(-0.,0.,-1.));
#16683 = DIRECTION('',(-0.,-1.,0.));
#16684 = FACE_BOUND('',#16685,.T.);
#16685 = EDGE_LOOP('',(#16686));
#16686 = ORIENTED_EDGE('',*,*,#16687,.T.);
#16687 = EDGE_CURVE('',#16688,#16688,#16690,.T.);
#16688 = VERTEX_POINT('',#16689);
#16689 = CARTESIAN_POINT('',(142.28,-89.1,1.510198));
#16690 = CIRCLE('',#16691,0.5);
#16691 = AXIS2_PLACEMENT_3D('',#16692,#16693,#16694);
#16692 = CARTESIAN_POINT('',(142.28,-88.6,1.510198));
#16693 = DIRECTION('',(-0.,0.,-1.));
#16694 = DIRECTION('',(-0.,-1.,0.));
#16695 = FACE_BOUND('',#16696,.T.);
#16696 = EDGE_LOOP('',(#16697));
#16697 = ORIENTED_EDGE('',*,*,#16698,.T.);
#16698 = EDGE_CURVE('',#16699,#16699,#16701,.T.);
#16699 = VERTEX_POINT('',#16700);
#16700 = CARTESIAN_POINT('',(139.74,-86.56,1.510198));
#16701 = CIRCLE('',#16702,0.5);
#16702 = AXIS2_PLACEMENT_3D('',#16703,#16704,#16705);
#16703 = CARTESIAN_POINT('',(139.74,-86.06,1.510198));
#16704 = DIRECTION('',(-0.,0.,-1.));
#16705 = DIRECTION('',(-0.,-1.,0.));
#16706 = FACE_BOUND('',#16707,.T.);
#16707 = EDGE_LOOP('',(#16708));
#16708 = ORIENTED_EDGE('',*,*,#16709,.T.);
#16709 = EDGE_CURVE('',#16710,#16710,#16712,.T.);
#16710 = VERTEX_POINT('',#16711);
#16711 = CARTESIAN_POINT('',(142.28,-86.56,1.510198));
#16712 = CIRCLE('',#16713,0.5);
#16713 = AXIS2_PLACEMENT_3D('',#16714,#16715,#16716);
#16714 = CARTESIAN_POINT('',(142.28,-86.06,1.510198));
#16715 = DIRECTION('',(-0.,0.,-1.));
#16716 = DIRECTION('',(-0.,-1.,0.));
#16717 = FACE_BOUND('',#16718,.T.);
#16718 = EDGE_LOOP('',(#16719));
#16719 = ORIENTED_EDGE('',*,*,#16720,.T.);
#16720 = EDGE_CURVE('',#16721,#16721,#16723,.T.);
#16721 = VERTEX_POINT('',#16722);
#16722 = CARTESIAN_POINT('',(144.82,-89.1,1.510198));
#16723 = CIRCLE('',#16724,0.5);
#16724 = AXIS2_PLACEMENT_3D('',#16725,#16726,#16727);
#16725 = CARTESIAN_POINT('',(144.82,-88.6,1.510198));
#16726 = DIRECTION('',(-0.,0.,-1.));
#16727 = DIRECTION('',(-0.,-1.,0.));
#16728 = FACE_BOUND('',#16729,.T.);
#16729 = EDGE_LOOP('',(#16730));
#16730 = ORIENTED_EDGE('',*,*,#16731,.T.);
#16731 = EDGE_CURVE('',#16732,#16732,#16734,.T.);
#16732 = VERTEX_POINT('',#16733);
#16733 = CARTESIAN_POINT('',(144.82,-86.56,1.510198));
#16734 = CIRCLE('',#16735,0.5);
#16735 = AXIS2_PLACEMENT_3D('',#16736,#16737,#16738);
#16736 = CARTESIAN_POINT('',(144.82,-86.06,1.510198));
#16737 = DIRECTION('',(-0.,0.,-1.));
#16738 = DIRECTION('',(-0.,-1.,0.));
#16739 = FACE_BOUND('',#16740,.T.);
#16740 = EDGE_LOOP('',(#16741));
#16741 = ORIENTED_EDGE('',*,*,#16742,.T.);
#16742 = EDGE_CURVE('',#16743,#16743,#16745,.T.);
#16743 = VERTEX_POINT('',#16744);
#16744 = CARTESIAN_POINT('',(152.66,-104.365,1.510198));
#16745 = CIRCLE('',#16746,0.5);
#16746 = AXIS2_PLACEMENT_3D('',#16747,#16748,#16749);
#16747 = CARTESIAN_POINT('',(152.66,-103.865,1.510198));
#16748 = DIRECTION('',(-0.,0.,-1.));
#16749 = DIRECTION('',(-0.,-1.,0.));
#16750 = FACE_BOUND('',#16751,.T.);
#16751 = EDGE_LOOP('',(#16752));
#16752 = ORIENTED_EDGE('',*,*,#16753,.T.);
#16753 = EDGE_CURVE('',#16754,#16754,#16756,.T.);
#16754 = VERTEX_POINT('',#16755);
#16755 = CARTESIAN_POINT('',(154.08,-98.505,1.510198));
#16756 = CIRCLE('',#16757,1.6);
#16757 = AXIS2_PLACEMENT_3D('',#16758,#16759,#16760);
#16758 = CARTESIAN_POINT('',(154.08,-96.905,1.510198));
#16759 = DIRECTION('',(-0.,0.,-1.));
#16760 = DIRECTION('',(1.7763568394E-14,-1.,-0.));
#16761 = FACE_BOUND('',#16762,.T.);
#16762 = EDGE_LOOP('',(#16763));
#16763 = ORIENTED_EDGE('',*,*,#16764,.T.);
#16764 = EDGE_CURVE('',#16765,#16765,#16767,.T.);
#16765 = VERTEX_POINT('',#16766);
#16766 = CARTESIAN_POINT('',(147.36,-89.1,1.510198));
#16767 = CIRCLE('',#16768,0.5);
#16768 = AXIS2_PLACEMENT_3D('',#16769,#16770,#16771);
#16769 = CARTESIAN_POINT('',(147.36,-88.6,1.510198));
#16770 = DIRECTION('',(-0.,0.,-1.));
#16771 = DIRECTION('',(-0.,-1.,0.));
#16772 = FACE_BOUND('',#16773,.T.);
#16773 = EDGE_LOOP('',(#16774));
#16774 = ORIENTED_EDGE('',*,*,#16775,.T.);
#16775 = EDGE_CURVE('',#16776,#16776,#16778,.T.);
#16776 = VERTEX_POINT('',#16777);
#16777 = CARTESIAN_POINT('',(147.36,-86.56,1.510198));
#16778 = CIRCLE('',#16779,0.5);
#16779 = AXIS2_PLACEMENT_3D('',#16780,#16781,#16782);
#16780 = CARTESIAN_POINT('',(147.36,-86.06,1.510198));
#16781 = DIRECTION('',(-0.,0.,-1.));
#16782 = DIRECTION('',(-0.,-1.,0.));
#16783 = FACE_BOUND('',#16784,.T.);
#16784 = EDGE_LOOP('',(#16785));
#16785 = ORIENTED_EDGE('',*,*,#16786,.T.);
#16786 = EDGE_CURVE('',#16787,#16787,#16789,.T.);
#16787 = VERTEX_POINT('',#16788);
#16788 = CARTESIAN_POINT('',(149.9,-89.1,1.510198));
#16789 = CIRCLE('',#16790,0.5);
#16790 = AXIS2_PLACEMENT_3D('',#16791,#16792,#16793);
#16791 = CARTESIAN_POINT('',(149.9,-88.6,1.510198));
#16792 = DIRECTION('',(-0.,0.,-1.));
#16793 = DIRECTION('',(-0.,-1.,0.));
#16794 = FACE_BOUND('',#16795,.T.);
#16795 = EDGE_LOOP('',(#16796));
#16796 = ORIENTED_EDGE('',*,*,#16797,.T.);
#16797 = EDGE_CURVE('',#16798,#16798,#16800,.T.);
#16798 = VERTEX_POINT('',#16799);
#16799 = CARTESIAN_POINT('',(152.44,-89.1,1.510198));
#16800 = CIRCLE('',#16801,0.5);
#16801 = AXIS2_PLACEMENT_3D('',#16802,#16803,#16804);
#16802 = CARTESIAN_POINT('',(152.44,-88.6,1.510198));
#16803 = DIRECTION('',(-0.,0.,-1.));
#16804 = DIRECTION('',(-0.,-1.,0.));
#16805 = FACE_BOUND('',#16806,.T.);
#16806 = EDGE_LOOP('',(#16807));
#16807 = ORIENTED_EDGE('',*,*,#16808,.T.);
#16808 = EDGE_CURVE('',#16809,#16809,#16811,.T.);
#16809 = VERTEX_POINT('',#16810);
#16810 = CARTESIAN_POINT('',(149.9,-86.56,1.510198));
#16811 = CIRCLE('',#16812,0.5);
#16812 = AXIS2_PLACEMENT_3D('',#16813,#16814,#16815);
#16813 = CARTESIAN_POINT('',(149.9,-86.06,1.510198));
#16814 = DIRECTION('',(-0.,0.,-1.));
#16815 = DIRECTION('',(-0.,-1.,0.));
#16816 = FACE_BOUND('',#16817,.T.);
#16817 = EDGE_LOOP('',(#16818));
#16818 = ORIENTED_EDGE('',*,*,#16819,.T.);
#16819 = EDGE_CURVE('',#16820,#16820,#16822,.T.);
#16820 = VERTEX_POINT('',#16821);
#16821 = CARTESIAN_POINT('',(152.44,-86.56,1.510198));
#16822 = CIRCLE('',#16823,0.5);
#16823 = AXIS2_PLACEMENT_3D('',#16824,#16825,#16826);
#16824 = CARTESIAN_POINT('',(152.44,-86.06,1.510198));
#16825 = DIRECTION('',(-0.,0.,-1.));
#16826 = DIRECTION('',(-0.,-1.,0.));
#16827 = FACE_BOUND('',#16828,.T.);
#16828 = EDGE_LOOP('',(#16829));
#16829 = ORIENTED_EDGE('',*,*,#16830,.T.);
#16830 = EDGE_CURVE('',#16831,#16831,#16833,.T.);
#16831 = VERTEX_POINT('',#16832);
#16832 = CARTESIAN_POINT('',(158.39,-91.1,1.510198));
#16833 = CIRCLE('',#16834,1.6);
#16834 = AXIS2_PLACEMENT_3D('',#16835,#16836,#16837);
#16835 = CARTESIAN_POINT('',(158.39,-89.5,1.510198));
#16836 = DIRECTION('',(-0.,0.,-1.));
#16837 = DIRECTION('',(-0.,-1.,0.));
#16838 = FACE_BOUND('',#16839,.T.);
#16839 = EDGE_LOOP('',(#16840));
#16840 = ORIENTED_EDGE('',*,*,#16841,.T.);
#16841 = EDGE_CURVE('',#16842,#16842,#16844,.T.);
#16842 = VERTEX_POINT('',#16843);
#16843 = CARTESIAN_POINT('',(105.8875,-79.525,1.510198));
#16844 = CIRCLE('',#16845,0.5);
#16845 = AXIS2_PLACEMENT_3D('',#16846,#16847,#16848);
#16846 = CARTESIAN_POINT('',(105.8875,-79.025,1.510198));
#16847 = DIRECTION('',(-0.,0.,-1.));
#16848 = DIRECTION('',(-0.,-1.,0.));
#16849 = FACE_BOUND('',#16850,.T.);
#16850 = EDGE_LOOP('',(#16851));
#16851 = ORIENTED_EDGE('',*,*,#16852,.T.);
#16852 = EDGE_CURVE('',#16853,#16853,#16855,.T.);
#16853 = VERTEX_POINT('',#16854);
#16854 = CARTESIAN_POINT('',(108.3875,-79.525,1.510198));
#16855 = CIRCLE('',#16856,0.5);
#16856 = AXIS2_PLACEMENT_3D('',#16857,#16858,#16859);
#16857 = CARTESIAN_POINT('',(108.3875,-79.025,1.510198));
#16858 = DIRECTION('',(-0.,0.,-1.));
#16859 = DIRECTION('',(-0.,-1.,0.));
#16860 = FACE_BOUND('',#16861,.T.);
#16861 = EDGE_LOOP('',(#16862));
#16862 = ORIENTED_EDGE('',*,*,#16863,.T.);
#16863 = EDGE_CURVE('',#16864,#16864,#16866,.T.);
#16864 = VERTEX_POINT('',#16865);
#16865 = CARTESIAN_POINT('',(110.8875,-79.525,1.510198));
#16866 = CIRCLE('',#16867,0.5);
#16867 = AXIS2_PLACEMENT_3D('',#16868,#16869,#16870);
#16868 = CARTESIAN_POINT('',(110.8875,-79.025,1.510198));
#16869 = DIRECTION('',(-0.,0.,-1.));
#16870 = DIRECTION('',(-0.,-1.,0.));
#16871 = FACE_BOUND('',#16872,.T.);
#16872 = EDGE_LOOP('',(#16873));
#16873 = ORIENTED_EDGE('',*,*,#16874,.T.);
#16874 = EDGE_CURVE('',#16875,#16875,#16877,.T.);
#16875 = VERTEX_POINT('',#16876);
#16876 = CARTESIAN_POINT('',(113.3875,-79.525,1.510198));
#16877 = CIRCLE('',#16878,0.5);
#16878 = AXIS2_PLACEMENT_3D('',#16879,#16880,#16881);
#16879 = CARTESIAN_POINT('',(113.3875,-79.025,1.510198));
#16880 = DIRECTION('',(-0.,0.,-1.));
#16881 = DIRECTION('',(-0.,-1.,0.));
#16882 = FACE_BOUND('',#16883,.T.);
#16883 = EDGE_LOOP('',(#16884));
#16884 = ORIENTED_EDGE('',*,*,#16885,.T.);
#16885 = EDGE_CURVE('',#16886,#16886,#16888,.T.);
#16886 = VERTEX_POINT('',#16887);
#16887 = CARTESIAN_POINT('',(106.2875,-69.775,1.510198));
#16888 = CIRCLE('',#16889,0.5);
#16889 = AXIS2_PLACEMENT_3D('',#16890,#16891,#16892);
#16890 = CARTESIAN_POINT('',(106.2875,-69.275,1.510198));
#16891 = DIRECTION('',(-0.,0.,-1.));
#16892 = DIRECTION('',(-0.,-1.,0.));
#16893 = FACE_BOUND('',#16894,.T.);
#16894 = EDGE_LOOP('',(#16895));
#16895 = ORIENTED_EDGE('',*,*,#16896,.T.);
#16896 = EDGE_CURVE('',#16897,#16897,#16899,.T.);
#16897 = VERTEX_POINT('',#16898);
#16898 = CARTESIAN_POINT('',(108.7875,-69.775,1.510198));
#16899 = CIRCLE('',#16900,0.5);
#16900 = AXIS2_PLACEMENT_3D('',#16901,#16902,#16903);
#16901 = CARTESIAN_POINT('',(108.7875,-69.275,1.510198));
#16902 = DIRECTION('',(-0.,0.,-1.));
#16903 = DIRECTION('',(-0.,-1.,0.));
#16904 = FACE_BOUND('',#16905,.T.);
#16905 = EDGE_LOOP('',(#16906));
#16906 = ORIENTED_EDGE('',*,*,#16907,.T.);
#16907 = EDGE_CURVE('',#16908,#16908,#16910,.T.);
#16908 = VERTEX_POINT('',#16909);
#16909 = CARTESIAN_POINT('',(111.2875,-69.775,1.510198));
#16910 = CIRCLE('',#16911,0.5);
#16911 = AXIS2_PLACEMENT_3D('',#16912,#16913,#16914);
#16912 = CARTESIAN_POINT('',(111.2875,-69.275,1.510198));
#16913 = DIRECTION('',(-0.,0.,-1.));
#16914 = DIRECTION('',(-0.,-1.,0.));
#16915 = FACE_BOUND('',#16916,.T.);
#16916 = EDGE_LOOP('',(#16917));
#16917 = ORIENTED_EDGE('',*,*,#16918,.T.);
#16918 = EDGE_CURVE('',#16919,#16919,#16921,.T.);
#16919 = VERTEX_POINT('',#16920);
#16920 = CARTESIAN_POINT('',(113.7875,-69.775,1.510198));
#16921 = CIRCLE('',#16922,0.5);
#16922 = AXIS2_PLACEMENT_3D('',#16923,#16924,#16925);
#16923 = CARTESIAN_POINT('',(113.7875,-69.275,1.510198));
#16924 = DIRECTION('',(-0.,0.,-1.));
#16925 = DIRECTION('',(-0.,-1.,0.));
#16926 = FACE_BOUND('',#16927,.T.);
#16927 = EDGE_LOOP('',(#16928));
#16928 = ORIENTED_EDGE('',*,*,#16929,.T.);
#16929 = EDGE_CURVE('',#16930,#16930,#16932,.T.);
#16930 = VERTEX_POINT('',#16931);
#16931 = CARTESIAN_POINT('',(126.14,-81.91,1.510198));
#16932 = CIRCLE('',#16933,0.51);
#16933 = AXIS2_PLACEMENT_3D('',#16934,#16935,#16936);
#16934 = CARTESIAN_POINT('',(126.14,-81.4,1.510198));
#16935 = DIRECTION('',(-0.,0.,-1.));
#16936 = DIRECTION('',(-0.,-1.,0.));
#16937 = FACE_BOUND('',#16938,.T.);
#16938 = EDGE_LOOP('',(#16939));
#16939 = ORIENTED_EDGE('',*,*,#16940,.T.);
#16940 = EDGE_CURVE('',#16941,#16941,#16943,.T.);
#16941 = VERTEX_POINT('',#16942);
#16942 = CARTESIAN_POINT('',(126.14,-79.37,1.510198));
#16943 = CIRCLE('',#16944,0.51);
#16944 = AXIS2_PLACEMENT_3D('',#16945,#16946,#16947);
#16945 = CARTESIAN_POINT('',(126.14,-78.86,1.510198));
#16946 = DIRECTION('',(-0.,0.,-1.));
#16947 = DIRECTION('',(-0.,-1.,0.));
#16948 = FACE_BOUND('',#16949,.T.);
#16949 = EDGE_LOOP('',(#16950));
#16950 = ORIENTED_EDGE('',*,*,#16951,.T.);
#16951 = EDGE_CURVE('',#16952,#16952,#16954,.T.);
#16952 = VERTEX_POINT('',#16953);
#16953 = CARTESIAN_POINT('',(128.68,-81.91,1.510198));
#16954 = CIRCLE('',#16955,0.51);
#16955 = AXIS2_PLACEMENT_3D('',#16956,#16957,#16958);
#16956 = CARTESIAN_POINT('',(128.68,-81.4,1.510198));
#16957 = DIRECTION('',(-0.,0.,-1.));
#16958 = DIRECTION('',(-0.,-1.,0.));
#16959 = FACE_BOUND('',#16960,.T.);
#16960 = EDGE_LOOP('',(#16961));
#16961 = ORIENTED_EDGE('',*,*,#16962,.T.);
#16962 = EDGE_CURVE('',#16963,#16963,#16965,.T.);
#16963 = VERTEX_POINT('',#16964);
#16964 = CARTESIAN_POINT('',(131.22,-81.91,1.510198));
#16965 = CIRCLE('',#16966,0.51);
#16966 = AXIS2_PLACEMENT_3D('',#16967,#16968,#16969);
#16967 = CARTESIAN_POINT('',(131.22,-81.4,1.510198));
#16968 = DIRECTION('',(-0.,0.,-1.));
#16969 = DIRECTION('',(-0.,-1.,0.));
#16970 = FACE_BOUND('',#16971,.T.);
#16971 = EDGE_LOOP('',(#16972));
#16972 = ORIENTED_EDGE('',*,*,#16973,.T.);
#16973 = EDGE_CURVE('',#16974,#16974,#16976,.T.);
#16974 = VERTEX_POINT('',#16975);
#16975 = CARTESIAN_POINT('',(126.14,-76.83,1.510198));
#16976 = CIRCLE('',#16977,0.51);
#16977 = AXIS2_PLACEMENT_3D('',#16978,#16979,#16980);
#16978 = CARTESIAN_POINT('',(126.14,-76.32,1.510198));
#16979 = DIRECTION('',(-0.,0.,-1.));
#16980 = DIRECTION('',(-0.,-1.,0.));
#16981 = FACE_BOUND('',#16982,.T.);
#16982 = EDGE_LOOP('',(#16983));
#16983 = ORIENTED_EDGE('',*,*,#16984,.T.);
#16984 = EDGE_CURVE('',#16985,#16985,#16987,.T.);
#16985 = VERTEX_POINT('',#16986);
#16986 = CARTESIAN_POINT('',(126.14,-74.29,1.510198));
#16987 = CIRCLE('',#16988,0.51);
#16988 = AXIS2_PLACEMENT_3D('',#16989,#16990,#16991);
#16989 = CARTESIAN_POINT('',(126.14,-73.78,1.510198));
#16990 = DIRECTION('',(-0.,0.,-1.));
#16991 = DIRECTION('',(-0.,-1.,0.));
#16992 = FACE_BOUND('',#16993,.T.);
#16993 = EDGE_LOOP('',(#16994));
#16994 = ORIENTED_EDGE('',*,*,#16995,.T.);
#16995 = EDGE_CURVE('',#16996,#16996,#16998,.T.);
#16996 = VERTEX_POINT('',#16997);
#16997 = CARTESIAN_POINT('',(120.23,-74.41,1.510198));
#16998 = CIRCLE('',#16999,1.6);
#16999 = AXIS2_PLACEMENT_3D('',#17000,#17001,#17002);
#17000 = CARTESIAN_POINT('',(120.23,-72.81,1.510198));
#17001 = DIRECTION('',(-0.,0.,-1.));
#17002 = DIRECTION('',(8.881784197001E-15,-1.,-0.));
#17003 = FACE_BOUND('',#17004,.T.);
#17004 = EDGE_LOOP('',(#17005));
#17005 = ORIENTED_EDGE('',*,*,#17006,.T.);
#17006 = EDGE_CURVE('',#17007,#17007,#17009,.T.);
#17007 = VERTEX_POINT('',#17008);
#17008 = CARTESIAN_POINT('',(126.14,-71.75,1.510198));
#17009 = CIRCLE('',#17010,0.51);
#17010 = AXIS2_PLACEMENT_3D('',#17011,#17012,#17013);
#17011 = CARTESIAN_POINT('',(126.14,-71.24,1.510198));
#17012 = DIRECTION('',(-0.,0.,-1.));
#17013 = DIRECTION('',(-0.,-1.,0.));
#17014 = FACE_BOUND('',#17015,.T.);
#17015 = EDGE_LOOP('',(#17016));
#17016 = ORIENTED_EDGE('',*,*,#17017,.T.);
#17017 = EDGE_CURVE('',#17018,#17018,#17020,.T.);
#17018 = VERTEX_POINT('',#17019);
#17019 = CARTESIAN_POINT('',(126.14,-69.21,1.510198));
#17020 = CIRCLE('',#17021,0.51);
#17021 = AXIS2_PLACEMENT_3D('',#17022,#17023,#17024);
#17022 = CARTESIAN_POINT('',(126.14,-68.7,1.510198));
#17023 = DIRECTION('',(-0.,0.,-1.));
#17024 = DIRECTION('',(-0.,-1.,0.));
#17025 = FACE_BOUND('',#17026,.T.);
#17026 = EDGE_LOOP('',(#17027));
#17027 = ORIENTED_EDGE('',*,*,#17028,.T.);
#17028 = EDGE_CURVE('',#17029,#17029,#17031,.T.);
#17029 = VERTEX_POINT('',#17030);
#17030 = CARTESIAN_POINT('',(126.14,-66.67,1.510198));
#17031 = CIRCLE('',#17032,0.51);
#17032 = AXIS2_PLACEMENT_3D('',#17033,#17034,#17035);
#17033 = CARTESIAN_POINT('',(126.14,-66.16,1.510198));
#17034 = DIRECTION('',(-0.,0.,-1.));
#17035 = DIRECTION('',(-0.,-1.,0.));
#17036 = FACE_BOUND('',#17037,.T.);
#17037 = EDGE_LOOP('',(#17038));
#17038 = ORIENTED_EDGE('',*,*,#17039,.T.);
#17039 = EDGE_CURVE('',#17040,#17040,#17042,.T.);
#17040 = VERTEX_POINT('',#17041);
#17041 = CARTESIAN_POINT('',(128.68,-66.67,1.510198));
#17042 = CIRCLE('',#17043,0.51);
#17043 = AXIS2_PLACEMENT_3D('',#17044,#17045,#17046);
#17044 = CARTESIAN_POINT('',(128.68,-66.16,1.510198));
#17045 = DIRECTION('',(-0.,0.,-1.));
#17046 = DIRECTION('',(-0.,-1.,0.));
#17047 = FACE_BOUND('',#17048,.T.);
#17048 = EDGE_LOOP('',(#17049));
#17049 = ORIENTED_EDGE('',*,*,#17050,.T.);
#17050 = EDGE_CURVE('',#17051,#17051,#17053,.T.);
#17051 = VERTEX_POINT('',#17052);
#17052 = CARTESIAN_POINT('',(131.22,-66.67,1.510198));
#17053 = CIRCLE('',#17054,0.51);
#17054 = AXIS2_PLACEMENT_3D('',#17055,#17056,#17057);
#17055 = CARTESIAN_POINT('',(131.22,-66.16,1.510198));
#17056 = DIRECTION('',(-0.,0.,-1.));
#17057 = DIRECTION('',(-0.,-1.,0.));
#17058 = FACE_BOUND('',#17059,.T.);
#17059 = EDGE_LOOP('',(#17060));
#17060 = ORIENTED_EDGE('',*,*,#17061,.T.);
#17061 = EDGE_CURVE('',#17062,#17062,#17064,.T.);
#17062 = VERTEX_POINT('',#17063);
#17063 = CARTESIAN_POINT('',(113.375,-60.6,1.510198));
#17064 = CIRCLE('',#17065,0.5);
#17065 = AXIS2_PLACEMENT_3D('',#17066,#17067,#17068);
#17066 = CARTESIAN_POINT('',(113.375,-60.1,1.510198));
#17067 = DIRECTION('',(-0.,0.,-1.));
#17068 = DIRECTION('',(-0.,-1.,0.));
#17069 = FACE_BOUND('',#17070,.T.);
#17070 = EDGE_LOOP('',(#17071));
#17071 = ORIENTED_EDGE('',*,*,#17072,.T.);
#17072 = EDGE_CURVE('',#17073,#17073,#17075,.T.);
#17073 = VERTEX_POINT('',#17074);
#17074 = CARTESIAN_POINT('',(113.375,-58.1,1.510198));
#17075 = CIRCLE('',#17076,0.5);
#17076 = AXIS2_PLACEMENT_3D('',#17077,#17078,#17079);
#17077 = CARTESIAN_POINT('',(113.375,-57.6,1.510198));
#17078 = DIRECTION('',(-0.,0.,-1.));
#17079 = DIRECTION('',(-0.,-1.,0.));
#17080 = FACE_BOUND('',#17081,.T.);
#17081 = EDGE_LOOP('',(#17082));
#17082 = ORIENTED_EDGE('',*,*,#17083,.T.);
#17083 = EDGE_CURVE('',#17084,#17084,#17086,.T.);
#17084 = VERTEX_POINT('',#17085);
#17085 = CARTESIAN_POINT('',(113.375,-55.6,1.510198));
#17086 = CIRCLE('',#17087,0.5);
#17087 = AXIS2_PLACEMENT_3D('',#17088,#17089,#17090);
#17088 = CARTESIAN_POINT('',(113.375,-55.1,1.510198));
#17089 = DIRECTION('',(-0.,0.,-1.));
#17090 = DIRECTION('',(-0.,-1.,0.));
#17091 = FACE_BOUND('',#17092,.T.);
#17092 = EDGE_LOOP('',(#17093));
#17093 = ORIENTED_EDGE('',*,*,#17094,.T.);
#17094 = EDGE_CURVE('',#17095,#17095,#17097,.T.);
#17095 = VERTEX_POINT('',#17096);
#17096 = CARTESIAN_POINT('',(106.9,-48.4,1.510198));
#17097 = CIRCLE('',#17098,0.7);
#17098 = AXIS2_PLACEMENT_3D('',#17099,#17100,#17101);
#17099 = CARTESIAN_POINT('',(106.9,-47.7,1.510198));
#17100 = DIRECTION('',(-0.,0.,-1.));
#17101 = DIRECTION('',(-0.,-1.,0.));
#17102 = FACE_BOUND('',#17103,.T.);
#17103 = EDGE_LOOP('',(#17104));
#17104 = ORIENTED_EDGE('',*,*,#17105,.T.);
#17105 = EDGE_CURVE('',#17106,#17106,#17108,.T.);
#17106 = VERTEX_POINT('',#17107);
#17107 = CARTESIAN_POINT('',(106.9,-42.9,1.510198));
#17108 = CIRCLE('',#17109,0.7);
#17109 = AXIS2_PLACEMENT_3D('',#17110,#17111,#17112);
#17110 = CARTESIAN_POINT('',(106.9,-42.2,1.510198));
#17111 = DIRECTION('',(-0.,0.,-1.));
#17112 = DIRECTION('',(-0.,-1.,0.));
#17113 = FACE_BOUND('',#17114,.T.);
#17114 = EDGE_LOOP('',(#17115));
#17115 = ORIENTED_EDGE('',*,*,#17116,.T.);
#17116 = EDGE_CURVE('',#17117,#17117,#17119,.T.);
#17117 = VERTEX_POINT('',#17118);
#17118 = CARTESIAN_POINT('',(111.1,-48.4,1.510198));
#17119 = CIRCLE('',#17120,0.7);
#17120 = AXIS2_PLACEMENT_3D('',#17121,#17122,#17123);
#17121 = CARTESIAN_POINT('',(111.1,-47.7,1.510198));
#17122 = DIRECTION('',(-0.,0.,-1.));
#17123 = DIRECTION('',(-0.,-1.,0.));
#17124 = FACE_BOUND('',#17125,.T.);
#17125 = EDGE_LOOP('',(#17126));
#17126 = ORIENTED_EDGE('',*,*,#17127,.T.);
#17127 = EDGE_CURVE('',#17128,#17128,#17130,.T.);
#17128 = VERTEX_POINT('',#17129);
#17129 = CARTESIAN_POINT('',(115.3,-48.4,1.510198));
#17130 = CIRCLE('',#17131,0.7);
#17131 = AXIS2_PLACEMENT_3D('',#17132,#17133,#17134);
#17132 = CARTESIAN_POINT('',(115.3,-47.7,1.510198));
#17133 = DIRECTION('',(-0.,0.,-1.));
#17134 = DIRECTION('',(-0.,-1.,0.));
#17135 = FACE_BOUND('',#17136,.T.);
#17136 = EDGE_LOOP('',(#17137));
#17137 = ORIENTED_EDGE('',*,*,#17138,.T.);
#17138 = EDGE_CURVE('',#17139,#17139,#17141,.T.);
#17139 = VERTEX_POINT('',#17140);
#17140 = CARTESIAN_POINT('',(111.1,-42.9,1.510198));
#17141 = CIRCLE('',#17142,0.7);
#17142 = AXIS2_PLACEMENT_3D('',#17143,#17144,#17145);
#17143 = CARTESIAN_POINT('',(111.1,-42.2,1.510198));
#17144 = DIRECTION('',(-0.,0.,-1.));
#17145 = DIRECTION('',(-0.,-1.,0.));
#17146 = FACE_BOUND('',#17147,.T.);
#17147 = EDGE_LOOP('',(#17148));
#17148 = ORIENTED_EDGE('',*,*,#17149,.T.);
#17149 = EDGE_CURVE('',#17150,#17150,#17152,.T.);
#17150 = VERTEX_POINT('',#17151);
#17151 = CARTESIAN_POINT('',(115.3,-42.9,1.510198));
#17152 = CIRCLE('',#17153,0.7);
#17153 = AXIS2_PLACEMENT_3D('',#17154,#17155,#17156);
#17154 = CARTESIAN_POINT('',(115.3,-42.2,1.510198));
#17155 = DIRECTION('',(-0.,0.,-1.));
#17156 = DIRECTION('',(-0.,-1.,0.));
#17157 = FACE_BOUND('',#17158,.T.);
#17158 = EDGE_LOOP('',(#17159));
#17159 = ORIENTED_EDGE('',*,*,#17160,.T.);
#17160 = EDGE_CURVE('',#17161,#17161,#17163,.T.);
#17161 = VERTEX_POINT('',#17162);
#17162 = CARTESIAN_POINT('',(122.475,-60.6,1.510198));
#17163 = CIRCLE('',#17164,0.5);
#17164 = AXIS2_PLACEMENT_3D('',#17165,#17166,#17167);
#17165 = CARTESIAN_POINT('',(122.475,-60.1,1.510198));
#17166 = DIRECTION('',(-0.,0.,-1.));
#17167 = DIRECTION('',(-0.,-1.,0.));
#17168 = FACE_BOUND('',#17169,.T.);
#17169 = EDGE_LOOP('',(#17170));
#17170 = ORIENTED_EDGE('',*,*,#17171,.T.);
#17171 = EDGE_CURVE('',#17172,#17172,#17174,.T.);
#17172 = VERTEX_POINT('',#17173);
#17173 = CARTESIAN_POINT('',(122.475,-58.1,1.510198));
#17174 = CIRCLE('',#17175,0.5);
#17175 = AXIS2_PLACEMENT_3D('',#17176,#17177,#17178);
#17176 = CARTESIAN_POINT('',(122.475,-57.6,1.510198));
#17177 = DIRECTION('',(-0.,0.,-1.));
#17178 = DIRECTION('',(-0.,-1.,0.));
#17179 = FACE_BOUND('',#17180,.T.);
#17180 = EDGE_LOOP('',(#17181));
#17181 = ORIENTED_EDGE('',*,*,#17182,.T.);
#17182 = EDGE_CURVE('',#17183,#17183,#17185,.T.);
#17183 = VERTEX_POINT('',#17184);
#17184 = CARTESIAN_POINT('',(122.475,-55.6,1.510198));
#17185 = CIRCLE('',#17186,0.5);
#17186 = AXIS2_PLACEMENT_3D('',#17187,#17188,#17189);
#17187 = CARTESIAN_POINT('',(122.475,-55.1,1.510198));
#17188 = DIRECTION('',(-0.,0.,-1.));
#17189 = DIRECTION('',(-0.,-1.,0.));
#17190 = FACE_BOUND('',#17191,.T.);
#17191 = EDGE_LOOP('',(#17192));
#17192 = ORIENTED_EDGE('',*,*,#17193,.T.);
#17193 = EDGE_CURVE('',#17194,#17194,#17196,.T.);
#17194 = VERTEX_POINT('',#17195);
#17195 = CARTESIAN_POINT('',(131.475,-60.5375,1.510198));
#17196 = CIRCLE('',#17197,0.5);
#17197 = AXIS2_PLACEMENT_3D('',#17198,#17199,#17200);
#17198 = CARTESIAN_POINT('',(131.475,-60.0375,1.510198));
#17199 = DIRECTION('',(-0.,0.,-1.));
#17200 = DIRECTION('',(-0.,-1.,0.));
#17201 = FACE_BOUND('',#17202,.T.);
#17202 = EDGE_LOOP('',(#17203));
#17203 = ORIENTED_EDGE('',*,*,#17204,.T.);
#17204 = EDGE_CURVE('',#17205,#17205,#17207,.T.);
#17205 = VERTEX_POINT('',#17206);
#17206 = CARTESIAN_POINT('',(131.475,-58.0375,1.510198));
#17207 = CIRCLE('',#17208,0.5);
#17208 = AXIS2_PLACEMENT_3D('',#17209,#17210,#17211);
#17209 = CARTESIAN_POINT('',(131.475,-57.5375,1.510198));
#17210 = DIRECTION('',(-0.,0.,-1.));
#17211 = DIRECTION('',(-0.,-1.,0.));
#17212 = FACE_BOUND('',#17213,.T.);
#17213 = EDGE_LOOP('',(#17214));
#17214 = ORIENTED_EDGE('',*,*,#17215,.T.);
#17215 = EDGE_CURVE('',#17216,#17216,#17218,.T.);
#17216 = VERTEX_POINT('',#17217);
#17217 = CARTESIAN_POINT('',(131.475,-55.5375,1.510198));
#17218 = CIRCLE('',#17219,0.5);
#17219 = AXIS2_PLACEMENT_3D('',#17220,#17221,#17222);
#17220 = CARTESIAN_POINT('',(131.475,-55.0375,1.510198));
#17221 = DIRECTION('',(-0.,0.,-1.));
#17222 = DIRECTION('',(-0.,-1.,0.));
#17223 = FACE_BOUND('',#17224,.T.);
#17224 = EDGE_LOOP('',(#17225));
#17225 = ORIENTED_EDGE('',*,*,#17226,.T.);
#17226 = EDGE_CURVE('',#17227,#17227,#17229,.T.);
#17227 = VERTEX_POINT('',#17228);
#17228 = CARTESIAN_POINT('',(133.76,-81.91,1.510198));
#17229 = CIRCLE('',#17230,0.51);
#17230 = AXIS2_PLACEMENT_3D('',#17231,#17232,#17233);
#17231 = CARTESIAN_POINT('',(133.76,-81.4,1.510198));
#17232 = DIRECTION('',(-0.,0.,-1.));
#17233 = DIRECTION('',(-0.,-1.,0.));
#17234 = FACE_BOUND('',#17235,.T.);
#17235 = EDGE_LOOP('',(#17236));
#17236 = ORIENTED_EDGE('',*,*,#17237,.T.);
#17237 = EDGE_CURVE('',#17238,#17238,#17240,.T.);
#17238 = VERTEX_POINT('',#17239);
#17239 = CARTESIAN_POINT('',(136.3,-81.91,1.510198));
#17240 = CIRCLE('',#17241,0.51);
#17241 = AXIS2_PLACEMENT_3D('',#17242,#17243,#17244);
#17242 = CARTESIAN_POINT('',(136.3,-81.4,1.510198));
#17243 = DIRECTION('',(-0.,0.,-1.));
#17244 = DIRECTION('',(-0.,-1.,0.));
#17245 = FACE_BOUND('',#17246,.T.);
#17246 = EDGE_LOOP('',(#17247));
#17247 = ORIENTED_EDGE('',*,*,#17248,.T.);
#17248 = EDGE_CURVE('',#17249,#17249,#17251,.T.);
#17249 = VERTEX_POINT('',#17250);
#17250 = CARTESIAN_POINT('',(138.84,-81.91,1.510198));
#17251 = CIRCLE('',#17252,0.51);
#17252 = AXIS2_PLACEMENT_3D('',#17253,#17254,#17255);
#17253 = CARTESIAN_POINT('',(138.84,-81.4,1.510198));
#17254 = DIRECTION('',(-0.,0.,-1.));
#17255 = DIRECTION('',(-0.,-1.,0.));
#17256 = FACE_BOUND('',#17257,.T.);
#17257 = EDGE_LOOP('',(#17258));
#17258 = ORIENTED_EDGE('',*,*,#17259,.T.);
#17259 = EDGE_CURVE('',#17260,#17260,#17262,.T.);
#17260 = VERTEX_POINT('',#17261);
#17261 = CARTESIAN_POINT('',(141.38,-81.91,1.510198));
#17262 = CIRCLE('',#17263,0.51);
#17263 = AXIS2_PLACEMENT_3D('',#17264,#17265,#17266);
#17264 = CARTESIAN_POINT('',(141.38,-81.4,1.510198));
#17265 = DIRECTION('',(-0.,0.,-1.));
#17266 = DIRECTION('',(-0.,-1.,0.));
#17267 = FACE_BOUND('',#17268,.T.);
#17268 = EDGE_LOOP('',(#17269));
#17269 = ORIENTED_EDGE('',*,*,#17270,.T.);
#17270 = EDGE_CURVE('',#17271,#17271,#17273,.T.);
#17271 = VERTEX_POINT('',#17272);
#17272 = CARTESIAN_POINT('',(143.92,-81.91,1.510198));
#17273 = CIRCLE('',#17274,0.51);
#17274 = AXIS2_PLACEMENT_3D('',#17275,#17276,#17277);
#17275 = CARTESIAN_POINT('',(143.92,-81.4,1.510198));
#17276 = DIRECTION('',(-0.,0.,-1.));
#17277 = DIRECTION('',(-5.57288420204E-14,-1.,0.));
#17278 = FACE_BOUND('',#17279,.T.);
#17279 = EDGE_LOOP('',(#17280));
#17280 = ORIENTED_EDGE('',*,*,#17281,.T.);
#17281 = EDGE_CURVE('',#17282,#17282,#17284,.T.);
#17282 = VERTEX_POINT('',#17283);
#17283 = CARTESIAN_POINT('',(133.76,-66.67,1.510198));
#17284 = CIRCLE('',#17285,0.51);
#17285 = AXIS2_PLACEMENT_3D('',#17286,#17287,#17288);
#17286 = CARTESIAN_POINT('',(133.76,-66.16,1.510198));
#17287 = DIRECTION('',(-0.,0.,-1.));
#17288 = DIRECTION('',(-0.,-1.,0.));
#17289 = FACE_BOUND('',#17290,.T.);
#17290 = EDGE_LOOP('',(#17291));
#17291 = ORIENTED_EDGE('',*,*,#17292,.T.);
#17292 = EDGE_CURVE('',#17293,#17293,#17295,.T.);
#17293 = VERTEX_POINT('',#17294);
#17294 = CARTESIAN_POINT('',(136.3,-66.67,1.510198));
#17295 = CIRCLE('',#17296,0.51);
#17296 = AXIS2_PLACEMENT_3D('',#17297,#17298,#17299);
#17297 = CARTESIAN_POINT('',(136.3,-66.16,1.510198));
#17298 = DIRECTION('',(-0.,0.,-1.));
#17299 = DIRECTION('',(-0.,-1.,0.));
#17300 = FACE_BOUND('',#17301,.T.);
#17301 = EDGE_LOOP('',(#17302));
#17302 = ORIENTED_EDGE('',*,*,#17303,.T.);
#17303 = EDGE_CURVE('',#17304,#17304,#17306,.T.);
#17304 = VERTEX_POINT('',#17305);
#17305 = CARTESIAN_POINT('',(138.84,-66.67,1.510198));
#17306 = CIRCLE('',#17307,0.51);
#17307 = AXIS2_PLACEMENT_3D('',#17308,#17309,#17310);
#17308 = CARTESIAN_POINT('',(138.84,-66.16,1.510198));
#17309 = DIRECTION('',(-0.,0.,-1.));
#17310 = DIRECTION('',(-0.,-1.,0.));
#17311 = FACE_BOUND('',#17312,.T.);
#17312 = EDGE_LOOP('',(#17313));
#17313 = ORIENTED_EDGE('',*,*,#17314,.T.);
#17314 = EDGE_CURVE('',#17315,#17315,#17317,.T.);
#17315 = VERTEX_POINT('',#17316);
#17316 = CARTESIAN_POINT('',(141.38,-66.67,1.510198));
#17317 = CIRCLE('',#17318,0.51);
#17318 = AXIS2_PLACEMENT_3D('',#17319,#17320,#17321);
#17319 = CARTESIAN_POINT('',(141.38,-66.16,1.510198));
#17320 = DIRECTION('',(-0.,0.,-1.));
#17321 = DIRECTION('',(-0.,-1.,0.));
#17322 = FACE_BOUND('',#17323,.T.);
#17323 = EDGE_LOOP('',(#17324));
#17324 = ORIENTED_EDGE('',*,*,#17325,.T.);
#17325 = EDGE_CURVE('',#17326,#17326,#17328,.T.);
#17326 = VERTEX_POINT('',#17327);
#17327 = CARTESIAN_POINT('',(143.92,-66.67,1.510198));
#17328 = CIRCLE('',#17329,0.51);
#17329 = AXIS2_PLACEMENT_3D('',#17330,#17331,#17332);
#17330 = CARTESIAN_POINT('',(143.92,-66.16,1.510198));
#17331 = DIRECTION('',(-0.,0.,-1.));
#17332 = DIRECTION('',(-5.57288420204E-14,-1.,0.));
#17333 = FACE_BOUND('',#17334,.T.);
#17334 = EDGE_LOOP('',(#17335));
#17335 = ORIENTED_EDGE('',*,*,#17336,.T.);
#17336 = EDGE_CURVE('',#17337,#17337,#17339,.T.);
#17337 = VERTEX_POINT('',#17338);
#17338 = CARTESIAN_POINT('',(146.46,-81.91,1.510198));
#17339 = CIRCLE('',#17340,0.51);
#17340 = AXIS2_PLACEMENT_3D('',#17341,#17342,#17343);
#17341 = CARTESIAN_POINT('',(146.46,-81.4,1.510198));
#17342 = DIRECTION('',(-0.,0.,-1.));
#17343 = DIRECTION('',(5.57288420204E-14,-1.,-0.));
#17344 = FACE_BOUND('',#17345,.T.);
#17345 = EDGE_LOOP('',(#17346));
#17346 = ORIENTED_EDGE('',*,*,#17347,.T.);
#17347 = EDGE_CURVE('',#17348,#17348,#17350,.T.);
#17348 = VERTEX_POINT('',#17349);
#17349 = CARTESIAN_POINT('',(149.,-81.91,1.510198));
#17350 = CIRCLE('',#17351,0.51);
#17351 = AXIS2_PLACEMENT_3D('',#17352,#17353,#17354);
#17352 = CARTESIAN_POINT('',(149.,-81.4,1.510198));
#17353 = DIRECTION('',(-0.,0.,-1.));
#17354 = DIRECTION('',(-0.,-1.,0.));
#17355 = FACE_BOUND('',#17356,.T.);
#17356 = EDGE_LOOP('',(#17357));
#17357 = ORIENTED_EDGE('',*,*,#17358,.T.);
#17358 = EDGE_CURVE('',#17359,#17359,#17361,.T.);
#17359 = VERTEX_POINT('',#17360);
#17360 = CARTESIAN_POINT('',(151.54,-81.91,1.510198));
#17361 = CIRCLE('',#17362,0.51);
#17362 = AXIS2_PLACEMENT_3D('',#17363,#17364,#17365);
#17363 = CARTESIAN_POINT('',(151.54,-81.4,1.510198));
#17364 = DIRECTION('',(-0.,0.,-1.));
#17365 = DIRECTION('',(-5.57288420204E-14,-1.,0.));
#17366 = FACE_BOUND('',#17367,.T.);
#17367 = EDGE_LOOP('',(#17368));
#17368 = ORIENTED_EDGE('',*,*,#17369,.T.);
#17369 = EDGE_CURVE('',#17370,#17370,#17372,.T.);
#17370 = VERTEX_POINT('',#17371);
#17371 = CARTESIAN_POINT('',(154.08,-81.91,1.510198));
#17372 = CIRCLE('',#17373,0.51);
#17373 = AXIS2_PLACEMENT_3D('',#17374,#17375,#17376);
#17374 = CARTESIAN_POINT('',(154.08,-81.4,1.510198));
#17375 = DIRECTION('',(-0.,0.,-1.));
#17376 = DIRECTION('',(5.57288420204E-14,-1.,-0.));
#17377 = FACE_BOUND('',#17378,.T.);
#17378 = EDGE_LOOP('',(#17379));
#17379 = ORIENTED_EDGE('',*,*,#17380,.T.);
#17380 = EDGE_CURVE('',#17381,#17381,#17383,.T.);
#17381 = VERTEX_POINT('',#17382);
#17382 = CARTESIAN_POINT('',(156.62,-81.91,1.510198));
#17383 = CIRCLE('',#17384,0.51);
#17384 = AXIS2_PLACEMENT_3D('',#17385,#17386,#17387);
#17385 = CARTESIAN_POINT('',(156.62,-81.4,1.510198));
#17386 = DIRECTION('',(-0.,0.,-1.));
#17387 = DIRECTION('',(-0.,-1.,0.));
#17388 = FACE_BOUND('',#17389,.T.);
#17389 = EDGE_LOOP('',(#17390));
#17390 = ORIENTED_EDGE('',*,*,#17391,.T.);
#17391 = EDGE_CURVE('',#17392,#17392,#17394,.T.);
#17392 = VERTEX_POINT('',#17393);
#17393 = CARTESIAN_POINT('',(159.16,-81.91,1.510198));
#17394 = CIRCLE('',#17395,0.51);
#17395 = AXIS2_PLACEMENT_3D('',#17396,#17397,#17398);
#17396 = CARTESIAN_POINT('',(159.16,-81.4,1.510198));
#17397 = DIRECTION('',(-0.,0.,-1.));
#17398 = DIRECTION('',(-0.,-1.,0.));
#17399 = FACE_BOUND('',#17400,.T.);
#17400 = EDGE_LOOP('',(#17401));
#17401 = ORIENTED_EDGE('',*,*,#17402,.T.);
#17402 = EDGE_CURVE('',#17403,#17403,#17405,.T.);
#17403 = VERTEX_POINT('',#17404);
#17404 = CARTESIAN_POINT('',(146.46,-66.67,1.510198));
#17405 = CIRCLE('',#17406,0.51);
#17406 = AXIS2_PLACEMENT_3D('',#17407,#17408,#17409);
#17407 = CARTESIAN_POINT('',(146.46,-66.16,1.510198));
#17408 = DIRECTION('',(-0.,0.,-1.));
#17409 = DIRECTION('',(5.57288420204E-14,-1.,-0.));
#17410 = FACE_BOUND('',#17411,.T.);
#17411 = EDGE_LOOP('',(#17412));
#17412 = ORIENTED_EDGE('',*,*,#17413,.T.);
#17413 = EDGE_CURVE('',#17414,#17414,#17416,.T.);
#17414 = VERTEX_POINT('',#17415);
#17415 = CARTESIAN_POINT('',(149.,-66.67,1.510198));
#17416 = CIRCLE('',#17417,0.51);
#17417 = AXIS2_PLACEMENT_3D('',#17418,#17419,#17420);
#17418 = CARTESIAN_POINT('',(149.,-66.16,1.510198));
#17419 = DIRECTION('',(-0.,0.,-1.));
#17420 = DIRECTION('',(-0.,-1.,0.));
#17421 = FACE_BOUND('',#17422,.T.);
#17422 = EDGE_LOOP('',(#17423));
#17423 = ORIENTED_EDGE('',*,*,#17424,.T.);
#17424 = EDGE_CURVE('',#17425,#17425,#17427,.T.);
#17425 = VERTEX_POINT('',#17426);
#17426 = CARTESIAN_POINT('',(151.54,-66.67,1.510198));
#17427 = CIRCLE('',#17428,0.51);
#17428 = AXIS2_PLACEMENT_3D('',#17429,#17430,#17431);
#17429 = CARTESIAN_POINT('',(151.54,-66.16,1.510198));
#17430 = DIRECTION('',(-0.,0.,-1.));
#17431 = DIRECTION('',(-5.57288420204E-14,-1.,0.));
#17432 = FACE_BOUND('',#17433,.T.);
#17433 = EDGE_LOOP('',(#17434));
#17434 = ORIENTED_EDGE('',*,*,#17435,.T.);
#17435 = EDGE_CURVE('',#17436,#17436,#17438,.T.);
#17436 = VERTEX_POINT('',#17437);
#17437 = CARTESIAN_POINT('',(154.08,-66.67,1.510198));
#17438 = CIRCLE('',#17439,0.51);
#17439 = AXIS2_PLACEMENT_3D('',#17440,#17441,#17442);
#17440 = CARTESIAN_POINT('',(154.08,-66.16,1.510198));
#17441 = DIRECTION('',(-0.,0.,-1.));
#17442 = DIRECTION('',(5.57288420204E-14,-1.,-0.));
#17443 = FACE_BOUND('',#17444,.T.);
#17444 = EDGE_LOOP('',(#17445));
#17445 = ORIENTED_EDGE('',*,*,#17446,.T.);
#17446 = EDGE_CURVE('',#17447,#17447,#17449,.T.);
#17447 = VERTEX_POINT('',#17448);
#17448 = CARTESIAN_POINT('',(156.62,-66.67,1.510198));
#17449 = CIRCLE('',#17450,0.51);
#17450 = AXIS2_PLACEMENT_3D('',#17451,#17452,#17453);
#17451 = CARTESIAN_POINT('',(156.62,-66.16,1.510198));
#17452 = DIRECTION('',(-0.,0.,-1.));
#17453 = DIRECTION('',(-0.,-1.,0.));
#17454 = FACE_BOUND('',#17455,.T.);
#17455 = EDGE_LOOP('',(#17456));
#17456 = ORIENTED_EDGE('',*,*,#17457,.T.);
#17457 = EDGE_CURVE('',#17458,#17458,#17460,.T.);
#17458 = VERTEX_POINT('',#17459);
#17459 = CARTESIAN_POINT('',(159.16,-66.67,1.510198));
#17460 = CIRCLE('',#17461,0.51);
#17461 = AXIS2_PLACEMENT_3D('',#17462,#17463,#17464);
#17462 = CARTESIAN_POINT('',(159.16,-66.16,1.510198));
#17463 = DIRECTION('',(-0.,0.,-1.));
#17464 = DIRECTION('',(-0.,-1.,0.));
#17465 = FACE_BOUND('',#17466,.T.);
#17466 = EDGE_LOOP('',(#17467));
#17467 = ORIENTED_EDGE('',*,*,#17468,.T.);
#17468 = EDGE_CURVE('',#17469,#17469,#17471,.T.);
#17469 = VERTEX_POINT('',#17470);
#17470 = CARTESIAN_POINT('',(140.375,-60.5,1.510198));
#17471 = CIRCLE('',#17472,0.5);
#17472 = AXIS2_PLACEMENT_3D('',#17473,#17474,#17475);
#17473 = CARTESIAN_POINT('',(140.375,-60.,1.510198));
#17474 = DIRECTION('',(-0.,0.,-1.));
#17475 = DIRECTION('',(-0.,-1.,0.));
#17476 = FACE_BOUND('',#17477,.T.);
#17477 = EDGE_LOOP('',(#17478));
#17478 = ORIENTED_EDGE('',*,*,#17479,.T.);
#17479 = EDGE_CURVE('',#17480,#17480,#17482,.T.);
#17480 = VERTEX_POINT('',#17481);
#17481 = CARTESIAN_POINT('',(140.375,-58.,1.510198));
#17482 = CIRCLE('',#17483,0.5);
#17483 = AXIS2_PLACEMENT_3D('',#17484,#17485,#17486);
#17484 = CARTESIAN_POINT('',(140.375,-57.5,1.510198));
#17485 = DIRECTION('',(-0.,0.,-1.));
#17486 = DIRECTION('',(-0.,-1.,0.));
#17487 = FACE_BOUND('',#17488,.T.);
#17488 = EDGE_LOOP('',(#17489));
#17489 = ORIENTED_EDGE('',*,*,#17490,.T.);
#17490 = EDGE_CURVE('',#17491,#17491,#17493,.T.);
#17491 = VERTEX_POINT('',#17492);
#17492 = CARTESIAN_POINT('',(140.375,-55.5,1.510198));
#17493 = CIRCLE('',#17494,0.5);
#17494 = AXIS2_PLACEMENT_3D('',#17495,#17496,#17497);
#17495 = CARTESIAN_POINT('',(140.375,-55.,1.510198));
#17496 = DIRECTION('',(-0.,0.,-1.));
#17497 = DIRECTION('',(-0.,-1.,0.));
#17498 = FACE_BOUND('',#17499,.T.);
#17499 = EDGE_LOOP('',(#17500));
#17500 = ORIENTED_EDGE('',*,*,#17501,.T.);
#17501 = EDGE_CURVE('',#17502,#17502,#17504,.T.);
#17502 = VERTEX_POINT('',#17503);
#17503 = CARTESIAN_POINT('',(152.25,-59.7,1.510198));
#17504 = CIRCLE('',#17505,0.7);
#17505 = AXIS2_PLACEMENT_3D('',#17506,#17507,#17508);
#17506 = CARTESIAN_POINT('',(152.25,-59.,1.510198));
#17507 = DIRECTION('',(-0.,0.,-1.));
#17508 = DIRECTION('',(-0.,-1.,0.));
#17509 = FACE_BOUND('',#17510,.T.);
#17510 = EDGE_LOOP('',(#17511));
#17511 = ORIENTED_EDGE('',*,*,#17512,.T.);
#17512 = EDGE_CURVE('',#17513,#17513,#17515,.T.);
#17513 = VERTEX_POINT('',#17514);
#17514 = CARTESIAN_POINT('',(152.25,-55.5,1.510198));
#17515 = CIRCLE('',#17516,0.7);
#17516 = AXIS2_PLACEMENT_3D('',#17517,#17518,#17519);
#17517 = CARTESIAN_POINT('',(152.25,-54.8,1.510198));
#17518 = DIRECTION('',(-0.,0.,-1.));
#17519 = DIRECTION('',(-0.,-1.,0.));
#17520 = FACE_BOUND('',#17521,.T.);
#17521 = EDGE_LOOP('',(#17522));
#17522 = ORIENTED_EDGE('',*,*,#17523,.T.);
#17523 = EDGE_CURVE('',#17524,#17524,#17526,.T.);
#17524 = VERTEX_POINT('',#17525);
#17525 = CARTESIAN_POINT('',(157.75,-59.7,1.510198));
#17526 = CIRCLE('',#17527,0.7);
#17527 = AXIS2_PLACEMENT_3D('',#17528,#17529,#17530);
#17528 = CARTESIAN_POINT('',(157.75,-59.,1.510198));
#17529 = DIRECTION('',(-0.,0.,-1.));
#17530 = DIRECTION('',(-0.,-1.,0.));
#17531 = FACE_BOUND('',#17532,.T.);
#17532 = EDGE_LOOP('',(#17533));
#17533 = ORIENTED_EDGE('',*,*,#17534,.T.);
#17534 = EDGE_CURVE('',#17535,#17535,#17537,.T.);
#17535 = VERTEX_POINT('',#17536);
#17536 = CARTESIAN_POINT('',(157.75,-55.5,1.510198));
#17537 = CIRCLE('',#17538,0.7);
#17538 = AXIS2_PLACEMENT_3D('',#17539,#17540,#17541);
#17539 = CARTESIAN_POINT('',(157.75,-54.8,1.510198));
#17540 = DIRECTION('',(-0.,0.,-1.));
#17541 = DIRECTION('',(-0.,-1.,0.));
#17542 = PLANE('',#17543);
#17543 = AXIS2_PLACEMENT_3D('',#17544,#17545,#17546);
#17544 = CARTESIAN_POINT('',(0.,0.,1.510198));
#17545 = DIRECTION('',(0.,0.,1.));
#17546 = DIRECTION('',(1.,0.,-0.));
#17547 = ADVANCED_FACE('',(#17548),#17559,.T.);
#17548 = FACE_BOUND('',#17549,.T.);
#17549 = EDGE_LOOP('',(#17550,#17556,#17557,#17558));
#17550 = ORIENTED_EDGE('',*,*,#17551,.T.);
#17551 = EDGE_CURVE('',#14084,#15819,#17552,.T.);
#17552 = LINE('',#17553,#17554);
#17553 = CARTESIAN_POINT('',(101.,-40.,0.));
#17554 = VECTOR('',#17555,1.);
#17555 = DIRECTION('',(0.,0.,1.));
#17556 = ORIENTED_EDGE('',*,*,#15818,.T.);
#17557 = ORIENTED_EDGE('',*,*,#14019,.F.);
#17558 = ORIENTED_EDGE('',*,*,#14083,.F.);
#17559 = CYLINDRICAL_SURFACE('',#17560,3.000001172987);
#17560 = AXIS2_PLACEMENT_3D('',#17561,#17562,#17563);
#17561 = CARTESIAN_POINT('',(104.00000117298,-40.00000117298,0.));
#17562 = DIRECTION('',(0.,0.,-1.));
#17563 = DIRECTION('',(-1.,3.909953663434E-07,0.));
#17564 = ADVANCED_FACE('',(#17565),#17576,.T.);
#17565 = FACE_BOUND('',#17566,.T.);
#17566 = EDGE_LOOP('',(#17567,#17568,#17569,#17575));
#17567 = ORIENTED_EDGE('',*,*,#14059,.T.);
#17568 = ORIENTED_EDGE('',*,*,#15852,.T.);
#17569 = ORIENTED_EDGE('',*,*,#17570,.F.);
#17570 = EDGE_CURVE('',#14110,#15845,#17571,.T.);
#17571 = LINE('',#17572,#17573);
#17572 = CARTESIAN_POINT('',(160.,-129.,0.));
#17573 = VECTOR('',#17574,1.);
#17574 = DIRECTION('',(0.,0.,1.));
#17575 = ORIENTED_EDGE('',*,*,#14117,.F.);
#17576 = CYLINDRICAL_SURFACE('',#17577,3.000001172987);
#17577 = AXIS2_PLACEMENT_3D('',#17578,#17579,#17580);
#17578 = CARTESIAN_POINT('',(159.99999882701,-125.999998827,0.));
#17579 = DIRECTION('',(0.,0.,-1.));
#17580 = DIRECTION('',(1.,-3.909953663434E-07,0.));
#17581 = ADVANCED_FACE('',(#17582),#17593,.T.);
#17582 = FACE_BOUND('',#17583,.T.);
#17583 = EDGE_LOOP('',(#17584,#17590,#17591,#17592));
#17584 = ORIENTED_EDGE('',*,*,#17585,.T.);
#17585 = EDGE_CURVE('',#14093,#15828,#17586,.T.);
#17586 = LINE('',#17587,#17588);
#17587 = CARTESIAN_POINT('',(101.,-126.,0.));
#17588 = VECTOR('',#17589,1.);
#17589 = DIRECTION('',(0.,0.,1.));
#17590 = ORIENTED_EDGE('',*,*,#15827,.T.);
#17591 = ORIENTED_EDGE('',*,*,#17551,.F.);
#17592 = ORIENTED_EDGE('',*,*,#14092,.F.);
#17593 = PLANE('',#17594);
#17594 = AXIS2_PLACEMENT_3D('',#17595,#17596,#17597);
#17595 = CARTESIAN_POINT('',(101.,-126.,0.));
#17596 = DIRECTION('',(-1.,0.,0.));
#17597 = DIRECTION('',(0.,1.,0.));
#17598 = ADVANCED_FACE('',(#17599),#17610,.T.);
#17599 = FACE_BOUND('',#17600,.T.);
#17600 = EDGE_LOOP('',(#17601,#17602,#17603,#17609));
#17601 = ORIENTED_EDGE('',*,*,#17570,.T.);
#17602 = ORIENTED_EDGE('',*,*,#15844,.T.);
#17603 = ORIENTED_EDGE('',*,*,#17604,.F.);
#17604 = EDGE_CURVE('',#14101,#15836,#17605,.T.);
#17605 = LINE('',#17606,#17607);
#17606 = CARTESIAN_POINT('',(104.,-129.,0.));
#17607 = VECTOR('',#17608,1.);
#17608 = DIRECTION('',(0.,0.,1.));
#17609 = ORIENTED_EDGE('',*,*,#14109,.F.);
#17610 = PLANE('',#17611);
#17611 = AXIS2_PLACEMENT_3D('',#17612,#17613,#17614);
#17612 = CARTESIAN_POINT('',(160.,-129.,0.));
#17613 = DIRECTION('',(0.,-1.,0.));
#17614 = DIRECTION('',(-1.,0.,0.));
#17615 = ADVANCED_FACE('',(#17616),#17622,.T.);
#17616 = FACE_BOUND('',#17617,.T.);
#17617 = EDGE_LOOP('',(#17618,#17619,#17620,#17621));
#17618 = ORIENTED_EDGE('',*,*,#17604,.T.);
#17619 = ORIENTED_EDGE('',*,*,#15835,.T.);
#17620 = ORIENTED_EDGE('',*,*,#17585,.F.);
#17621 = ORIENTED_EDGE('',*,*,#14100,.F.);
#17622 = CYLINDRICAL_SURFACE('',#17623,3.000001172987);
#17623 = AXIS2_PLACEMENT_3D('',#17624,#17625,#17626);
#17624 = CARTESIAN_POINT('',(104.00000117298,-125.999998827,0.));
#17625 = DIRECTION('',(0.,0.,-1.));
#17626 = DIRECTION('',(-3.909953616065E-07,-1.,-0.));
#17627 = ADVANCED_FACE('',(#17628),#17639,.F.);
#17628 = FACE_BOUND('',#17629,.T.);
#17629 = EDGE_LOOP('',(#17630,#17631,#17637,#17638));
#17630 = ORIENTED_EDGE('',*,*,#14127,.T.);
#17631 = ORIENTED_EDGE('',*,*,#17632,.T.);
#17632 = EDGE_CURVE('',#14128,#15863,#17633,.T.);
#17633 = LINE('',#17634,#17635);
#17634 = CARTESIAN_POINT('',(104.,-116.4,-4.6E-02));
#17635 = VECTOR('',#17636,1.);
#17636 = DIRECTION('',(0.,0.,1.));
#17637 = ORIENTED_EDGE('',*,*,#15862,.F.);
#17638 = ORIENTED_EDGE('',*,*,#17632,.F.);
#17639 = CYLINDRICAL_SURFACE('',#17640,0.4);
#17640 = AXIS2_PLACEMENT_3D('',#17641,#17642,#17643);
#17641 = CARTESIAN_POINT('',(104.,-116.,-4.6E-02));
#17642 = DIRECTION('',(-0.,-0.,-1.));
#17643 = DIRECTION('',(-0.,-1.,0.));
#17644 = ADVANCED_FACE('',(#17645),#17656,.F.);
#17645 = FACE_BOUND('',#17646,.T.);
#17646 = EDGE_LOOP('',(#17647,#17648,#17654,#17655));
#17647 = ORIENTED_EDGE('',*,*,#14138,.T.);
#17648 = ORIENTED_EDGE('',*,*,#17649,.T.);
#17649 = EDGE_CURVE('',#14139,#15874,#17650,.T.);
#17650 = LINE('',#17651,#17652);
#17651 = CARTESIAN_POINT('',(104.,-114.4,-4.6E-02));
#17652 = VECTOR('',#17653,1.);
#17653 = DIRECTION('',(0.,0.,1.));
#17654 = ORIENTED_EDGE('',*,*,#15873,.F.);
#17655 = ORIENTED_EDGE('',*,*,#17649,.F.);
#17656 = CYLINDRICAL_SURFACE('',#17657,0.4);
#17657 = AXIS2_PLACEMENT_3D('',#17658,#17659,#17660);
#17658 = CARTESIAN_POINT('',(104.,-114.,-4.6E-02));
#17659 = DIRECTION('',(-0.,-0.,-1.));
#17660 = DIRECTION('',(-0.,-1.,0.));
#17661 = ADVANCED_FACE('',(#17662),#17673,.F.);
#17662 = FACE_BOUND('',#17663,.T.);
#17663 = EDGE_LOOP('',(#17664,#17665,#17671,#17672));
#17664 = ORIENTED_EDGE('',*,*,#14149,.T.);
#17665 = ORIENTED_EDGE('',*,*,#17666,.T.);
#17666 = EDGE_CURVE('',#14150,#15885,#17667,.T.);
#17667 = LINE('',#17668,#17669);
#17668 = CARTESIAN_POINT('',(104.,-112.4,-4.6E-02));
#17669 = VECTOR('',#17670,1.);
#17670 = DIRECTION('',(0.,0.,1.));
#17671 = ORIENTED_EDGE('',*,*,#15884,.F.);
#17672 = ORIENTED_EDGE('',*,*,#17666,.F.);
#17673 = CYLINDRICAL_SURFACE('',#17674,0.4);
#17674 = AXIS2_PLACEMENT_3D('',#17675,#17676,#17677);
#17675 = CARTESIAN_POINT('',(104.,-112.,-4.6E-02));
#17676 = DIRECTION('',(-0.,-0.,-1.));
#17677 = DIRECTION('',(-0.,-1.,0.));
#17678 = ADVANCED_FACE('',(#17679),#17690,.F.);
#17679 = FACE_BOUND('',#17680,.T.);
#17680 = EDGE_LOOP('',(#17681,#17682,#17688,#17689));
#17681 = ORIENTED_EDGE('',*,*,#14160,.T.);
#17682 = ORIENTED_EDGE('',*,*,#17683,.T.);
#17683 = EDGE_CURVE('',#14161,#15896,#17684,.T.);
#17684 = LINE('',#17685,#17686);
#17685 = CARTESIAN_POINT('',(104.,-110.4,-4.6E-02));
#17686 = VECTOR('',#17687,1.);
#17687 = DIRECTION('',(0.,0.,1.));
#17688 = ORIENTED_EDGE('',*,*,#15895,.F.);
#17689 = ORIENTED_EDGE('',*,*,#17683,.F.);
#17690 = CYLINDRICAL_SURFACE('',#17691,0.4);
#17691 = AXIS2_PLACEMENT_3D('',#17692,#17693,#17694);
#17692 = CARTESIAN_POINT('',(104.,-110.,-4.6E-02));
#17693 = DIRECTION('',(-0.,-0.,-1.));
#17694 = DIRECTION('',(-0.,-1.,0.));
#17695 = ADVANCED_FACE('',(#17696),#17707,.F.);
#17696 = FACE_BOUND('',#17697,.T.);
#17697 = EDGE_LOOP('',(#17698,#17699,#17705,#17706));
#17698 = ORIENTED_EDGE('',*,*,#14171,.T.);
#17699 = ORIENTED_EDGE('',*,*,#17700,.T.);
#17700 = EDGE_CURVE('',#14172,#15907,#17701,.T.);
#17701 = LINE('',#17702,#17703);
#17702 = CARTESIAN_POINT('',(104.,-108.4,-4.6E-02));
#17703 = VECTOR('',#17704,1.);
#17704 = DIRECTION('',(0.,0.,1.));
#17705 = ORIENTED_EDGE('',*,*,#15906,.F.);
#17706 = ORIENTED_EDGE('',*,*,#17700,.F.);
#17707 = CYLINDRICAL_SURFACE('',#17708,0.4);
#17708 = AXIS2_PLACEMENT_3D('',#17709,#17710,#17711);
#17709 = CARTESIAN_POINT('',(104.,-108.,-4.6E-02));
#17710 = DIRECTION('',(-0.,-0.,-1.));
#17711 = DIRECTION('',(-0.,-1.,0.));
#17712 = ADVANCED_FACE('',(#17713),#17724,.F.);
#17713 = FACE_BOUND('',#17714,.T.);
#17714 = EDGE_LOOP('',(#17715,#17716,#17722,#17723));
#17715 = ORIENTED_EDGE('',*,*,#14182,.T.);
#17716 = ORIENTED_EDGE('',*,*,#17717,.T.);
#17717 = EDGE_CURVE('',#14183,#15918,#17718,.T.);
#17718 = LINE('',#17719,#17720);
#17719 = CARTESIAN_POINT('',(104.,-106.4,-4.6E-02));
#17720 = VECTOR('',#17721,1.);
#17721 = DIRECTION('',(0.,0.,1.));
#17722 = ORIENTED_EDGE('',*,*,#15917,.F.);
#17723 = ORIENTED_EDGE('',*,*,#17717,.F.);
#17724 = CYLINDRICAL_SURFACE('',#17725,0.4);
#17725 = AXIS2_PLACEMENT_3D('',#17726,#17727,#17728);
#17726 = CARTESIAN_POINT('',(104.,-106.,-4.6E-02));
#17727 = DIRECTION('',(-0.,-0.,-1.));
#17728 = DIRECTION('',(-0.,-1.,0.));
#17729 = ADVANCED_FACE('',(#17730),#17741,.F.);
#17730 = FACE_BOUND('',#17731,.T.);
#17731 = EDGE_LOOP('',(#17732,#17733,#17739,#17740));
#17732 = ORIENTED_EDGE('',*,*,#14193,.T.);
#17733 = ORIENTED_EDGE('',*,*,#17734,.T.);
#17734 = EDGE_CURVE('',#14194,#15929,#17735,.T.);
#17735 = LINE('',#17736,#17737);
#17736 = CARTESIAN_POINT('',(126.,-116.4,-4.6E-02));
#17737 = VECTOR('',#17738,1.);
#17738 = DIRECTION('',(0.,0.,1.));
#17739 = ORIENTED_EDGE('',*,*,#15928,.F.);
#17740 = ORIENTED_EDGE('',*,*,#17734,.F.);
#17741 = CYLINDRICAL_SURFACE('',#17742,0.4);
#17742 = AXIS2_PLACEMENT_3D('',#17743,#17744,#17745);
#17743 = CARTESIAN_POINT('',(126.,-116.,-4.6E-02));
#17744 = DIRECTION('',(-0.,-0.,-1.));
#17745 = DIRECTION('',(-0.,-1.,0.));
#17746 = ADVANCED_FACE('',(#17747),#17758,.F.);
#17747 = FACE_BOUND('',#17748,.T.);
#17748 = EDGE_LOOP('',(#17749,#17750,#17756,#17757));
#17749 = ORIENTED_EDGE('',*,*,#14204,.T.);
#17750 = ORIENTED_EDGE('',*,*,#17751,.T.);
#17751 = EDGE_CURVE('',#14205,#15940,#17752,.T.);
#17752 = LINE('',#17753,#17754);
#17753 = CARTESIAN_POINT('',(126.,-114.4,-4.6E-02));
#17754 = VECTOR('',#17755,1.);
#17755 = DIRECTION('',(0.,0.,1.));
#17756 = ORIENTED_EDGE('',*,*,#15939,.F.);
#17757 = ORIENTED_EDGE('',*,*,#17751,.F.);
#17758 = CYLINDRICAL_SURFACE('',#17759,0.4);
#17759 = AXIS2_PLACEMENT_3D('',#17760,#17761,#17762);
#17760 = CARTESIAN_POINT('',(126.,-114.,-4.6E-02));
#17761 = DIRECTION('',(-0.,-0.,-1.));
#17762 = DIRECTION('',(-0.,-1.,0.));
#17763 = ADVANCED_FACE('',(#17764),#17775,.F.);
#17764 = FACE_BOUND('',#17765,.T.);
#17765 = EDGE_LOOP('',(#17766,#17767,#17773,#17774));
#17766 = ORIENTED_EDGE('',*,*,#14215,.T.);
#17767 = ORIENTED_EDGE('',*,*,#17768,.T.);
#17768 = EDGE_CURVE('',#14216,#15951,#17769,.T.);
#17769 = LINE('',#17770,#17771);
#17770 = CARTESIAN_POINT('',(126.,-112.4,-4.6E-02));
#17771 = VECTOR('',#17772,1.);
#17772 = DIRECTION('',(0.,0.,1.));
#17773 = ORIENTED_EDGE('',*,*,#15950,.F.);
#17774 = ORIENTED_EDGE('',*,*,#17768,.F.);
#17775 = CYLINDRICAL_SURFACE('',#17776,0.4);
#17776 = AXIS2_PLACEMENT_3D('',#17777,#17778,#17779);
#17777 = CARTESIAN_POINT('',(126.,-112.,-4.6E-02));
#17778 = DIRECTION('',(-0.,-0.,-1.));
#17779 = DIRECTION('',(-0.,-1.,0.));
#17780 = ADVANCED_FACE('',(#17781),#17792,.F.);
#17781 = FACE_BOUND('',#17782,.T.);
#17782 = EDGE_LOOP('',(#17783,#17784,#17790,#17791));
#17783 = ORIENTED_EDGE('',*,*,#14226,.T.);
#17784 = ORIENTED_EDGE('',*,*,#17785,.T.);
#17785 = EDGE_CURVE('',#14227,#15962,#17786,.T.);
#17786 = LINE('',#17787,#17788);
#17787 = CARTESIAN_POINT('',(126.,-110.4,-4.6E-02));
#17788 = VECTOR('',#17789,1.);
#17789 = DIRECTION('',(0.,0.,1.));
#17790 = ORIENTED_EDGE('',*,*,#15961,.F.);
#17791 = ORIENTED_EDGE('',*,*,#17785,.F.);
#17792 = CYLINDRICAL_SURFACE('',#17793,0.4);
#17793 = AXIS2_PLACEMENT_3D('',#17794,#17795,#17796);
#17794 = CARTESIAN_POINT('',(126.,-110.,-4.6E-02));
#17795 = DIRECTION('',(-0.,-0.,-1.));
#17796 = DIRECTION('',(-0.,-1.,0.));
#17797 = ADVANCED_FACE('',(#17798),#17809,.F.);
#17798 = FACE_BOUND('',#17799,.T.);
#17799 = EDGE_LOOP('',(#17800,#17801,#17807,#17808));
#17800 = ORIENTED_EDGE('',*,*,#14237,.T.);
#17801 = ORIENTED_EDGE('',*,*,#17802,.T.);
#17802 = EDGE_CURVE('',#14238,#15973,#17803,.T.);
#17803 = LINE('',#17804,#17805);
#17804 = CARTESIAN_POINT('',(126.,-108.4,-4.6E-02));
#17805 = VECTOR('',#17806,1.);
#17806 = DIRECTION('',(0.,0.,1.));
#17807 = ORIENTED_EDGE('',*,*,#15972,.F.);
#17808 = ORIENTED_EDGE('',*,*,#17802,.F.);
#17809 = CYLINDRICAL_SURFACE('',#17810,0.4);
#17810 = AXIS2_PLACEMENT_3D('',#17811,#17812,#17813);
#17811 = CARTESIAN_POINT('',(126.,-108.,-4.6E-02));
#17812 = DIRECTION('',(-0.,-0.,-1.));
#17813 = DIRECTION('',(-0.,-1.,0.));
#17814 = ADVANCED_FACE('',(#17815),#17826,.F.);
#17815 = FACE_BOUND('',#17816,.T.);
#17816 = EDGE_LOOP('',(#17817,#17818,#17824,#17825));
#17817 = ORIENTED_EDGE('',*,*,#14248,.T.);
#17818 = ORIENTED_EDGE('',*,*,#17819,.T.);
#17819 = EDGE_CURVE('',#14249,#15984,#17820,.T.);
#17820 = LINE('',#17821,#17822);
#17821 = CARTESIAN_POINT('',(126.,-106.4,-4.6E-02));
#17822 = VECTOR('',#17823,1.);
#17823 = DIRECTION('',(0.,0.,1.));
#17824 = ORIENTED_EDGE('',*,*,#15983,.F.);
#17825 = ORIENTED_EDGE('',*,*,#17819,.F.);
#17826 = CYLINDRICAL_SURFACE('',#17827,0.4);
#17827 = AXIS2_PLACEMENT_3D('',#17828,#17829,#17830);
#17828 = CARTESIAN_POINT('',(126.,-106.,-4.6E-02));
#17829 = DIRECTION('',(-0.,-0.,-1.));
#17830 = DIRECTION('',(-0.,-1.,0.));
#17831 = ADVANCED_FACE('',(#17832),#17843,.F.);
#17832 = FACE_BOUND('',#17833,.T.);
#17833 = EDGE_LOOP('',(#17834,#17835,#17841,#17842));
#17834 = ORIENTED_EDGE('',*,*,#14259,.T.);
#17835 = ORIENTED_EDGE('',*,*,#17836,.T.);
#17836 = EDGE_CURVE('',#14260,#15995,#17837,.T.);
#17837 = LINE('',#17838,#17839);
#17838 = CARTESIAN_POINT('',(104.,-104.4,-4.6E-02));
#17839 = VECTOR('',#17840,1.);
#17840 = DIRECTION('',(0.,0.,1.));
#17841 = ORIENTED_EDGE('',*,*,#15994,.F.);
#17842 = ORIENTED_EDGE('',*,*,#17836,.F.);
#17843 = CYLINDRICAL_SURFACE('',#17844,0.4);
#17844 = AXIS2_PLACEMENT_3D('',#17845,#17846,#17847);
#17845 = CARTESIAN_POINT('',(104.,-104.,-4.6E-02));
#17846 = DIRECTION('',(-0.,-0.,-1.));
#17847 = DIRECTION('',(-0.,-1.,0.));
#17848 = ADVANCED_FACE('',(#17849),#17860,.F.);
#17849 = FACE_BOUND('',#17850,.T.);
#17850 = EDGE_LOOP('',(#17851,#17852,#17858,#17859));
#17851 = ORIENTED_EDGE('',*,*,#14270,.T.);
#17852 = ORIENTED_EDGE('',*,*,#17853,.T.);
#17853 = EDGE_CURVE('',#14271,#16006,#17854,.T.);
#17854 = LINE('',#17855,#17856);
#17855 = CARTESIAN_POINT('',(104.,-102.4,-4.6E-02));
#17856 = VECTOR('',#17857,1.);
#17857 = DIRECTION('',(0.,0.,1.));
#17858 = ORIENTED_EDGE('',*,*,#16005,.F.);
#17859 = ORIENTED_EDGE('',*,*,#17853,.F.);
#17860 = CYLINDRICAL_SURFACE('',#17861,0.4);
#17861 = AXIS2_PLACEMENT_3D('',#17862,#17863,#17864);
#17862 = CARTESIAN_POINT('',(104.,-102.,-4.6E-02));
#17863 = DIRECTION('',(-0.,-0.,-1.));
#17864 = DIRECTION('',(-0.,-1.,0.));
#17865 = ADVANCED_FACE('',(#17866),#17877,.F.);
#17866 = FACE_BOUND('',#17867,.T.);
#17867 = EDGE_LOOP('',(#17868,#17869,#17875,#17876));
#17868 = ORIENTED_EDGE('',*,*,#14281,.T.);
#17869 = ORIENTED_EDGE('',*,*,#17870,.T.);
#17870 = EDGE_CURVE('',#14282,#16017,#17871,.T.);
#17871 = LINE('',#17872,#17873);
#17872 = CARTESIAN_POINT('',(104.,-100.4,-4.6E-02));
#17873 = VECTOR('',#17874,1.);
#17874 = DIRECTION('',(0.,0.,1.));
#17875 = ORIENTED_EDGE('',*,*,#16016,.F.);
#17876 = ORIENTED_EDGE('',*,*,#17870,.F.);
#17877 = CYLINDRICAL_SURFACE('',#17878,0.4);
#17878 = AXIS2_PLACEMENT_3D('',#17879,#17880,#17881);
#17879 = CARTESIAN_POINT('',(104.,-100.,-4.6E-02));
#17880 = DIRECTION('',(-0.,-0.,-1.));
#17881 = DIRECTION('',(-0.,-1.,0.));
#17882 = ADVANCED_FACE('',(#17883),#17894,.F.);
#17883 = FACE_BOUND('',#17884,.T.);
#17884 = EDGE_LOOP('',(#17885,#17886,#17892,#17893));
#17885 = ORIENTED_EDGE('',*,*,#14292,.T.);
#17886 = ORIENTED_EDGE('',*,*,#17887,.T.);
#17887 = EDGE_CURVE('',#14293,#16028,#17888,.T.);
#17888 = LINE('',#17889,#17890);
#17889 = CARTESIAN_POINT('',(104.,-98.4,-4.6E-02));
#17890 = VECTOR('',#17891,1.);
#17891 = DIRECTION('',(0.,0.,1.));
#17892 = ORIENTED_EDGE('',*,*,#16027,.F.);
#17893 = ORIENTED_EDGE('',*,*,#17887,.F.);
#17894 = CYLINDRICAL_SURFACE('',#17895,0.4);
#17895 = AXIS2_PLACEMENT_3D('',#17896,#17897,#17898);
#17896 = CARTESIAN_POINT('',(104.,-98.,-4.6E-02));
#17897 = DIRECTION('',(-0.,-0.,-1.));
#17898 = DIRECTION('',(-0.,-1.,0.));
#17899 = ADVANCED_FACE('',(#17900),#17911,.F.);
#17900 = FACE_BOUND('',#17901,.T.);
#17901 = EDGE_LOOP('',(#17902,#17903,#17909,#17910));
#17902 = ORIENTED_EDGE('',*,*,#14303,.T.);
#17903 = ORIENTED_EDGE('',*,*,#17904,.T.);
#17904 = EDGE_CURVE('',#14304,#16039,#17905,.T.);
#17905 = LINE('',#17906,#17907);
#17906 = CARTESIAN_POINT('',(104.18,-89.1,-4.6E-02));
#17907 = VECTOR('',#17908,1.);
#17908 = DIRECTION('',(0.,0.,1.));
#17909 = ORIENTED_EDGE('',*,*,#16038,.F.);
#17910 = ORIENTED_EDGE('',*,*,#17904,.F.);
#17911 = CYLINDRICAL_SURFACE('',#17912,0.5);
#17912 = AXIS2_PLACEMENT_3D('',#17913,#17914,#17915);
#17913 = CARTESIAN_POINT('',(104.18,-88.6,-4.6E-02));
#17914 = DIRECTION('',(-0.,-0.,-1.));
#17915 = DIRECTION('',(-0.,-1.,0.));
#17916 = ADVANCED_FACE('',(#17917),#17928,.F.);
#17917 = FACE_BOUND('',#17918,.T.);
#17918 = EDGE_LOOP('',(#17919,#17920,#17926,#17927));
#17919 = ORIENTED_EDGE('',*,*,#14314,.T.);
#17920 = ORIENTED_EDGE('',*,*,#17921,.T.);
#17921 = EDGE_CURVE('',#14315,#16050,#17922,.T.);
#17922 = LINE('',#17923,#17924);
#17923 = CARTESIAN_POINT('',(106.72,-89.1,-4.6E-02));
#17924 = VECTOR('',#17925,1.);
#17925 = DIRECTION('',(0.,0.,1.));
#17926 = ORIENTED_EDGE('',*,*,#16049,.F.);
#17927 = ORIENTED_EDGE('',*,*,#17921,.F.);
#17928 = CYLINDRICAL_SURFACE('',#17929,0.5);
#17929 = AXIS2_PLACEMENT_3D('',#17930,#17931,#17932);
#17930 = CARTESIAN_POINT('',(106.72,-88.6,-4.6E-02));
#17931 = DIRECTION('',(-0.,-0.,-1.));
#17932 = DIRECTION('',(-0.,-1.,0.));
#17933 = ADVANCED_FACE('',(#17934),#17945,.F.);
#17934 = FACE_BOUND('',#17935,.T.);
#17935 = EDGE_LOOP('',(#17936,#17937,#17943,#17944));
#17936 = ORIENTED_EDGE('',*,*,#14325,.T.);
#17937 = ORIENTED_EDGE('',*,*,#17938,.T.);
#17938 = EDGE_CURVE('',#14326,#16061,#17939,.T.);
#17939 = LINE('',#17940,#17941);
#17940 = CARTESIAN_POINT('',(104.18,-86.56,-4.6E-02));
#17941 = VECTOR('',#17942,1.);
#17942 = DIRECTION('',(0.,0.,1.));
#17943 = ORIENTED_EDGE('',*,*,#16060,.F.);
#17944 = ORIENTED_EDGE('',*,*,#17938,.F.);
#17945 = CYLINDRICAL_SURFACE('',#17946,0.5);
#17946 = AXIS2_PLACEMENT_3D('',#17947,#17948,#17949);
#17947 = CARTESIAN_POINT('',(104.18,-86.06,-4.6E-02));
#17948 = DIRECTION('',(-0.,-0.,-1.));
#17949 = DIRECTION('',(-0.,-1.,0.));
#17950 = ADVANCED_FACE('',(#17951),#17962,.F.);
#17951 = FACE_BOUND('',#17952,.T.);
#17952 = EDGE_LOOP('',(#17953,#17954,#17960,#17961));
#17953 = ORIENTED_EDGE('',*,*,#14336,.T.);
#17954 = ORIENTED_EDGE('',*,*,#17955,.T.);
#17955 = EDGE_CURVE('',#14337,#16072,#17956,.T.);
#17956 = LINE('',#17957,#17958);
#17957 = CARTESIAN_POINT('',(106.72,-86.56,-4.6E-02));
#17958 = VECTOR('',#17959,1.);
#17959 = DIRECTION('',(0.,0.,1.));
#17960 = ORIENTED_EDGE('',*,*,#16071,.F.);
#17961 = ORIENTED_EDGE('',*,*,#17955,.F.);
#17962 = CYLINDRICAL_SURFACE('',#17963,0.5);
#17963 = AXIS2_PLACEMENT_3D('',#17964,#17965,#17966);
#17964 = CARTESIAN_POINT('',(106.72,-86.06,-4.6E-02));
#17965 = DIRECTION('',(-0.,-0.,-1.));
#17966 = DIRECTION('',(-0.,-1.,0.));
#17967 = ADVANCED_FACE('',(#17968),#17979,.F.);
#17968 = FACE_BOUND('',#17969,.T.);
#17969 = EDGE_LOOP('',(#17970,#17971,#17977,#17978));
#17970 = ORIENTED_EDGE('',*,*,#14347,.T.);
#17971 = ORIENTED_EDGE('',*,*,#17972,.T.);
#17972 = EDGE_CURVE('',#14348,#16083,#17973,.T.);
#17973 = LINE('',#17974,#17975);
#17974 = CARTESIAN_POINT('',(109.26,-89.1,-4.6E-02));
#17975 = VECTOR('',#17976,1.);
#17976 = DIRECTION('',(0.,0.,1.));
#17977 = ORIENTED_EDGE('',*,*,#16082,.F.);
#17978 = ORIENTED_EDGE('',*,*,#17972,.F.);
#17979 = CYLINDRICAL_SURFACE('',#17980,0.5);
#17980 = AXIS2_PLACEMENT_3D('',#17981,#17982,#17983);
#17981 = CARTESIAN_POINT('',(109.26,-88.6,-4.6E-02));
#17982 = DIRECTION('',(-0.,-0.,-1.));
#17983 = DIRECTION('',(-0.,-1.,0.));
#17984 = ADVANCED_FACE('',(#17985),#17996,.F.);
#17985 = FACE_BOUND('',#17986,.T.);
#17986 = EDGE_LOOP('',(#17987,#17988,#17994,#17995));
#17987 = ORIENTED_EDGE('',*,*,#14358,.T.);
#17988 = ORIENTED_EDGE('',*,*,#17989,.T.);
#17989 = EDGE_CURVE('',#14359,#16094,#17990,.T.);
#17990 = LINE('',#17991,#17992);
#17991 = CARTESIAN_POINT('',(109.26,-86.56,-4.6E-02));
#17992 = VECTOR('',#17993,1.);
#17993 = DIRECTION('',(0.,0.,1.));
#17994 = ORIENTED_EDGE('',*,*,#16093,.F.);
#17995 = ORIENTED_EDGE('',*,*,#17989,.F.);
#17996 = CYLINDRICAL_SURFACE('',#17997,0.5);
#17997 = AXIS2_PLACEMENT_3D('',#17998,#17999,#18000);
#17998 = CARTESIAN_POINT('',(109.26,-86.06,-4.6E-02));
#17999 = DIRECTION('',(-0.,-0.,-1.));
#18000 = DIRECTION('',(-0.,-1.,0.));
#18001 = ADVANCED_FACE('',(#18002),#18013,.F.);
#18002 = FACE_BOUND('',#18003,.T.);
#18003 = EDGE_LOOP('',(#18004,#18005,#18011,#18012));
#18004 = ORIENTED_EDGE('',*,*,#14369,.T.);
#18005 = ORIENTED_EDGE('',*,*,#18006,.T.);
#18006 = EDGE_CURVE('',#14370,#16105,#18007,.T.);
#18007 = LINE('',#18008,#18009);
#18008 = CARTESIAN_POINT('',(111.8,-89.1,-4.6E-02));
#18009 = VECTOR('',#18010,1.);
#18010 = DIRECTION('',(0.,0.,1.));
#18011 = ORIENTED_EDGE('',*,*,#16104,.F.);
#18012 = ORIENTED_EDGE('',*,*,#18006,.F.);
#18013 = CYLINDRICAL_SURFACE('',#18014,0.5);
#18014 = AXIS2_PLACEMENT_3D('',#18015,#18016,#18017);
#18015 = CARTESIAN_POINT('',(111.8,-88.6,-4.6E-02));
#18016 = DIRECTION('',(-0.,-0.,-1.));
#18017 = DIRECTION('',(-0.,-1.,0.));
#18018 = ADVANCED_FACE('',(#18019),#18030,.F.);
#18019 = FACE_BOUND('',#18020,.T.);
#18020 = EDGE_LOOP('',(#18021,#18022,#18028,#18029));
#18021 = ORIENTED_EDGE('',*,*,#14380,.T.);
#18022 = ORIENTED_EDGE('',*,*,#18023,.T.);
#18023 = EDGE_CURVE('',#14381,#16116,#18024,.T.);
#18024 = LINE('',#18025,#18026);
#18025 = CARTESIAN_POINT('',(111.8,-86.56,-4.6E-02));
#18026 = VECTOR('',#18027,1.);
#18027 = DIRECTION('',(0.,0.,1.));
#18028 = ORIENTED_EDGE('',*,*,#16115,.F.);
#18029 = ORIENTED_EDGE('',*,*,#18023,.F.);
#18030 = CYLINDRICAL_SURFACE('',#18031,0.5);
#18031 = AXIS2_PLACEMENT_3D('',#18032,#18033,#18034);
#18032 = CARTESIAN_POINT('',(111.8,-86.06,-4.6E-02));
#18033 = DIRECTION('',(-0.,-0.,-1.));
#18034 = DIRECTION('',(-0.,-1.,0.));
#18035 = ADVANCED_FACE('',(#18036),#18047,.F.);
#18036 = FACE_BOUND('',#18037,.T.);
#18037 = EDGE_LOOP('',(#18038,#18039,#18045,#18046));
#18038 = ORIENTED_EDGE('',*,*,#14391,.T.);
#18039 = ORIENTED_EDGE('',*,*,#18040,.T.);
#18040 = EDGE_CURVE('',#14392,#16127,#18041,.T.);
#18041 = LINE('',#18042,#18043);
#18042 = CARTESIAN_POINT('',(114.34,-89.1,-4.6E-02));
#18043 = VECTOR('',#18044,1.);
#18044 = DIRECTION('',(0.,0.,1.));
#18045 = ORIENTED_EDGE('',*,*,#16126,.F.);
#18046 = ORIENTED_EDGE('',*,*,#18040,.F.);
#18047 = CYLINDRICAL_SURFACE('',#18048,0.5);
#18048 = AXIS2_PLACEMENT_3D('',#18049,#18050,#18051);
#18049 = CARTESIAN_POINT('',(114.34,-88.6,-4.6E-02));
#18050 = DIRECTION('',(-0.,-0.,-1.));
#18051 = DIRECTION('',(-0.,-1.,0.));
#18052 = ADVANCED_FACE('',(#18053),#18064,.F.);
#18053 = FACE_BOUND('',#18054,.T.);
#18054 = EDGE_LOOP('',(#18055,#18056,#18062,#18063));
#18055 = ORIENTED_EDGE('',*,*,#14402,.T.);
#18056 = ORIENTED_EDGE('',*,*,#18057,.T.);
#18057 = EDGE_CURVE('',#14403,#16138,#18058,.T.);
#18058 = LINE('',#18059,#18060);
#18059 = CARTESIAN_POINT('',(116.88,-89.1,-4.6E-02));
#18060 = VECTOR('',#18061,1.);
#18061 = DIRECTION('',(0.,0.,1.));
#18062 = ORIENTED_EDGE('',*,*,#16137,.F.);
#18063 = ORIENTED_EDGE('',*,*,#18057,.F.);
#18064 = CYLINDRICAL_SURFACE('',#18065,0.5);
#18065 = AXIS2_PLACEMENT_3D('',#18066,#18067,#18068);
#18066 = CARTESIAN_POINT('',(116.88,-88.6,-4.6E-02));
#18067 = DIRECTION('',(-0.,-0.,-1.));
#18068 = DIRECTION('',(-0.,-1.,0.));
#18069 = ADVANCED_FACE('',(#18070),#18081,.F.);
#18070 = FACE_BOUND('',#18071,.T.);
#18071 = EDGE_LOOP('',(#18072,#18073,#18079,#18080));
#18072 = ORIENTED_EDGE('',*,*,#14413,.T.);
#18073 = ORIENTED_EDGE('',*,*,#18074,.T.);
#18074 = EDGE_CURVE('',#14414,#16149,#18075,.T.);
#18075 = LINE('',#18076,#18077);
#18076 = CARTESIAN_POINT('',(114.34,-86.56,-4.6E-02));
#18077 = VECTOR('',#18078,1.);
#18078 = DIRECTION('',(0.,0.,1.));
#18079 = ORIENTED_EDGE('',*,*,#16148,.F.);
#18080 = ORIENTED_EDGE('',*,*,#18074,.F.);
#18081 = CYLINDRICAL_SURFACE('',#18082,0.5);
#18082 = AXIS2_PLACEMENT_3D('',#18083,#18084,#18085);
#18083 = CARTESIAN_POINT('',(114.34,-86.06,-4.6E-02));
#18084 = DIRECTION('',(-0.,-0.,-1.));
#18085 = DIRECTION('',(-0.,-1.,0.));
#18086 = ADVANCED_FACE('',(#18087),#18098,.F.);
#18087 = FACE_BOUND('',#18088,.T.);
#18088 = EDGE_LOOP('',(#18089,#18090,#18096,#18097));
#18089 = ORIENTED_EDGE('',*,*,#14424,.T.);
#18090 = ORIENTED_EDGE('',*,*,#18091,.T.);
#18091 = EDGE_CURVE('',#14425,#16160,#18092,.T.);
#18092 = LINE('',#18093,#18094);
#18093 = CARTESIAN_POINT('',(116.88,-86.56,-4.6E-02));
#18094 = VECTOR('',#18095,1.);
#18095 = DIRECTION('',(0.,0.,1.));
#18096 = ORIENTED_EDGE('',*,*,#16159,.F.);
#18097 = ORIENTED_EDGE('',*,*,#18091,.F.);
#18098 = CYLINDRICAL_SURFACE('',#18099,0.5);
#18099 = AXIS2_PLACEMENT_3D('',#18100,#18101,#18102);
#18100 = CARTESIAN_POINT('',(116.88,-86.06,-4.6E-02));
#18101 = DIRECTION('',(-0.,-0.,-1.));
#18102 = DIRECTION('',(-0.,-1.,0.));
#18103 = ADVANCED_FACE('',(#18104),#18115,.F.);
#18104 = FACE_BOUND('',#18105,.T.);
#18105 = EDGE_LOOP('',(#18106,#18107,#18113,#18114));
#18106 = ORIENTED_EDGE('',*,*,#14435,.T.);
#18107 = ORIENTED_EDGE('',*,*,#18108,.T.);
#18108 = EDGE_CURVE('',#14436,#16171,#18109,.T.);
#18109 = LINE('',#18110,#18111);
#18110 = CARTESIAN_POINT('',(126.,-104.4,-4.6E-02));
#18111 = VECTOR('',#18112,1.);
#18112 = DIRECTION('',(0.,0.,1.));
#18113 = ORIENTED_EDGE('',*,*,#16170,.F.);
#18114 = ORIENTED_EDGE('',*,*,#18108,.F.);
#18115 = CYLINDRICAL_SURFACE('',#18116,0.4);
#18116 = AXIS2_PLACEMENT_3D('',#18117,#18118,#18119);
#18117 = CARTESIAN_POINT('',(126.,-104.,-4.6E-02));
#18118 = DIRECTION('',(-0.,-0.,-1.));
#18119 = DIRECTION('',(-0.,-1.,0.));
#18120 = ADVANCED_FACE('',(#18121),#18132,.F.);
#18121 = FACE_BOUND('',#18122,.T.);
#18122 = EDGE_LOOP('',(#18123,#18124,#18130,#18131));
#18123 = ORIENTED_EDGE('',*,*,#14446,.T.);
#18124 = ORIENTED_EDGE('',*,*,#18125,.T.);
#18125 = EDGE_CURVE('',#14447,#16182,#18126,.T.);
#18126 = LINE('',#18127,#18128);
#18127 = CARTESIAN_POINT('',(126.,-102.4,-4.6E-02));
#18128 = VECTOR('',#18129,1.);
#18129 = DIRECTION('',(0.,0.,1.));
#18130 = ORIENTED_EDGE('',*,*,#16181,.F.);
#18131 = ORIENTED_EDGE('',*,*,#18125,.F.);
#18132 = CYLINDRICAL_SURFACE('',#18133,0.4);
#18133 = AXIS2_PLACEMENT_3D('',#18134,#18135,#18136);
#18134 = CARTESIAN_POINT('',(126.,-102.,-4.6E-02));
#18135 = DIRECTION('',(-0.,-0.,-1.));
#18136 = DIRECTION('',(-0.,-1.,0.));
#18137 = ADVANCED_FACE('',(#18138),#18149,.F.);
#18138 = FACE_BOUND('',#18139,.T.);
#18139 = EDGE_LOOP('',(#18140,#18141,#18147,#18148));
#18140 = ORIENTED_EDGE('',*,*,#14457,.T.);
#18141 = ORIENTED_EDGE('',*,*,#18142,.T.);
#18142 = EDGE_CURVE('',#14458,#16193,#18143,.T.);
#18143 = LINE('',#18144,#18145);
#18144 = CARTESIAN_POINT('',(126.,-100.4,-4.6E-02));
#18145 = VECTOR('',#18146,1.);
#18146 = DIRECTION('',(0.,0.,1.));
#18147 = ORIENTED_EDGE('',*,*,#16192,.F.);
#18148 = ORIENTED_EDGE('',*,*,#18142,.F.);
#18149 = CYLINDRICAL_SURFACE('',#18150,0.4);
#18150 = AXIS2_PLACEMENT_3D('',#18151,#18152,#18153);
#18151 = CARTESIAN_POINT('',(126.,-100.,-4.6E-02));
#18152 = DIRECTION('',(-0.,-0.,-1.));
#18153 = DIRECTION('',(-0.,-1.,0.));
#18154 = ADVANCED_FACE('',(#18155),#18166,.F.);
#18155 = FACE_BOUND('',#18156,.T.);
#18156 = EDGE_LOOP('',(#18157,#18158,#18164,#18165));
#18157 = ORIENTED_EDGE('',*,*,#14468,.T.);
#18158 = ORIENTED_EDGE('',*,*,#18159,.T.);
#18159 = EDGE_CURVE('',#14469,#16204,#18160,.T.);
#18160 = LINE('',#18161,#18162);
#18161 = CARTESIAN_POINT('',(126.,-98.4,-4.6E-02));
#18162 = VECTOR('',#18163,1.);
#18163 = DIRECTION('',(0.,0.,1.));
#18164 = ORIENTED_EDGE('',*,*,#16203,.F.);
#18165 = ORIENTED_EDGE('',*,*,#18159,.F.);
#18166 = CYLINDRICAL_SURFACE('',#18167,0.4);
#18167 = AXIS2_PLACEMENT_3D('',#18168,#18169,#18170);
#18168 = CARTESIAN_POINT('',(126.,-98.,-4.6E-02));
#18169 = DIRECTION('',(-0.,-0.,-1.));
#18170 = DIRECTION('',(-0.,-1.,0.));
#18171 = ADVANCED_FACE('',(#18172),#18183,.F.);
#18172 = FACE_BOUND('',#18173,.T.);
#18173 = EDGE_LOOP('',(#18174,#18175,#18181,#18182));
#18174 = ORIENTED_EDGE('',*,*,#14479,.T.);
#18175 = ORIENTED_EDGE('',*,*,#18176,.T.);
#18176 = EDGE_CURVE('',#14480,#16215,#18177,.T.);
#18177 = LINE('',#18178,#18179);
#18178 = CARTESIAN_POINT('',(119.42,-89.1,-4.6E-02));
#18179 = VECTOR('',#18180,1.);
#18180 = DIRECTION('',(0.,0.,1.));
#18181 = ORIENTED_EDGE('',*,*,#16214,.F.);
#18182 = ORIENTED_EDGE('',*,*,#18176,.F.);
#18183 = CYLINDRICAL_SURFACE('',#18184,0.5);
#18184 = AXIS2_PLACEMENT_3D('',#18185,#18186,#18187);
#18185 = CARTESIAN_POINT('',(119.42,-88.6,-4.6E-02));
#18186 = DIRECTION('',(-0.,-0.,-1.));
#18187 = DIRECTION('',(-0.,-1.,0.));
#18188 = ADVANCED_FACE('',(#18189),#18200,.F.);
#18189 = FACE_BOUND('',#18190,.T.);
#18190 = EDGE_LOOP('',(#18191,#18192,#18198,#18199));
#18191 = ORIENTED_EDGE('',*,*,#14490,.T.);
#18192 = ORIENTED_EDGE('',*,*,#18193,.T.);
#18193 = EDGE_CURVE('',#14491,#16226,#18194,.T.);
#18194 = LINE('',#18195,#18196);
#18195 = CARTESIAN_POINT('',(119.42,-86.56,-4.6E-02));
#18196 = VECTOR('',#18197,1.);
#18197 = DIRECTION('',(0.,0.,1.));
#18198 = ORIENTED_EDGE('',*,*,#16225,.F.);
#18199 = ORIENTED_EDGE('',*,*,#18193,.F.);
#18200 = CYLINDRICAL_SURFACE('',#18201,0.5);
#18201 = AXIS2_PLACEMENT_3D('',#18202,#18203,#18204);
#18202 = CARTESIAN_POINT('',(119.42,-86.06,-4.6E-02));
#18203 = DIRECTION('',(-0.,-0.,-1.));
#18204 = DIRECTION('',(-0.,-1.,0.));
#18205 = ADVANCED_FACE('',(#18206),#18217,.F.);
#18206 = FACE_BOUND('',#18207,.T.);
#18207 = EDGE_LOOP('',(#18208,#18209,#18215,#18216));
#18208 = ORIENTED_EDGE('',*,*,#14501,.T.);
#18209 = ORIENTED_EDGE('',*,*,#18210,.T.);
#18210 = EDGE_CURVE('',#14502,#16237,#18211,.T.);
#18211 = LINE('',#18212,#18213);
#18212 = CARTESIAN_POINT('',(121.96,-89.1,-4.6E-02));
#18213 = VECTOR('',#18214,1.);
#18214 = DIRECTION('',(0.,0.,1.));
#18215 = ORIENTED_EDGE('',*,*,#16236,.F.);
#18216 = ORIENTED_EDGE('',*,*,#18210,.F.);
#18217 = CYLINDRICAL_SURFACE('',#18218,0.5);
#18218 = AXIS2_PLACEMENT_3D('',#18219,#18220,#18221);
#18219 = CARTESIAN_POINT('',(121.96,-88.6,-4.6E-02));
#18220 = DIRECTION('',(-0.,-0.,-1.));
#18221 = DIRECTION('',(-0.,-1.,0.));
#18222 = ADVANCED_FACE('',(#18223),#18234,.F.);
#18223 = FACE_BOUND('',#18224,.T.);
#18224 = EDGE_LOOP('',(#18225,#18226,#18232,#18233));
#18225 = ORIENTED_EDGE('',*,*,#14512,.T.);
#18226 = ORIENTED_EDGE('',*,*,#18227,.T.);
#18227 = EDGE_CURVE('',#14513,#16248,#18228,.T.);
#18228 = LINE('',#18229,#18230);
#18229 = CARTESIAN_POINT('',(124.5,-89.1,-4.6E-02));
#18230 = VECTOR('',#18231,1.);
#18231 = DIRECTION('',(0.,0.,1.));
#18232 = ORIENTED_EDGE('',*,*,#16247,.F.);
#18233 = ORIENTED_EDGE('',*,*,#18227,.F.);
#18234 = CYLINDRICAL_SURFACE('',#18235,0.5);
#18235 = AXIS2_PLACEMENT_3D('',#18236,#18237,#18238);
#18236 = CARTESIAN_POINT('',(124.5,-88.6,-4.6E-02));
#18237 = DIRECTION('',(-0.,-0.,-1.));
#18238 = DIRECTION('',(-0.,-1.,0.));
#18239 = ADVANCED_FACE('',(#18240),#18251,.F.);
#18240 = FACE_BOUND('',#18241,.T.);
#18241 = EDGE_LOOP('',(#18242,#18243,#18249,#18250));
#18242 = ORIENTED_EDGE('',*,*,#14523,.T.);
#18243 = ORIENTED_EDGE('',*,*,#18244,.T.);
#18244 = EDGE_CURVE('',#14524,#16259,#18245,.T.);
#18245 = LINE('',#18246,#18247);
#18246 = CARTESIAN_POINT('',(121.96,-86.56,-4.6E-02));
#18247 = VECTOR('',#18248,1.);
#18248 = DIRECTION('',(0.,0.,1.));
#18249 = ORIENTED_EDGE('',*,*,#16258,.F.);
#18250 = ORIENTED_EDGE('',*,*,#18244,.F.);
#18251 = CYLINDRICAL_SURFACE('',#18252,0.5);
#18252 = AXIS2_PLACEMENT_3D('',#18253,#18254,#18255);
#18253 = CARTESIAN_POINT('',(121.96,-86.06,-4.6E-02));
#18254 = DIRECTION('',(-0.,-0.,-1.));
#18255 = DIRECTION('',(-0.,-1.,0.));
#18256 = ADVANCED_FACE('',(#18257),#18268,.F.);
#18257 = FACE_BOUND('',#18258,.T.);
#18258 = EDGE_LOOP('',(#18259,#18260,#18266,#18267));
#18259 = ORIENTED_EDGE('',*,*,#14534,.T.);
#18260 = ORIENTED_EDGE('',*,*,#18261,.T.);
#18261 = EDGE_CURVE('',#14535,#16270,#18262,.T.);
#18262 = LINE('',#18263,#18264);
#18263 = CARTESIAN_POINT('',(124.5,-86.56,-4.6E-02));
#18264 = VECTOR('',#18265,1.);
#18265 = DIRECTION('',(0.,0.,1.));
#18266 = ORIENTED_EDGE('',*,*,#16269,.F.);
#18267 = ORIENTED_EDGE('',*,*,#18261,.F.);
#18268 = CYLINDRICAL_SURFACE('',#18269,0.5);
#18269 = AXIS2_PLACEMENT_3D('',#18270,#18271,#18272);
#18270 = CARTESIAN_POINT('',(124.5,-86.06,-4.6E-02));
#18271 = DIRECTION('',(-0.,-0.,-1.));
#18272 = DIRECTION('',(-0.,-1.,0.));
#18273 = ADVANCED_FACE('',(#18274),#18285,.F.);
#18274 = FACE_BOUND('',#18275,.T.);
#18275 = EDGE_LOOP('',(#18276,#18277,#18283,#18284));
#18276 = ORIENTED_EDGE('',*,*,#14545,.T.);
#18277 = ORIENTED_EDGE('',*,*,#18278,.T.);
#18278 = EDGE_CURVE('',#14546,#16281,#18279,.T.);
#18279 = LINE('',#18280,#18281);
#18280 = CARTESIAN_POINT('',(127.04,-89.1,-4.6E-02));
#18281 = VECTOR('',#18282,1.);
#18282 = DIRECTION('',(0.,0.,1.));
#18283 = ORIENTED_EDGE('',*,*,#16280,.F.);
#18284 = ORIENTED_EDGE('',*,*,#18278,.F.);
#18285 = CYLINDRICAL_SURFACE('',#18286,0.5);
#18286 = AXIS2_PLACEMENT_3D('',#18287,#18288,#18289);
#18287 = CARTESIAN_POINT('',(127.04,-88.6,-4.6E-02));
#18288 = DIRECTION('',(-0.,-0.,-1.));
#18289 = DIRECTION('',(-0.,-1.,0.));
#18290 = ADVANCED_FACE('',(#18291),#18302,.F.);
#18291 = FACE_BOUND('',#18292,.T.);
#18292 = EDGE_LOOP('',(#18293,#18294,#18300,#18301));
#18293 = ORIENTED_EDGE('',*,*,#14556,.T.);
#18294 = ORIENTED_EDGE('',*,*,#18295,.T.);
#18295 = EDGE_CURVE('',#14557,#16292,#18296,.T.);
#18296 = LINE('',#18297,#18298);
#18297 = CARTESIAN_POINT('',(127.04,-86.56,-4.6E-02));
#18298 = VECTOR('',#18299,1.);
#18299 = DIRECTION('',(0.,0.,1.));
#18300 = ORIENTED_EDGE('',*,*,#16291,.F.);
#18301 = ORIENTED_EDGE('',*,*,#18295,.F.);
#18302 = CYLINDRICAL_SURFACE('',#18303,0.5);
#18303 = AXIS2_PLACEMENT_3D('',#18304,#18305,#18306);
#18304 = CARTESIAN_POINT('',(127.04,-86.06,-4.6E-02));
#18305 = DIRECTION('',(-0.,-0.,-1.));
#18306 = DIRECTION('',(-0.,-1.,0.));
#18307 = ADVANCED_FACE('',(#18308),#18319,.F.);
#18308 = FACE_BOUND('',#18309,.T.);
#18309 = EDGE_LOOP('',(#18310,#18311,#18317,#18318));
#18310 = ORIENTED_EDGE('',*,*,#14567,.T.);
#18311 = ORIENTED_EDGE('',*,*,#18312,.T.);
#18312 = EDGE_CURVE('',#14568,#16303,#18313,.T.);
#18313 = LINE('',#18314,#18315);
#18314 = CARTESIAN_POINT('',(129.58,-89.1,-4.6E-02));
#18315 = VECTOR('',#18316,1.);
#18316 = DIRECTION('',(0.,0.,1.));
#18317 = ORIENTED_EDGE('',*,*,#16302,.F.);
#18318 = ORIENTED_EDGE('',*,*,#18312,.F.);
#18319 = CYLINDRICAL_SURFACE('',#18320,0.5);
#18320 = AXIS2_PLACEMENT_3D('',#18321,#18322,#18323);
#18321 = CARTESIAN_POINT('',(129.58,-88.6,-4.6E-02));
#18322 = DIRECTION('',(-0.,-0.,-1.));
#18323 = DIRECTION('',(-0.,-1.,0.));
#18324 = ADVANCED_FACE('',(#18325),#18336,.F.);
#18325 = FACE_BOUND('',#18326,.T.);
#18326 = EDGE_LOOP('',(#18327,#18328,#18334,#18335));
#18327 = ORIENTED_EDGE('',*,*,#14578,.T.);
#18328 = ORIENTED_EDGE('',*,*,#18329,.T.);
#18329 = EDGE_CURVE('',#14579,#16314,#18330,.T.);
#18330 = LINE('',#18331,#18332);
#18331 = CARTESIAN_POINT('',(129.58,-86.56,-4.6E-02));
#18332 = VECTOR('',#18333,1.);
#18333 = DIRECTION('',(0.,0.,1.));
#18334 = ORIENTED_EDGE('',*,*,#16313,.F.);
#18335 = ORIENTED_EDGE('',*,*,#18329,.F.);
#18336 = CYLINDRICAL_SURFACE('',#18337,0.5);
#18337 = AXIS2_PLACEMENT_3D('',#18338,#18339,#18340);
#18338 = CARTESIAN_POINT('',(129.58,-86.06,-4.6E-02));
#18339 = DIRECTION('',(-0.,-0.,-1.));
#18340 = DIRECTION('',(-0.,-1.,0.));
#18341 = ADVANCED_FACE('',(#18342),#18353,.F.);
#18342 = FACE_BOUND('',#18343,.T.);
#18343 = EDGE_LOOP('',(#18344,#18345,#18351,#18352));
#18344 = ORIENTED_EDGE('',*,*,#14589,.T.);
#18345 = ORIENTED_EDGE('',*,*,#18346,.T.);
#18346 = EDGE_CURVE('',#14590,#16325,#18347,.T.);
#18347 = LINE('',#18348,#18349);
#18348 = CARTESIAN_POINT('',(135.9,-125.5,-4.6E-02));
#18349 = VECTOR('',#18350,1.);
#18350 = DIRECTION('',(0.,0.,1.));
#18351 = ORIENTED_EDGE('',*,*,#16324,.F.);
#18352 = ORIENTED_EDGE('',*,*,#18346,.F.);
#18353 = CYLINDRICAL_SURFACE('',#18354,1.6);
#18354 = AXIS2_PLACEMENT_3D('',#18355,#18356,#18357);
#18355 = CARTESIAN_POINT('',(135.9,-123.9,-4.6E-02));
#18356 = DIRECTION('',(-0.,-0.,-1.));
#18357 = DIRECTION('',(-0.,-1.,0.));
#18358 = ADVANCED_FACE('',(#18359),#18370,.F.);
#18359 = FACE_BOUND('',#18360,.T.);
#18360 = EDGE_LOOP('',(#18361,#18362,#18368,#18369));
#18361 = ORIENTED_EDGE('',*,*,#14600,.T.);
#18362 = ORIENTED_EDGE('',*,*,#18363,.T.);
#18363 = EDGE_CURVE('',#14601,#16336,#18364,.T.);
#18364 = LINE('',#18365,#18366);
#18365 = CARTESIAN_POINT('',(132.83,-111.5218,-4.6E-02));
#18366 = VECTOR('',#18367,1.);
#18367 = DIRECTION('',(0.,0.,1.));
#18368 = ORIENTED_EDGE('',*,*,#16335,.F.);
#18369 = ORIENTED_EDGE('',*,*,#18363,.F.);
#18370 = CYLINDRICAL_SURFACE('',#18371,0.4318);
#18371 = AXIS2_PLACEMENT_3D('',#18372,#18373,#18374);
#18372 = CARTESIAN_POINT('',(132.83,-111.09,-4.6E-02));
#18373 = DIRECTION('',(-0.,0.,-1.));
#18374 = DIRECTION('',(6.582146695322E-14,-1.,-0.));
#18375 = ADVANCED_FACE('',(#18376),#18387,.F.);
#18376 = FACE_BOUND('',#18377,.T.);
#18377 = EDGE_LOOP('',(#18378,#18379,#18385,#18386));
#18378 = ORIENTED_EDGE('',*,*,#14611,.T.);
#18379 = ORIENTED_EDGE('',*,*,#18380,.T.);
#18380 = EDGE_CURVE('',#14612,#16347,#18381,.T.);
#18381 = LINE('',#18382,#18383);
#18382 = CARTESIAN_POINT('',(132.83,-108.9818,-4.6E-02));
#18383 = VECTOR('',#18384,1.);
#18384 = DIRECTION('',(0.,0.,1.));
#18385 = ORIENTED_EDGE('',*,*,#16346,.F.);
#18386 = ORIENTED_EDGE('',*,*,#18380,.F.);
#18387 = CYLINDRICAL_SURFACE('',#18388,0.4318);
#18388 = AXIS2_PLACEMENT_3D('',#18389,#18390,#18391);
#18389 = CARTESIAN_POINT('',(132.83,-108.55,-4.6E-02));
#18390 = DIRECTION('',(-0.,0.,-1.));
#18391 = DIRECTION('',(6.582146695322E-14,-1.,-0.));
#18392 = ADVANCED_FACE('',(#18393),#18404,.F.);
#18393 = FACE_BOUND('',#18394,.T.);
#18394 = EDGE_LOOP('',(#18395,#18396,#18402,#18403));
#18395 = ORIENTED_EDGE('',*,*,#14622,.T.);
#18396 = ORIENTED_EDGE('',*,*,#18397,.T.);
#18397 = EDGE_CURVE('',#14623,#16358,#18398,.T.);
#18398 = LINE('',#18399,#18400);
#18399 = CARTESIAN_POINT('',(132.83,-106.4418,-4.6E-02));
#18400 = VECTOR('',#18401,1.);
#18401 = DIRECTION('',(0.,0.,1.));
#18402 = ORIENTED_EDGE('',*,*,#16357,.F.);
#18403 = ORIENTED_EDGE('',*,*,#18397,.F.);
#18404 = CYLINDRICAL_SURFACE('',#18405,0.4318);
#18405 = AXIS2_PLACEMENT_3D('',#18406,#18407,#18408);
#18406 = CARTESIAN_POINT('',(132.83,-106.01,-4.6E-02));
#18407 = DIRECTION('',(-0.,0.,-1.));
#18408 = DIRECTION('',(6.582146695322E-14,-1.,-0.));
#18409 = ADVANCED_FACE('',(#18410),#18421,.F.);
#18410 = FACE_BOUND('',#18411,.T.);
#18411 = EDGE_LOOP('',(#18412,#18413,#18419,#18420));
#18412 = ORIENTED_EDGE('',*,*,#14633,.T.);
#18413 = ORIENTED_EDGE('',*,*,#18414,.T.);
#18414 = EDGE_CURVE('',#14634,#16369,#18415,.T.);
#18415 = LINE('',#18416,#18417);
#18416 = CARTESIAN_POINT('',(140.45,-111.5218,-4.6E-02));
#18417 = VECTOR('',#18418,1.);
#18418 = DIRECTION('',(0.,0.,1.));
#18419 = ORIENTED_EDGE('',*,*,#16368,.F.);
#18420 = ORIENTED_EDGE('',*,*,#18414,.F.);
#18421 = CYLINDRICAL_SURFACE('',#18422,0.4318);
#18422 = AXIS2_PLACEMENT_3D('',#18423,#18424,#18425);
#18423 = CARTESIAN_POINT('',(140.45,-111.09,-4.6E-02));
#18424 = DIRECTION('',(-0.,-0.,-1.));
#18425 = DIRECTION('',(-0.,-1.,0.));
#18426 = ADVANCED_FACE('',(#18427),#18438,.F.);
#18427 = FACE_BOUND('',#18428,.T.);
#18428 = EDGE_LOOP('',(#18429,#18430,#18436,#18437));
#18429 = ORIENTED_EDGE('',*,*,#14644,.T.);
#18430 = ORIENTED_EDGE('',*,*,#18431,.T.);
#18431 = EDGE_CURVE('',#14645,#16380,#18432,.T.);
#18432 = LINE('',#18433,#18434);
#18433 = CARTESIAN_POINT('',(140.45,-108.9818,-4.6E-02));
#18434 = VECTOR('',#18435,1.);
#18435 = DIRECTION('',(0.,0.,1.));
#18436 = ORIENTED_EDGE('',*,*,#16379,.F.);
#18437 = ORIENTED_EDGE('',*,*,#18431,.F.);
#18438 = CYLINDRICAL_SURFACE('',#18439,0.4318);
#18439 = AXIS2_PLACEMENT_3D('',#18440,#18441,#18442);
#18440 = CARTESIAN_POINT('',(140.45,-108.55,-4.6E-02));
#18441 = DIRECTION('',(-0.,-0.,-1.));
#18442 = DIRECTION('',(-0.,-1.,0.));
#18443 = ADVANCED_FACE('',(#18444),#18455,.F.);
#18444 = FACE_BOUND('',#18445,.T.);
#18445 = EDGE_LOOP('',(#18446,#18447,#18453,#18454));
#18446 = ORIENTED_EDGE('',*,*,#14655,.T.);
#18447 = ORIENTED_EDGE('',*,*,#18448,.T.);
#18448 = EDGE_CURVE('',#14656,#16391,#18449,.T.);
#18449 = LINE('',#18450,#18451);
#18450 = CARTESIAN_POINT('',(140.45,-106.4418,-4.6E-02));
#18451 = VECTOR('',#18452,1.);
#18452 = DIRECTION('',(0.,0.,1.));
#18453 = ORIENTED_EDGE('',*,*,#16390,.F.);
#18454 = ORIENTED_EDGE('',*,*,#18448,.F.);
#18455 = CYLINDRICAL_SURFACE('',#18456,0.4318);
#18456 = AXIS2_PLACEMENT_3D('',#18457,#18458,#18459);
#18457 = CARTESIAN_POINT('',(140.45,-106.01,-4.6E-02));
#18458 = DIRECTION('',(-0.,-0.,-1.));
#18459 = DIRECTION('',(-0.,-1.,0.));
#18460 = ADVANCED_FACE('',(#18461),#18472,.F.);
#18461 = FACE_BOUND('',#18462,.T.);
#18462 = EDGE_LOOP('',(#18463,#18464,#18470,#18471));
#18463 = ORIENTED_EDGE('',*,*,#14666,.T.);
#18464 = ORIENTED_EDGE('',*,*,#18465,.T.);
#18465 = EDGE_CURVE('',#14667,#16402,#18466,.T.);
#18466 = LINE('',#18467,#18468);
#18467 = CARTESIAN_POINT('',(154.08,-123.505,-4.6E-02));
#18468 = VECTOR('',#18469,1.);
#18469 = DIRECTION('',(0.,0.,1.));
#18470 = ORIENTED_EDGE('',*,*,#16401,.F.);
#18471 = ORIENTED_EDGE('',*,*,#18465,.F.);
#18472 = CYLINDRICAL_SURFACE('',#18473,1.6);
#18473 = AXIS2_PLACEMENT_3D('',#18474,#18475,#18476);
#18474 = CARTESIAN_POINT('',(154.08,-121.905,-4.6E-02));
#18475 = DIRECTION('',(-0.,0.,-1.));
#18476 = DIRECTION('',(1.7763568394E-14,-1.,-0.));
#18477 = ADVANCED_FACE('',(#18478),#18489,.F.);
#18478 = FACE_BOUND('',#18479,.T.);
#18479 = EDGE_LOOP('',(#18480,#18481,#18487,#18488));
#18480 = ORIENTED_EDGE('',*,*,#14677,.T.);
#18481 = ORIENTED_EDGE('',*,*,#18482,.T.);
#18482 = EDGE_CURVE('',#14678,#16413,#18483,.T.);
#18483 = LINE('',#18484,#18485);
#18484 = CARTESIAN_POINT('',(152.66,-115.445,-4.6E-02));
#18485 = VECTOR('',#18486,1.);
#18486 = DIRECTION('',(0.,0.,1.));
#18487 = ORIENTED_EDGE('',*,*,#16412,.F.);
#18488 = ORIENTED_EDGE('',*,*,#18482,.F.);
#18489 = CYLINDRICAL_SURFACE('',#18490,0.5);
#18490 = AXIS2_PLACEMENT_3D('',#18491,#18492,#18493);
#18491 = CARTESIAN_POINT('',(152.66,-114.945,-4.6E-02));
#18492 = DIRECTION('',(-0.,-0.,-1.));
#18493 = DIRECTION('',(-0.,-1.,0.));
#18494 = ADVANCED_FACE('',(#18495),#18506,.F.);
#18495 = FACE_BOUND('',#18496,.T.);
#18496 = EDGE_LOOP('',(#18497,#18498,#18504,#18505));
#18497 = ORIENTED_EDGE('',*,*,#14688,.T.);
#18498 = ORIENTED_EDGE('',*,*,#18499,.T.);
#18499 = EDGE_CURVE('',#14689,#16424,#18500,.T.);
#18500 = LINE('',#18501,#18502);
#18501 = CARTESIAN_POINT('',(152.66,-112.675,-4.6E-02));
#18502 = VECTOR('',#18503,1.);
#18503 = DIRECTION('',(0.,0.,1.));
#18504 = ORIENTED_EDGE('',*,*,#16423,.F.);
#18505 = ORIENTED_EDGE('',*,*,#18499,.F.);
#18506 = CYLINDRICAL_SURFACE('',#18507,0.5);
#18507 = AXIS2_PLACEMENT_3D('',#18508,#18509,#18510);
#18508 = CARTESIAN_POINT('',(152.66,-112.175,-4.6E-02));
#18509 = DIRECTION('',(-0.,-0.,-1.));
#18510 = DIRECTION('',(-0.,-1.,0.));
#18511 = ADVANCED_FACE('',(#18512),#18523,.F.);
#18512 = FACE_BOUND('',#18513,.T.);
#18513 = EDGE_LOOP('',(#18514,#18515,#18521,#18522));
#18514 = ORIENTED_EDGE('',*,*,#14699,.T.);
#18515 = ORIENTED_EDGE('',*,*,#18516,.T.);
#18516 = EDGE_CURVE('',#14700,#16435,#18517,.T.);
#18517 = LINE('',#18518,#18519);
#18518 = CARTESIAN_POINT('',(152.66,-109.905,-4.6E-02));
#18519 = VECTOR('',#18520,1.);
#18520 = DIRECTION('',(0.,0.,1.));
#18521 = ORIENTED_EDGE('',*,*,#16434,.F.);
#18522 = ORIENTED_EDGE('',*,*,#18516,.F.);
#18523 = CYLINDRICAL_SURFACE('',#18524,0.5);
#18524 = AXIS2_PLACEMENT_3D('',#18525,#18526,#18527);
#18525 = CARTESIAN_POINT('',(152.66,-109.405,-4.6E-02));
#18526 = DIRECTION('',(-0.,-0.,-1.));
#18527 = DIRECTION('',(-0.,-1.,0.));
#18528 = ADVANCED_FACE('',(#18529),#18540,.F.);
#18529 = FACE_BOUND('',#18530,.T.);
#18530 = EDGE_LOOP('',(#18531,#18532,#18538,#18539));
#18531 = ORIENTED_EDGE('',*,*,#14710,.T.);
#18532 = ORIENTED_EDGE('',*,*,#18533,.T.);
#18533 = EDGE_CURVE('',#14711,#16446,#18534,.T.);
#18534 = LINE('',#18535,#18536);
#18535 = CARTESIAN_POINT('',(152.66,-107.135,-4.6E-02));
#18536 = VECTOR('',#18537,1.);
#18537 = DIRECTION('',(0.,0.,1.));
#18538 = ORIENTED_EDGE('',*,*,#16445,.F.);
#18539 = ORIENTED_EDGE('',*,*,#18533,.F.);
#18540 = CYLINDRICAL_SURFACE('',#18541,0.5);
#18541 = AXIS2_PLACEMENT_3D('',#18542,#18543,#18544);
#18542 = CARTESIAN_POINT('',(152.66,-106.635,-4.6E-02));
#18543 = DIRECTION('',(-0.,-0.,-1.));
#18544 = DIRECTION('',(-0.,-1.,0.));
#18545 = ADVANCED_FACE('',(#18546),#18557,.F.);
#18546 = FACE_BOUND('',#18547,.T.);
#18547 = EDGE_LOOP('',(#18548,#18549,#18555,#18556));
#18548 = ORIENTED_EDGE('',*,*,#14721,.T.);
#18549 = ORIENTED_EDGE('',*,*,#18550,.T.);
#18550 = EDGE_CURVE('',#14722,#16457,#18551,.T.);
#18551 = LINE('',#18552,#18553);
#18552 = CARTESIAN_POINT('',(155.5,-114.06,-4.6E-02));
#18553 = VECTOR('',#18554,1.);
#18554 = DIRECTION('',(0.,0.,1.));
#18555 = ORIENTED_EDGE('',*,*,#16456,.F.);
#18556 = ORIENTED_EDGE('',*,*,#18550,.F.);
#18557 = CYLINDRICAL_SURFACE('',#18558,0.5);
#18558 = AXIS2_PLACEMENT_3D('',#18559,#18560,#18561);
#18559 = CARTESIAN_POINT('',(155.5,-113.56,-4.6E-02));
#18560 = DIRECTION('',(-0.,-0.,-1.));
#18561 = DIRECTION('',(-0.,-1.,0.));
#18562 = ADVANCED_FACE('',(#18563),#18574,.F.);
#18563 = FACE_BOUND('',#18564,.T.);
#18564 = EDGE_LOOP('',(#18565,#18566,#18572,#18573));
#18565 = ORIENTED_EDGE('',*,*,#14732,.T.);
#18566 = ORIENTED_EDGE('',*,*,#18567,.T.);
#18567 = EDGE_CURVE('',#14733,#16468,#18568,.T.);
#18568 = LINE('',#18569,#18570);
#18569 = CARTESIAN_POINT('',(155.5,-111.29,-4.6E-02));
#18570 = VECTOR('',#18571,1.);
#18571 = DIRECTION('',(0.,0.,1.));
#18572 = ORIENTED_EDGE('',*,*,#16467,.F.);
#18573 = ORIENTED_EDGE('',*,*,#18567,.F.);
#18574 = CYLINDRICAL_SURFACE('',#18575,0.5);
#18575 = AXIS2_PLACEMENT_3D('',#18576,#18577,#18578);
#18576 = CARTESIAN_POINT('',(155.5,-110.79,-4.6E-02));
#18577 = DIRECTION('',(-0.,-0.,-1.));
#18578 = DIRECTION('',(-0.,-1.,0.));
#18579 = ADVANCED_FACE('',(#18580),#18591,.F.);
#18580 = FACE_BOUND('',#18581,.T.);
#18581 = EDGE_LOOP('',(#18582,#18583,#18589,#18590));
#18582 = ORIENTED_EDGE('',*,*,#14743,.T.);
#18583 = ORIENTED_EDGE('',*,*,#18584,.T.);
#18584 = EDGE_CURVE('',#14744,#16479,#18585,.T.);
#18585 = LINE('',#18586,#18587);
#18586 = CARTESIAN_POINT('',(155.5,-108.52,-4.6E-02));
#18587 = VECTOR('',#18588,1.);
#18588 = DIRECTION('',(0.,0.,1.));
#18589 = ORIENTED_EDGE('',*,*,#16478,.F.);
#18590 = ORIENTED_EDGE('',*,*,#18584,.F.);
#18591 = CYLINDRICAL_SURFACE('',#18592,0.5);
#18592 = AXIS2_PLACEMENT_3D('',#18593,#18594,#18595);
#18593 = CARTESIAN_POINT('',(155.5,-108.02,-4.6E-02));
#18594 = DIRECTION('',(-0.,-0.,-1.));
#18595 = DIRECTION('',(-0.,-1.,0.));
#18596 = ADVANCED_FACE('',(#18597),#18608,.F.);
#18597 = FACE_BOUND('',#18598,.T.);
#18598 = EDGE_LOOP('',(#18599,#18600,#18606,#18607));
#18599 = ORIENTED_EDGE('',*,*,#14754,.T.);
#18600 = ORIENTED_EDGE('',*,*,#18601,.T.);
#18601 = EDGE_CURVE('',#14755,#16490,#18602,.T.);
#18602 = LINE('',#18603,#18604);
#18603 = CARTESIAN_POINT('',(155.5,-105.75,-4.6E-02));
#18604 = VECTOR('',#18605,1.);
#18605 = DIRECTION('',(0.,0.,1.));
#18606 = ORIENTED_EDGE('',*,*,#16489,.F.);
#18607 = ORIENTED_EDGE('',*,*,#18601,.F.);
#18608 = CYLINDRICAL_SURFACE('',#18609,0.5);
#18609 = AXIS2_PLACEMENT_3D('',#18610,#18611,#18612);
#18610 = CARTESIAN_POINT('',(155.5,-105.25,-4.6E-02));
#18611 = DIRECTION('',(-0.,-0.,-1.));
#18612 = DIRECTION('',(-0.,-1.,0.));
#18613 = ADVANCED_FACE('',(#18614),#18625,.F.);
#18614 = FACE_BOUND('',#18615,.T.);
#18615 = EDGE_LOOP('',(#18616,#18617,#18623,#18624));
#18616 = ORIENTED_EDGE('',*,*,#14765,.T.);
#18617 = ORIENTED_EDGE('',*,*,#18618,.T.);
#18618 = EDGE_CURVE('',#14766,#16501,#18619,.T.);
#18619 = LINE('',#18620,#18621);
#18620 = CARTESIAN_POINT('',(132.83,-103.9018,-4.6E-02));
#18621 = VECTOR('',#18622,1.);
#18622 = DIRECTION('',(0.,0.,1.));
#18623 = ORIENTED_EDGE('',*,*,#16500,.F.);
#18624 = ORIENTED_EDGE('',*,*,#18618,.F.);
#18625 = CYLINDRICAL_SURFACE('',#18626,0.4318);
#18626 = AXIS2_PLACEMENT_3D('',#18627,#18628,#18629);
#18627 = CARTESIAN_POINT('',(132.83,-103.47,-4.6E-02));
#18628 = DIRECTION('',(-0.,0.,-1.));
#18629 = DIRECTION('',(6.582146695322E-14,-1.,-0.));
#18630 = ADVANCED_FACE('',(#18631),#18642,.F.);
#18631 = FACE_BOUND('',#18632,.T.);
#18632 = EDGE_LOOP('',(#18633,#18634,#18640,#18641));
#18633 = ORIENTED_EDGE('',*,*,#14776,.T.);
#18634 = ORIENTED_EDGE('',*,*,#18635,.T.);
#18635 = EDGE_CURVE('',#14777,#16512,#18636,.T.);
#18636 = LINE('',#18637,#18638);
#18637 = CARTESIAN_POINT('',(132.83,-101.3618,-4.6E-02));
#18638 = VECTOR('',#18639,1.);
#18639 = DIRECTION('',(0.,0.,1.));
#18640 = ORIENTED_EDGE('',*,*,#16511,.F.);
#18641 = ORIENTED_EDGE('',*,*,#18635,.F.);
#18642 = CYLINDRICAL_SURFACE('',#18643,0.4318);
#18643 = AXIS2_PLACEMENT_3D('',#18644,#18645,#18646);
#18644 = CARTESIAN_POINT('',(132.83,-100.93,-4.6E-02));
#18645 = DIRECTION('',(-0.,0.,-1.));
#18646 = DIRECTION('',(6.582146695322E-14,-1.,-0.));
#18647 = ADVANCED_FACE('',(#18648),#18659,.F.);
#18648 = FACE_BOUND('',#18649,.T.);
#18649 = EDGE_LOOP('',(#18650,#18651,#18657,#18658));
#18650 = ORIENTED_EDGE('',*,*,#14787,.T.);
#18651 = ORIENTED_EDGE('',*,*,#18652,.T.);
#18652 = EDGE_CURVE('',#14788,#16523,#18653,.T.);
#18653 = LINE('',#18654,#18655);
#18654 = CARTESIAN_POINT('',(132.83,-98.8218,-4.6E-02));
#18655 = VECTOR('',#18656,1.);
#18656 = DIRECTION('',(0.,0.,1.));
#18657 = ORIENTED_EDGE('',*,*,#16522,.F.);
#18658 = ORIENTED_EDGE('',*,*,#18652,.F.);
#18659 = CYLINDRICAL_SURFACE('',#18660,0.4318);
#18660 = AXIS2_PLACEMENT_3D('',#18661,#18662,#18663);
#18661 = CARTESIAN_POINT('',(132.83,-98.39,-4.6E-02));
#18662 = DIRECTION('',(-0.,0.,-1.));
#18663 = DIRECTION('',(6.582146695322E-14,-1.,-0.));
#18664 = ADVANCED_FACE('',(#18665),#18676,.F.);
#18665 = FACE_BOUND('',#18666,.T.);
#18666 = EDGE_LOOP('',(#18667,#18668,#18674,#18675));
#18667 = ORIENTED_EDGE('',*,*,#14798,.T.);
#18668 = ORIENTED_EDGE('',*,*,#18669,.T.);
#18669 = EDGE_CURVE('',#14799,#16534,#18670,.T.);
#18670 = LINE('',#18671,#18672);
#18671 = CARTESIAN_POINT('',(132.83,-96.2818,-4.6E-02));
#18672 = VECTOR('',#18673,1.);
#18673 = DIRECTION('',(0.,0.,1.));
#18674 = ORIENTED_EDGE('',*,*,#16533,.F.);
#18675 = ORIENTED_EDGE('',*,*,#18669,.F.);
#18676 = CYLINDRICAL_SURFACE('',#18677,0.4318);
#18677 = AXIS2_PLACEMENT_3D('',#18678,#18679,#18680);
#18678 = CARTESIAN_POINT('',(132.83,-95.85,-4.6E-02));
#18679 = DIRECTION('',(-0.,0.,-1.));
#18680 = DIRECTION('',(6.582146695322E-14,-1.,-0.));
#18681 = ADVANCED_FACE('',(#18682),#18693,.F.);
#18682 = FACE_BOUND('',#18683,.T.);
#18683 = EDGE_LOOP('',(#18684,#18685,#18691,#18692));
#18684 = ORIENTED_EDGE('',*,*,#14809,.T.);
#18685 = ORIENTED_EDGE('',*,*,#18686,.T.);
#18686 = EDGE_CURVE('',#14810,#16545,#18687,.T.);
#18687 = LINE('',#18688,#18689);
#18688 = CARTESIAN_POINT('',(140.45,-103.9018,-4.6E-02));
#18689 = VECTOR('',#18690,1.);
#18690 = DIRECTION('',(0.,0.,1.));
#18691 = ORIENTED_EDGE('',*,*,#16544,.F.);
#18692 = ORIENTED_EDGE('',*,*,#18686,.F.);
#18693 = CYLINDRICAL_SURFACE('',#18694,0.4318);
#18694 = AXIS2_PLACEMENT_3D('',#18695,#18696,#18697);
#18695 = CARTESIAN_POINT('',(140.45,-103.47,-4.6E-02));
#18696 = DIRECTION('',(-0.,-0.,-1.));
#18697 = DIRECTION('',(-0.,-1.,0.));
#18698 = ADVANCED_FACE('',(#18699),#18710,.F.);
#18699 = FACE_BOUND('',#18700,.T.);
#18700 = EDGE_LOOP('',(#18701,#18702,#18708,#18709));
#18701 = ORIENTED_EDGE('',*,*,#14820,.T.);
#18702 = ORIENTED_EDGE('',*,*,#18703,.T.);
#18703 = EDGE_CURVE('',#14821,#16556,#18704,.T.);
#18704 = LINE('',#18705,#18706);
#18705 = CARTESIAN_POINT('',(140.45,-101.3618,-4.6E-02));
#18706 = VECTOR('',#18707,1.);
#18707 = DIRECTION('',(0.,0.,1.));
#18708 = ORIENTED_EDGE('',*,*,#16555,.F.);
#18709 = ORIENTED_EDGE('',*,*,#18703,.F.);
#18710 = CYLINDRICAL_SURFACE('',#18711,0.4318);
#18711 = AXIS2_PLACEMENT_3D('',#18712,#18713,#18714);
#18712 = CARTESIAN_POINT('',(140.45,-100.93,-4.6E-02));
#18713 = DIRECTION('',(-0.,-0.,-1.));
#18714 = DIRECTION('',(-0.,-1.,0.));
#18715 = ADVANCED_FACE('',(#18716),#18727,.F.);
#18716 = FACE_BOUND('',#18717,.T.);
#18717 = EDGE_LOOP('',(#18718,#18719,#18725,#18726));
#18718 = ORIENTED_EDGE('',*,*,#14831,.T.);
#18719 = ORIENTED_EDGE('',*,*,#18720,.T.);
#18720 = EDGE_CURVE('',#14832,#16567,#18721,.T.);
#18721 = LINE('',#18722,#18723);
#18722 = CARTESIAN_POINT('',(140.45,-98.8218,-4.6E-02));
#18723 = VECTOR('',#18724,1.);
#18724 = DIRECTION('',(0.,0.,1.));
#18725 = ORIENTED_EDGE('',*,*,#16566,.F.);
#18726 = ORIENTED_EDGE('',*,*,#18720,.F.);
#18727 = CYLINDRICAL_SURFACE('',#18728,0.4318);
#18728 = AXIS2_PLACEMENT_3D('',#18729,#18730,#18731);
#18729 = CARTESIAN_POINT('',(140.45,-98.39,-4.6E-02));
#18730 = DIRECTION('',(-0.,-0.,-1.));
#18731 = DIRECTION('',(-0.,-1.,0.));
#18732 = ADVANCED_FACE('',(#18733),#18744,.F.);
#18733 = FACE_BOUND('',#18734,.T.);
#18734 = EDGE_LOOP('',(#18735,#18736,#18742,#18743));
#18735 = ORIENTED_EDGE('',*,*,#14842,.T.);
#18736 = ORIENTED_EDGE('',*,*,#18737,.T.);
#18737 = EDGE_CURVE('',#14843,#16578,#18738,.T.);
#18738 = LINE('',#18739,#18740);
#18739 = CARTESIAN_POINT('',(140.45,-96.2818,-4.6E-02));
#18740 = VECTOR('',#18741,1.);
#18741 = DIRECTION('',(0.,0.,1.));
#18742 = ORIENTED_EDGE('',*,*,#16577,.F.);
#18743 = ORIENTED_EDGE('',*,*,#18737,.F.);
#18744 = CYLINDRICAL_SURFACE('',#18745,0.4318);
#18745 = AXIS2_PLACEMENT_3D('',#18746,#18747,#18748);
#18746 = CARTESIAN_POINT('',(140.45,-95.85,-4.6E-02));
#18747 = DIRECTION('',(-0.,-0.,-1.));
#18748 = DIRECTION('',(-0.,-1.,0.));
#18749 = ADVANCED_FACE('',(#18750),#18761,.F.);
#18750 = FACE_BOUND('',#18751,.T.);
#18751 = EDGE_LOOP('',(#18752,#18753,#18759,#18760));
#18752 = ORIENTED_EDGE('',*,*,#14853,.T.);
#18753 = ORIENTED_EDGE('',*,*,#18754,.T.);
#18754 = EDGE_CURVE('',#14854,#16589,#18755,.T.);
#18755 = LINE('',#18756,#18757);
#18756 = CARTESIAN_POINT('',(132.83,-93.7418,-4.6E-02));
#18757 = VECTOR('',#18758,1.);
#18758 = DIRECTION('',(0.,0.,1.));
#18759 = ORIENTED_EDGE('',*,*,#16588,.F.);
#18760 = ORIENTED_EDGE('',*,*,#18754,.F.);
#18761 = CYLINDRICAL_SURFACE('',#18762,0.4318);
#18762 = AXIS2_PLACEMENT_3D('',#18763,#18764,#18765);
#18763 = CARTESIAN_POINT('',(132.83,-93.31,-4.6E-02));
#18764 = DIRECTION('',(-0.,0.,-1.));
#18765 = DIRECTION('',(6.582146695322E-14,-1.,-0.));
#18766 = ADVANCED_FACE('',(#18767),#18778,.F.);
#18767 = FACE_BOUND('',#18768,.T.);
#18768 = EDGE_LOOP('',(#18769,#18770,#18776,#18777));
#18769 = ORIENTED_EDGE('',*,*,#14864,.T.);
#18770 = ORIENTED_EDGE('',*,*,#18771,.T.);
#18771 = EDGE_CURVE('',#14865,#16600,#18772,.T.);
#18772 = LINE('',#18773,#18774);
#18773 = CARTESIAN_POINT('',(132.12,-89.1,-4.6E-02));
#18774 = VECTOR('',#18775,1.);
#18775 = DIRECTION('',(0.,0.,1.));
#18776 = ORIENTED_EDGE('',*,*,#16599,.F.);
#18777 = ORIENTED_EDGE('',*,*,#18771,.F.);
#18778 = CYLINDRICAL_SURFACE('',#18779,0.5);
#18779 = AXIS2_PLACEMENT_3D('',#18780,#18781,#18782);
#18780 = CARTESIAN_POINT('',(132.12,-88.6,-4.6E-02));
#18781 = DIRECTION('',(-0.,-0.,-1.));
#18782 = DIRECTION('',(-0.,-1.,0.));
#18783 = ADVANCED_FACE('',(#18784),#18795,.F.);
#18784 = FACE_BOUND('',#18785,.T.);
#18785 = EDGE_LOOP('',(#18786,#18787,#18793,#18794));
#18786 = ORIENTED_EDGE('',*,*,#14875,.T.);
#18787 = ORIENTED_EDGE('',*,*,#18788,.T.);
#18788 = EDGE_CURVE('',#14876,#16611,#18789,.T.);
#18789 = LINE('',#18790,#18791);
#18790 = CARTESIAN_POINT('',(134.66,-89.1,-4.6E-02));
#18791 = VECTOR('',#18792,1.);
#18792 = DIRECTION('',(0.,0.,1.));
#18793 = ORIENTED_EDGE('',*,*,#16610,.F.);
#18794 = ORIENTED_EDGE('',*,*,#18788,.F.);
#18795 = CYLINDRICAL_SURFACE('',#18796,0.5);
#18796 = AXIS2_PLACEMENT_3D('',#18797,#18798,#18799);
#18797 = CARTESIAN_POINT('',(134.66,-88.6,-4.6E-02));
#18798 = DIRECTION('',(-0.,-0.,-1.));
#18799 = DIRECTION('',(-0.,-1.,0.));
#18800 = ADVANCED_FACE('',(#18801),#18812,.F.);
#18801 = FACE_BOUND('',#18802,.T.);
#18802 = EDGE_LOOP('',(#18803,#18804,#18810,#18811));
#18803 = ORIENTED_EDGE('',*,*,#14886,.T.);
#18804 = ORIENTED_EDGE('',*,*,#18805,.T.);
#18805 = EDGE_CURVE('',#14887,#16622,#18806,.T.);
#18806 = LINE('',#18807,#18808);
#18807 = CARTESIAN_POINT('',(132.12,-86.56,-4.6E-02));
#18808 = VECTOR('',#18809,1.);
#18809 = DIRECTION('',(0.,0.,1.));
#18810 = ORIENTED_EDGE('',*,*,#16621,.F.);
#18811 = ORIENTED_EDGE('',*,*,#18805,.F.);
#18812 = CYLINDRICAL_SURFACE('',#18813,0.5);
#18813 = AXIS2_PLACEMENT_3D('',#18814,#18815,#18816);
#18814 = CARTESIAN_POINT('',(132.12,-86.06,-4.6E-02));
#18815 = DIRECTION('',(-0.,-0.,-1.));
#18816 = DIRECTION('',(-0.,-1.,0.));
#18817 = ADVANCED_FACE('',(#18818),#18829,.F.);
#18818 = FACE_BOUND('',#18819,.T.);
#18819 = EDGE_LOOP('',(#18820,#18821,#18827,#18828));
#18820 = ORIENTED_EDGE('',*,*,#14897,.T.);
#18821 = ORIENTED_EDGE('',*,*,#18822,.T.);
#18822 = EDGE_CURVE('',#14898,#16633,#18823,.T.);
#18823 = LINE('',#18824,#18825);
#18824 = CARTESIAN_POINT('',(134.66,-86.56,-4.6E-02));
#18825 = VECTOR('',#18826,1.);
#18826 = DIRECTION('',(0.,0.,1.));
#18827 = ORIENTED_EDGE('',*,*,#16632,.F.);
#18828 = ORIENTED_EDGE('',*,*,#18822,.F.);
#18829 = CYLINDRICAL_SURFACE('',#18830,0.5);
#18830 = AXIS2_PLACEMENT_3D('',#18831,#18832,#18833);
#18831 = CARTESIAN_POINT('',(134.66,-86.06,-4.6E-02));
#18832 = DIRECTION('',(-0.,-0.,-1.));
#18833 = DIRECTION('',(-0.,-1.,0.));
#18834 = ADVANCED_FACE('',(#18835),#18846,.F.);
#18835 = FACE_BOUND('',#18836,.T.);
#18836 = EDGE_LOOP('',(#18837,#18838,#18844,#18845));
#18837 = ORIENTED_EDGE('',*,*,#14908,.T.);
#18838 = ORIENTED_EDGE('',*,*,#18839,.T.);
#18839 = EDGE_CURVE('',#14909,#16644,#18840,.T.);
#18840 = LINE('',#18841,#18842);
#18841 = CARTESIAN_POINT('',(137.2,-89.1,-4.6E-02));
#18842 = VECTOR('',#18843,1.);
#18843 = DIRECTION('',(0.,0.,1.));
#18844 = ORIENTED_EDGE('',*,*,#16643,.F.);
#18845 = ORIENTED_EDGE('',*,*,#18839,.F.);
#18846 = CYLINDRICAL_SURFACE('',#18847,0.5);
#18847 = AXIS2_PLACEMENT_3D('',#18848,#18849,#18850);
#18848 = CARTESIAN_POINT('',(137.2,-88.6,-4.6E-02));
#18849 = DIRECTION('',(-0.,-0.,-1.));
#18850 = DIRECTION('',(-0.,-1.,0.));
#18851 = ADVANCED_FACE('',(#18852),#18863,.F.);
#18852 = FACE_BOUND('',#18853,.T.);
#18853 = EDGE_LOOP('',(#18854,#18855,#18861,#18862));
#18854 = ORIENTED_EDGE('',*,*,#14919,.T.);
#18855 = ORIENTED_EDGE('',*,*,#18856,.T.);
#18856 = EDGE_CURVE('',#14920,#16655,#18857,.T.);
#18857 = LINE('',#18858,#18859);
#18858 = CARTESIAN_POINT('',(137.2,-86.56,-4.6E-02));
#18859 = VECTOR('',#18860,1.);
#18860 = DIRECTION('',(0.,0.,1.));
#18861 = ORIENTED_EDGE('',*,*,#16654,.F.);
#18862 = ORIENTED_EDGE('',*,*,#18856,.F.);
#18863 = CYLINDRICAL_SURFACE('',#18864,0.5);
#18864 = AXIS2_PLACEMENT_3D('',#18865,#18866,#18867);
#18865 = CARTESIAN_POINT('',(137.2,-86.06,-4.6E-02));
#18866 = DIRECTION('',(-0.,-0.,-1.));
#18867 = DIRECTION('',(-0.,-1.,0.));
#18868 = ADVANCED_FACE('',(#18869),#18880,.F.);
#18869 = FACE_BOUND('',#18870,.T.);
#18870 = EDGE_LOOP('',(#18871,#18872,#18878,#18879));
#18871 = ORIENTED_EDGE('',*,*,#14930,.T.);
#18872 = ORIENTED_EDGE('',*,*,#18873,.T.);
#18873 = EDGE_CURVE('',#14931,#16666,#18874,.T.);
#18874 = LINE('',#18875,#18876);
#18875 = CARTESIAN_POINT('',(140.45,-93.7418,-4.6E-02));
#18876 = VECTOR('',#18877,1.);
#18877 = DIRECTION('',(0.,0.,1.));
#18878 = ORIENTED_EDGE('',*,*,#16665,.F.);
#18879 = ORIENTED_EDGE('',*,*,#18873,.F.);
#18880 = CYLINDRICAL_SURFACE('',#18881,0.4318);
#18881 = AXIS2_PLACEMENT_3D('',#18882,#18883,#18884);
#18882 = CARTESIAN_POINT('',(140.45,-93.31,-4.6E-02));
#18883 = DIRECTION('',(-0.,-0.,-1.));
#18884 = DIRECTION('',(-0.,-1.,0.));
#18885 = ADVANCED_FACE('',(#18886),#18897,.F.);
#18886 = FACE_BOUND('',#18887,.T.);
#18887 = EDGE_LOOP('',(#18888,#18889,#18895,#18896));
#18888 = ORIENTED_EDGE('',*,*,#14941,.T.);
#18889 = ORIENTED_EDGE('',*,*,#18890,.T.);
#18890 = EDGE_CURVE('',#14942,#16677,#18891,.T.);
#18891 = LINE('',#18892,#18893);
#18892 = CARTESIAN_POINT('',(139.74,-89.1,-4.6E-02));
#18893 = VECTOR('',#18894,1.);
#18894 = DIRECTION('',(0.,0.,1.));
#18895 = ORIENTED_EDGE('',*,*,#16676,.F.);
#18896 = ORIENTED_EDGE('',*,*,#18890,.F.);
#18897 = CYLINDRICAL_SURFACE('',#18898,0.5);
#18898 = AXIS2_PLACEMENT_3D('',#18899,#18900,#18901);
#18899 = CARTESIAN_POINT('',(139.74,-88.6,-4.6E-02));
#18900 = DIRECTION('',(-0.,-0.,-1.));
#18901 = DIRECTION('',(-0.,-1.,0.));
#18902 = ADVANCED_FACE('',(#18903),#18914,.F.);
#18903 = FACE_BOUND('',#18904,.T.);
#18904 = EDGE_LOOP('',(#18905,#18906,#18912,#18913));
#18905 = ORIENTED_EDGE('',*,*,#14952,.T.);
#18906 = ORIENTED_EDGE('',*,*,#18907,.T.);
#18907 = EDGE_CURVE('',#14953,#16688,#18908,.T.);
#18908 = LINE('',#18909,#18910);
#18909 = CARTESIAN_POINT('',(142.28,-89.1,-4.6E-02));
#18910 = VECTOR('',#18911,1.);
#18911 = DIRECTION('',(0.,0.,1.));
#18912 = ORIENTED_EDGE('',*,*,#16687,.F.);
#18913 = ORIENTED_EDGE('',*,*,#18907,.F.);
#18914 = CYLINDRICAL_SURFACE('',#18915,0.5);
#18915 = AXIS2_PLACEMENT_3D('',#18916,#18917,#18918);
#18916 = CARTESIAN_POINT('',(142.28,-88.6,-4.6E-02));
#18917 = DIRECTION('',(-0.,-0.,-1.));
#18918 = DIRECTION('',(-0.,-1.,0.));
#18919 = ADVANCED_FACE('',(#18920),#18931,.F.);
#18920 = FACE_BOUND('',#18921,.T.);
#18921 = EDGE_LOOP('',(#18922,#18923,#18929,#18930));
#18922 = ORIENTED_EDGE('',*,*,#14963,.T.);
#18923 = ORIENTED_EDGE('',*,*,#18924,.T.);
#18924 = EDGE_CURVE('',#14964,#16699,#18925,.T.);
#18925 = LINE('',#18926,#18927);
#18926 = CARTESIAN_POINT('',(139.74,-86.56,-4.6E-02));
#18927 = VECTOR('',#18928,1.);
#18928 = DIRECTION('',(0.,0.,1.));
#18929 = ORIENTED_EDGE('',*,*,#16698,.F.);
#18930 = ORIENTED_EDGE('',*,*,#18924,.F.);
#18931 = CYLINDRICAL_SURFACE('',#18932,0.5);
#18932 = AXIS2_PLACEMENT_3D('',#18933,#18934,#18935);
#18933 = CARTESIAN_POINT('',(139.74,-86.06,-4.6E-02));
#18934 = DIRECTION('',(-0.,-0.,-1.));
#18935 = DIRECTION('',(-0.,-1.,0.));
#18936 = ADVANCED_FACE('',(#18937),#18948,.F.);
#18937 = FACE_BOUND('',#18938,.T.);
#18938 = EDGE_LOOP('',(#18939,#18940,#18946,#18947));
#18939 = ORIENTED_EDGE('',*,*,#14974,.T.);
#18940 = ORIENTED_EDGE('',*,*,#18941,.T.);
#18941 = EDGE_CURVE('',#14975,#16710,#18942,.T.);
#18942 = LINE('',#18943,#18944);
#18943 = CARTESIAN_POINT('',(142.28,-86.56,-4.6E-02));
#18944 = VECTOR('',#18945,1.);
#18945 = DIRECTION('',(0.,0.,1.));
#18946 = ORIENTED_EDGE('',*,*,#16709,.F.);
#18947 = ORIENTED_EDGE('',*,*,#18941,.F.);
#18948 = CYLINDRICAL_SURFACE('',#18949,0.5);
#18949 = AXIS2_PLACEMENT_3D('',#18950,#18951,#18952);
#18950 = CARTESIAN_POINT('',(142.28,-86.06,-4.6E-02));
#18951 = DIRECTION('',(-0.,-0.,-1.));
#18952 = DIRECTION('',(-0.,-1.,0.));
#18953 = ADVANCED_FACE('',(#18954),#18965,.F.);
#18954 = FACE_BOUND('',#18955,.T.);
#18955 = EDGE_LOOP('',(#18956,#18957,#18963,#18964));
#18956 = ORIENTED_EDGE('',*,*,#14985,.T.);
#18957 = ORIENTED_EDGE('',*,*,#18958,.T.);
#18958 = EDGE_CURVE('',#14986,#16721,#18959,.T.);
#18959 = LINE('',#18960,#18961);
#18960 = CARTESIAN_POINT('',(144.82,-89.1,-4.6E-02));
#18961 = VECTOR('',#18962,1.);
#18962 = DIRECTION('',(0.,0.,1.));
#18963 = ORIENTED_EDGE('',*,*,#16720,.F.);
#18964 = ORIENTED_EDGE('',*,*,#18958,.F.);
#18965 = CYLINDRICAL_SURFACE('',#18966,0.5);
#18966 = AXIS2_PLACEMENT_3D('',#18967,#18968,#18969);
#18967 = CARTESIAN_POINT('',(144.82,-88.6,-4.6E-02));
#18968 = DIRECTION('',(-0.,-0.,-1.));
#18969 = DIRECTION('',(-0.,-1.,0.));
#18970 = ADVANCED_FACE('',(#18971),#18982,.F.);
#18971 = FACE_BOUND('',#18972,.T.);
#18972 = EDGE_LOOP('',(#18973,#18974,#18980,#18981));
#18973 = ORIENTED_EDGE('',*,*,#14996,.T.);
#18974 = ORIENTED_EDGE('',*,*,#18975,.T.);
#18975 = EDGE_CURVE('',#14997,#16732,#18976,.T.);
#18976 = LINE('',#18977,#18978);
#18977 = CARTESIAN_POINT('',(144.82,-86.56,-4.6E-02));
#18978 = VECTOR('',#18979,1.);
#18979 = DIRECTION('',(0.,0.,1.));
#18980 = ORIENTED_EDGE('',*,*,#16731,.F.);
#18981 = ORIENTED_EDGE('',*,*,#18975,.F.);
#18982 = CYLINDRICAL_SURFACE('',#18983,0.5);
#18983 = AXIS2_PLACEMENT_3D('',#18984,#18985,#18986);
#18984 = CARTESIAN_POINT('',(144.82,-86.06,-4.6E-02));
#18985 = DIRECTION('',(-0.,-0.,-1.));
#18986 = DIRECTION('',(-0.,-1.,0.));
#18987 = ADVANCED_FACE('',(#18988),#18999,.F.);
#18988 = FACE_BOUND('',#18989,.T.);
#18989 = EDGE_LOOP('',(#18990,#18991,#18997,#18998));
#18990 = ORIENTED_EDGE('',*,*,#15007,.T.);
#18991 = ORIENTED_EDGE('',*,*,#18992,.T.);
#18992 = EDGE_CURVE('',#15008,#16743,#18993,.T.);
#18993 = LINE('',#18994,#18995);
#18994 = CARTESIAN_POINT('',(152.66,-104.365,-4.6E-02));
#18995 = VECTOR('',#18996,1.);
#18996 = DIRECTION('',(0.,0.,1.));
#18997 = ORIENTED_EDGE('',*,*,#16742,.F.);
#18998 = ORIENTED_EDGE('',*,*,#18992,.F.);
#18999 = CYLINDRICAL_SURFACE('',#19000,0.5);
#19000 = AXIS2_PLACEMENT_3D('',#19001,#19002,#19003);
#19001 = CARTESIAN_POINT('',(152.66,-103.865,-4.6E-02));
#19002 = DIRECTION('',(-0.,-0.,-1.));
#19003 = DIRECTION('',(-0.,-1.,0.));
#19004 = ADVANCED_FACE('',(#19005),#19016,.F.);
#19005 = FACE_BOUND('',#19006,.T.);
#19006 = EDGE_LOOP('',(#19007,#19008,#19014,#19015));
#19007 = ORIENTED_EDGE('',*,*,#15018,.T.);
#19008 = ORIENTED_EDGE('',*,*,#19009,.T.);
#19009 = EDGE_CURVE('',#15019,#16754,#19010,.T.);
#19010 = LINE('',#19011,#19012);
#19011 = CARTESIAN_POINT('',(154.08,-98.505,-4.6E-02));
#19012 = VECTOR('',#19013,1.);
#19013 = DIRECTION('',(0.,0.,1.));
#19014 = ORIENTED_EDGE('',*,*,#16753,.F.);
#19015 = ORIENTED_EDGE('',*,*,#19009,.F.);
#19016 = CYLINDRICAL_SURFACE('',#19017,1.6);
#19017 = AXIS2_PLACEMENT_3D('',#19018,#19019,#19020);
#19018 = CARTESIAN_POINT('',(154.08,-96.905,-4.6E-02));
#19019 = DIRECTION('',(-0.,0.,-1.));
#19020 = DIRECTION('',(1.7763568394E-14,-1.,-0.));
#19021 = ADVANCED_FACE('',(#19022),#19033,.F.);
#19022 = FACE_BOUND('',#19023,.T.);
#19023 = EDGE_LOOP('',(#19024,#19025,#19031,#19032));
#19024 = ORIENTED_EDGE('',*,*,#15029,.T.);
#19025 = ORIENTED_EDGE('',*,*,#19026,.T.);
#19026 = EDGE_CURVE('',#15030,#16765,#19027,.T.);
#19027 = LINE('',#19028,#19029);
#19028 = CARTESIAN_POINT('',(147.36,-89.1,-4.6E-02));
#19029 = VECTOR('',#19030,1.);
#19030 = DIRECTION('',(0.,0.,1.));
#19031 = ORIENTED_EDGE('',*,*,#16764,.F.);
#19032 = ORIENTED_EDGE('',*,*,#19026,.F.);
#19033 = CYLINDRICAL_SURFACE('',#19034,0.5);
#19034 = AXIS2_PLACEMENT_3D('',#19035,#19036,#19037);
#19035 = CARTESIAN_POINT('',(147.36,-88.6,-4.6E-02));
#19036 = DIRECTION('',(-0.,-0.,-1.));
#19037 = DIRECTION('',(-0.,-1.,0.));
#19038 = ADVANCED_FACE('',(#19039),#19050,.F.);
#19039 = FACE_BOUND('',#19040,.T.);
#19040 = EDGE_LOOP('',(#19041,#19042,#19048,#19049));
#19041 = ORIENTED_EDGE('',*,*,#15040,.T.);
#19042 = ORIENTED_EDGE('',*,*,#19043,.T.);
#19043 = EDGE_CURVE('',#15041,#16776,#19044,.T.);
#19044 = LINE('',#19045,#19046);
#19045 = CARTESIAN_POINT('',(147.36,-86.56,-4.6E-02));
#19046 = VECTOR('',#19047,1.);
#19047 = DIRECTION('',(0.,0.,1.));
#19048 = ORIENTED_EDGE('',*,*,#16775,.F.);
#19049 = ORIENTED_EDGE('',*,*,#19043,.F.);
#19050 = CYLINDRICAL_SURFACE('',#19051,0.5);
#19051 = AXIS2_PLACEMENT_3D('',#19052,#19053,#19054);
#19052 = CARTESIAN_POINT('',(147.36,-86.06,-4.6E-02));
#19053 = DIRECTION('',(-0.,-0.,-1.));
#19054 = DIRECTION('',(-0.,-1.,0.));
#19055 = ADVANCED_FACE('',(#19056),#19067,.F.);
#19056 = FACE_BOUND('',#19057,.T.);
#19057 = EDGE_LOOP('',(#19058,#19059,#19065,#19066));
#19058 = ORIENTED_EDGE('',*,*,#15051,.T.);
#19059 = ORIENTED_EDGE('',*,*,#19060,.T.);
#19060 = EDGE_CURVE('',#15052,#16787,#19061,.T.);
#19061 = LINE('',#19062,#19063);
#19062 = CARTESIAN_POINT('',(149.9,-89.1,-4.6E-02));
#19063 = VECTOR('',#19064,1.);
#19064 = DIRECTION('',(0.,0.,1.));
#19065 = ORIENTED_EDGE('',*,*,#16786,.F.);
#19066 = ORIENTED_EDGE('',*,*,#19060,.F.);
#19067 = CYLINDRICAL_SURFACE('',#19068,0.5);
#19068 = AXIS2_PLACEMENT_3D('',#19069,#19070,#19071);
#19069 = CARTESIAN_POINT('',(149.9,-88.6,-4.6E-02));
#19070 = DIRECTION('',(-0.,-0.,-1.));
#19071 = DIRECTION('',(-0.,-1.,0.));
#19072 = ADVANCED_FACE('',(#19073),#19084,.F.);
#19073 = FACE_BOUND('',#19074,.T.);
#19074 = EDGE_LOOP('',(#19075,#19076,#19082,#19083));
#19075 = ORIENTED_EDGE('',*,*,#15062,.T.);
#19076 = ORIENTED_EDGE('',*,*,#19077,.T.);
#19077 = EDGE_CURVE('',#15063,#16798,#19078,.T.);
#19078 = LINE('',#19079,#19080);
#19079 = CARTESIAN_POINT('',(152.44,-89.1,-4.6E-02));
#19080 = VECTOR('',#19081,1.);
#19081 = DIRECTION('',(0.,0.,1.));
#19082 = ORIENTED_EDGE('',*,*,#16797,.F.);
#19083 = ORIENTED_EDGE('',*,*,#19077,.F.);
#19084 = CYLINDRICAL_SURFACE('',#19085,0.5);
#19085 = AXIS2_PLACEMENT_3D('',#19086,#19087,#19088);
#19086 = CARTESIAN_POINT('',(152.44,-88.6,-4.6E-02));
#19087 = DIRECTION('',(-0.,-0.,-1.));
#19088 = DIRECTION('',(-0.,-1.,0.));
#19089 = ADVANCED_FACE('',(#19090),#19101,.F.);
#19090 = FACE_BOUND('',#19091,.T.);
#19091 = EDGE_LOOP('',(#19092,#19093,#19099,#19100));
#19092 = ORIENTED_EDGE('',*,*,#15073,.T.);
#19093 = ORIENTED_EDGE('',*,*,#19094,.T.);
#19094 = EDGE_CURVE('',#15074,#16809,#19095,.T.);
#19095 = LINE('',#19096,#19097);
#19096 = CARTESIAN_POINT('',(149.9,-86.56,-4.6E-02));
#19097 = VECTOR('',#19098,1.);
#19098 = DIRECTION('',(0.,0.,1.));
#19099 = ORIENTED_EDGE('',*,*,#16808,.F.);
#19100 = ORIENTED_EDGE('',*,*,#19094,.F.);
#19101 = CYLINDRICAL_SURFACE('',#19102,0.5);
#19102 = AXIS2_PLACEMENT_3D('',#19103,#19104,#19105);
#19103 = CARTESIAN_POINT('',(149.9,-86.06,-4.6E-02));
#19104 = DIRECTION('',(-0.,-0.,-1.));
#19105 = DIRECTION('',(-0.,-1.,0.));
#19106 = ADVANCED_FACE('',(#19107),#19118,.F.);
#19107 = FACE_BOUND('',#19108,.T.);
#19108 = EDGE_LOOP('',(#19109,#19110,#19116,#19117));
#19109 = ORIENTED_EDGE('',*,*,#15084,.T.);
#19110 = ORIENTED_EDGE('',*,*,#19111,.T.);
#19111 = EDGE_CURVE('',#15085,#16820,#19112,.T.);
#19112 = LINE('',#19113,#19114);
#19113 = CARTESIAN_POINT('',(152.44,-86.56,-4.6E-02));
#19114 = VECTOR('',#19115,1.);
#19115 = DIRECTION('',(0.,0.,1.));
#19116 = ORIENTED_EDGE('',*,*,#16819,.F.);
#19117 = ORIENTED_EDGE('',*,*,#19111,.F.);
#19118 = CYLINDRICAL_SURFACE('',#19119,0.5);
#19119 = AXIS2_PLACEMENT_3D('',#19120,#19121,#19122);
#19120 = CARTESIAN_POINT('',(152.44,-86.06,-4.6E-02));
#19121 = DIRECTION('',(-0.,-0.,-1.));
#19122 = DIRECTION('',(-0.,-1.,0.));
#19123 = ADVANCED_FACE('',(#19124),#19135,.F.);
#19124 = FACE_BOUND('',#19125,.T.);
#19125 = EDGE_LOOP('',(#19126,#19127,#19133,#19134));
#19126 = ORIENTED_EDGE('',*,*,#15095,.T.);
#19127 = ORIENTED_EDGE('',*,*,#19128,.T.);
#19128 = EDGE_CURVE('',#15096,#16831,#19129,.T.);
#19129 = LINE('',#19130,#19131);
#19130 = CARTESIAN_POINT('',(158.39,-91.1,-4.6E-02));
#19131 = VECTOR('',#19132,1.);
#19132 = DIRECTION('',(0.,0.,1.));
#19133 = ORIENTED_EDGE('',*,*,#16830,.F.);
#19134 = ORIENTED_EDGE('',*,*,#19128,.F.);
#19135 = CYLINDRICAL_SURFACE('',#19136,1.6);
#19136 = AXIS2_PLACEMENT_3D('',#19137,#19138,#19139);
#19137 = CARTESIAN_POINT('',(158.39,-89.5,-4.6E-02));
#19138 = DIRECTION('',(-0.,-0.,-1.));
#19139 = DIRECTION('',(-0.,-1.,0.));
#19140 = ADVANCED_FACE('',(#19141),#19152,.F.);
#19141 = FACE_BOUND('',#19142,.T.);
#19142 = EDGE_LOOP('',(#19143,#19144,#19150,#19151));
#19143 = ORIENTED_EDGE('',*,*,#15106,.T.);
#19144 = ORIENTED_EDGE('',*,*,#19145,.T.);
#19145 = EDGE_CURVE('',#15107,#16842,#19146,.T.);
#19146 = LINE('',#19147,#19148);
#19147 = CARTESIAN_POINT('',(105.8875,-79.525,-4.6E-02));
#19148 = VECTOR('',#19149,1.);
#19149 = DIRECTION('',(0.,0.,1.));
#19150 = ORIENTED_EDGE('',*,*,#16841,.F.);
#19151 = ORIENTED_EDGE('',*,*,#19145,.F.);
#19152 = CYLINDRICAL_SURFACE('',#19153,0.5);
#19153 = AXIS2_PLACEMENT_3D('',#19154,#19155,#19156);
#19154 = CARTESIAN_POINT('',(105.8875,-79.025,-4.6E-02));
#19155 = DIRECTION('',(-0.,-0.,-1.));
#19156 = DIRECTION('',(-0.,-1.,0.));
#19157 = ADVANCED_FACE('',(#19158),#19169,.F.);
#19158 = FACE_BOUND('',#19159,.T.);
#19159 = EDGE_LOOP('',(#19160,#19161,#19167,#19168));
#19160 = ORIENTED_EDGE('',*,*,#15117,.T.);
#19161 = ORIENTED_EDGE('',*,*,#19162,.T.);
#19162 = EDGE_CURVE('',#15118,#16853,#19163,.T.);
#19163 = LINE('',#19164,#19165);
#19164 = CARTESIAN_POINT('',(108.3875,-79.525,-4.6E-02));
#19165 = VECTOR('',#19166,1.);
#19166 = DIRECTION('',(0.,0.,1.));
#19167 = ORIENTED_EDGE('',*,*,#16852,.F.);
#19168 = ORIENTED_EDGE('',*,*,#19162,.F.);
#19169 = CYLINDRICAL_SURFACE('',#19170,0.5);
#19170 = AXIS2_PLACEMENT_3D('',#19171,#19172,#19173);
#19171 = CARTESIAN_POINT('',(108.3875,-79.025,-4.6E-02));
#19172 = DIRECTION('',(-0.,-0.,-1.));
#19173 = DIRECTION('',(-0.,-1.,0.));
#19174 = ADVANCED_FACE('',(#19175),#19186,.F.);
#19175 = FACE_BOUND('',#19176,.T.);
#19176 = EDGE_LOOP('',(#19177,#19178,#19184,#19185));
#19177 = ORIENTED_EDGE('',*,*,#15128,.T.);
#19178 = ORIENTED_EDGE('',*,*,#19179,.T.);
#19179 = EDGE_CURVE('',#15129,#16864,#19180,.T.);
#19180 = LINE('',#19181,#19182);
#19181 = CARTESIAN_POINT('',(110.8875,-79.525,-4.6E-02));
#19182 = VECTOR('',#19183,1.);
#19183 = DIRECTION('',(0.,0.,1.));
#19184 = ORIENTED_EDGE('',*,*,#16863,.F.);
#19185 = ORIENTED_EDGE('',*,*,#19179,.F.);
#19186 = CYLINDRICAL_SURFACE('',#19187,0.5);
#19187 = AXIS2_PLACEMENT_3D('',#19188,#19189,#19190);
#19188 = CARTESIAN_POINT('',(110.8875,-79.025,-4.6E-02));
#19189 = DIRECTION('',(-0.,-0.,-1.));
#19190 = DIRECTION('',(-0.,-1.,0.));
#19191 = ADVANCED_FACE('',(#19192),#19203,.F.);
#19192 = FACE_BOUND('',#19193,.T.);
#19193 = EDGE_LOOP('',(#19194,#19195,#19201,#19202));
#19194 = ORIENTED_EDGE('',*,*,#15139,.T.);
#19195 = ORIENTED_EDGE('',*,*,#19196,.T.);
#19196 = EDGE_CURVE('',#15140,#16875,#19197,.T.);
#19197 = LINE('',#19198,#19199);
#19198 = CARTESIAN_POINT('',(113.3875,-79.525,-4.6E-02));
#19199 = VECTOR('',#19200,1.);
#19200 = DIRECTION('',(0.,0.,1.));
#19201 = ORIENTED_EDGE('',*,*,#16874,.F.);
#19202 = ORIENTED_EDGE('',*,*,#19196,.F.);
#19203 = CYLINDRICAL_SURFACE('',#19204,0.5);
#19204 = AXIS2_PLACEMENT_3D('',#19205,#19206,#19207);
#19205 = CARTESIAN_POINT('',(113.3875,-79.025,-4.6E-02));
#19206 = DIRECTION('',(-0.,-0.,-1.));
#19207 = DIRECTION('',(-0.,-1.,0.));
#19208 = ADVANCED_FACE('',(#19209),#19220,.F.);
#19209 = FACE_BOUND('',#19210,.T.);
#19210 = EDGE_LOOP('',(#19211,#19212,#19218,#19219));
#19211 = ORIENTED_EDGE('',*,*,#15150,.T.);
#19212 = ORIENTED_EDGE('',*,*,#19213,.T.);
#19213 = EDGE_CURVE('',#15151,#16886,#19214,.T.);
#19214 = LINE('',#19215,#19216);
#19215 = CARTESIAN_POINT('',(106.2875,-69.775,-4.6E-02));
#19216 = VECTOR('',#19217,1.);
#19217 = DIRECTION('',(0.,0.,1.));
#19218 = ORIENTED_EDGE('',*,*,#16885,.F.);
#19219 = ORIENTED_EDGE('',*,*,#19213,.F.);
#19220 = CYLINDRICAL_SURFACE('',#19221,0.5);
#19221 = AXIS2_PLACEMENT_3D('',#19222,#19223,#19224);
#19222 = CARTESIAN_POINT('',(106.2875,-69.275,-4.6E-02));
#19223 = DIRECTION('',(-0.,-0.,-1.));
#19224 = DIRECTION('',(-0.,-1.,0.));
#19225 = ADVANCED_FACE('',(#19226),#19237,.F.);
#19226 = FACE_BOUND('',#19227,.T.);
#19227 = EDGE_LOOP('',(#19228,#19229,#19235,#19236));
#19228 = ORIENTED_EDGE('',*,*,#15161,.T.);
#19229 = ORIENTED_EDGE('',*,*,#19230,.T.);
#19230 = EDGE_CURVE('',#15162,#16897,#19231,.T.);
#19231 = LINE('',#19232,#19233);
#19232 = CARTESIAN_POINT('',(108.7875,-69.775,-4.6E-02));
#19233 = VECTOR('',#19234,1.);
#19234 = DIRECTION('',(0.,0.,1.));
#19235 = ORIENTED_EDGE('',*,*,#16896,.F.);
#19236 = ORIENTED_EDGE('',*,*,#19230,.F.);
#19237 = CYLINDRICAL_SURFACE('',#19238,0.5);
#19238 = AXIS2_PLACEMENT_3D('',#19239,#19240,#19241);
#19239 = CARTESIAN_POINT('',(108.7875,-69.275,-4.6E-02));
#19240 = DIRECTION('',(-0.,-0.,-1.));
#19241 = DIRECTION('',(-0.,-1.,0.));
#19242 = ADVANCED_FACE('',(#19243),#19254,.F.);
#19243 = FACE_BOUND('',#19244,.T.);
#19244 = EDGE_LOOP('',(#19245,#19246,#19252,#19253));
#19245 = ORIENTED_EDGE('',*,*,#15172,.T.);
#19246 = ORIENTED_EDGE('',*,*,#19247,.T.);
#19247 = EDGE_CURVE('',#15173,#16908,#19248,.T.);
#19248 = LINE('',#19249,#19250);
#19249 = CARTESIAN_POINT('',(111.2875,-69.775,-4.6E-02));
#19250 = VECTOR('',#19251,1.);
#19251 = DIRECTION('',(0.,0.,1.));
#19252 = ORIENTED_EDGE('',*,*,#16907,.F.);
#19253 = ORIENTED_EDGE('',*,*,#19247,.F.);
#19254 = CYLINDRICAL_SURFACE('',#19255,0.5);
#19255 = AXIS2_PLACEMENT_3D('',#19256,#19257,#19258);
#19256 = CARTESIAN_POINT('',(111.2875,-69.275,-4.6E-02));
#19257 = DIRECTION('',(-0.,-0.,-1.));
#19258 = DIRECTION('',(-0.,-1.,0.));
#19259 = ADVANCED_FACE('',(#19260),#19271,.F.);
#19260 = FACE_BOUND('',#19261,.T.);
#19261 = EDGE_LOOP('',(#19262,#19263,#19269,#19270));
#19262 = ORIENTED_EDGE('',*,*,#15183,.T.);
#19263 = ORIENTED_EDGE('',*,*,#19264,.T.);
#19264 = EDGE_CURVE('',#15184,#16919,#19265,.T.);
#19265 = LINE('',#19266,#19267);
#19266 = CARTESIAN_POINT('',(113.7875,-69.775,-4.6E-02));
#19267 = VECTOR('',#19268,1.);
#19268 = DIRECTION('',(0.,0.,1.));
#19269 = ORIENTED_EDGE('',*,*,#16918,.F.);
#19270 = ORIENTED_EDGE('',*,*,#19264,.F.);
#19271 = CYLINDRICAL_SURFACE('',#19272,0.5);
#19272 = AXIS2_PLACEMENT_3D('',#19273,#19274,#19275);
#19273 = CARTESIAN_POINT('',(113.7875,-69.275,-4.6E-02));
#19274 = DIRECTION('',(-0.,-0.,-1.));
#19275 = DIRECTION('',(-0.,-1.,0.));
#19276 = ADVANCED_FACE('',(#19277),#19288,.F.);
#19277 = FACE_BOUND('',#19278,.T.);
#19278 = EDGE_LOOP('',(#19279,#19280,#19286,#19287));
#19279 = ORIENTED_EDGE('',*,*,#15194,.T.);
#19280 = ORIENTED_EDGE('',*,*,#19281,.T.);
#19281 = EDGE_CURVE('',#15195,#16930,#19282,.T.);
#19282 = LINE('',#19283,#19284);
#19283 = CARTESIAN_POINT('',(126.14,-81.91,-4.6E-02));
#19284 = VECTOR('',#19285,1.);
#19285 = DIRECTION('',(0.,0.,1.));
#19286 = ORIENTED_EDGE('',*,*,#16929,.F.);
#19287 = ORIENTED_EDGE('',*,*,#19281,.F.);
#19288 = CYLINDRICAL_SURFACE('',#19289,0.51);
#19289 = AXIS2_PLACEMENT_3D('',#19290,#19291,#19292);
#19290 = CARTESIAN_POINT('',(126.14,-81.4,-4.6E-02));
#19291 = DIRECTION('',(-0.,-0.,-1.));
#19292 = DIRECTION('',(-0.,-1.,0.));
#19293 = ADVANCED_FACE('',(#19294),#19305,.F.);
#19294 = FACE_BOUND('',#19295,.T.);
#19295 = EDGE_LOOP('',(#19296,#19297,#19303,#19304));
#19296 = ORIENTED_EDGE('',*,*,#15205,.T.);
#19297 = ORIENTED_EDGE('',*,*,#19298,.T.);
#19298 = EDGE_CURVE('',#15206,#16941,#19299,.T.);
#19299 = LINE('',#19300,#19301);
#19300 = CARTESIAN_POINT('',(126.14,-79.37,-4.6E-02));
#19301 = VECTOR('',#19302,1.);
#19302 = DIRECTION('',(0.,0.,1.));
#19303 = ORIENTED_EDGE('',*,*,#16940,.F.);
#19304 = ORIENTED_EDGE('',*,*,#19298,.F.);
#19305 = CYLINDRICAL_SURFACE('',#19306,0.51);
#19306 = AXIS2_PLACEMENT_3D('',#19307,#19308,#19309);
#19307 = CARTESIAN_POINT('',(126.14,-78.86,-4.6E-02));
#19308 = DIRECTION('',(-0.,-0.,-1.));
#19309 = DIRECTION('',(-0.,-1.,0.));
#19310 = ADVANCED_FACE('',(#19311),#19322,.F.);
#19311 = FACE_BOUND('',#19312,.T.);
#19312 = EDGE_LOOP('',(#19313,#19314,#19320,#19321));
#19313 = ORIENTED_EDGE('',*,*,#15216,.T.);
#19314 = ORIENTED_EDGE('',*,*,#19315,.T.);
#19315 = EDGE_CURVE('',#15217,#16952,#19316,.T.);
#19316 = LINE('',#19317,#19318);
#19317 = CARTESIAN_POINT('',(128.68,-81.91,-4.6E-02));
#19318 = VECTOR('',#19319,1.);
#19319 = DIRECTION('',(0.,0.,1.));
#19320 = ORIENTED_EDGE('',*,*,#16951,.F.);
#19321 = ORIENTED_EDGE('',*,*,#19315,.F.);
#19322 = CYLINDRICAL_SURFACE('',#19323,0.51);
#19323 = AXIS2_PLACEMENT_3D('',#19324,#19325,#19326);
#19324 = CARTESIAN_POINT('',(128.68,-81.4,-4.6E-02));
#19325 = DIRECTION('',(-0.,-0.,-1.));
#19326 = DIRECTION('',(-0.,-1.,0.));
#19327 = ADVANCED_FACE('',(#19328),#19339,.F.);
#19328 = FACE_BOUND('',#19329,.T.);
#19329 = EDGE_LOOP('',(#19330,#19331,#19337,#19338));
#19330 = ORIENTED_EDGE('',*,*,#15227,.T.);
#19331 = ORIENTED_EDGE('',*,*,#19332,.T.);
#19332 = EDGE_CURVE('',#15228,#16963,#19333,.T.);
#19333 = LINE('',#19334,#19335);
#19334 = CARTESIAN_POINT('',(131.22,-81.91,-4.6E-02));
#19335 = VECTOR('',#19336,1.);
#19336 = DIRECTION('',(0.,0.,1.));
#19337 = ORIENTED_EDGE('',*,*,#16962,.F.);
#19338 = ORIENTED_EDGE('',*,*,#19332,.F.);
#19339 = CYLINDRICAL_SURFACE('',#19340,0.51);
#19340 = AXIS2_PLACEMENT_3D('',#19341,#19342,#19343);
#19341 = CARTESIAN_POINT('',(131.22,-81.4,-4.6E-02));
#19342 = DIRECTION('',(-0.,-0.,-1.));
#19343 = DIRECTION('',(-0.,-1.,0.));
#19344 = ADVANCED_FACE('',(#19345),#19356,.F.);
#19345 = FACE_BOUND('',#19346,.T.);
#19346 = EDGE_LOOP('',(#19347,#19348,#19354,#19355));
#19347 = ORIENTED_EDGE('',*,*,#15238,.T.);
#19348 = ORIENTED_EDGE('',*,*,#19349,.T.);
#19349 = EDGE_CURVE('',#15239,#16974,#19350,.T.);
#19350 = LINE('',#19351,#19352);
#19351 = CARTESIAN_POINT('',(126.14,-76.83,-4.6E-02));
#19352 = VECTOR('',#19353,1.);
#19353 = DIRECTION('',(0.,0.,1.));
#19354 = ORIENTED_EDGE('',*,*,#16973,.F.);
#19355 = ORIENTED_EDGE('',*,*,#19349,.F.);
#19356 = CYLINDRICAL_SURFACE('',#19357,0.51);
#19357 = AXIS2_PLACEMENT_3D('',#19358,#19359,#19360);
#19358 = CARTESIAN_POINT('',(126.14,-76.32,-4.6E-02));
#19359 = DIRECTION('',(-0.,-0.,-1.));
#19360 = DIRECTION('',(-0.,-1.,0.));
#19361 = ADVANCED_FACE('',(#19362),#19373,.F.);
#19362 = FACE_BOUND('',#19363,.T.);
#19363 = EDGE_LOOP('',(#19364,#19365,#19371,#19372));
#19364 = ORIENTED_EDGE('',*,*,#15249,.T.);
#19365 = ORIENTED_EDGE('',*,*,#19366,.T.);
#19366 = EDGE_CURVE('',#15250,#16985,#19367,.T.);
#19367 = LINE('',#19368,#19369);
#19368 = CARTESIAN_POINT('',(126.14,-74.29,-4.6E-02));
#19369 = VECTOR('',#19370,1.);
#19370 = DIRECTION('',(0.,0.,1.));
#19371 = ORIENTED_EDGE('',*,*,#16984,.F.);
#19372 = ORIENTED_EDGE('',*,*,#19366,.F.);
#19373 = CYLINDRICAL_SURFACE('',#19374,0.51);
#19374 = AXIS2_PLACEMENT_3D('',#19375,#19376,#19377);
#19375 = CARTESIAN_POINT('',(126.14,-73.78,-4.6E-02));
#19376 = DIRECTION('',(-0.,-0.,-1.));
#19377 = DIRECTION('',(-0.,-1.,0.));
#19378 = ADVANCED_FACE('',(#19379),#19390,.F.);
#19379 = FACE_BOUND('',#19380,.T.);
#19380 = EDGE_LOOP('',(#19381,#19382,#19388,#19389));
#19381 = ORIENTED_EDGE('',*,*,#15260,.T.);
#19382 = ORIENTED_EDGE('',*,*,#19383,.T.);
#19383 = EDGE_CURVE('',#15261,#16996,#19384,.T.);
#19384 = LINE('',#19385,#19386);
#19385 = CARTESIAN_POINT('',(120.23,-74.41,-4.6E-02));
#19386 = VECTOR('',#19387,1.);
#19387 = DIRECTION('',(0.,0.,1.));
#19388 = ORIENTED_EDGE('',*,*,#16995,.F.);
#19389 = ORIENTED_EDGE('',*,*,#19383,.F.);
#19390 = CYLINDRICAL_SURFACE('',#19391,1.6);
#19391 = AXIS2_PLACEMENT_3D('',#19392,#19393,#19394);
#19392 = CARTESIAN_POINT('',(120.23,-72.81,-4.6E-02));
#19393 = DIRECTION('',(-0.,0.,-1.));
#19394 = DIRECTION('',(8.881784197001E-15,-1.,-0.));
#19395 = ADVANCED_FACE('',(#19396),#19407,.F.);
#19396 = FACE_BOUND('',#19397,.T.);
#19397 = EDGE_LOOP('',(#19398,#19399,#19405,#19406));
#19398 = ORIENTED_EDGE('',*,*,#15271,.T.);
#19399 = ORIENTED_EDGE('',*,*,#19400,.T.);
#19400 = EDGE_CURVE('',#15272,#17007,#19401,.T.);
#19401 = LINE('',#19402,#19403);
#19402 = CARTESIAN_POINT('',(126.14,-71.75,-4.6E-02));
#19403 = VECTOR('',#19404,1.);
#19404 = DIRECTION('',(0.,0.,1.));
#19405 = ORIENTED_EDGE('',*,*,#17006,.F.);
#19406 = ORIENTED_EDGE('',*,*,#19400,.F.);
#19407 = CYLINDRICAL_SURFACE('',#19408,0.51);
#19408 = AXIS2_PLACEMENT_3D('',#19409,#19410,#19411);
#19409 = CARTESIAN_POINT('',(126.14,-71.24,-4.6E-02));
#19410 = DIRECTION('',(-0.,-0.,-1.));
#19411 = DIRECTION('',(-0.,-1.,0.));
#19412 = ADVANCED_FACE('',(#19413),#19424,.F.);
#19413 = FACE_BOUND('',#19414,.T.);
#19414 = EDGE_LOOP('',(#19415,#19416,#19422,#19423));
#19415 = ORIENTED_EDGE('',*,*,#15282,.T.);
#19416 = ORIENTED_EDGE('',*,*,#19417,.T.);
#19417 = EDGE_CURVE('',#15283,#17018,#19418,.T.);
#19418 = LINE('',#19419,#19420);
#19419 = CARTESIAN_POINT('',(126.14,-69.21,-4.6E-02));
#19420 = VECTOR('',#19421,1.);
#19421 = DIRECTION('',(0.,0.,1.));
#19422 = ORIENTED_EDGE('',*,*,#17017,.F.);
#19423 = ORIENTED_EDGE('',*,*,#19417,.F.);
#19424 = CYLINDRICAL_SURFACE('',#19425,0.51);
#19425 = AXIS2_PLACEMENT_3D('',#19426,#19427,#19428);
#19426 = CARTESIAN_POINT('',(126.14,-68.7,-4.6E-02));
#19427 = DIRECTION('',(-0.,-0.,-1.));
#19428 = DIRECTION('',(-0.,-1.,0.));
#19429 = ADVANCED_FACE('',(#19430),#19441,.F.);
#19430 = FACE_BOUND('',#19431,.T.);
#19431 = EDGE_LOOP('',(#19432,#19433,#19439,#19440));
#19432 = ORIENTED_EDGE('',*,*,#15293,.T.);
#19433 = ORIENTED_EDGE('',*,*,#19434,.T.);
#19434 = EDGE_CURVE('',#15294,#17029,#19435,.T.);
#19435 = LINE('',#19436,#19437);
#19436 = CARTESIAN_POINT('',(126.14,-66.67,-4.6E-02));
#19437 = VECTOR('',#19438,1.);
#19438 = DIRECTION('',(0.,0.,1.));
#19439 = ORIENTED_EDGE('',*,*,#17028,.F.);
#19440 = ORIENTED_EDGE('',*,*,#19434,.F.);
#19441 = CYLINDRICAL_SURFACE('',#19442,0.51);
#19442 = AXIS2_PLACEMENT_3D('',#19443,#19444,#19445);
#19443 = CARTESIAN_POINT('',(126.14,-66.16,-4.6E-02));
#19444 = DIRECTION('',(-0.,-0.,-1.));
#19445 = DIRECTION('',(-0.,-1.,0.));
#19446 = ADVANCED_FACE('',(#19447),#19458,.F.);
#19447 = FACE_BOUND('',#19448,.T.);
#19448 = EDGE_LOOP('',(#19449,#19450,#19456,#19457));
#19449 = ORIENTED_EDGE('',*,*,#15304,.T.);
#19450 = ORIENTED_EDGE('',*,*,#19451,.T.);
#19451 = EDGE_CURVE('',#15305,#17040,#19452,.T.);
#19452 = LINE('',#19453,#19454);
#19453 = CARTESIAN_POINT('',(128.68,-66.67,-4.6E-02));
#19454 = VECTOR('',#19455,1.);
#19455 = DIRECTION('',(0.,0.,1.));
#19456 = ORIENTED_EDGE('',*,*,#17039,.F.);
#19457 = ORIENTED_EDGE('',*,*,#19451,.F.);
#19458 = CYLINDRICAL_SURFACE('',#19459,0.51);
#19459 = AXIS2_PLACEMENT_3D('',#19460,#19461,#19462);
#19460 = CARTESIAN_POINT('',(128.68,-66.16,-4.6E-02));
#19461 = DIRECTION('',(-0.,-0.,-1.));
#19462 = DIRECTION('',(-0.,-1.,0.));
#19463 = ADVANCED_FACE('',(#19464),#19475,.F.);
#19464 = FACE_BOUND('',#19465,.T.);
#19465 = EDGE_LOOP('',(#19466,#19467,#19473,#19474));
#19466 = ORIENTED_EDGE('',*,*,#15315,.T.);
#19467 = ORIENTED_EDGE('',*,*,#19468,.T.);
#19468 = EDGE_CURVE('',#15316,#17051,#19469,.T.);
#19469 = LINE('',#19470,#19471);
#19470 = CARTESIAN_POINT('',(131.22,-66.67,-4.6E-02));
#19471 = VECTOR('',#19472,1.);
#19472 = DIRECTION('',(0.,0.,1.));
#19473 = ORIENTED_EDGE('',*,*,#17050,.F.);
#19474 = ORIENTED_EDGE('',*,*,#19468,.F.);
#19475 = CYLINDRICAL_SURFACE('',#19476,0.51);
#19476 = AXIS2_PLACEMENT_3D('',#19477,#19478,#19479);
#19477 = CARTESIAN_POINT('',(131.22,-66.16,-4.6E-02));
#19478 = DIRECTION('',(-0.,-0.,-1.));
#19479 = DIRECTION('',(-0.,-1.,0.));
#19480 = ADVANCED_FACE('',(#19481),#19492,.F.);
#19481 = FACE_BOUND('',#19482,.T.);
#19482 = EDGE_LOOP('',(#19483,#19484,#19490,#19491));
#19483 = ORIENTED_EDGE('',*,*,#15326,.T.);
#19484 = ORIENTED_EDGE('',*,*,#19485,.T.);
#19485 = EDGE_CURVE('',#15327,#17062,#19486,.T.);
#19486 = LINE('',#19487,#19488);
#19487 = CARTESIAN_POINT('',(113.375,-60.6,-4.6E-02));
#19488 = VECTOR('',#19489,1.);
#19489 = DIRECTION('',(0.,0.,1.));
#19490 = ORIENTED_EDGE('',*,*,#17061,.F.);
#19491 = ORIENTED_EDGE('',*,*,#19485,.F.);
#19492 = CYLINDRICAL_SURFACE('',#19493,0.5);
#19493 = AXIS2_PLACEMENT_3D('',#19494,#19495,#19496);
#19494 = CARTESIAN_POINT('',(113.375,-60.1,-4.6E-02));
#19495 = DIRECTION('',(-0.,-0.,-1.));
#19496 = DIRECTION('',(-0.,-1.,0.));
#19497 = ADVANCED_FACE('',(#19498),#19509,.F.);
#19498 = FACE_BOUND('',#19499,.T.);
#19499 = EDGE_LOOP('',(#19500,#19501,#19507,#19508));
#19500 = ORIENTED_EDGE('',*,*,#15337,.T.);
#19501 = ORIENTED_EDGE('',*,*,#19502,.T.);
#19502 = EDGE_CURVE('',#15338,#17073,#19503,.T.);
#19503 = LINE('',#19504,#19505);
#19504 = CARTESIAN_POINT('',(113.375,-58.1,-4.6E-02));
#19505 = VECTOR('',#19506,1.);
#19506 = DIRECTION('',(0.,0.,1.));
#19507 = ORIENTED_EDGE('',*,*,#17072,.F.);
#19508 = ORIENTED_EDGE('',*,*,#19502,.F.);
#19509 = CYLINDRICAL_SURFACE('',#19510,0.5);
#19510 = AXIS2_PLACEMENT_3D('',#19511,#19512,#19513);
#19511 = CARTESIAN_POINT('',(113.375,-57.6,-4.6E-02));
#19512 = DIRECTION('',(-0.,-0.,-1.));
#19513 = DIRECTION('',(-0.,-1.,0.));
#19514 = ADVANCED_FACE('',(#19515),#19526,.F.);
#19515 = FACE_BOUND('',#19516,.T.);
#19516 = EDGE_LOOP('',(#19517,#19518,#19524,#19525));
#19517 = ORIENTED_EDGE('',*,*,#15348,.T.);
#19518 = ORIENTED_EDGE('',*,*,#19519,.T.);
#19519 = EDGE_CURVE('',#15349,#17084,#19520,.T.);
#19520 = LINE('',#19521,#19522);
#19521 = CARTESIAN_POINT('',(113.375,-55.6,-4.6E-02));
#19522 = VECTOR('',#19523,1.);
#19523 = DIRECTION('',(0.,0.,1.));
#19524 = ORIENTED_EDGE('',*,*,#17083,.F.);
#19525 = ORIENTED_EDGE('',*,*,#19519,.F.);
#19526 = CYLINDRICAL_SURFACE('',#19527,0.5);
#19527 = AXIS2_PLACEMENT_3D('',#19528,#19529,#19530);
#19528 = CARTESIAN_POINT('',(113.375,-55.1,-4.6E-02));
#19529 = DIRECTION('',(-0.,-0.,-1.));
#19530 = DIRECTION('',(-0.,-1.,0.));
#19531 = ADVANCED_FACE('',(#19532),#19543,.F.);
#19532 = FACE_BOUND('',#19533,.T.);
#19533 = EDGE_LOOP('',(#19534,#19535,#19541,#19542));
#19534 = ORIENTED_EDGE('',*,*,#15359,.T.);
#19535 = ORIENTED_EDGE('',*,*,#19536,.T.);
#19536 = EDGE_CURVE('',#15360,#17095,#19537,.T.);
#19537 = LINE('',#19538,#19539);
#19538 = CARTESIAN_POINT('',(106.9,-48.4,-4.6E-02));
#19539 = VECTOR('',#19540,1.);
#19540 = DIRECTION('',(0.,0.,1.));
#19541 = ORIENTED_EDGE('',*,*,#17094,.F.);
#19542 = ORIENTED_EDGE('',*,*,#19536,.F.);
#19543 = CYLINDRICAL_SURFACE('',#19544,0.7);
#19544 = AXIS2_PLACEMENT_3D('',#19545,#19546,#19547);
#19545 = CARTESIAN_POINT('',(106.9,-47.7,-4.6E-02));
#19546 = DIRECTION('',(-0.,-0.,-1.));
#19547 = DIRECTION('',(-0.,-1.,0.));
#19548 = ADVANCED_FACE('',(#19549),#19560,.F.);
#19549 = FACE_BOUND('',#19550,.T.);
#19550 = EDGE_LOOP('',(#19551,#19552,#19558,#19559));
#19551 = ORIENTED_EDGE('',*,*,#15370,.T.);
#19552 = ORIENTED_EDGE('',*,*,#19553,.T.);
#19553 = EDGE_CURVE('',#15371,#17106,#19554,.T.);
#19554 = LINE('',#19555,#19556);
#19555 = CARTESIAN_POINT('',(106.9,-42.9,-4.6E-02));
#19556 = VECTOR('',#19557,1.);
#19557 = DIRECTION('',(0.,0.,1.));
#19558 = ORIENTED_EDGE('',*,*,#17105,.F.);
#19559 = ORIENTED_EDGE('',*,*,#19553,.F.);
#19560 = CYLINDRICAL_SURFACE('',#19561,0.7);
#19561 = AXIS2_PLACEMENT_3D('',#19562,#19563,#19564);
#19562 = CARTESIAN_POINT('',(106.9,-42.2,-4.6E-02));
#19563 = DIRECTION('',(-0.,-0.,-1.));
#19564 = DIRECTION('',(-0.,-1.,0.));
#19565 = ADVANCED_FACE('',(#19566),#19577,.F.);
#19566 = FACE_BOUND('',#19567,.T.);
#19567 = EDGE_LOOP('',(#19568,#19569,#19575,#19576));
#19568 = ORIENTED_EDGE('',*,*,#15381,.T.);
#19569 = ORIENTED_EDGE('',*,*,#19570,.T.);
#19570 = EDGE_CURVE('',#15382,#17117,#19571,.T.);
#19571 = LINE('',#19572,#19573);
#19572 = CARTESIAN_POINT('',(111.1,-48.4,-4.6E-02));
#19573 = VECTOR('',#19574,1.);
#19574 = DIRECTION('',(0.,0.,1.));
#19575 = ORIENTED_EDGE('',*,*,#17116,.F.);
#19576 = ORIENTED_EDGE('',*,*,#19570,.F.);
#19577 = CYLINDRICAL_SURFACE('',#19578,0.7);
#19578 = AXIS2_PLACEMENT_3D('',#19579,#19580,#19581);
#19579 = CARTESIAN_POINT('',(111.1,-47.7,-4.6E-02));
#19580 = DIRECTION('',(-0.,-0.,-1.));
#19581 = DIRECTION('',(-0.,-1.,0.));
#19582 = ADVANCED_FACE('',(#19583),#19594,.F.);
#19583 = FACE_BOUND('',#19584,.T.);
#19584 = EDGE_LOOP('',(#19585,#19586,#19592,#19593));
#19585 = ORIENTED_EDGE('',*,*,#15392,.T.);
#19586 = ORIENTED_EDGE('',*,*,#19587,.T.);
#19587 = EDGE_CURVE('',#15393,#17128,#19588,.T.);
#19588 = LINE('',#19589,#19590);
#19589 = CARTESIAN_POINT('',(115.3,-48.4,-4.6E-02));
#19590 = VECTOR('',#19591,1.);
#19591 = DIRECTION('',(0.,0.,1.));
#19592 = ORIENTED_EDGE('',*,*,#17127,.F.);
#19593 = ORIENTED_EDGE('',*,*,#19587,.F.);
#19594 = CYLINDRICAL_SURFACE('',#19595,0.7);
#19595 = AXIS2_PLACEMENT_3D('',#19596,#19597,#19598);
#19596 = CARTESIAN_POINT('',(115.3,-47.7,-4.6E-02));
#19597 = DIRECTION('',(-0.,-0.,-1.));
#19598 = DIRECTION('',(-0.,-1.,0.));
#19599 = ADVANCED_FACE('',(#19600),#19611,.F.);
#19600 = FACE_BOUND('',#19601,.T.);
#19601 = EDGE_LOOP('',(#19602,#19603,#19609,#19610));
#19602 = ORIENTED_EDGE('',*,*,#15403,.T.);
#19603 = ORIENTED_EDGE('',*,*,#19604,.T.);
#19604 = EDGE_CURVE('',#15404,#17139,#19605,.T.);
#19605 = LINE('',#19606,#19607);
#19606 = CARTESIAN_POINT('',(111.1,-42.9,-4.6E-02));
#19607 = VECTOR('',#19608,1.);
#19608 = DIRECTION('',(0.,0.,1.));
#19609 = ORIENTED_EDGE('',*,*,#17138,.F.);
#19610 = ORIENTED_EDGE('',*,*,#19604,.F.);
#19611 = CYLINDRICAL_SURFACE('',#19612,0.7);
#19612 = AXIS2_PLACEMENT_3D('',#19613,#19614,#19615);
#19613 = CARTESIAN_POINT('',(111.1,-42.2,-4.6E-02));
#19614 = DIRECTION('',(-0.,-0.,-1.));
#19615 = DIRECTION('',(-0.,-1.,0.));
#19616 = ADVANCED_FACE('',(#19617),#19628,.F.);
#19617 = FACE_BOUND('',#19618,.T.);
#19618 = EDGE_LOOP('',(#19619,#19620,#19626,#19627));
#19619 = ORIENTED_EDGE('',*,*,#15414,.T.);
#19620 = ORIENTED_EDGE('',*,*,#19621,.T.);
#19621 = EDGE_CURVE('',#15415,#17150,#19622,.T.);
#19622 = LINE('',#19623,#19624);
#19623 = CARTESIAN_POINT('',(115.3,-42.9,-4.6E-02));
#19624 = VECTOR('',#19625,1.);
#19625 = DIRECTION('',(0.,0.,1.));
#19626 = ORIENTED_EDGE('',*,*,#17149,.F.);
#19627 = ORIENTED_EDGE('',*,*,#19621,.F.);
#19628 = CYLINDRICAL_SURFACE('',#19629,0.7);
#19629 = AXIS2_PLACEMENT_3D('',#19630,#19631,#19632);
#19630 = CARTESIAN_POINT('',(115.3,-42.2,-4.6E-02));
#19631 = DIRECTION('',(-0.,-0.,-1.));
#19632 = DIRECTION('',(-0.,-1.,0.));
#19633 = ADVANCED_FACE('',(#19634),#19645,.F.);
#19634 = FACE_BOUND('',#19635,.T.);
#19635 = EDGE_LOOP('',(#19636,#19637,#19643,#19644));
#19636 = ORIENTED_EDGE('',*,*,#15425,.T.);
#19637 = ORIENTED_EDGE('',*,*,#19638,.T.);
#19638 = EDGE_CURVE('',#15426,#17161,#19639,.T.);
#19639 = LINE('',#19640,#19641);
#19640 = CARTESIAN_POINT('',(122.475,-60.6,-4.6E-02));
#19641 = VECTOR('',#19642,1.);
#19642 = DIRECTION('',(0.,0.,1.));
#19643 = ORIENTED_EDGE('',*,*,#17160,.F.);
#19644 = ORIENTED_EDGE('',*,*,#19638,.F.);
#19645 = CYLINDRICAL_SURFACE('',#19646,0.5);
#19646 = AXIS2_PLACEMENT_3D('',#19647,#19648,#19649);
#19647 = CARTESIAN_POINT('',(122.475,-60.1,-4.6E-02));
#19648 = DIRECTION('',(-0.,-0.,-1.));
#19649 = DIRECTION('',(-0.,-1.,0.));
#19650 = ADVANCED_FACE('',(#19651),#19662,.F.);
#19651 = FACE_BOUND('',#19652,.T.);
#19652 = EDGE_LOOP('',(#19653,#19654,#19660,#19661));
#19653 = ORIENTED_EDGE('',*,*,#15436,.T.);
#19654 = ORIENTED_EDGE('',*,*,#19655,.T.);
#19655 = EDGE_CURVE('',#15437,#17172,#19656,.T.);
#19656 = LINE('',#19657,#19658);
#19657 = CARTESIAN_POINT('',(122.475,-58.1,-4.6E-02));
#19658 = VECTOR('',#19659,1.);
#19659 = DIRECTION('',(0.,0.,1.));
#19660 = ORIENTED_EDGE('',*,*,#17171,.F.);
#19661 = ORIENTED_EDGE('',*,*,#19655,.F.);
#19662 = CYLINDRICAL_SURFACE('',#19663,0.5);
#19663 = AXIS2_PLACEMENT_3D('',#19664,#19665,#19666);
#19664 = CARTESIAN_POINT('',(122.475,-57.6,-4.6E-02));
#19665 = DIRECTION('',(-0.,-0.,-1.));
#19666 = DIRECTION('',(-0.,-1.,0.));
#19667 = ADVANCED_FACE('',(#19668),#19679,.F.);
#19668 = FACE_BOUND('',#19669,.T.);
#19669 = EDGE_LOOP('',(#19670,#19671,#19677,#19678));
#19670 = ORIENTED_EDGE('',*,*,#15447,.T.);
#19671 = ORIENTED_EDGE('',*,*,#19672,.T.);
#19672 = EDGE_CURVE('',#15448,#17183,#19673,.T.);
#19673 = LINE('',#19674,#19675);
#19674 = CARTESIAN_POINT('',(122.475,-55.6,-4.6E-02));
#19675 = VECTOR('',#19676,1.);
#19676 = DIRECTION('',(0.,0.,1.));
#19677 = ORIENTED_EDGE('',*,*,#17182,.F.);
#19678 = ORIENTED_EDGE('',*,*,#19672,.F.);
#19679 = CYLINDRICAL_SURFACE('',#19680,0.5);
#19680 = AXIS2_PLACEMENT_3D('',#19681,#19682,#19683);
#19681 = CARTESIAN_POINT('',(122.475,-55.1,-4.6E-02));
#19682 = DIRECTION('',(-0.,-0.,-1.));
#19683 = DIRECTION('',(-0.,-1.,0.));
#19684 = ADVANCED_FACE('',(#19685),#19696,.F.);
#19685 = FACE_BOUND('',#19686,.T.);
#19686 = EDGE_LOOP('',(#19687,#19688,#19694,#19695));
#19687 = ORIENTED_EDGE('',*,*,#15458,.T.);
#19688 = ORIENTED_EDGE('',*,*,#19689,.T.);
#19689 = EDGE_CURVE('',#15459,#17194,#19690,.T.);
#19690 = LINE('',#19691,#19692);
#19691 = CARTESIAN_POINT('',(131.475,-60.5375,-4.6E-02));
#19692 = VECTOR('',#19693,1.);
#19693 = DIRECTION('',(0.,0.,1.));
#19694 = ORIENTED_EDGE('',*,*,#17193,.F.);
#19695 = ORIENTED_EDGE('',*,*,#19689,.F.);
#19696 = CYLINDRICAL_SURFACE('',#19697,0.5);
#19697 = AXIS2_PLACEMENT_3D('',#19698,#19699,#19700);
#19698 = CARTESIAN_POINT('',(131.475,-60.0375,-4.6E-02));
#19699 = DIRECTION('',(-0.,-0.,-1.));
#19700 = DIRECTION('',(-0.,-1.,0.));
#19701 = ADVANCED_FACE('',(#19702),#19713,.F.);
#19702 = FACE_BOUND('',#19703,.T.);
#19703 = EDGE_LOOP('',(#19704,#19705,#19711,#19712));
#19704 = ORIENTED_EDGE('',*,*,#15469,.T.);
#19705 = ORIENTED_EDGE('',*,*,#19706,.T.);
#19706 = EDGE_CURVE('',#15470,#17205,#19707,.T.);
#19707 = LINE('',#19708,#19709);
#19708 = CARTESIAN_POINT('',(131.475,-58.0375,-4.6E-02));
#19709 = VECTOR('',#19710,1.);
#19710 = DIRECTION('',(0.,0.,1.));
#19711 = ORIENTED_EDGE('',*,*,#17204,.F.);
#19712 = ORIENTED_EDGE('',*,*,#19706,.F.);
#19713 = CYLINDRICAL_SURFACE('',#19714,0.5);
#19714 = AXIS2_PLACEMENT_3D('',#19715,#19716,#19717);
#19715 = CARTESIAN_POINT('',(131.475,-57.5375,-4.6E-02));
#19716 = DIRECTION('',(-0.,-0.,-1.));
#19717 = DIRECTION('',(-0.,-1.,0.));
#19718 = ADVANCED_FACE('',(#19719),#19730,.F.);
#19719 = FACE_BOUND('',#19720,.T.);
#19720 = EDGE_LOOP('',(#19721,#19722,#19728,#19729));
#19721 = ORIENTED_EDGE('',*,*,#15480,.T.);
#19722 = ORIENTED_EDGE('',*,*,#19723,.T.);
#19723 = EDGE_CURVE('',#15481,#17216,#19724,.T.);
#19724 = LINE('',#19725,#19726);
#19725 = CARTESIAN_POINT('',(131.475,-55.5375,-4.6E-02));
#19726 = VECTOR('',#19727,1.);
#19727 = DIRECTION('',(0.,0.,1.));
#19728 = ORIENTED_EDGE('',*,*,#17215,.F.);
#19729 = ORIENTED_EDGE('',*,*,#19723,.F.);
#19730 = CYLINDRICAL_SURFACE('',#19731,0.5);
#19731 = AXIS2_PLACEMENT_3D('',#19732,#19733,#19734);
#19732 = CARTESIAN_POINT('',(131.475,-55.0375,-4.6E-02));
#19733 = DIRECTION('',(-0.,-0.,-1.));
#19734 = DIRECTION('',(-0.,-1.,0.));
#19735 = ADVANCED_FACE('',(#19736),#19747,.F.);
#19736 = FACE_BOUND('',#19737,.T.);
#19737 = EDGE_LOOP('',(#19738,#19739,#19745,#19746));
#19738 = ORIENTED_EDGE('',*,*,#15491,.T.);
#19739 = ORIENTED_EDGE('',*,*,#19740,.T.);
#19740 = EDGE_CURVE('',#15492,#17227,#19741,.T.);
#19741 = LINE('',#19742,#19743);
#19742 = CARTESIAN_POINT('',(133.76,-81.91,-4.6E-02));
#19743 = VECTOR('',#19744,1.);
#19744 = DIRECTION('',(0.,0.,1.));
#19745 = ORIENTED_EDGE('',*,*,#17226,.F.);
#19746 = ORIENTED_EDGE('',*,*,#19740,.F.);
#19747 = CYLINDRICAL_SURFACE('',#19748,0.51);
#19748 = AXIS2_PLACEMENT_3D('',#19749,#19750,#19751);
#19749 = CARTESIAN_POINT('',(133.76,-81.4,-4.6E-02));
#19750 = DIRECTION('',(-0.,-0.,-1.));
#19751 = DIRECTION('',(-0.,-1.,0.));
#19752 = ADVANCED_FACE('',(#19753),#19764,.F.);
#19753 = FACE_BOUND('',#19754,.T.);
#19754 = EDGE_LOOP('',(#19755,#19756,#19762,#19763));
#19755 = ORIENTED_EDGE('',*,*,#15502,.T.);
#19756 = ORIENTED_EDGE('',*,*,#19757,.T.);
#19757 = EDGE_CURVE('',#15503,#17238,#19758,.T.);
#19758 = LINE('',#19759,#19760);
#19759 = CARTESIAN_POINT('',(136.3,-81.91,-4.6E-02));
#19760 = VECTOR('',#19761,1.);
#19761 = DIRECTION('',(0.,0.,1.));
#19762 = ORIENTED_EDGE('',*,*,#17237,.F.);
#19763 = ORIENTED_EDGE('',*,*,#19757,.F.);
#19764 = CYLINDRICAL_SURFACE('',#19765,0.51);
#19765 = AXIS2_PLACEMENT_3D('',#19766,#19767,#19768);
#19766 = CARTESIAN_POINT('',(136.3,-81.4,-4.6E-02));
#19767 = DIRECTION('',(-0.,-0.,-1.));
#19768 = DIRECTION('',(-0.,-1.,0.));
#19769 = ADVANCED_FACE('',(#19770),#19781,.F.);
#19770 = FACE_BOUND('',#19771,.T.);
#19771 = EDGE_LOOP('',(#19772,#19773,#19779,#19780));
#19772 = ORIENTED_EDGE('',*,*,#15513,.T.);
#19773 = ORIENTED_EDGE('',*,*,#19774,.T.);
#19774 = EDGE_CURVE('',#15514,#17249,#19775,.T.);
#19775 = LINE('',#19776,#19777);
#19776 = CARTESIAN_POINT('',(138.84,-81.91,-4.6E-02));
#19777 = VECTOR('',#19778,1.);
#19778 = DIRECTION('',(0.,0.,1.));
#19779 = ORIENTED_EDGE('',*,*,#17248,.F.);
#19780 = ORIENTED_EDGE('',*,*,#19774,.F.);
#19781 = CYLINDRICAL_SURFACE('',#19782,0.51);
#19782 = AXIS2_PLACEMENT_3D('',#19783,#19784,#19785);
#19783 = CARTESIAN_POINT('',(138.84,-81.4,-4.6E-02));
#19784 = DIRECTION('',(-0.,-0.,-1.));
#19785 = DIRECTION('',(-0.,-1.,0.));
#19786 = ADVANCED_FACE('',(#19787),#19798,.F.);
#19787 = FACE_BOUND('',#19788,.T.);
#19788 = EDGE_LOOP('',(#19789,#19790,#19796,#19797));
#19789 = ORIENTED_EDGE('',*,*,#15524,.T.);
#19790 = ORIENTED_EDGE('',*,*,#19791,.T.);
#19791 = EDGE_CURVE('',#15525,#17260,#19792,.T.);
#19792 = LINE('',#19793,#19794);
#19793 = CARTESIAN_POINT('',(141.38,-81.91,-4.6E-02));
#19794 = VECTOR('',#19795,1.);
#19795 = DIRECTION('',(0.,0.,1.));
#19796 = ORIENTED_EDGE('',*,*,#17259,.F.);
#19797 = ORIENTED_EDGE('',*,*,#19791,.F.);
#19798 = CYLINDRICAL_SURFACE('',#19799,0.51);
#19799 = AXIS2_PLACEMENT_3D('',#19800,#19801,#19802);
#19800 = CARTESIAN_POINT('',(141.38,-81.4,-4.6E-02));
#19801 = DIRECTION('',(-0.,-0.,-1.));
#19802 = DIRECTION('',(-0.,-1.,0.));
#19803 = ADVANCED_FACE('',(#19804),#19815,.F.);
#19804 = FACE_BOUND('',#19805,.T.);
#19805 = EDGE_LOOP('',(#19806,#19807,#19813,#19814));
#19806 = ORIENTED_EDGE('',*,*,#15535,.T.);
#19807 = ORIENTED_EDGE('',*,*,#19808,.T.);
#19808 = EDGE_CURVE('',#15536,#17271,#19809,.T.);
#19809 = LINE('',#19810,#19811);
#19810 = CARTESIAN_POINT('',(143.92,-81.91,-4.6E-02));
#19811 = VECTOR('',#19812,1.);
#19812 = DIRECTION('',(0.,0.,1.));
#19813 = ORIENTED_EDGE('',*,*,#17270,.F.);
#19814 = ORIENTED_EDGE('',*,*,#19808,.F.);
#19815 = CYLINDRICAL_SURFACE('',#19816,0.51);
#19816 = AXIS2_PLACEMENT_3D('',#19817,#19818,#19819);
#19817 = CARTESIAN_POINT('',(143.92,-81.4,-4.6E-02));
#19818 = DIRECTION('',(-0.,-0.,-1.));
#19819 = DIRECTION('',(-5.57288420204E-14,-1.,0.));
#19820 = ADVANCED_FACE('',(#19821),#19832,.F.);
#19821 = FACE_BOUND('',#19822,.T.);
#19822 = EDGE_LOOP('',(#19823,#19824,#19830,#19831));
#19823 = ORIENTED_EDGE('',*,*,#15546,.T.);
#19824 = ORIENTED_EDGE('',*,*,#19825,.T.);
#19825 = EDGE_CURVE('',#15547,#17282,#19826,.T.);
#19826 = LINE('',#19827,#19828);
#19827 = CARTESIAN_POINT('',(133.76,-66.67,-4.6E-02));
#19828 = VECTOR('',#19829,1.);
#19829 = DIRECTION('',(0.,0.,1.));
#19830 = ORIENTED_EDGE('',*,*,#17281,.F.);
#19831 = ORIENTED_EDGE('',*,*,#19825,.F.);
#19832 = CYLINDRICAL_SURFACE('',#19833,0.51);
#19833 = AXIS2_PLACEMENT_3D('',#19834,#19835,#19836);
#19834 = CARTESIAN_POINT('',(133.76,-66.16,-4.6E-02));
#19835 = DIRECTION('',(-0.,-0.,-1.));
#19836 = DIRECTION('',(-0.,-1.,0.));
#19837 = ADVANCED_FACE('',(#19838),#19849,.F.);
#19838 = FACE_BOUND('',#19839,.T.);
#19839 = EDGE_LOOP('',(#19840,#19841,#19847,#19848));
#19840 = ORIENTED_EDGE('',*,*,#15557,.T.);
#19841 = ORIENTED_EDGE('',*,*,#19842,.T.);
#19842 = EDGE_CURVE('',#15558,#17293,#19843,.T.);
#19843 = LINE('',#19844,#19845);
#19844 = CARTESIAN_POINT('',(136.3,-66.67,-4.6E-02));
#19845 = VECTOR('',#19846,1.);
#19846 = DIRECTION('',(0.,0.,1.));
#19847 = ORIENTED_EDGE('',*,*,#17292,.F.);
#19848 = ORIENTED_EDGE('',*,*,#19842,.F.);
#19849 = CYLINDRICAL_SURFACE('',#19850,0.51);
#19850 = AXIS2_PLACEMENT_3D('',#19851,#19852,#19853);
#19851 = CARTESIAN_POINT('',(136.3,-66.16,-4.6E-02));
#19852 = DIRECTION('',(-0.,-0.,-1.));
#19853 = DIRECTION('',(-0.,-1.,0.));
#19854 = ADVANCED_FACE('',(#19855),#19866,.F.);
#19855 = FACE_BOUND('',#19856,.T.);
#19856 = EDGE_LOOP('',(#19857,#19858,#19864,#19865));
#19857 = ORIENTED_EDGE('',*,*,#15568,.T.);
#19858 = ORIENTED_EDGE('',*,*,#19859,.T.);
#19859 = EDGE_CURVE('',#15569,#17304,#19860,.T.);
#19860 = LINE('',#19861,#19862);
#19861 = CARTESIAN_POINT('',(138.84,-66.67,-4.6E-02));
#19862 = VECTOR('',#19863,1.);
#19863 = DIRECTION('',(0.,0.,1.));
#19864 = ORIENTED_EDGE('',*,*,#17303,.F.);
#19865 = ORIENTED_EDGE('',*,*,#19859,.F.);
#19866 = CYLINDRICAL_SURFACE('',#19867,0.51);
#19867 = AXIS2_PLACEMENT_3D('',#19868,#19869,#19870);
#19868 = CARTESIAN_POINT('',(138.84,-66.16,-4.6E-02));
#19869 = DIRECTION('',(-0.,-0.,-1.));
#19870 = DIRECTION('',(-0.,-1.,0.));
#19871 = ADVANCED_FACE('',(#19872),#19883,.F.);
#19872 = FACE_BOUND('',#19873,.T.);
#19873 = EDGE_LOOP('',(#19874,#19875,#19881,#19882));
#19874 = ORIENTED_EDGE('',*,*,#15579,.T.);
#19875 = ORIENTED_EDGE('',*,*,#19876,.T.);
#19876 = EDGE_CURVE('',#15580,#17315,#19877,.T.);
#19877 = LINE('',#19878,#19879);
#19878 = CARTESIAN_POINT('',(141.38,-66.67,-4.6E-02));
#19879 = VECTOR('',#19880,1.);
#19880 = DIRECTION('',(0.,0.,1.));
#19881 = ORIENTED_EDGE('',*,*,#17314,.F.);
#19882 = ORIENTED_EDGE('',*,*,#19876,.F.);
#19883 = CYLINDRICAL_SURFACE('',#19884,0.51);
#19884 = AXIS2_PLACEMENT_3D('',#19885,#19886,#19887);
#19885 = CARTESIAN_POINT('',(141.38,-66.16,-4.6E-02));
#19886 = DIRECTION('',(-0.,-0.,-1.));
#19887 = DIRECTION('',(-0.,-1.,0.));
#19888 = ADVANCED_FACE('',(#19889),#19900,.F.);
#19889 = FACE_BOUND('',#19890,.T.);
#19890 = EDGE_LOOP('',(#19891,#19892,#19898,#19899));
#19891 = ORIENTED_EDGE('',*,*,#15590,.T.);
#19892 = ORIENTED_EDGE('',*,*,#19893,.T.);
#19893 = EDGE_CURVE('',#15591,#17326,#19894,.T.);
#19894 = LINE('',#19895,#19896);
#19895 = CARTESIAN_POINT('',(143.92,-66.67,-4.6E-02));
#19896 = VECTOR('',#19897,1.);
#19897 = DIRECTION('',(0.,0.,1.));
#19898 = ORIENTED_EDGE('',*,*,#17325,.F.);
#19899 = ORIENTED_EDGE('',*,*,#19893,.F.);
#19900 = CYLINDRICAL_SURFACE('',#19901,0.51);
#19901 = AXIS2_PLACEMENT_3D('',#19902,#19903,#19904);
#19902 = CARTESIAN_POINT('',(143.92,-66.16,-4.6E-02));
#19903 = DIRECTION('',(-0.,-0.,-1.));
#19904 = DIRECTION('',(-5.57288420204E-14,-1.,0.));
#19905 = ADVANCED_FACE('',(#19906),#19917,.F.);
#19906 = FACE_BOUND('',#19907,.T.);
#19907 = EDGE_LOOP('',(#19908,#19909,#19915,#19916));
#19908 = ORIENTED_EDGE('',*,*,#15601,.T.);
#19909 = ORIENTED_EDGE('',*,*,#19910,.T.);
#19910 = EDGE_CURVE('',#15602,#17337,#19911,.T.);
#19911 = LINE('',#19912,#19913);
#19912 = CARTESIAN_POINT('',(146.46,-81.91,-4.6E-02));
#19913 = VECTOR('',#19914,1.);
#19914 = DIRECTION('',(0.,0.,1.));
#19915 = ORIENTED_EDGE('',*,*,#17336,.F.);
#19916 = ORIENTED_EDGE('',*,*,#19910,.F.);
#19917 = CYLINDRICAL_SURFACE('',#19918,0.51);
#19918 = AXIS2_PLACEMENT_3D('',#19919,#19920,#19921);
#19919 = CARTESIAN_POINT('',(146.46,-81.4,-4.6E-02));
#19920 = DIRECTION('',(-0.,0.,-1.));
#19921 = DIRECTION('',(5.57288420204E-14,-1.,-0.));
#19922 = ADVANCED_FACE('',(#19923),#19934,.F.);
#19923 = FACE_BOUND('',#19924,.T.);
#19924 = EDGE_LOOP('',(#19925,#19926,#19932,#19933));
#19925 = ORIENTED_EDGE('',*,*,#15612,.T.);
#19926 = ORIENTED_EDGE('',*,*,#19927,.T.);
#19927 = EDGE_CURVE('',#15613,#17348,#19928,.T.);
#19928 = LINE('',#19929,#19930);
#19929 = CARTESIAN_POINT('',(149.,-81.91,-4.6E-02));
#19930 = VECTOR('',#19931,1.);
#19931 = DIRECTION('',(0.,0.,1.));
#19932 = ORIENTED_EDGE('',*,*,#17347,.F.);
#19933 = ORIENTED_EDGE('',*,*,#19927,.F.);
#19934 = CYLINDRICAL_SURFACE('',#19935,0.51);
#19935 = AXIS2_PLACEMENT_3D('',#19936,#19937,#19938);
#19936 = CARTESIAN_POINT('',(149.,-81.4,-4.6E-02));
#19937 = DIRECTION('',(-0.,-0.,-1.));
#19938 = DIRECTION('',(-0.,-1.,0.));
#19939 = ADVANCED_FACE('',(#19940),#19951,.F.);
#19940 = FACE_BOUND('',#19941,.T.);
#19941 = EDGE_LOOP('',(#19942,#19943,#19949,#19950));
#19942 = ORIENTED_EDGE('',*,*,#15623,.T.);
#19943 = ORIENTED_EDGE('',*,*,#19944,.T.);
#19944 = EDGE_CURVE('',#15624,#17359,#19945,.T.);
#19945 = LINE('',#19946,#19947);
#19946 = CARTESIAN_POINT('',(151.54,-81.91,-4.6E-02));
#19947 = VECTOR('',#19948,1.);
#19948 = DIRECTION('',(0.,0.,1.));
#19949 = ORIENTED_EDGE('',*,*,#17358,.F.);
#19950 = ORIENTED_EDGE('',*,*,#19944,.F.);
#19951 = CYLINDRICAL_SURFACE('',#19952,0.51);
#19952 = AXIS2_PLACEMENT_3D('',#19953,#19954,#19955);
#19953 = CARTESIAN_POINT('',(151.54,-81.4,-4.6E-02));
#19954 = DIRECTION('',(-0.,-0.,-1.));
#19955 = DIRECTION('',(-5.57288420204E-14,-1.,0.));
#19956 = ADVANCED_FACE('',(#19957),#19968,.F.);
#19957 = FACE_BOUND('',#19958,.T.);
#19958 = EDGE_LOOP('',(#19959,#19960,#19966,#19967));
#19959 = ORIENTED_EDGE('',*,*,#15634,.T.);
#19960 = ORIENTED_EDGE('',*,*,#19961,.T.);
#19961 = EDGE_CURVE('',#15635,#17370,#19962,.T.);
#19962 = LINE('',#19963,#19964);
#19963 = CARTESIAN_POINT('',(154.08,-81.91,-4.6E-02));
#19964 = VECTOR('',#19965,1.);
#19965 = DIRECTION('',(0.,0.,1.));
#19966 = ORIENTED_EDGE('',*,*,#17369,.F.);
#19967 = ORIENTED_EDGE('',*,*,#19961,.F.);
#19968 = CYLINDRICAL_SURFACE('',#19969,0.51);
#19969 = AXIS2_PLACEMENT_3D('',#19970,#19971,#19972);
#19970 = CARTESIAN_POINT('',(154.08,-81.4,-4.6E-02));
#19971 = DIRECTION('',(-0.,0.,-1.));
#19972 = DIRECTION('',(5.57288420204E-14,-1.,-0.));
#19973 = ADVANCED_FACE('',(#19974),#19985,.F.);
#19974 = FACE_BOUND('',#19975,.T.);
#19975 = EDGE_LOOP('',(#19976,#19977,#19983,#19984));
#19976 = ORIENTED_EDGE('',*,*,#15645,.T.);
#19977 = ORIENTED_EDGE('',*,*,#19978,.T.);
#19978 = EDGE_CURVE('',#15646,#17381,#19979,.T.);
#19979 = LINE('',#19980,#19981);
#19980 = CARTESIAN_POINT('',(156.62,-81.91,-4.6E-02));
#19981 = VECTOR('',#19982,1.);
#19982 = DIRECTION('',(0.,0.,1.));
#19983 = ORIENTED_EDGE('',*,*,#17380,.F.);
#19984 = ORIENTED_EDGE('',*,*,#19978,.F.);
#19985 = CYLINDRICAL_SURFACE('',#19986,0.51);
#19986 = AXIS2_PLACEMENT_3D('',#19987,#19988,#19989);
#19987 = CARTESIAN_POINT('',(156.62,-81.4,-4.6E-02));
#19988 = DIRECTION('',(-0.,-0.,-1.));
#19989 = DIRECTION('',(-0.,-1.,0.));
#19990 = ADVANCED_FACE('',(#19991),#20002,.F.);
#19991 = FACE_BOUND('',#19992,.T.);
#19992 = EDGE_LOOP('',(#19993,#19994,#20000,#20001));
#19993 = ORIENTED_EDGE('',*,*,#15656,.T.);
#19994 = ORIENTED_EDGE('',*,*,#19995,.T.);
#19995 = EDGE_CURVE('',#15657,#17392,#19996,.T.);
#19996 = LINE('',#19997,#19998);
#19997 = CARTESIAN_POINT('',(159.16,-81.91,-4.6E-02));
#19998 = VECTOR('',#19999,1.);
#19999 = DIRECTION('',(0.,0.,1.));
#20000 = ORIENTED_EDGE('',*,*,#17391,.F.);
#20001 = ORIENTED_EDGE('',*,*,#19995,.F.);
#20002 = CYLINDRICAL_SURFACE('',#20003,0.51);
#20003 = AXIS2_PLACEMENT_3D('',#20004,#20005,#20006);
#20004 = CARTESIAN_POINT('',(159.16,-81.4,-4.6E-02));
#20005 = DIRECTION('',(-0.,-0.,-1.));
#20006 = DIRECTION('',(-0.,-1.,0.));
#20007 = ADVANCED_FACE('',(#20008),#20019,.F.);
#20008 = FACE_BOUND('',#20009,.T.);
#20009 = EDGE_LOOP('',(#20010,#20011,#20017,#20018));
#20010 = ORIENTED_EDGE('',*,*,#15667,.T.);
#20011 = ORIENTED_EDGE('',*,*,#20012,.T.);
#20012 = EDGE_CURVE('',#15668,#17403,#20013,.T.);
#20013 = LINE('',#20014,#20015);
#20014 = CARTESIAN_POINT('',(146.46,-66.67,-4.6E-02));
#20015 = VECTOR('',#20016,1.);
#20016 = DIRECTION('',(0.,0.,1.));
#20017 = ORIENTED_EDGE('',*,*,#17402,.F.);
#20018 = ORIENTED_EDGE('',*,*,#20012,.F.);
#20019 = CYLINDRICAL_SURFACE('',#20020,0.51);
#20020 = AXIS2_PLACEMENT_3D('',#20021,#20022,#20023);
#20021 = CARTESIAN_POINT('',(146.46,-66.16,-4.6E-02));
#20022 = DIRECTION('',(-0.,0.,-1.));
#20023 = DIRECTION('',(5.57288420204E-14,-1.,-0.));
#20024 = ADVANCED_FACE('',(#20025),#20036,.F.);
#20025 = FACE_BOUND('',#20026,.T.);
#20026 = EDGE_LOOP('',(#20027,#20028,#20034,#20035));
#20027 = ORIENTED_EDGE('',*,*,#15678,.T.);
#20028 = ORIENTED_EDGE('',*,*,#20029,.T.);
#20029 = EDGE_CURVE('',#15679,#17414,#20030,.T.);
#20030 = LINE('',#20031,#20032);
#20031 = CARTESIAN_POINT('',(149.,-66.67,-4.6E-02));
#20032 = VECTOR('',#20033,1.);
#20033 = DIRECTION('',(0.,0.,1.));
#20034 = ORIENTED_EDGE('',*,*,#17413,.F.);
#20035 = ORIENTED_EDGE('',*,*,#20029,.F.);
#20036 = CYLINDRICAL_SURFACE('',#20037,0.51);
#20037 = AXIS2_PLACEMENT_3D('',#20038,#20039,#20040);
#20038 = CARTESIAN_POINT('',(149.,-66.16,-4.6E-02));
#20039 = DIRECTION('',(-0.,-0.,-1.));
#20040 = DIRECTION('',(-0.,-1.,0.));
#20041 = ADVANCED_FACE('',(#20042),#20053,.F.);
#20042 = FACE_BOUND('',#20043,.T.);
#20043 = EDGE_LOOP('',(#20044,#20045,#20051,#20052));
#20044 = ORIENTED_EDGE('',*,*,#15689,.T.);
#20045 = ORIENTED_EDGE('',*,*,#20046,.T.);
#20046 = EDGE_CURVE('',#15690,#17425,#20047,.T.);
#20047 = LINE('',#20048,#20049);
#20048 = CARTESIAN_POINT('',(151.54,-66.67,-4.6E-02));
#20049 = VECTOR('',#20050,1.);
#20050 = DIRECTION('',(0.,0.,1.));
#20051 = ORIENTED_EDGE('',*,*,#17424,.F.);
#20052 = ORIENTED_EDGE('',*,*,#20046,.F.);
#20053 = CYLINDRICAL_SURFACE('',#20054,0.51);
#20054 = AXIS2_PLACEMENT_3D('',#20055,#20056,#20057);
#20055 = CARTESIAN_POINT('',(151.54,-66.16,-4.6E-02));
#20056 = DIRECTION('',(-0.,-0.,-1.));
#20057 = DIRECTION('',(-5.57288420204E-14,-1.,0.));
#20058 = ADVANCED_FACE('',(#20059),#20070,.F.);
#20059 = FACE_BOUND('',#20060,.T.);
#20060 = EDGE_LOOP('',(#20061,#20062,#20068,#20069));
#20061 = ORIENTED_EDGE('',*,*,#15700,.T.);
#20062 = ORIENTED_EDGE('',*,*,#20063,.T.);
#20063 = EDGE_CURVE('',#15701,#17436,#20064,.T.);
#20064 = LINE('',#20065,#20066);
#20065 = CARTESIAN_POINT('',(154.08,-66.67,-4.6E-02));
#20066 = VECTOR('',#20067,1.);
#20067 = DIRECTION('',(0.,0.,1.));
#20068 = ORIENTED_EDGE('',*,*,#17435,.F.);
#20069 = ORIENTED_EDGE('',*,*,#20063,.F.);
#20070 = CYLINDRICAL_SURFACE('',#20071,0.51);
#20071 = AXIS2_PLACEMENT_3D('',#20072,#20073,#20074);
#20072 = CARTESIAN_POINT('',(154.08,-66.16,-4.6E-02));
#20073 = DIRECTION('',(-0.,0.,-1.));
#20074 = DIRECTION('',(5.57288420204E-14,-1.,-0.));
#20075 = ADVANCED_FACE('',(#20076),#20087,.F.);
#20076 = FACE_BOUND('',#20077,.T.);
#20077 = EDGE_LOOP('',(#20078,#20079,#20085,#20086));
#20078 = ORIENTED_EDGE('',*,*,#15711,.T.);
#20079 = ORIENTED_EDGE('',*,*,#20080,.T.);
#20080 = EDGE_CURVE('',#15712,#17447,#20081,.T.);
#20081 = LINE('',#20082,#20083);
#20082 = CARTESIAN_POINT('',(156.62,-66.67,-4.6E-02));
#20083 = VECTOR('',#20084,1.);
#20084 = DIRECTION('',(0.,0.,1.));
#20085 = ORIENTED_EDGE('',*,*,#17446,.F.);
#20086 = ORIENTED_EDGE('',*,*,#20080,.F.);
#20087 = CYLINDRICAL_SURFACE('',#20088,0.51);
#20088 = AXIS2_PLACEMENT_3D('',#20089,#20090,#20091);
#20089 = CARTESIAN_POINT('',(156.62,-66.16,-4.6E-02));
#20090 = DIRECTION('',(-0.,-0.,-1.));
#20091 = DIRECTION('',(-0.,-1.,0.));
#20092 = ADVANCED_FACE('',(#20093),#20104,.F.);
#20093 = FACE_BOUND('',#20094,.T.);
#20094 = EDGE_LOOP('',(#20095,#20096,#20102,#20103));
#20095 = ORIENTED_EDGE('',*,*,#15722,.T.);
#20096 = ORIENTED_EDGE('',*,*,#20097,.T.);
#20097 = EDGE_CURVE('',#15723,#17458,#20098,.T.);
#20098 = LINE('',#20099,#20100);
#20099 = CARTESIAN_POINT('',(159.16,-66.67,-4.6E-02));
#20100 = VECTOR('',#20101,1.);
#20101 = DIRECTION('',(0.,0.,1.));
#20102 = ORIENTED_EDGE('',*,*,#17457,.F.);
#20103 = ORIENTED_EDGE('',*,*,#20097,.F.);
#20104 = CYLINDRICAL_SURFACE('',#20105,0.51);
#20105 = AXIS2_PLACEMENT_3D('',#20106,#20107,#20108);
#20106 = CARTESIAN_POINT('',(159.16,-66.16,-4.6E-02));
#20107 = DIRECTION('',(-0.,-0.,-1.));
#20108 = DIRECTION('',(-0.,-1.,0.));
#20109 = ADVANCED_FACE('',(#20110),#20121,.F.);
#20110 = FACE_BOUND('',#20111,.T.);
#20111 = EDGE_LOOP('',(#20112,#20113,#20119,#20120));
#20112 = ORIENTED_EDGE('',*,*,#15733,.T.);
#20113 = ORIENTED_EDGE('',*,*,#20114,.T.);
#20114 = EDGE_CURVE('',#15734,#17469,#20115,.T.);
#20115 = LINE('',#20116,#20117);
#20116 = CARTESIAN_POINT('',(140.375,-60.5,-4.6E-02));
#20117 = VECTOR('',#20118,1.);
#20118 = DIRECTION('',(0.,0.,1.));
#20119 = ORIENTED_EDGE('',*,*,#17468,.F.);
#20120 = ORIENTED_EDGE('',*,*,#20114,.F.);
#20121 = CYLINDRICAL_SURFACE('',#20122,0.5);
#20122 = AXIS2_PLACEMENT_3D('',#20123,#20124,#20125);
#20123 = CARTESIAN_POINT('',(140.375,-60.,-4.6E-02));
#20124 = DIRECTION('',(-0.,-0.,-1.));
#20125 = DIRECTION('',(-0.,-1.,0.));
#20126 = ADVANCED_FACE('',(#20127),#20138,.F.);
#20127 = FACE_BOUND('',#20128,.T.);
#20128 = EDGE_LOOP('',(#20129,#20130,#20136,#20137));
#20129 = ORIENTED_EDGE('',*,*,#15744,.T.);
#20130 = ORIENTED_EDGE('',*,*,#20131,.T.);
#20131 = EDGE_CURVE('',#15745,#17480,#20132,.T.);
#20132 = LINE('',#20133,#20134);
#20133 = CARTESIAN_POINT('',(140.375,-58.,-4.6E-02));
#20134 = VECTOR('',#20135,1.);
#20135 = DIRECTION('',(0.,0.,1.));
#20136 = ORIENTED_EDGE('',*,*,#17479,.F.);
#20137 = ORIENTED_EDGE('',*,*,#20131,.F.);
#20138 = CYLINDRICAL_SURFACE('',#20139,0.5);
#20139 = AXIS2_PLACEMENT_3D('',#20140,#20141,#20142);
#20140 = CARTESIAN_POINT('',(140.375,-57.5,-4.6E-02));
#20141 = DIRECTION('',(-0.,-0.,-1.));
#20142 = DIRECTION('',(-0.,-1.,0.));
#20143 = ADVANCED_FACE('',(#20144),#20155,.F.);
#20144 = FACE_BOUND('',#20145,.T.);
#20145 = EDGE_LOOP('',(#20146,#20147,#20153,#20154));
#20146 = ORIENTED_EDGE('',*,*,#15755,.T.);
#20147 = ORIENTED_EDGE('',*,*,#20148,.T.);
#20148 = EDGE_CURVE('',#15756,#17491,#20149,.T.);
#20149 = LINE('',#20150,#20151);
#20150 = CARTESIAN_POINT('',(140.375,-55.5,-4.6E-02));
#20151 = VECTOR('',#20152,1.);
#20152 = DIRECTION('',(0.,0.,1.));
#20153 = ORIENTED_EDGE('',*,*,#17490,.F.);
#20154 = ORIENTED_EDGE('',*,*,#20148,.F.);
#20155 = CYLINDRICAL_SURFACE('',#20156,0.5);
#20156 = AXIS2_PLACEMENT_3D('',#20157,#20158,#20159);
#20157 = CARTESIAN_POINT('',(140.375,-55.,-4.6E-02));
#20158 = DIRECTION('',(-0.,-0.,-1.));
#20159 = DIRECTION('',(-0.,-1.,0.));
#20160 = ADVANCED_FACE('',(#20161),#20172,.F.);
#20161 = FACE_BOUND('',#20162,.T.);
#20162 = EDGE_LOOP('',(#20163,#20164,#20170,#20171));
#20163 = ORIENTED_EDGE('',*,*,#15766,.T.);
#20164 = ORIENTED_EDGE('',*,*,#20165,.T.);
#20165 = EDGE_CURVE('',#15767,#17502,#20166,.T.);
#20166 = LINE('',#20167,#20168);
#20167 = CARTESIAN_POINT('',(152.25,-59.7,-4.6E-02));
#20168 = VECTOR('',#20169,1.);
#20169 = DIRECTION('',(0.,0.,1.));
#20170 = ORIENTED_EDGE('',*,*,#17501,.F.);
#20171 = ORIENTED_EDGE('',*,*,#20165,.F.);
#20172 = CYLINDRICAL_SURFACE('',#20173,0.7);
#20173 = AXIS2_PLACEMENT_3D('',#20174,#20175,#20176);
#20174 = CARTESIAN_POINT('',(152.25,-59.,-4.6E-02));
#20175 = DIRECTION('',(-0.,-0.,-1.));
#20176 = DIRECTION('',(-0.,-1.,0.));
#20177 = ADVANCED_FACE('',(#20178),#20189,.F.);
#20178 = FACE_BOUND('',#20179,.T.);
#20179 = EDGE_LOOP('',(#20180,#20181,#20187,#20188));
#20180 = ORIENTED_EDGE('',*,*,#15777,.T.);
#20181 = ORIENTED_EDGE('',*,*,#20182,.T.);
#20182 = EDGE_CURVE('',#15778,#17513,#20183,.T.);
#20183 = LINE('',#20184,#20185);
#20184 = CARTESIAN_POINT('',(152.25,-55.5,-4.6E-02));
#20185 = VECTOR('',#20186,1.);
#20186 = DIRECTION('',(0.,0.,1.));
#20187 = ORIENTED_EDGE('',*,*,#17512,.F.);
#20188 = ORIENTED_EDGE('',*,*,#20182,.F.);
#20189 = CYLINDRICAL_SURFACE('',#20190,0.7);
#20190 = AXIS2_PLACEMENT_3D('',#20191,#20192,#20193);
#20191 = CARTESIAN_POINT('',(152.25,-54.8,-4.6E-02));
#20192 = DIRECTION('',(-0.,-0.,-1.));
#20193 = DIRECTION('',(-0.,-1.,0.));
#20194 = ADVANCED_FACE('',(#20195),#20206,.F.);
#20195 = FACE_BOUND('',#20196,.T.);
#20196 = EDGE_LOOP('',(#20197,#20198,#20204,#20205));
#20197 = ORIENTED_EDGE('',*,*,#15788,.T.);
#20198 = ORIENTED_EDGE('',*,*,#20199,.T.);
#20199 = EDGE_CURVE('',#15789,#17524,#20200,.T.);
#20200 = LINE('',#20201,#20202);
#20201 = CARTESIAN_POINT('',(157.75,-59.7,-4.6E-02));
#20202 = VECTOR('',#20203,1.);
#20203 = DIRECTION('',(0.,0.,1.));
#20204 = ORIENTED_EDGE('',*,*,#17523,.F.);
#20205 = ORIENTED_EDGE('',*,*,#20199,.F.);
#20206 = CYLINDRICAL_SURFACE('',#20207,0.7);
#20207 = AXIS2_PLACEMENT_3D('',#20208,#20209,#20210);
#20208 = CARTESIAN_POINT('',(157.75,-59.,-4.6E-02));
#20209 = DIRECTION('',(-0.,-0.,-1.));
#20210 = DIRECTION('',(-0.,-1.,0.));
#20211 = ADVANCED_FACE('',(#20212),#20223,.F.);
#20212 = FACE_BOUND('',#20213,.T.);
#20213 = EDGE_LOOP('',(#20214,#20215,#20221,#20222));
#20214 = ORIENTED_EDGE('',*,*,#15799,.T.);
#20215 = ORIENTED_EDGE('',*,*,#20216,.T.);
#20216 = EDGE_CURVE('',#15800,#17535,#20217,.T.);
#20217 = LINE('',#20218,#20219);
#20218 = CARTESIAN_POINT('',(157.75,-55.5,-4.6E-02));
#20219 = VECTOR('',#20220,1.);
#20220 = DIRECTION('',(0.,0.,1.));
#20221 = ORIENTED_EDGE('',*,*,#17534,.F.);
#20222 = ORIENTED_EDGE('',*,*,#20216,.F.);
#20223 = CYLINDRICAL_SURFACE('',#20224,0.7);
#20224 = AXIS2_PLACEMENT_3D('',#20225,#20226,#20227);
#20225 = CARTESIAN_POINT('',(157.75,-54.8,-4.6E-02));
#20226 = DIRECTION('',(-0.,-0.,-1.));
#20227 = DIRECTION('',(-0.,-1.,0.));
#20228 = ( GEOMETRIC_REPRESENTATION_CONTEXT(3) 
GLOBAL_UNCERTAINTY_ASSIGNED_CONTEXT((#20232)) 
GLOBAL_UNIT_ASSIGNED_CONTEXT((#20229,#20230,#20231)) 
REPRESENTATION_CONTEXT('Context #1',
  '3D Context with UNIT and UNCERTAINTY') );
#20229 = ( LENGTH_UNIT() NAMED_UNIT(*) SI_UNIT(.MILLI.,.METRE.) );
#20230 = ( NAMED_UNIT(*) PLANE_ANGLE_UNIT() SI_UNIT($,.RADIAN.) );
#20231 = ( NAMED_UNIT(*) SI_UNIT($,.STERADIAN.) SOLID_ANGLE_UNIT() );
#20232 = UNCERTAINTY_MEASURE_WITH_UNIT(LENGTH_MEASURE(1.E-07),#20229,
  'distance_accuracy_value','confusion accuracy');
#20233 = CONTEXT_DEPENDENT_SHAPE_REPRESENTATION(#20234,#20236);
#20234 = ( REPRESENTATION_RELATIONSHIP('','',#13970,#10) 
REPRESENTATION_RELATIONSHIP_WITH_TRANSFORMATION(#20235) 
SHAPE_REPRESENTATION_RELATIONSHIP() );
#20235 = ITEM_DEFINED_TRANSFORMATION('','',#11,#27);
#20236 = PRODUCT_DEFINITION_SHAPE('Placement','Placement of an item',
  #20237);
#20237 = NEXT_ASSEMBLY_USAGE_OCCURRENCE('6','=>[0:1:1:5]','',#5,#13965,$
  );
#20238 = PRODUCT_RELATED_PRODUCT_CATEGORY('part',$,(#13967));
#20239 = MECHANICAL_DESIGN_GEOMETRIC_PRESENTATION_REPRESENTATION('',(
    #20240,#20250,#20260,#20269,#20278,#20287,#20296,#20305,#20314,
    #20323,#20332,#20341,#20350,#20359,#20368,#20377,#20386,#20395,
    #20404,#20413,#20422,#20431,#20440,#20449,#20458,#20467,#20476,
    #20485,#20494,#20503,#20512,#20521,#20530,#20539,#20548,#20557,
    #20566,#20575,#20584,#20593,#20602,#20611,#20620,#20629,#20638,
    #20647,#20656,#20665,#20674,#20683,#20692,#20701,#20710,#20719,
    #20728,#20737,#20746,#20755,#20764,#20773,#20782,#20791,#20800,
    #20809,#20818,#20827,#20836,#20845,#20854,#20863,#20872,#20881,
    #20890,#20899,#20908,#20917,#20926,#20935,#20944,#20953,#20962,
    #20971,#20980,#20989,#20998,#21007,#21016,#21025,#21034,#21043,
    #21052,#21061,#21070,#21079,#21088,#21097,#21106,#21115,#21124,
    #21133,#21142,#21151,#21160,#21169,#21178,#21187,#21196,#21205,
    #21214,#21223,#21232,#21241,#21250,#21259,#21268,#21277,#21286,
    #21295,#21304,#21313,#21322,#21331,#21340,#21349,#21358,#21367,
    #21376,#21385,#21394,#21403,#21412,#21421,#21430,#21439,#21448,
    #21457,#21466,#21475,#21484,#21493,#21502,#21511,#21520,#21529,
    #21538,#21547,#21556,#21565,#21574,#21583,#21592,#21601,#21610,
    #21619,#21628,#21637,#21646,#21655,#21664,#21673,#21682,#21691,
    #21700,#21709,#21718,#21727,#21736,#21745,#21754,#21763,#21772,
    #21781,#21790,#21799,#21808,#21817,#21826,#21835,#21844,#21853),
  #4314);
#20240 = STYLED_ITEM('color',(#20241),#47);
#20241 = PRESENTATION_STYLE_ASSIGNMENT((#20242,#20248));
#20242 = SURFACE_STYLE_USAGE(.BOTH.,#20243);
#20243 = SURFACE_SIDE_STYLE('',(#20244));
#20244 = SURFACE_STYLE_FILL_AREA(#20245);
#20245 = FILL_AREA_STYLE('',(#20246));
#20246 = FILL_AREA_STYLE_COLOUR('',#20247);
#20247 = COLOUR_RGB('',0.894999996726,0.890999991539,0.812999995914);
#20248 = CURVE_STYLE('',#20249,POSITIVE_LENGTH_MEASURE(0.1),#20247);
#20249 = DRAUGHTING_PRE_DEFINED_CURVE_FONT('continuous');
#20250 = OVER_RIDING_STYLED_ITEM('overriding color',(#20251),#61,#20240
  );
#20251 = PRESENTATION_STYLE_ASSIGNMENT((#20252,#20258));
#20252 = SURFACE_STYLE_USAGE(.BOTH.,#20253);
#20253 = SURFACE_SIDE_STYLE('',(#20254));
#20254 = SURFACE_STYLE_FILL_AREA(#20255);
#20255 = FILL_AREA_STYLE('',(#20256));
#20256 = FILL_AREA_STYLE_COLOUR('',#20257);
#20257 = COLOUR_RGB('',0.823999987314,0.819999987296,0.781000009244);
#20258 = CURVE_STYLE('',#20259,POSITIVE_LENGTH_MEASURE(0.1),#20257);
#20259 = DRAUGHTING_PRE_DEFINED_CURVE_FONT('continuous');
#20260 = STYLED_ITEM('color',(#20261),#87);
#20261 = PRESENTATION_STYLE_ASSIGNMENT((#20262,#20267));
#20262 = SURFACE_STYLE_USAGE(.BOTH.,#20263);
#20263 = SURFACE_SIDE_STYLE('',(#20264));
#20264 = SURFACE_STYLE_FILL_AREA(#20265);
#20265 = FILL_AREA_STYLE('',(#20266));
#20266 = FILL_AREA_STYLE_COLOUR('',#20247);
#20267 = CURVE_STYLE('',#20268,POSITIVE_LENGTH_MEASURE(0.1),#20247);
#20268 = DRAUGHTING_PRE_DEFINED_CURVE_FONT('continuous');
#20269 = OVER_RIDING_STYLED_ITEM('overriding color',(#20270),#108,#20260
  );
#20270 = PRESENTATION_STYLE_ASSIGNMENT((#20271,#20276));
#20271 = SURFACE_STYLE_USAGE(.BOTH.,#20272);
#20272 = SURFACE_SIDE_STYLE('',(#20273));
#20273 = SURFACE_STYLE_FILL_AREA(#20274);
#20274 = FILL_AREA_STYLE('',(#20275));
#20275 = FILL_AREA_STYLE_COLOUR('',#20257);
#20276 = CURVE_STYLE('',#20277,POSITIVE_LENGTH_MEASURE(0.1),#20257);
#20277 = DRAUGHTING_PRE_DEFINED_CURVE_FONT('continuous');
#20278 = STYLED_ITEM('color',(#20279),#120);
#20279 = PRESENTATION_STYLE_ASSIGNMENT((#20280,#20285));
#20280 = SURFACE_STYLE_USAGE(.BOTH.,#20281);
#20281 = SURFACE_SIDE_STYLE('',(#20282));
#20282 = SURFACE_STYLE_FILL_AREA(#20283);
#20283 = FILL_AREA_STYLE('',(#20284));
#20284 = FILL_AREA_STYLE_COLOUR('',#20247);
#20285 = CURVE_STYLE('',#20286,POSITIVE_LENGTH_MEASURE(0.1),#20247);
#20286 = DRAUGHTING_PRE_DEFINED_CURVE_FONT('continuous');
#20287 = STYLED_ITEM('color',(#20288),#151);
#20288 = PRESENTATION_STYLE_ASSIGNMENT((#20289,#20294));
#20289 = SURFACE_STYLE_USAGE(.BOTH.,#20290);
#20290 = SURFACE_SIDE_STYLE('',(#20291));
#20291 = SURFACE_STYLE_FILL_AREA(#20292);
#20292 = FILL_AREA_STYLE('',(#20293));
#20293 = FILL_AREA_STYLE_COLOUR('',#20247);
#20294 = CURVE_STYLE('',#20295,POSITIVE_LENGTH_MEASURE(0.1),#20247);
#20295 = DRAUGHTING_PRE_DEFINED_CURVE_FONT('continuous');
#20296 = OVER_RIDING_STYLED_ITEM('overriding color',(#20297),#165,#20287
  );
#20297 = PRESENTATION_STYLE_ASSIGNMENT((#20298,#20303));
#20298 = SURFACE_STYLE_USAGE(.BOTH.,#20299);
#20299 = SURFACE_SIDE_STYLE('',(#20300));
#20300 = SURFACE_STYLE_FILL_AREA(#20301);
#20301 = FILL_AREA_STYLE('',(#20302));
#20302 = FILL_AREA_STYLE_COLOUR('',#20257);
#20303 = CURVE_STYLE('',#20304,POSITIVE_LENGTH_MEASURE(0.1),#20257);
#20304 = DRAUGHTING_PRE_DEFINED_CURVE_FONT('continuous');
#20305 = STYLED_ITEM('color',(#20306),#184);
#20306 = PRESENTATION_STYLE_ASSIGNMENT((#20307,#20312));
#20307 = SURFACE_STYLE_USAGE(.BOTH.,#20308);
#20308 = SURFACE_SIDE_STYLE('',(#20309));
#20309 = SURFACE_STYLE_FILL_AREA(#20310);
#20310 = FILL_AREA_STYLE('',(#20311));
#20311 = FILL_AREA_STYLE_COLOUR('',#20257);
#20312 = CURVE_STYLE('',#20313,POSITIVE_LENGTH_MEASURE(0.1),#20257);
#20313 = DRAUGHTING_PRE_DEFINED_CURVE_FONT('continuous');
#20314 = OVER_RIDING_STYLED_ITEM('overriding color',(#20315),#261,#20305
  );
#20315 = PRESENTATION_STYLE_ASSIGNMENT((#20316,#20321));
#20316 = SURFACE_STYLE_USAGE(.BOTH.,#20317);
#20317 = SURFACE_SIDE_STYLE('',(#20318));
#20318 = SURFACE_STYLE_FILL_AREA(#20319);
#20319 = FILL_AREA_STYLE('',(#20320));
#20320 = FILL_AREA_STYLE_COLOUR('',#20257);
#20321 = CURVE_STYLE('',#20322,POSITIVE_LENGTH_MEASURE(0.1),#20257);
#20322 = DRAUGHTING_PRE_DEFINED_CURVE_FONT('continuous');
#20323 = OVER_RIDING_STYLED_ITEM('overriding color',(#20324),#269,#20305
  );
#20324 = PRESENTATION_STYLE_ASSIGNMENT((#20325,#20330));
#20325 = SURFACE_STYLE_USAGE(.BOTH.,#20326);
#20326 = SURFACE_SIDE_STYLE('',(#20327));
#20327 = SURFACE_STYLE_FILL_AREA(#20328);
#20328 = FILL_AREA_STYLE('',(#20329));
#20329 = FILL_AREA_STYLE_COLOUR('',#20257);
#20330 = CURVE_STYLE('',#20331,POSITIVE_LENGTH_MEASURE(0.1),#20257);
#20331 = DRAUGHTING_PRE_DEFINED_CURVE_FONT('continuous');
#20332 = OVER_RIDING_STYLED_ITEM('overriding color',(#20333),#278,#20305
  );
#20333 = PRESENTATION_STYLE_ASSIGNMENT((#20334,#20339));
#20334 = SURFACE_STYLE_USAGE(.BOTH.,#20335);
#20335 = SURFACE_SIDE_STYLE('',(#20336));
#20336 = SURFACE_STYLE_FILL_AREA(#20337);
#20337 = FILL_AREA_STYLE('',(#20338));
#20338 = FILL_AREA_STYLE_COLOUR('',#20257);
#20339 = CURVE_STYLE('',#20340,POSITIVE_LENGTH_MEASURE(0.1),#20257);
#20340 = DRAUGHTING_PRE_DEFINED_CURVE_FONT('continuous');
#20341 = OVER_RIDING_STYLED_ITEM('overriding color',(#20342),#286,#20305
  );
#20342 = PRESENTATION_STYLE_ASSIGNMENT((#20343,#20348));
#20343 = SURFACE_STYLE_USAGE(.BOTH.,#20344);
#20344 = SURFACE_SIDE_STYLE('',(#20345));
#20345 = SURFACE_STYLE_FILL_AREA(#20346);
#20346 = FILL_AREA_STYLE('',(#20347));
#20347 = FILL_AREA_STYLE_COLOUR('',#20257);
#20348 = CURVE_STYLE('',#20349,POSITIVE_LENGTH_MEASURE(0.1),#20257);
#20349 = DRAUGHTING_PRE_DEFINED_CURVE_FONT('continuous');
#20350 = OVER_RIDING_STYLED_ITEM('overriding color',(#20351),#295,#20305
  );
#20351 = PRESENTATION_STYLE_ASSIGNMENT((#20352,#20357));
#20352 = SURFACE_STYLE_USAGE(.BOTH.,#20353);
#20353 = SURFACE_SIDE_STYLE('',(#20354));
#20354 = SURFACE_STYLE_FILL_AREA(#20355);
#20355 = FILL_AREA_STYLE('',(#20356));
#20356 = FILL_AREA_STYLE_COLOUR('',#20257);
#20357 = CURVE_STYLE('',#20358,POSITIVE_LENGTH_MEASURE(0.1),#20257);
#20358 = DRAUGHTING_PRE_DEFINED_CURVE_FONT('continuous');
#20359 = STYLED_ITEM('color',(#20360),#305);
#20360 = PRESENTATION_STYLE_ASSIGNMENT((#20361,#20366));
#20361 = SURFACE_STYLE_USAGE(.BOTH.,#20362);
#20362 = SURFACE_SIDE_STYLE('',(#20363));
#20363 = SURFACE_STYLE_FILL_AREA(#20364);
#20364 = FILL_AREA_STYLE('',(#20365));
#20365 = FILL_AREA_STYLE_COLOUR('',#20247);
#20366 = CURVE_STYLE('',#20367,POSITIVE_LENGTH_MEASURE(0.1),#20247);
#20367 = DRAUGHTING_PRE_DEFINED_CURVE_FONT('continuous');
#20368 = STYLED_ITEM('color',(#20369),#330);
#20369 = PRESENTATION_STYLE_ASSIGNMENT((#20370,#20375));
#20370 = SURFACE_STYLE_USAGE(.BOTH.,#20371);
#20371 = SURFACE_SIDE_STYLE('',(#20372));
#20372 = SURFACE_STYLE_FILL_AREA(#20373);
#20373 = FILL_AREA_STYLE('',(#20374));
#20374 = FILL_AREA_STYLE_COLOUR('',#20247);
#20375 = CURVE_STYLE('',#20376,POSITIVE_LENGTH_MEASURE(0.1),#20247);
#20376 = DRAUGHTING_PRE_DEFINED_CURVE_FONT('continuous');
#20377 = STYLED_ITEM('color',(#20378),#354);
#20378 = PRESENTATION_STYLE_ASSIGNMENT((#20379,#20384));
#20379 = SURFACE_STYLE_USAGE(.BOTH.,#20380);
#20380 = SURFACE_SIDE_STYLE('',(#20381));
#20381 = SURFACE_STYLE_FILL_AREA(#20382);
#20382 = FILL_AREA_STYLE('',(#20383));
#20383 = FILL_AREA_STYLE_COLOUR('',#20247);
#20384 = CURVE_STYLE('',#20385,POSITIVE_LENGTH_MEASURE(0.1),#20247);
#20385 = DRAUGHTING_PRE_DEFINED_CURVE_FONT('continuous');
#20386 = STYLED_ITEM('color',(#20387),#379);
#20387 = PRESENTATION_STYLE_ASSIGNMENT((#20388,#20393));
#20388 = SURFACE_STYLE_USAGE(.BOTH.,#20389);
#20389 = SURFACE_SIDE_STYLE('',(#20390));
#20390 = SURFACE_STYLE_FILL_AREA(#20391);
#20391 = FILL_AREA_STYLE('',(#20392));
#20392 = FILL_AREA_STYLE_COLOUR('',#20247);
#20393 = CURVE_STYLE('',#20394,POSITIVE_LENGTH_MEASURE(0.1),#20247);
#20394 = DRAUGHTING_PRE_DEFINED_CURVE_FONT('continuous');
#20395 = STYLED_ITEM('color',(#20396),#529);
#20396 = PRESENTATION_STYLE_ASSIGNMENT((#20397,#20402));
#20397 = SURFACE_STYLE_USAGE(.BOTH.,#20398);
#20398 = SURFACE_SIDE_STYLE('',(#20399));
#20399 = SURFACE_STYLE_FILL_AREA(#20400);
#20400 = FILL_AREA_STYLE('',(#20401));
#20401 = FILL_AREA_STYLE_COLOUR('',#20247);
#20402 = CURVE_STYLE('',#20403,POSITIVE_LENGTH_MEASURE(0.1),#20247);
#20403 = DRAUGHTING_PRE_DEFINED_CURVE_FONT('continuous');
#20404 = STYLED_ITEM('color',(#20405),#553);
#20405 = PRESENTATION_STYLE_ASSIGNMENT((#20406,#20411));
#20406 = SURFACE_STYLE_USAGE(.BOTH.,#20407);
#20407 = SURFACE_SIDE_STYLE('',(#20408));
#20408 = SURFACE_STYLE_FILL_AREA(#20409);
#20409 = FILL_AREA_STYLE('',(#20410));
#20410 = FILL_AREA_STYLE_COLOUR('',#20257);
#20411 = CURVE_STYLE('',#20412,POSITIVE_LENGTH_MEASURE(0.1),#20257);
#20412 = DRAUGHTING_PRE_DEFINED_CURVE_FONT('continuous');
#20413 = STYLED_ITEM('color',(#20414),#585);
#20414 = PRESENTATION_STYLE_ASSIGNMENT((#20415,#20420));
#20415 = SURFACE_STYLE_USAGE(.BOTH.,#20416);
#20416 = SURFACE_SIDE_STYLE('',(#20417));
#20417 = SURFACE_STYLE_FILL_AREA(#20418);
#20418 = FILL_AREA_STYLE('',(#20419));
#20419 = FILL_AREA_STYLE_COLOUR('',#20257);
#20420 = CURVE_STYLE('',#20421,POSITIVE_LENGTH_MEASURE(0.1),#20257);
#20421 = DRAUGHTING_PRE_DEFINED_CURVE_FONT('continuous');
#20422 = STYLED_ITEM('color',(#20423),#609);
#20423 = PRESENTATION_STYLE_ASSIGNMENT((#20424,#20429));
#20424 = SURFACE_STYLE_USAGE(.BOTH.,#20425);
#20425 = SURFACE_SIDE_STYLE('',(#20426));
#20426 = SURFACE_STYLE_FILL_AREA(#20427);
#20427 = FILL_AREA_STYLE('',(#20428));
#20428 = FILL_AREA_STYLE_COLOUR('',#20257);
#20429 = CURVE_STYLE('',#20430,POSITIVE_LENGTH_MEASURE(0.1),#20257);
#20430 = DRAUGHTING_PRE_DEFINED_CURVE_FONT('continuous');
#20431 = STYLED_ITEM('color',(#20432),#633);
#20432 = PRESENTATION_STYLE_ASSIGNMENT((#20433,#20438));
#20433 = SURFACE_STYLE_USAGE(.BOTH.,#20434);
#20434 = SURFACE_SIDE_STYLE('',(#20435));
#20435 = SURFACE_STYLE_FILL_AREA(#20436);
#20436 = FILL_AREA_STYLE('',(#20437));
#20437 = FILL_AREA_STYLE_COLOUR('',#20257);
#20438 = CURVE_STYLE('',#20439,POSITIVE_LENGTH_MEASURE(0.1),#20257);
#20439 = DRAUGHTING_PRE_DEFINED_CURVE_FONT('continuous');
#20440 = STYLED_ITEM('color',(#20441),#658);
#20441 = PRESENTATION_STYLE_ASSIGNMENT((#20442,#20447));
#20442 = SURFACE_STYLE_USAGE(.BOTH.,#20443);
#20443 = SURFACE_SIDE_STYLE('',(#20444));
#20444 = SURFACE_STYLE_FILL_AREA(#20445);
#20445 = FILL_AREA_STYLE('',(#20446));
#20446 = FILL_AREA_STYLE_COLOUR('',#20257);
#20447 = CURVE_STYLE('',#20448,POSITIVE_LENGTH_MEASURE(0.1),#20257);
#20448 = DRAUGHTING_PRE_DEFINED_CURVE_FONT('continuous');
#20449 = STYLED_ITEM('color',(#20450),#683);
#20450 = PRESENTATION_STYLE_ASSIGNMENT((#20451,#20456));
#20451 = SURFACE_STYLE_USAGE(.BOTH.,#20452);
#20452 = SURFACE_SIDE_STYLE('',(#20453));
#20453 = SURFACE_STYLE_FILL_AREA(#20454);
#20454 = FILL_AREA_STYLE('',(#20455));
#20455 = FILL_AREA_STYLE_COLOUR('',#20257);
#20456 = CURVE_STYLE('',#20457,POSITIVE_LENGTH_MEASURE(0.1),#20257);
#20457 = DRAUGHTING_PRE_DEFINED_CURVE_FONT('continuous');
#20458 = STYLED_ITEM('color',(#20459),#707);
#20459 = PRESENTATION_STYLE_ASSIGNMENT((#20460,#20465));
#20460 = SURFACE_STYLE_USAGE(.BOTH.,#20461);
#20461 = SURFACE_SIDE_STYLE('',(#20462));
#20462 = SURFACE_STYLE_FILL_AREA(#20463);
#20463 = FILL_AREA_STYLE('',(#20464));
#20464 = FILL_AREA_STYLE_COLOUR('',#20257);
#20465 = CURVE_STYLE('',#20466,POSITIVE_LENGTH_MEASURE(0.1),#20257);
#20466 = DRAUGHTING_PRE_DEFINED_CURVE_FONT('continuous');
#20467 = STYLED_ITEM('color',(#20468),#731);
#20468 = PRESENTATION_STYLE_ASSIGNMENT((#20469,#20474));
#20469 = SURFACE_STYLE_USAGE(.BOTH.,#20470);
#20470 = SURFACE_SIDE_STYLE('',(#20471));
#20471 = SURFACE_STYLE_FILL_AREA(#20472);
#20472 = FILL_AREA_STYLE('',(#20473));
#20473 = FILL_AREA_STYLE_COLOUR('',#20257);
#20474 = CURVE_STYLE('',#20475,POSITIVE_LENGTH_MEASURE(0.1),#20257);
#20475 = DRAUGHTING_PRE_DEFINED_CURVE_FONT('continuous');
#20476 = STYLED_ITEM('color',(#20477),#749);
#20477 = PRESENTATION_STYLE_ASSIGNMENT((#20478,#20483));
#20478 = SURFACE_STYLE_USAGE(.BOTH.,#20479);
#20479 = SURFACE_SIDE_STYLE('',(#20480));
#20480 = SURFACE_STYLE_FILL_AREA(#20481);
#20481 = FILL_AREA_STYLE('',(#20482));
#20482 = FILL_AREA_STYLE_COLOUR('',#20247);
#20483 = CURVE_STYLE('',#20484,POSITIVE_LENGTH_MEASURE(0.1),#20247);
#20484 = DRAUGHTING_PRE_DEFINED_CURVE_FONT('continuous');
#20485 = STYLED_ITEM('color',(#20486),#774);
#20486 = PRESENTATION_STYLE_ASSIGNMENT((#20487,#20492));
#20487 = SURFACE_STYLE_USAGE(.BOTH.,#20488);
#20488 = SURFACE_SIDE_STYLE('',(#20489));
#20489 = SURFACE_STYLE_FILL_AREA(#20490);
#20490 = FILL_AREA_STYLE('',(#20491));
#20491 = FILL_AREA_STYLE_COLOUR('',#20247);
#20492 = CURVE_STYLE('',#20493,POSITIVE_LENGTH_MEASURE(0.1),#20247);
#20493 = DRAUGHTING_PRE_DEFINED_CURVE_FONT('continuous');
#20494 = STYLED_ITEM('color',(#20495),#798);
#20495 = PRESENTATION_STYLE_ASSIGNMENT((#20496,#20501));
#20496 = SURFACE_STYLE_USAGE(.BOTH.,#20497);
#20497 = SURFACE_SIDE_STYLE('',(#20498));
#20498 = SURFACE_STYLE_FILL_AREA(#20499);
#20499 = FILL_AREA_STYLE('',(#20500));
#20500 = FILL_AREA_STYLE_COLOUR('',#20247);
#20501 = CURVE_STYLE('',#20502,POSITIVE_LENGTH_MEASURE(0.1),#20247);
#20502 = DRAUGHTING_PRE_DEFINED_CURVE_FONT('continuous');
#20503 = STYLED_ITEM('color',(#20504),#816);
#20504 = PRESENTATION_STYLE_ASSIGNMENT((#20505,#20510));
#20505 = SURFACE_STYLE_USAGE(.BOTH.,#20506);
#20506 = SURFACE_SIDE_STYLE('',(#20507));
#20507 = SURFACE_STYLE_FILL_AREA(#20508);
#20508 = FILL_AREA_STYLE('',(#20509));
#20509 = FILL_AREA_STYLE_COLOUR('',#20247);
#20510 = CURVE_STYLE('',#20511,POSITIVE_LENGTH_MEASURE(0.1),#20247);
#20511 = DRAUGHTING_PRE_DEFINED_CURVE_FONT('continuous');
#20512 = STYLED_ITEM('color',(#20513),#833);
#20513 = PRESENTATION_STYLE_ASSIGNMENT((#20514,#20519));
#20514 = SURFACE_STYLE_USAGE(.BOTH.,#20515);
#20515 = SURFACE_SIDE_STYLE('',(#20516));
#20516 = SURFACE_STYLE_FILL_AREA(#20517);
#20517 = FILL_AREA_STYLE('',(#20518));
#20518 = FILL_AREA_STYLE_COLOUR('',#20247);
#20519 = CURVE_STYLE('',#20520,POSITIVE_LENGTH_MEASURE(0.1),#20247);
#20520 = DRAUGHTING_PRE_DEFINED_CURVE_FONT('continuous');
#20521 = STYLED_ITEM('color',(#20522),#850);
#20522 = PRESENTATION_STYLE_ASSIGNMENT((#20523,#20528));
#20523 = SURFACE_STYLE_USAGE(.BOTH.,#20524);
#20524 = SURFACE_SIDE_STYLE('',(#20525));
#20525 = SURFACE_STYLE_FILL_AREA(#20526);
#20526 = FILL_AREA_STYLE('',(#20527));
#20527 = FILL_AREA_STYLE_COLOUR('',#20247);
#20528 = CURVE_STYLE('',#20529,POSITIVE_LENGTH_MEASURE(0.1),#20247);
#20529 = DRAUGHTING_PRE_DEFINED_CURVE_FONT('continuous');
#20530 = STYLED_ITEM('color',(#20531),#867);
#20531 = PRESENTATION_STYLE_ASSIGNMENT((#20532,#20537));
#20532 = SURFACE_STYLE_USAGE(.BOTH.,#20533);
#20533 = SURFACE_SIDE_STYLE('',(#20534));
#20534 = SURFACE_STYLE_FILL_AREA(#20535);
#20535 = FILL_AREA_STYLE('',(#20536));
#20536 = FILL_AREA_STYLE_COLOUR('',#20247);
#20537 = CURVE_STYLE('',#20538,POSITIVE_LENGTH_MEASURE(0.1),#20247);
#20538 = DRAUGHTING_PRE_DEFINED_CURVE_FONT('continuous');
#20539 = STYLED_ITEM('color',(#20540),#884);
#20540 = PRESENTATION_STYLE_ASSIGNMENT((#20541,#20546));
#20541 = SURFACE_STYLE_USAGE(.BOTH.,#20542);
#20542 = SURFACE_SIDE_STYLE('',(#20543));
#20543 = SURFACE_STYLE_FILL_AREA(#20544);
#20544 = FILL_AREA_STYLE('',(#20545));
#20545 = FILL_AREA_STYLE_COLOUR('',#20247);
#20546 = CURVE_STYLE('',#20547,POSITIVE_LENGTH_MEASURE(0.1),#20247);
#20547 = DRAUGHTING_PRE_DEFINED_CURVE_FONT('continuous');
#20548 = STYLED_ITEM('color',(#20549),#896);
#20549 = PRESENTATION_STYLE_ASSIGNMENT((#20550,#20555));
#20550 = SURFACE_STYLE_USAGE(.BOTH.,#20551);
#20551 = SURFACE_SIDE_STYLE('',(#20552));
#20552 = SURFACE_STYLE_FILL_AREA(#20553);
#20553 = FILL_AREA_STYLE('',(#20554));
#20554 = FILL_AREA_STYLE_COLOUR('',#20247);
#20555 = CURVE_STYLE('',#20556,POSITIVE_LENGTH_MEASURE(0.1),#20247);
#20556 = DRAUGHTING_PRE_DEFINED_CURVE_FONT('continuous');
#20557 = STYLED_ITEM('color',(#20558),#921);
#20558 = PRESENTATION_STYLE_ASSIGNMENT((#20559,#20564));
#20559 = SURFACE_STYLE_USAGE(.BOTH.,#20560);
#20560 = SURFACE_SIDE_STYLE('',(#20561));
#20561 = SURFACE_STYLE_FILL_AREA(#20562);
#20562 = FILL_AREA_STYLE('',(#20563));
#20563 = FILL_AREA_STYLE_COLOUR('',#20247);
#20564 = CURVE_STYLE('',#20565,POSITIVE_LENGTH_MEASURE(0.1),#20247);
#20565 = DRAUGHTING_PRE_DEFINED_CURVE_FONT('continuous');
#20566 = STYLED_ITEM('color',(#20567),#946);
#20567 = PRESENTATION_STYLE_ASSIGNMENT((#20568,#20573));
#20568 = SURFACE_STYLE_USAGE(.BOTH.,#20569);
#20569 = SURFACE_SIDE_STYLE('',(#20570));
#20570 = SURFACE_STYLE_FILL_AREA(#20571);
#20571 = FILL_AREA_STYLE('',(#20572));
#20572 = FILL_AREA_STYLE_COLOUR('',#20247);
#20573 = CURVE_STYLE('',#20574,POSITIVE_LENGTH_MEASURE(0.1),#20247);
#20574 = DRAUGHTING_PRE_DEFINED_CURVE_FONT('continuous');
#20575 = STYLED_ITEM('color',(#20576),#971);
#20576 = PRESENTATION_STYLE_ASSIGNMENT((#20577,#20582));
#20577 = SURFACE_STYLE_USAGE(.BOTH.,#20578);
#20578 = SURFACE_SIDE_STYLE('',(#20579));
#20579 = SURFACE_STYLE_FILL_AREA(#20580);
#20580 = FILL_AREA_STYLE('',(#20581));
#20581 = FILL_AREA_STYLE_COLOUR('',#20247);
#20582 = CURVE_STYLE('',#20583,POSITIVE_LENGTH_MEASURE(0.1),#20247);
#20583 = DRAUGHTING_PRE_DEFINED_CURVE_FONT('continuous');
#20584 = STYLED_ITEM('color',(#20585),#996);
#20585 = PRESENTATION_STYLE_ASSIGNMENT((#20586,#20591));
#20586 = SURFACE_STYLE_USAGE(.BOTH.,#20587);
#20587 = SURFACE_SIDE_STYLE('',(#20588));
#20588 = SURFACE_STYLE_FILL_AREA(#20589);
#20589 = FILL_AREA_STYLE('',(#20590));
#20590 = FILL_AREA_STYLE_COLOUR('',#20247);
#20591 = CURVE_STYLE('',#20592,POSITIVE_LENGTH_MEASURE(0.1),#20247);
#20592 = DRAUGHTING_PRE_DEFINED_CURVE_FONT('continuous');
#20593 = STYLED_ITEM('color',(#20594),#1021);
#20594 = PRESENTATION_STYLE_ASSIGNMENT((#20595,#20600));
#20595 = SURFACE_STYLE_USAGE(.BOTH.,#20596);
#20596 = SURFACE_SIDE_STYLE('',(#20597));
#20597 = SURFACE_STYLE_FILL_AREA(#20598);
#20598 = FILL_AREA_STYLE('',(#20599));
#20599 = FILL_AREA_STYLE_COLOUR('',#20247);
#20600 = CURVE_STYLE('',#20601,POSITIVE_LENGTH_MEASURE(0.1),#20247);
#20601 = DRAUGHTING_PRE_DEFINED_CURVE_FONT('continuous');
#20602 = STYLED_ITEM('color',(#20603),#1046);
#20603 = PRESENTATION_STYLE_ASSIGNMENT((#20604,#20609));
#20604 = SURFACE_STYLE_USAGE(.BOTH.,#20605);
#20605 = SURFACE_SIDE_STYLE('',(#20606));
#20606 = SURFACE_STYLE_FILL_AREA(#20607);
#20607 = FILL_AREA_STYLE('',(#20608));
#20608 = FILL_AREA_STYLE_COLOUR('',#20247);
#20609 = CURVE_STYLE('',#20610,POSITIVE_LENGTH_MEASURE(0.1),#20247);
#20610 = DRAUGHTING_PRE_DEFINED_CURVE_FONT('continuous');
#20611 = STYLED_ITEM('color',(#20612),#1071);
#20612 = PRESENTATION_STYLE_ASSIGNMENT((#20613,#20618));
#20613 = SURFACE_STYLE_USAGE(.BOTH.,#20614);
#20614 = SURFACE_SIDE_STYLE('',(#20615));
#20615 = SURFACE_STYLE_FILL_AREA(#20616);
#20616 = FILL_AREA_STYLE('',(#20617));
#20617 = FILL_AREA_STYLE_COLOUR('',#20247);
#20618 = CURVE_STYLE('',#20619,POSITIVE_LENGTH_MEASURE(0.1),#20247);
#20619 = DRAUGHTING_PRE_DEFINED_CURVE_FONT('continuous');
#20620 = STYLED_ITEM('color',(#20621),#1096);
#20621 = PRESENTATION_STYLE_ASSIGNMENT((#20622,#20627));
#20622 = SURFACE_STYLE_USAGE(.BOTH.,#20623);
#20623 = SURFACE_SIDE_STYLE('',(#20624));
#20624 = SURFACE_STYLE_FILL_AREA(#20625);
#20625 = FILL_AREA_STYLE('',(#20626));
#20626 = FILL_AREA_STYLE_COLOUR('',#20247);
#20627 = CURVE_STYLE('',#20628,POSITIVE_LENGTH_MEASURE(0.1),#20247);
#20628 = DRAUGHTING_PRE_DEFINED_CURVE_FONT('continuous');
#20629 = STYLED_ITEM('color',(#20630),#1121);
#20630 = PRESENTATION_STYLE_ASSIGNMENT((#20631,#20636));
#20631 = SURFACE_STYLE_USAGE(.BOTH.,#20632);
#20632 = SURFACE_SIDE_STYLE('',(#20633));
#20633 = SURFACE_STYLE_FILL_AREA(#20634);
#20634 = FILL_AREA_STYLE('',(#20635));
#20635 = FILL_AREA_STYLE_COLOUR('',#20257);
#20636 = CURVE_STYLE('',#20637,POSITIVE_LENGTH_MEASURE(0.1),#20257);
#20637 = DRAUGHTING_PRE_DEFINED_CURVE_FONT('continuous');
#20638 = STYLED_ITEM('color',(#20639),#1153);
#20639 = PRESENTATION_STYLE_ASSIGNMENT((#20640,#20645));
#20640 = SURFACE_STYLE_USAGE(.BOTH.,#20641);
#20641 = SURFACE_SIDE_STYLE('',(#20642));
#20642 = SURFACE_STYLE_FILL_AREA(#20643);
#20643 = FILL_AREA_STYLE('',(#20644));
#20644 = FILL_AREA_STYLE_COLOUR('',#20257);
#20645 = CURVE_STYLE('',#20646,POSITIVE_LENGTH_MEASURE(0.1),#20257);
#20646 = DRAUGHTING_PRE_DEFINED_CURVE_FONT('continuous');
#20647 = STYLED_ITEM('color',(#20648),#1177);
#20648 = PRESENTATION_STYLE_ASSIGNMENT((#20649,#20654));
#20649 = SURFACE_STYLE_USAGE(.BOTH.,#20650);
#20650 = SURFACE_SIDE_STYLE('',(#20651));
#20651 = SURFACE_STYLE_FILL_AREA(#20652);
#20652 = FILL_AREA_STYLE('',(#20653));
#20653 = FILL_AREA_STYLE_COLOUR('',#20257);
#20654 = CURVE_STYLE('',#20655,POSITIVE_LENGTH_MEASURE(0.1),#20257);
#20655 = DRAUGHTING_PRE_DEFINED_CURVE_FONT('continuous');
#20656 = STYLED_ITEM('color',(#20657),#1201);
#20657 = PRESENTATION_STYLE_ASSIGNMENT((#20658,#20663));
#20658 = SURFACE_STYLE_USAGE(.BOTH.,#20659);
#20659 = SURFACE_SIDE_STYLE('',(#20660));
#20660 = SURFACE_STYLE_FILL_AREA(#20661);
#20661 = FILL_AREA_STYLE('',(#20662));
#20662 = FILL_AREA_STYLE_COLOUR('',#20257);
#20663 = CURVE_STYLE('',#20664,POSITIVE_LENGTH_MEASURE(0.1),#20257);
#20664 = DRAUGHTING_PRE_DEFINED_CURVE_FONT('continuous');
#20665 = STYLED_ITEM('color',(#20666),#1226);
#20666 = PRESENTATION_STYLE_ASSIGNMENT((#20667,#20672));
#20667 = SURFACE_STYLE_USAGE(.BOTH.,#20668);
#20668 = SURFACE_SIDE_STYLE('',(#20669));
#20669 = SURFACE_STYLE_FILL_AREA(#20670);
#20670 = FILL_AREA_STYLE('',(#20671));
#20671 = FILL_AREA_STYLE_COLOUR('',#20257);
#20672 = CURVE_STYLE('',#20673,POSITIVE_LENGTH_MEASURE(0.1),#20257);
#20673 = DRAUGHTING_PRE_DEFINED_CURVE_FONT('continuous');
#20674 = STYLED_ITEM('color',(#20675),#1251);
#20675 = PRESENTATION_STYLE_ASSIGNMENT((#20676,#20681));
#20676 = SURFACE_STYLE_USAGE(.BOTH.,#20677);
#20677 = SURFACE_SIDE_STYLE('',(#20678));
#20678 = SURFACE_STYLE_FILL_AREA(#20679);
#20679 = FILL_AREA_STYLE('',(#20680));
#20680 = FILL_AREA_STYLE_COLOUR('',#20257);
#20681 = CURVE_STYLE('',#20682,POSITIVE_LENGTH_MEASURE(0.1),#20257);
#20682 = DRAUGHTING_PRE_DEFINED_CURVE_FONT('continuous');
#20683 = STYLED_ITEM('color',(#20684),#1275);
#20684 = PRESENTATION_STYLE_ASSIGNMENT((#20685,#20690));
#20685 = SURFACE_STYLE_USAGE(.BOTH.,#20686);
#20686 = SURFACE_SIDE_STYLE('',(#20687));
#20687 = SURFACE_STYLE_FILL_AREA(#20688);
#20688 = FILL_AREA_STYLE('',(#20689));
#20689 = FILL_AREA_STYLE_COLOUR('',#20257);
#20690 = CURVE_STYLE('',#20691,POSITIVE_LENGTH_MEASURE(0.1),#20257);
#20691 = DRAUGHTING_PRE_DEFINED_CURVE_FONT('continuous');
#20692 = STYLED_ITEM('color',(#20693),#1299);
#20693 = PRESENTATION_STYLE_ASSIGNMENT((#20694,#20699));
#20694 = SURFACE_STYLE_USAGE(.BOTH.,#20695);
#20695 = SURFACE_SIDE_STYLE('',(#20696));
#20696 = SURFACE_STYLE_FILL_AREA(#20697);
#20697 = FILL_AREA_STYLE('',(#20698));
#20698 = FILL_AREA_STYLE_COLOUR('',#20257);
#20699 = CURVE_STYLE('',#20700,POSITIVE_LENGTH_MEASURE(0.1),#20257);
#20700 = DRAUGHTING_PRE_DEFINED_CURVE_FONT('continuous');
#20701 = STYLED_ITEM('color',(#20702),#1317);
#20702 = PRESENTATION_STYLE_ASSIGNMENT((#20703,#20708));
#20703 = SURFACE_STYLE_USAGE(.BOTH.,#20704);
#20704 = SURFACE_SIDE_STYLE('',(#20705));
#20705 = SURFACE_STYLE_FILL_AREA(#20706);
#20706 = FILL_AREA_STYLE('',(#20707));
#20707 = FILL_AREA_STYLE_COLOUR('',#20247);
#20708 = CURVE_STYLE('',#20709,POSITIVE_LENGTH_MEASURE(0.1),#20247);
#20709 = DRAUGHTING_PRE_DEFINED_CURVE_FONT('continuous');
#20710 = STYLED_ITEM('color',(#20711),#1342);
#20711 = PRESENTATION_STYLE_ASSIGNMENT((#20712,#20717));
#20712 = SURFACE_STYLE_USAGE(.BOTH.,#20713);
#20713 = SURFACE_SIDE_STYLE('',(#20714));
#20714 = SURFACE_STYLE_FILL_AREA(#20715);
#20715 = FILL_AREA_STYLE('',(#20716));
#20716 = FILL_AREA_STYLE_COLOUR('',#20247);
#20717 = CURVE_STYLE('',#20718,POSITIVE_LENGTH_MEASURE(0.1),#20247);
#20718 = DRAUGHTING_PRE_DEFINED_CURVE_FONT('continuous');
#20719 = STYLED_ITEM('color',(#20720),#1367);
#20720 = PRESENTATION_STYLE_ASSIGNMENT((#20721,#20726));
#20721 = SURFACE_STYLE_USAGE(.BOTH.,#20722);
#20722 = SURFACE_SIDE_STYLE('',(#20723));
#20723 = SURFACE_STYLE_FILL_AREA(#20724);
#20724 = FILL_AREA_STYLE('',(#20725));
#20725 = FILL_AREA_STYLE_COLOUR('',#20247);
#20726 = CURVE_STYLE('',#20727,POSITIVE_LENGTH_MEASURE(0.1),#20247);
#20727 = DRAUGHTING_PRE_DEFINED_CURVE_FONT('continuous');
#20728 = STYLED_ITEM('color',(#20729),#1392);
#20729 = PRESENTATION_STYLE_ASSIGNMENT((#20730,#20735));
#20730 = SURFACE_STYLE_USAGE(.BOTH.,#20731);
#20731 = SURFACE_SIDE_STYLE('',(#20732));
#20732 = SURFACE_STYLE_FILL_AREA(#20733);
#20733 = FILL_AREA_STYLE('',(#20734));
#20734 = FILL_AREA_STYLE_COLOUR('',#20247);
#20735 = CURVE_STYLE('',#20736,POSITIVE_LENGTH_MEASURE(0.1),#20247);
#20736 = DRAUGHTING_PRE_DEFINED_CURVE_FONT('continuous');
#20737 = STYLED_ITEM('color',(#20738),#1417);
#20738 = PRESENTATION_STYLE_ASSIGNMENT((#20739,#20744));
#20739 = SURFACE_STYLE_USAGE(.BOTH.,#20740);
#20740 = SURFACE_SIDE_STYLE('',(#20741));
#20741 = SURFACE_STYLE_FILL_AREA(#20742);
#20742 = FILL_AREA_STYLE('',(#20743));
#20743 = FILL_AREA_STYLE_COLOUR('',#20247);
#20744 = CURVE_STYLE('',#20745,POSITIVE_LENGTH_MEASURE(0.1),#20247);
#20745 = DRAUGHTING_PRE_DEFINED_CURVE_FONT('continuous');
#20746 = STYLED_ITEM('color',(#20747),#1442);
#20747 = PRESENTATION_STYLE_ASSIGNMENT((#20748,#20753));
#20748 = SURFACE_STYLE_USAGE(.BOTH.,#20749);
#20749 = SURFACE_SIDE_STYLE('',(#20750));
#20750 = SURFACE_STYLE_FILL_AREA(#20751);
#20751 = FILL_AREA_STYLE('',(#20752));
#20752 = FILL_AREA_STYLE_COLOUR('',#20247);
#20753 = CURVE_STYLE('',#20754,POSITIVE_LENGTH_MEASURE(0.1),#20247);
#20754 = DRAUGHTING_PRE_DEFINED_CURVE_FONT('continuous');
#20755 = STYLED_ITEM('color',(#20756),#1467);
#20756 = PRESENTATION_STYLE_ASSIGNMENT((#20757,#20762));
#20757 = SURFACE_STYLE_USAGE(.BOTH.,#20758);
#20758 = SURFACE_SIDE_STYLE('',(#20759));
#20759 = SURFACE_STYLE_FILL_AREA(#20760);
#20760 = FILL_AREA_STYLE('',(#20761));
#20761 = FILL_AREA_STYLE_COLOUR('',#20247);
#20762 = CURVE_STYLE('',#20763,POSITIVE_LENGTH_MEASURE(0.1),#20247);
#20763 = DRAUGHTING_PRE_DEFINED_CURVE_FONT('continuous');
#20764 = STYLED_ITEM('color',(#20765),#1492);
#20765 = PRESENTATION_STYLE_ASSIGNMENT((#20766,#20771));
#20766 = SURFACE_STYLE_USAGE(.BOTH.,#20767);
#20767 = SURFACE_SIDE_STYLE('',(#20768));
#20768 = SURFACE_STYLE_FILL_AREA(#20769);
#20769 = FILL_AREA_STYLE('',(#20770));
#20770 = FILL_AREA_STYLE_COLOUR('',#20247);
#20771 = CURVE_STYLE('',#20772,POSITIVE_LENGTH_MEASURE(0.1),#20247);
#20772 = DRAUGHTING_PRE_DEFINED_CURVE_FONT('continuous');
#20773 = STYLED_ITEM('color',(#20774),#1517);
#20774 = PRESENTATION_STYLE_ASSIGNMENT((#20775,#20780));
#20775 = SURFACE_STYLE_USAGE(.BOTH.,#20776);
#20776 = SURFACE_SIDE_STYLE('',(#20777));
#20777 = SURFACE_STYLE_FILL_AREA(#20778);
#20778 = FILL_AREA_STYLE('',(#20779));
#20779 = FILL_AREA_STYLE_COLOUR('',#20247);
#20780 = CURVE_STYLE('',#20781,POSITIVE_LENGTH_MEASURE(0.1),#20247);
#20781 = DRAUGHTING_PRE_DEFINED_CURVE_FONT('continuous');
#20782 = STYLED_ITEM('color',(#20783),#1542);
#20783 = PRESENTATION_STYLE_ASSIGNMENT((#20784,#20789));
#20784 = SURFACE_STYLE_USAGE(.BOTH.,#20785);
#20785 = SURFACE_SIDE_STYLE('',(#20786));
#20786 = SURFACE_STYLE_FILL_AREA(#20787);
#20787 = FILL_AREA_STYLE('',(#20788));
#20788 = FILL_AREA_STYLE_COLOUR('',#20257);
#20789 = CURVE_STYLE('',#20790,POSITIVE_LENGTH_MEASURE(0.1),#20257);
#20790 = DRAUGHTING_PRE_DEFINED_CURVE_FONT('continuous');
#20791 = STYLED_ITEM('color',(#20792),#1576);
#20792 = PRESENTATION_STYLE_ASSIGNMENT((#20793,#20798));
#20793 = SURFACE_STYLE_USAGE(.BOTH.,#20794);
#20794 = SURFACE_SIDE_STYLE('',(#20795));
#20795 = SURFACE_STYLE_FILL_AREA(#20796);
#20796 = FILL_AREA_STYLE('',(#20797));
#20797 = FILL_AREA_STYLE_COLOUR('',#20257);
#20798 = CURVE_STYLE('',#20799,POSITIVE_LENGTH_MEASURE(0.1),#20257);
#20799 = DRAUGHTING_PRE_DEFINED_CURVE_FONT('continuous');
#20800 = STYLED_ITEM('color',(#20801),#1601);
#20801 = PRESENTATION_STYLE_ASSIGNMENT((#20802,#20807));
#20802 = SURFACE_STYLE_USAGE(.BOTH.,#20803);
#20803 = SURFACE_SIDE_STYLE('',(#20804));
#20804 = SURFACE_STYLE_FILL_AREA(#20805);
#20805 = FILL_AREA_STYLE('',(#20806));
#20806 = FILL_AREA_STYLE_COLOUR('',#20257);
#20807 = CURVE_STYLE('',#20808,POSITIVE_LENGTH_MEASURE(0.1),#20257);
#20808 = DRAUGHTING_PRE_DEFINED_CURVE_FONT('continuous');
#20809 = STYLED_ITEM('color',(#20810),#1626);
#20810 = PRESENTATION_STYLE_ASSIGNMENT((#20811,#20816));
#20811 = SURFACE_STYLE_USAGE(.BOTH.,#20812);
#20812 = SURFACE_SIDE_STYLE('',(#20813));
#20813 = SURFACE_STYLE_FILL_AREA(#20814);
#20814 = FILL_AREA_STYLE('',(#20815));
#20815 = FILL_AREA_STYLE_COLOUR('',#20257);
#20816 = CURVE_STYLE('',#20817,POSITIVE_LENGTH_MEASURE(0.1),#20257);
#20817 = DRAUGHTING_PRE_DEFINED_CURVE_FONT('continuous');
#20818 = STYLED_ITEM('color',(#20819),#1652);
#20819 = PRESENTATION_STYLE_ASSIGNMENT((#20820,#20825));
#20820 = SURFACE_STYLE_USAGE(.BOTH.,#20821);
#20821 = SURFACE_SIDE_STYLE('',(#20822));
#20822 = SURFACE_STYLE_FILL_AREA(#20823);
#20823 = FILL_AREA_STYLE('',(#20824));
#20824 = FILL_AREA_STYLE_COLOUR('',#20257);
#20825 = CURVE_STYLE('',#20826,POSITIVE_LENGTH_MEASURE(0.1),#20257);
#20826 = DRAUGHTING_PRE_DEFINED_CURVE_FONT('continuous');
#20827 = STYLED_ITEM('color',(#20828),#1678);
#20828 = PRESENTATION_STYLE_ASSIGNMENT((#20829,#20834));
#20829 = SURFACE_STYLE_USAGE(.BOTH.,#20830);
#20830 = SURFACE_SIDE_STYLE('',(#20831));
#20831 = SURFACE_STYLE_FILL_AREA(#20832);
#20832 = FILL_AREA_STYLE('',(#20833));
#20833 = FILL_AREA_STYLE_COLOUR('',#20257);
#20834 = CURVE_STYLE('',#20835,POSITIVE_LENGTH_MEASURE(0.1),#20257);
#20835 = DRAUGHTING_PRE_DEFINED_CURVE_FONT('continuous');
#20836 = STYLED_ITEM('color',(#20837),#1703);
#20837 = PRESENTATION_STYLE_ASSIGNMENT((#20838,#20843));
#20838 = SURFACE_STYLE_USAGE(.BOTH.,#20839);
#20839 = SURFACE_SIDE_STYLE('',(#20840));
#20840 = SURFACE_STYLE_FILL_AREA(#20841);
#20841 = FILL_AREA_STYLE('',(#20842));
#20842 = FILL_AREA_STYLE_COLOUR('',#20257);
#20843 = CURVE_STYLE('',#20844,POSITIVE_LENGTH_MEASURE(0.1),#20257);
#20844 = DRAUGHTING_PRE_DEFINED_CURVE_FONT('continuous');
#20845 = STYLED_ITEM('color',(#20846),#1728);
#20846 = PRESENTATION_STYLE_ASSIGNMENT((#20847,#20852));
#20847 = SURFACE_STYLE_USAGE(.BOTH.,#20848);
#20848 = SURFACE_SIDE_STYLE('',(#20849));
#20849 = SURFACE_STYLE_FILL_AREA(#20850);
#20850 = FILL_AREA_STYLE('',(#20851));
#20851 = FILL_AREA_STYLE_COLOUR('',#20257);
#20852 = CURVE_STYLE('',#20853,POSITIVE_LENGTH_MEASURE(0.1),#20257);
#20853 = DRAUGHTING_PRE_DEFINED_CURVE_FONT('continuous');
#20854 = STYLED_ITEM('color',(#20855),#1746);
#20855 = PRESENTATION_STYLE_ASSIGNMENT((#20856,#20861));
#20856 = SURFACE_STYLE_USAGE(.BOTH.,#20857);
#20857 = SURFACE_SIDE_STYLE('',(#20858));
#20858 = SURFACE_STYLE_FILL_AREA(#20859);
#20859 = FILL_AREA_STYLE('',(#20860));
#20860 = FILL_AREA_STYLE_COLOUR('',#20247);
#20861 = CURVE_STYLE('',#20862,POSITIVE_LENGTH_MEASURE(0.1),#20247);
#20862 = DRAUGHTING_PRE_DEFINED_CURVE_FONT('continuous');
#20863 = OVER_RIDING_STYLED_ITEM('overriding color',(#20864),#1750,
  #20854);
#20864 = PRESENTATION_STYLE_ASSIGNMENT((#20865,#20870));
#20865 = SURFACE_STYLE_USAGE(.BOTH.,#20866);
#20866 = SURFACE_SIDE_STYLE('',(#20867));
#20867 = SURFACE_STYLE_FILL_AREA(#20868);
#20868 = FILL_AREA_STYLE('',(#20869));
#20869 = FILL_AREA_STYLE_COLOUR('',#20257);
#20870 = CURVE_STYLE('',#20871,POSITIVE_LENGTH_MEASURE(0.1),#20257);
#20871 = DRAUGHTING_PRE_DEFINED_CURVE_FONT('continuous');
#20872 = OVER_RIDING_STYLED_ITEM('overriding color',(#20873),#1775,
  #20854);
#20873 = PRESENTATION_STYLE_ASSIGNMENT((#20874,#20879));
#20874 = SURFACE_STYLE_USAGE(.BOTH.,#20875);
#20875 = SURFACE_SIDE_STYLE('',(#20876));
#20876 = SURFACE_STYLE_FILL_AREA(#20877);
#20877 = FILL_AREA_STYLE('',(#20878));
#20878 = FILL_AREA_STYLE_COLOUR('',#20257);
#20879 = CURVE_STYLE('',#20880,POSITIVE_LENGTH_MEASURE(0.1),#20257);
#20880 = DRAUGHTING_PRE_DEFINED_CURVE_FONT('continuous');
#20881 = OVER_RIDING_STYLED_ITEM('overriding color',(#20882),#1783,
  #20854);
#20882 = PRESENTATION_STYLE_ASSIGNMENT((#20883,#20888));
#20883 = SURFACE_STYLE_USAGE(.BOTH.,#20884);
#20884 = SURFACE_SIDE_STYLE('',(#20885));
#20885 = SURFACE_STYLE_FILL_AREA(#20886);
#20886 = FILL_AREA_STYLE('',(#20887));
#20887 = FILL_AREA_STYLE_COLOUR('',#20257);
#20888 = CURVE_STYLE('',#20889,POSITIVE_LENGTH_MEASURE(0.1),#20257);
#20889 = DRAUGHTING_PRE_DEFINED_CURVE_FONT('continuous');
#20890 = OVER_RIDING_STYLED_ITEM('overriding color',(#20891),#1847,
  #20854);
#20891 = PRESENTATION_STYLE_ASSIGNMENT((#20892,#20897));
#20892 = SURFACE_STYLE_USAGE(.BOTH.,#20893);
#20893 = SURFACE_SIDE_STYLE('',(#20894));
#20894 = SURFACE_STYLE_FILL_AREA(#20895);
#20895 = FILL_AREA_STYLE('',(#20896));
#20896 = FILL_AREA_STYLE_COLOUR('',#20257);
#20897 = CURVE_STYLE('',#20898,POSITIVE_LENGTH_MEASURE(0.1),#20257);
#20898 = DRAUGHTING_PRE_DEFINED_CURVE_FONT('continuous');
#20899 = OVER_RIDING_STYLED_ITEM('overriding color',(#20900),#1855,
  #20854);
#20900 = PRESENTATION_STYLE_ASSIGNMENT((#20901,#20906));
#20901 = SURFACE_STYLE_USAGE(.BOTH.,#20902);
#20902 = SURFACE_SIDE_STYLE('',(#20903));
#20903 = SURFACE_STYLE_FILL_AREA(#20904);
#20904 = FILL_AREA_STYLE('',(#20905));
#20905 = FILL_AREA_STYLE_COLOUR('',#20257);
#20906 = CURVE_STYLE('',#20907,POSITIVE_LENGTH_MEASURE(0.1),#20257);
#20907 = DRAUGHTING_PRE_DEFINED_CURVE_FONT('continuous');
#20908 = OVER_RIDING_STYLED_ITEM('overriding color',(#20909),#1887,
  #20854);
#20909 = PRESENTATION_STYLE_ASSIGNMENT((#20910,#20915));
#20910 = SURFACE_STYLE_USAGE(.BOTH.,#20911);
#20911 = SURFACE_SIDE_STYLE('',(#20912));
#20912 = SURFACE_STYLE_FILL_AREA(#20913);
#20913 = FILL_AREA_STYLE('',(#20914));
#20914 = FILL_AREA_STYLE_COLOUR('',#20257);
#20915 = CURVE_STYLE('',#20916,POSITIVE_LENGTH_MEASURE(0.1),#20257);
#20916 = DRAUGHTING_PRE_DEFINED_CURVE_FONT('continuous');
#20917 = OVER_RIDING_STYLED_ITEM('overriding color',(#20918),#1895,
  #20854);
#20918 = PRESENTATION_STYLE_ASSIGNMENT((#20919,#20924));
#20919 = SURFACE_STYLE_USAGE(.BOTH.,#20920);
#20920 = SURFACE_SIDE_STYLE('',(#20921));
#20921 = SURFACE_STYLE_FILL_AREA(#20922);
#20922 = FILL_AREA_STYLE('',(#20923));
#20923 = FILL_AREA_STYLE_COLOUR('',#20257);
#20924 = CURVE_STYLE('',#20925,POSITIVE_LENGTH_MEASURE(0.1),#20257);
#20925 = DRAUGHTING_PRE_DEFINED_CURVE_FONT('continuous');
#20926 = OVER_RIDING_STYLED_ITEM('overriding color',(#20927),#1918,
  #20854);
#20927 = PRESENTATION_STYLE_ASSIGNMENT((#20928,#20933));
#20928 = SURFACE_STYLE_USAGE(.BOTH.,#20929);
#20929 = SURFACE_SIDE_STYLE('',(#20930));
#20930 = SURFACE_STYLE_FILL_AREA(#20931);
#20931 = FILL_AREA_STYLE('',(#20932));
#20932 = FILL_AREA_STYLE_COLOUR('',#20257);
#20933 = CURVE_STYLE('',#20934,POSITIVE_LENGTH_MEASURE(0.1),#20257);
#20934 = DRAUGHTING_PRE_DEFINED_CURVE_FONT('continuous');
#20935 = STYLED_ITEM('color',(#20936),#1955);
#20936 = PRESENTATION_STYLE_ASSIGNMENT((#20937,#20942));
#20937 = SURFACE_STYLE_USAGE(.BOTH.,#20938);
#20938 = SURFACE_SIDE_STYLE('',(#20939));
#20939 = SURFACE_STYLE_FILL_AREA(#20940);
#20940 = FILL_AREA_STYLE('',(#20941));
#20941 = FILL_AREA_STYLE_COLOUR('',#20257);
#20942 = CURVE_STYLE('',#20943,POSITIVE_LENGTH_MEASURE(0.1),#20257);
#20943 = DRAUGHTING_PRE_DEFINED_CURVE_FONT('continuous');
#20944 = STYLED_ITEM('color',(#20945),#2063);
#20945 = PRESENTATION_STYLE_ASSIGNMENT((#20946,#20951));
#20946 = SURFACE_STYLE_USAGE(.BOTH.,#20947);
#20947 = SURFACE_SIDE_STYLE('',(#20948));
#20948 = SURFACE_STYLE_FILL_AREA(#20949);
#20949 = FILL_AREA_STYLE('',(#20950));
#20950 = FILL_AREA_STYLE_COLOUR('',#20257);
#20951 = CURVE_STYLE('',#20952,POSITIVE_LENGTH_MEASURE(0.1),#20257);
#20952 = DRAUGHTING_PRE_DEFINED_CURVE_FONT('continuous');
#20953 = STYLED_ITEM('color',(#20954),#2103);
#20954 = PRESENTATION_STYLE_ASSIGNMENT((#20955,#20960));
#20955 = SURFACE_STYLE_USAGE(.BOTH.,#20956);
#20956 = SURFACE_SIDE_STYLE('',(#20957));
#20957 = SURFACE_STYLE_FILL_AREA(#20958);
#20958 = FILL_AREA_STYLE('',(#20959));
#20959 = FILL_AREA_STYLE_COLOUR('',#20257);
#20960 = CURVE_STYLE('',#20961,POSITIVE_LENGTH_MEASURE(0.1),#20257);
#20961 = DRAUGHTING_PRE_DEFINED_CURVE_FONT('continuous');
#20962 = STYLED_ITEM('color',(#20963),#2128);
#20963 = PRESENTATION_STYLE_ASSIGNMENT((#20964,#20969));
#20964 = SURFACE_STYLE_USAGE(.BOTH.,#20965);
#20965 = SURFACE_SIDE_STYLE('',(#20966));
#20966 = SURFACE_STYLE_FILL_AREA(#20967);
#20967 = FILL_AREA_STYLE('',(#20968));
#20968 = FILL_AREA_STYLE_COLOUR('',#20257);
#20969 = CURVE_STYLE('',#20970,POSITIVE_LENGTH_MEASURE(0.1),#20257);
#20970 = DRAUGHTING_PRE_DEFINED_CURVE_FONT('continuous');
#20971 = STYLED_ITEM('color',(#20972),#2160);
#20972 = PRESENTATION_STYLE_ASSIGNMENT((#20973,#20978));
#20973 = SURFACE_STYLE_USAGE(.BOTH.,#20974);
#20974 = SURFACE_SIDE_STYLE('',(#20975));
#20975 = SURFACE_STYLE_FILL_AREA(#20976);
#20976 = FILL_AREA_STYLE('',(#20977));
#20977 = FILL_AREA_STYLE_COLOUR('',#20257);
#20978 = CURVE_STYLE('',#20979,POSITIVE_LENGTH_MEASURE(0.1),#20257);
#20979 = DRAUGHTING_PRE_DEFINED_CURVE_FONT('continuous');
#20980 = STYLED_ITEM('color',(#20981),#2185);
#20981 = PRESENTATION_STYLE_ASSIGNMENT((#20982,#20987));
#20982 = SURFACE_STYLE_USAGE(.BOTH.,#20983);
#20983 = SURFACE_SIDE_STYLE('',(#20984));
#20984 = SURFACE_STYLE_FILL_AREA(#20985);
#20985 = FILL_AREA_STYLE('',(#20986));
#20986 = FILL_AREA_STYLE_COLOUR('',#20257);
#20987 = CURVE_STYLE('',#20988,POSITIVE_LENGTH_MEASURE(0.1),#20257);
#20988 = DRAUGHTING_PRE_DEFINED_CURVE_FONT('continuous');
#20989 = STYLED_ITEM('color',(#20990),#2217);
#20990 = PRESENTATION_STYLE_ASSIGNMENT((#20991,#20996));
#20991 = SURFACE_STYLE_USAGE(.BOTH.,#20992);
#20992 = SURFACE_SIDE_STYLE('',(#20993));
#20993 = SURFACE_STYLE_FILL_AREA(#20994);
#20994 = FILL_AREA_STYLE('',(#20995));
#20995 = FILL_AREA_STYLE_COLOUR('',#20257);
#20996 = CURVE_STYLE('',#20997,POSITIVE_LENGTH_MEASURE(0.1),#20257);
#20997 = DRAUGHTING_PRE_DEFINED_CURVE_FONT('continuous');
#20998 = STYLED_ITEM('color',(#20999),#2242);
#20999 = PRESENTATION_STYLE_ASSIGNMENT((#21000,#21005));
#21000 = SURFACE_STYLE_USAGE(.BOTH.,#21001);
#21001 = SURFACE_SIDE_STYLE('',(#21002));
#21002 = SURFACE_STYLE_FILL_AREA(#21003);
#21003 = FILL_AREA_STYLE('',(#21004));
#21004 = FILL_AREA_STYLE_COLOUR('',#20257);
#21005 = CURVE_STYLE('',#21006,POSITIVE_LENGTH_MEASURE(0.1),#20257);
#21006 = DRAUGHTING_PRE_DEFINED_CURVE_FONT('continuous');
#21007 = STYLED_ITEM('color',(#21008),#2274);
#21008 = PRESENTATION_STYLE_ASSIGNMENT((#21009,#21014));
#21009 = SURFACE_STYLE_USAGE(.BOTH.,#21010);
#21010 = SURFACE_SIDE_STYLE('',(#21011));
#21011 = SURFACE_STYLE_FILL_AREA(#21012);
#21012 = FILL_AREA_STYLE('',(#21013));
#21013 = FILL_AREA_STYLE_COLOUR('',#20257);
#21014 = CURVE_STYLE('',#21015,POSITIVE_LENGTH_MEASURE(0.1),#20257);
#21015 = DRAUGHTING_PRE_DEFINED_CURVE_FONT('continuous');
#21016 = STYLED_ITEM('color',(#21017),#2291);
#21017 = PRESENTATION_STYLE_ASSIGNMENT((#21018,#21023));
#21018 = SURFACE_STYLE_USAGE(.BOTH.,#21019);
#21019 = SURFACE_SIDE_STYLE('',(#21020));
#21020 = SURFACE_STYLE_FILL_AREA(#21021);
#21021 = FILL_AREA_STYLE('',(#21022));
#21022 = FILL_AREA_STYLE_COLOUR('',#20257);
#21023 = CURVE_STYLE('',#21024,POSITIVE_LENGTH_MEASURE(0.1),#20257);
#21024 = DRAUGHTING_PRE_DEFINED_CURVE_FONT('continuous');
#21025 = STYLED_ITEM('color',(#21026),#2324);
#21026 = PRESENTATION_STYLE_ASSIGNMENT((#21027,#21032));
#21027 = SURFACE_STYLE_USAGE(.BOTH.,#21028);
#21028 = SURFACE_SIDE_STYLE('',(#21029));
#21029 = SURFACE_STYLE_FILL_AREA(#21030);
#21030 = FILL_AREA_STYLE('',(#21031));
#21031 = FILL_AREA_STYLE_COLOUR('',#20257);
#21032 = CURVE_STYLE('',#21033,POSITIVE_LENGTH_MEASURE(0.1),#20257);
#21033 = DRAUGHTING_PRE_DEFINED_CURVE_FONT('continuous');
#21034 = STYLED_ITEM('color',(#21035),#2350);
#21035 = PRESENTATION_STYLE_ASSIGNMENT((#21036,#21041));
#21036 = SURFACE_STYLE_USAGE(.BOTH.,#21037);
#21037 = SURFACE_SIDE_STYLE('',(#21038));
#21038 = SURFACE_STYLE_FILL_AREA(#21039);
#21039 = FILL_AREA_STYLE('',(#21040));
#21040 = FILL_AREA_STYLE_COLOUR('',#20257);
#21041 = CURVE_STYLE('',#21042,POSITIVE_LENGTH_MEASURE(0.1),#20257);
#21042 = DRAUGHTING_PRE_DEFINED_CURVE_FONT('continuous');
#21043 = STYLED_ITEM('color',(#21044),#2376);
#21044 = PRESENTATION_STYLE_ASSIGNMENT((#21045,#21050));
#21045 = SURFACE_STYLE_USAGE(.BOTH.,#21046);
#21046 = SURFACE_SIDE_STYLE('',(#21047));
#21047 = SURFACE_STYLE_FILL_AREA(#21048);
#21048 = FILL_AREA_STYLE('',(#21049));
#21049 = FILL_AREA_STYLE_COLOUR('',#20257);
#21050 = CURVE_STYLE('',#21051,POSITIVE_LENGTH_MEASURE(0.1),#20257);
#21051 = DRAUGHTING_PRE_DEFINED_CURVE_FONT('continuous');
#21052 = STYLED_ITEM('color',(#21053),#2401);
#21053 = PRESENTATION_STYLE_ASSIGNMENT((#21054,#21059));
#21054 = SURFACE_STYLE_USAGE(.BOTH.,#21055);
#21055 = SURFACE_SIDE_STYLE('',(#21056));
#21056 = SURFACE_STYLE_FILL_AREA(#21057);
#21057 = FILL_AREA_STYLE('',(#21058));
#21058 = FILL_AREA_STYLE_COLOUR('',#20257);
#21059 = CURVE_STYLE('',#21060,POSITIVE_LENGTH_MEASURE(0.1),#20257);
#21060 = DRAUGHTING_PRE_DEFINED_CURVE_FONT('continuous');
#21061 = STYLED_ITEM('color',(#21062),#2426);
#21062 = PRESENTATION_STYLE_ASSIGNMENT((#21063,#21068));
#21063 = SURFACE_STYLE_USAGE(.BOTH.,#21064);
#21064 = SURFACE_SIDE_STYLE('',(#21065));
#21065 = SURFACE_STYLE_FILL_AREA(#21066);
#21066 = FILL_AREA_STYLE('',(#21067));
#21067 = FILL_AREA_STYLE_COLOUR('',#20257);
#21068 = CURVE_STYLE('',#21069,POSITIVE_LENGTH_MEASURE(0.1),#20257);
#21069 = DRAUGHTING_PRE_DEFINED_CURVE_FONT('continuous');
#21070 = STYLED_ITEM('color',(#21071),#2452);
#21071 = PRESENTATION_STYLE_ASSIGNMENT((#21072,#21077));
#21072 = SURFACE_STYLE_USAGE(.BOTH.,#21073);
#21073 = SURFACE_SIDE_STYLE('',(#21074));
#21074 = SURFACE_STYLE_FILL_AREA(#21075);
#21075 = FILL_AREA_STYLE('',(#21076));
#21076 = FILL_AREA_STYLE_COLOUR('',#20257);
#21077 = CURVE_STYLE('',#21078,POSITIVE_LENGTH_MEASURE(0.1),#20257);
#21078 = DRAUGHTING_PRE_DEFINED_CURVE_FONT('continuous');
#21079 = STYLED_ITEM('color',(#21080),#2478);
#21080 = PRESENTATION_STYLE_ASSIGNMENT((#21081,#21086));
#21081 = SURFACE_STYLE_USAGE(.BOTH.,#21082);
#21082 = SURFACE_SIDE_STYLE('',(#21083));
#21083 = SURFACE_STYLE_FILL_AREA(#21084);
#21084 = FILL_AREA_STYLE('',(#21085));
#21085 = FILL_AREA_STYLE_COLOUR('',#20257);
#21086 = CURVE_STYLE('',#21087,POSITIVE_LENGTH_MEASURE(0.1),#20257);
#21087 = DRAUGHTING_PRE_DEFINED_CURVE_FONT('continuous');
#21088 = STYLED_ITEM('color',(#21089),#2495);
#21089 = PRESENTATION_STYLE_ASSIGNMENT((#21090,#21095));
#21090 = SURFACE_STYLE_USAGE(.BOTH.,#21091);
#21091 = SURFACE_SIDE_STYLE('',(#21092));
#21092 = SURFACE_STYLE_FILL_AREA(#21093);
#21093 = FILL_AREA_STYLE('',(#21094));
#21094 = FILL_AREA_STYLE_COLOUR('',#20257);
#21095 = CURVE_STYLE('',#21096,POSITIVE_LENGTH_MEASURE(0.1),#20257);
#21096 = DRAUGHTING_PRE_DEFINED_CURVE_FONT('continuous');
#21097 = STYLED_ITEM('color',(#21098),#2521);
#21098 = PRESENTATION_STYLE_ASSIGNMENT((#21099,#21104));
#21099 = SURFACE_STYLE_USAGE(.BOTH.,#21100);
#21100 = SURFACE_SIDE_STYLE('',(#21101));
#21101 = SURFACE_STYLE_FILL_AREA(#21102);
#21102 = FILL_AREA_STYLE('',(#21103));
#21103 = FILL_AREA_STYLE_COLOUR('',#20257);
#21104 = CURVE_STYLE('',#21105,POSITIVE_LENGTH_MEASURE(0.1),#20257);
#21105 = DRAUGHTING_PRE_DEFINED_CURVE_FONT('continuous');
#21106 = STYLED_ITEM('color',(#21107),#2547);
#21107 = PRESENTATION_STYLE_ASSIGNMENT((#21108,#21113));
#21108 = SURFACE_STYLE_USAGE(.BOTH.,#21109);
#21109 = SURFACE_SIDE_STYLE('',(#21110));
#21110 = SURFACE_STYLE_FILL_AREA(#21111);
#21111 = FILL_AREA_STYLE('',(#21112));
#21112 = FILL_AREA_STYLE_COLOUR('',#20257);
#21113 = CURVE_STYLE('',#21114,POSITIVE_LENGTH_MEASURE(0.1),#20257);
#21114 = DRAUGHTING_PRE_DEFINED_CURVE_FONT('continuous');
#21115 = STYLED_ITEM('color',(#21116),#2563);
#21116 = PRESENTATION_STYLE_ASSIGNMENT((#21117,#21122));
#21117 = SURFACE_STYLE_USAGE(.BOTH.,#21118);
#21118 = SURFACE_SIDE_STYLE('',(#21119));
#21119 = SURFACE_STYLE_FILL_AREA(#21120);
#21120 = FILL_AREA_STYLE('',(#21121));
#21121 = FILL_AREA_STYLE_COLOUR('',#20257);
#21122 = CURVE_STYLE('',#21123,POSITIVE_LENGTH_MEASURE(0.1),#20257);
#21123 = DRAUGHTING_PRE_DEFINED_CURVE_FONT('continuous');
#21124 = STYLED_ITEM('color',(#21125),#2594);
#21125 = PRESENTATION_STYLE_ASSIGNMENT((#21126,#21131));
#21126 = SURFACE_STYLE_USAGE(.BOTH.,#21127);
#21127 = SURFACE_SIDE_STYLE('',(#21128));
#21128 = SURFACE_STYLE_FILL_AREA(#21129);
#21129 = FILL_AREA_STYLE('',(#21130));
#21130 = FILL_AREA_STYLE_COLOUR('',#20257);
#21131 = CURVE_STYLE('',#21132,POSITIVE_LENGTH_MEASURE(0.1),#20257);
#21132 = DRAUGHTING_PRE_DEFINED_CURVE_FONT('continuous');
#21133 = STYLED_ITEM('color',(#21134),#2619);
#21134 = PRESENTATION_STYLE_ASSIGNMENT((#21135,#21140));
#21135 = SURFACE_STYLE_USAGE(.BOTH.,#21136);
#21136 = SURFACE_SIDE_STYLE('',(#21137));
#21137 = SURFACE_STYLE_FILL_AREA(#21138);
#21138 = FILL_AREA_STYLE('',(#21139));
#21139 = FILL_AREA_STYLE_COLOUR('',#20257);
#21140 = CURVE_STYLE('',#21141,POSITIVE_LENGTH_MEASURE(0.1),#20257);
#21141 = DRAUGHTING_PRE_DEFINED_CURVE_FONT('continuous');
#21142 = STYLED_ITEM('color',(#21143),#2644);
#21143 = PRESENTATION_STYLE_ASSIGNMENT((#21144,#21149));
#21144 = SURFACE_STYLE_USAGE(.BOTH.,#21145);
#21145 = SURFACE_SIDE_STYLE('',(#21146));
#21146 = SURFACE_STYLE_FILL_AREA(#21147);
#21147 = FILL_AREA_STYLE('',(#21148));
#21148 = FILL_AREA_STYLE_COLOUR('',#20257);
#21149 = CURVE_STYLE('',#21150,POSITIVE_LENGTH_MEASURE(0.1),#20257);
#21150 = DRAUGHTING_PRE_DEFINED_CURVE_FONT('continuous');
#21151 = STYLED_ITEM('color',(#21152),#2668);
#21152 = PRESENTATION_STYLE_ASSIGNMENT((#21153,#21158));
#21153 = SURFACE_STYLE_USAGE(.BOTH.,#21154);
#21154 = SURFACE_SIDE_STYLE('',(#21155));
#21155 = SURFACE_STYLE_FILL_AREA(#21156);
#21156 = FILL_AREA_STYLE('',(#21157));
#21157 = FILL_AREA_STYLE_COLOUR('',#20257);
#21158 = CURVE_STYLE('',#21159,POSITIVE_LENGTH_MEASURE(0.1),#20257);
#21159 = DRAUGHTING_PRE_DEFINED_CURVE_FONT('continuous');
#21160 = STYLED_ITEM('color',(#21161),#2692);
#21161 = PRESENTATION_STYLE_ASSIGNMENT((#21162,#21167));
#21162 = SURFACE_STYLE_USAGE(.BOTH.,#21163);
#21163 = SURFACE_SIDE_STYLE('',(#21164));
#21164 = SURFACE_STYLE_FILL_AREA(#21165);
#21165 = FILL_AREA_STYLE('',(#21166));
#21166 = FILL_AREA_STYLE_COLOUR('',#20257);
#21167 = CURVE_STYLE('',#21168,POSITIVE_LENGTH_MEASURE(0.1),#20257);
#21168 = DRAUGHTING_PRE_DEFINED_CURVE_FONT('continuous');
#21169 = STYLED_ITEM('color',(#21170),#2717);
#21170 = PRESENTATION_STYLE_ASSIGNMENT((#21171,#21176));
#21171 = SURFACE_STYLE_USAGE(.BOTH.,#21172);
#21172 = SURFACE_SIDE_STYLE('',(#21173));
#21173 = SURFACE_STYLE_FILL_AREA(#21174);
#21174 = FILL_AREA_STYLE('',(#21175));
#21175 = FILL_AREA_STYLE_COLOUR('',#20257);
#21176 = CURVE_STYLE('',#21177,POSITIVE_LENGTH_MEASURE(0.1),#20257);
#21177 = DRAUGHTING_PRE_DEFINED_CURVE_FONT('continuous');
#21178 = STYLED_ITEM('color',(#21179),#2742);
#21179 = PRESENTATION_STYLE_ASSIGNMENT((#21180,#21185));
#21180 = SURFACE_STYLE_USAGE(.BOTH.,#21181);
#21181 = SURFACE_SIDE_STYLE('',(#21182));
#21182 = SURFACE_STYLE_FILL_AREA(#21183);
#21183 = FILL_AREA_STYLE('',(#21184));
#21184 = FILL_AREA_STYLE_COLOUR('',#20257);
#21185 = CURVE_STYLE('',#21186,POSITIVE_LENGTH_MEASURE(0.1),#20257);
#21186 = DRAUGHTING_PRE_DEFINED_CURVE_FONT('continuous');
#21187 = STYLED_ITEM('color',(#21188),#2759);
#21188 = PRESENTATION_STYLE_ASSIGNMENT((#21189,#21194));
#21189 = SURFACE_STYLE_USAGE(.BOTH.,#21190);
#21190 = SURFACE_SIDE_STYLE('',(#21191));
#21191 = SURFACE_STYLE_FILL_AREA(#21192);
#21192 = FILL_AREA_STYLE('',(#21193));
#21193 = FILL_AREA_STYLE_COLOUR('',#20257);
#21194 = CURVE_STYLE('',#21195,POSITIVE_LENGTH_MEASURE(0.1),#20257);
#21195 = DRAUGHTING_PRE_DEFINED_CURVE_FONT('continuous');
#21196 = STYLED_ITEM('color',(#21197),#2784);
#21197 = PRESENTATION_STYLE_ASSIGNMENT((#21198,#21203));
#21198 = SURFACE_STYLE_USAGE(.BOTH.,#21199);
#21199 = SURFACE_SIDE_STYLE('',(#21200));
#21200 = SURFACE_STYLE_FILL_AREA(#21201);
#21201 = FILL_AREA_STYLE('',(#21202));
#21202 = FILL_AREA_STYLE_COLOUR('',#20257);
#21203 = CURVE_STYLE('',#21204,POSITIVE_LENGTH_MEASURE(0.1),#20257);
#21204 = DRAUGHTING_PRE_DEFINED_CURVE_FONT('continuous');
#21205 = STYLED_ITEM('color',(#21206),#2809);
#21206 = PRESENTATION_STYLE_ASSIGNMENT((#21207,#21212));
#21207 = SURFACE_STYLE_USAGE(.BOTH.,#21208);
#21208 = SURFACE_SIDE_STYLE('',(#21209));
#21209 = SURFACE_STYLE_FILL_AREA(#21210);
#21210 = FILL_AREA_STYLE('',(#21211));
#21211 = FILL_AREA_STYLE_COLOUR('',#20257);
#21212 = CURVE_STYLE('',#21213,POSITIVE_LENGTH_MEASURE(0.1),#20257);
#21213 = DRAUGHTING_PRE_DEFINED_CURVE_FONT('continuous');
#21214 = STYLED_ITEM('color',(#21215),#2842);
#21215 = PRESENTATION_STYLE_ASSIGNMENT((#21216,#21221));
#21216 = SURFACE_STYLE_USAGE(.BOTH.,#21217);
#21217 = SURFACE_SIDE_STYLE('',(#21218));
#21218 = SURFACE_STYLE_FILL_AREA(#21219);
#21219 = FILL_AREA_STYLE('',(#21220));
#21220 = FILL_AREA_STYLE_COLOUR('',#20257);
#21221 = CURVE_STYLE('',#21222,POSITIVE_LENGTH_MEASURE(0.1),#20257);
#21222 = DRAUGHTING_PRE_DEFINED_CURVE_FONT('continuous');
#21223 = STYLED_ITEM('color',(#21224),#2868);
#21224 = PRESENTATION_STYLE_ASSIGNMENT((#21225,#21230));
#21225 = SURFACE_STYLE_USAGE(.BOTH.,#21226);
#21226 = SURFACE_SIDE_STYLE('',(#21227));
#21227 = SURFACE_STYLE_FILL_AREA(#21228);
#21228 = FILL_AREA_STYLE('',(#21229));
#21229 = FILL_AREA_STYLE_COLOUR('',#20257);
#21230 = CURVE_STYLE('',#21231,POSITIVE_LENGTH_MEASURE(0.1),#20257);
#21231 = DRAUGHTING_PRE_DEFINED_CURVE_FONT('continuous');
#21232 = STYLED_ITEM('color',(#21233),#2894);
#21233 = PRESENTATION_STYLE_ASSIGNMENT((#21234,#21239));
#21234 = SURFACE_STYLE_USAGE(.BOTH.,#21235);
#21235 = SURFACE_SIDE_STYLE('',(#21236));
#21236 = SURFACE_STYLE_FILL_AREA(#21237);
#21237 = FILL_AREA_STYLE('',(#21238));
#21238 = FILL_AREA_STYLE_COLOUR('',#20257);
#21239 = CURVE_STYLE('',#21240,POSITIVE_LENGTH_MEASURE(0.1),#20257);
#21240 = DRAUGHTING_PRE_DEFINED_CURVE_FONT('continuous');
#21241 = STYLED_ITEM('color',(#21242),#2919);
#21242 = PRESENTATION_STYLE_ASSIGNMENT((#21243,#21248));
#21243 = SURFACE_STYLE_USAGE(.BOTH.,#21244);
#21244 = SURFACE_SIDE_STYLE('',(#21245));
#21245 = SURFACE_STYLE_FILL_AREA(#21246);
#21246 = FILL_AREA_STYLE('',(#21247));
#21247 = FILL_AREA_STYLE_COLOUR('',#20257);
#21248 = CURVE_STYLE('',#21249,POSITIVE_LENGTH_MEASURE(0.1),#20257);
#21249 = DRAUGHTING_PRE_DEFINED_CURVE_FONT('continuous');
#21250 = STYLED_ITEM('color',(#21251),#2944);
#21251 = PRESENTATION_STYLE_ASSIGNMENT((#21252,#21257));
#21252 = SURFACE_STYLE_USAGE(.BOTH.,#21253);
#21253 = SURFACE_SIDE_STYLE('',(#21254));
#21254 = SURFACE_STYLE_FILL_AREA(#21255);
#21255 = FILL_AREA_STYLE('',(#21256));
#21256 = FILL_AREA_STYLE_COLOUR('',#20257);
#21257 = CURVE_STYLE('',#21258,POSITIVE_LENGTH_MEASURE(0.1),#20257);
#21258 = DRAUGHTING_PRE_DEFINED_CURVE_FONT('continuous');
#21259 = STYLED_ITEM('color',(#21260),#2970);
#21260 = PRESENTATION_STYLE_ASSIGNMENT((#21261,#21266));
#21261 = SURFACE_STYLE_USAGE(.BOTH.,#21262);
#21262 = SURFACE_SIDE_STYLE('',(#21263));
#21263 = SURFACE_STYLE_FILL_AREA(#21264);
#21264 = FILL_AREA_STYLE('',(#21265));
#21265 = FILL_AREA_STYLE_COLOUR('',#20257);
#21266 = CURVE_STYLE('',#21267,POSITIVE_LENGTH_MEASURE(0.1),#20257);
#21267 = DRAUGHTING_PRE_DEFINED_CURVE_FONT('continuous');
#21268 = STYLED_ITEM('color',(#21269),#2996);
#21269 = PRESENTATION_STYLE_ASSIGNMENT((#21270,#21275));
#21270 = SURFACE_STYLE_USAGE(.BOTH.,#21271);
#21271 = SURFACE_SIDE_STYLE('',(#21272));
#21272 = SURFACE_STYLE_FILL_AREA(#21273);
#21273 = FILL_AREA_STYLE('',(#21274));
#21274 = FILL_AREA_STYLE_COLOUR('',#20257);
#21275 = CURVE_STYLE('',#21276,POSITIVE_LENGTH_MEASURE(0.1),#20257);
#21276 = DRAUGHTING_PRE_DEFINED_CURVE_FONT('continuous');
#21277 = STYLED_ITEM('color',(#21278),#3013);
#21278 = PRESENTATION_STYLE_ASSIGNMENT((#21279,#21284));
#21279 = SURFACE_STYLE_USAGE(.BOTH.,#21280);
#21280 = SURFACE_SIDE_STYLE('',(#21281));
#21281 = SURFACE_STYLE_FILL_AREA(#21282);
#21282 = FILL_AREA_STYLE('',(#21283));
#21283 = FILL_AREA_STYLE_COLOUR('',#20257);
#21284 = CURVE_STYLE('',#21285,POSITIVE_LENGTH_MEASURE(0.1),#20257);
#21285 = DRAUGHTING_PRE_DEFINED_CURVE_FONT('continuous');
#21286 = STYLED_ITEM('color',(#21287),#3039);
#21287 = PRESENTATION_STYLE_ASSIGNMENT((#21288,#21293));
#21288 = SURFACE_STYLE_USAGE(.BOTH.,#21289);
#21289 = SURFACE_SIDE_STYLE('',(#21290));
#21290 = SURFACE_STYLE_FILL_AREA(#21291);
#21291 = FILL_AREA_STYLE('',(#21292));
#21292 = FILL_AREA_STYLE_COLOUR('',#20257);
#21293 = CURVE_STYLE('',#21294,POSITIVE_LENGTH_MEASURE(0.1),#20257);
#21294 = DRAUGHTING_PRE_DEFINED_CURVE_FONT('continuous');
#21295 = STYLED_ITEM('color',(#21296),#3065);
#21296 = PRESENTATION_STYLE_ASSIGNMENT((#21297,#21302));
#21297 = SURFACE_STYLE_USAGE(.BOTH.,#21298);
#21298 = SURFACE_SIDE_STYLE('',(#21299));
#21299 = SURFACE_STYLE_FILL_AREA(#21300);
#21300 = FILL_AREA_STYLE('',(#21301));
#21301 = FILL_AREA_STYLE_COLOUR('',#20257);
#21302 = CURVE_STYLE('',#21303,POSITIVE_LENGTH_MEASURE(0.1),#20257);
#21303 = DRAUGHTING_PRE_DEFINED_CURVE_FONT('continuous');
#21304 = STYLED_ITEM('color',(#21305),#3157);
#21305 = PRESENTATION_STYLE_ASSIGNMENT((#21306,#21311));
#21306 = SURFACE_STYLE_USAGE(.BOTH.,#21307);
#21307 = SURFACE_SIDE_STYLE('',(#21308));
#21308 = SURFACE_STYLE_FILL_AREA(#21309);
#21309 = FILL_AREA_STYLE('',(#21310));
#21310 = FILL_AREA_STYLE_COLOUR('',#20257);
#21311 = CURVE_STYLE('',#21312,POSITIVE_LENGTH_MEASURE(0.1),#20257);
#21312 = DRAUGHTING_PRE_DEFINED_CURVE_FONT('continuous');
#21313 = STYLED_ITEM('color',(#21314),#3188);
#21314 = PRESENTATION_STYLE_ASSIGNMENT((#21315,#21320));
#21315 = SURFACE_STYLE_USAGE(.BOTH.,#21316);
#21316 = SURFACE_SIDE_STYLE('',(#21317));
#21317 = SURFACE_STYLE_FILL_AREA(#21318);
#21318 = FILL_AREA_STYLE('',(#21319));
#21319 = FILL_AREA_STYLE_COLOUR('',#20257);
#21320 = CURVE_STYLE('',#21321,POSITIVE_LENGTH_MEASURE(0.1),#20257);
#21321 = DRAUGHTING_PRE_DEFINED_CURVE_FONT('continuous');
#21322 = STYLED_ITEM('color',(#21323),#3213);
#21323 = PRESENTATION_STYLE_ASSIGNMENT((#21324,#21329));
#21324 = SURFACE_STYLE_USAGE(.BOTH.,#21325);
#21325 = SURFACE_SIDE_STYLE('',(#21326));
#21326 = SURFACE_STYLE_FILL_AREA(#21327);
#21327 = FILL_AREA_STYLE('',(#21328));
#21328 = FILL_AREA_STYLE_COLOUR('',#20257);
#21329 = CURVE_STYLE('',#21330,POSITIVE_LENGTH_MEASURE(0.1),#20257);
#21330 = DRAUGHTING_PRE_DEFINED_CURVE_FONT('continuous');
#21331 = STYLED_ITEM('color',(#21332),#3237);
#21332 = PRESENTATION_STYLE_ASSIGNMENT((#21333,#21338));
#21333 = SURFACE_STYLE_USAGE(.BOTH.,#21334);
#21334 = SURFACE_SIDE_STYLE('',(#21335));
#21335 = SURFACE_STYLE_FILL_AREA(#21336);
#21336 = FILL_AREA_STYLE('',(#21337));
#21337 = FILL_AREA_STYLE_COLOUR('',#20257);
#21338 = CURVE_STYLE('',#21339,POSITIVE_LENGTH_MEASURE(0.1),#20257);
#21339 = DRAUGHTING_PRE_DEFINED_CURVE_FONT('continuous');
#21340 = STYLED_ITEM('color',(#21341),#3262);
#21341 = PRESENTATION_STYLE_ASSIGNMENT((#21342,#21347));
#21342 = SURFACE_STYLE_USAGE(.BOTH.,#21343);
#21343 = SURFACE_SIDE_STYLE('',(#21344));
#21344 = SURFACE_STYLE_FILL_AREA(#21345);
#21345 = FILL_AREA_STYLE('',(#21346));
#21346 = FILL_AREA_STYLE_COLOUR('',#20257);
#21347 = CURVE_STYLE('',#21348,POSITIVE_LENGTH_MEASURE(0.1),#20257);
#21348 = DRAUGHTING_PRE_DEFINED_CURVE_FONT('continuous');
#21349 = STYLED_ITEM('color',(#21350),#3286);
#21350 = PRESENTATION_STYLE_ASSIGNMENT((#21351,#21356));
#21351 = SURFACE_STYLE_USAGE(.BOTH.,#21352);
#21352 = SURFACE_SIDE_STYLE('',(#21353));
#21353 = SURFACE_STYLE_FILL_AREA(#21354);
#21354 = FILL_AREA_STYLE('',(#21355));
#21355 = FILL_AREA_STYLE_COLOUR('',#20257);
#21356 = CURVE_STYLE('',#21357,POSITIVE_LENGTH_MEASURE(0.1),#20257);
#21357 = DRAUGHTING_PRE_DEFINED_CURVE_FONT('continuous');
#21358 = STYLED_ITEM('color',(#21359),#3311);
#21359 = PRESENTATION_STYLE_ASSIGNMENT((#21360,#21365));
#21360 = SURFACE_STYLE_USAGE(.BOTH.,#21361);
#21361 = SURFACE_SIDE_STYLE('',(#21362));
#21362 = SURFACE_STYLE_FILL_AREA(#21363);
#21363 = FILL_AREA_STYLE('',(#21364));
#21364 = FILL_AREA_STYLE_COLOUR('',#20257);
#21365 = CURVE_STYLE('',#21366,POSITIVE_LENGTH_MEASURE(0.1),#20257);
#21366 = DRAUGHTING_PRE_DEFINED_CURVE_FONT('continuous');
#21367 = STYLED_ITEM('color',(#21368),#3335);
#21368 = PRESENTATION_STYLE_ASSIGNMENT((#21369,#21374));
#21369 = SURFACE_STYLE_USAGE(.BOTH.,#21370);
#21370 = SURFACE_SIDE_STYLE('',(#21371));
#21371 = SURFACE_STYLE_FILL_AREA(#21372);
#21372 = FILL_AREA_STYLE('',(#21373));
#21373 = FILL_AREA_STYLE_COLOUR('',#20257);
#21374 = CURVE_STYLE('',#21375,POSITIVE_LENGTH_MEASURE(0.1),#20257);
#21375 = DRAUGHTING_PRE_DEFINED_CURVE_FONT('continuous');
#21376 = STYLED_ITEM('color',(#21377),#3353);
#21377 = PRESENTATION_STYLE_ASSIGNMENT((#21378,#21383));
#21378 = SURFACE_STYLE_USAGE(.BOTH.,#21379);
#21379 = SURFACE_SIDE_STYLE('',(#21380));
#21380 = SURFACE_STYLE_FILL_AREA(#21381);
#21381 = FILL_AREA_STYLE('',(#21382));
#21382 = FILL_AREA_STYLE_COLOUR('',#20257);
#21383 = CURVE_STYLE('',#21384,POSITIVE_LENGTH_MEASURE(0.1),#20257);
#21384 = DRAUGHTING_PRE_DEFINED_CURVE_FONT('continuous');
#21385 = STYLED_ITEM('color',(#21386),#3386);
#21386 = PRESENTATION_STYLE_ASSIGNMENT((#21387,#21392));
#21387 = SURFACE_STYLE_USAGE(.BOTH.,#21388);
#21388 = SURFACE_SIDE_STYLE('',(#21389));
#21389 = SURFACE_STYLE_FILL_AREA(#21390);
#21390 = FILL_AREA_STYLE('',(#21391));
#21391 = FILL_AREA_STYLE_COLOUR('',#20257);
#21392 = CURVE_STYLE('',#21393,POSITIVE_LENGTH_MEASURE(0.1),#20257);
#21393 = DRAUGHTING_PRE_DEFINED_CURVE_FONT('continuous');
#21394 = STYLED_ITEM('color',(#21395),#3403);
#21395 = PRESENTATION_STYLE_ASSIGNMENT((#21396,#21401));
#21396 = SURFACE_STYLE_USAGE(.BOTH.,#21397);
#21397 = SURFACE_SIDE_STYLE('',(#21398));
#21398 = SURFACE_STYLE_FILL_AREA(#21399);
#21399 = FILL_AREA_STYLE('',(#21400));
#21400 = FILL_AREA_STYLE_COLOUR('',#20257);
#21401 = CURVE_STYLE('',#21402,POSITIVE_LENGTH_MEASURE(0.1),#20257);
#21402 = DRAUGHTING_PRE_DEFINED_CURVE_FONT('continuous');
#21403 = STYLED_ITEM('color',(#21404),#3428);
#21404 = PRESENTATION_STYLE_ASSIGNMENT((#21405,#21410));
#21405 = SURFACE_STYLE_USAGE(.BOTH.,#21406);
#21406 = SURFACE_SIDE_STYLE('',(#21407));
#21407 = SURFACE_STYLE_FILL_AREA(#21408);
#21408 = FILL_AREA_STYLE('',(#21409));
#21409 = FILL_AREA_STYLE_COLOUR('',#20257);
#21410 = CURVE_STYLE('',#21411,POSITIVE_LENGTH_MEASURE(0.1),#20257);
#21411 = DRAUGHTING_PRE_DEFINED_CURVE_FONT('continuous');
#21412 = STYLED_ITEM('color',(#21413),#3445);
#21413 = PRESENTATION_STYLE_ASSIGNMENT((#21414,#21419));
#21414 = SURFACE_STYLE_USAGE(.BOTH.,#21415);
#21415 = SURFACE_SIDE_STYLE('',(#21416));
#21416 = SURFACE_STYLE_FILL_AREA(#21417);
#21417 = FILL_AREA_STYLE('',(#21418));
#21418 = FILL_AREA_STYLE_COLOUR('',#20257);
#21419 = CURVE_STYLE('',#21420,POSITIVE_LENGTH_MEASURE(0.1),#20257);
#21420 = DRAUGHTING_PRE_DEFINED_CURVE_FONT('continuous');
#21421 = STYLED_ITEM('color',(#21422),#3470);
#21422 = PRESENTATION_STYLE_ASSIGNMENT((#21423,#21428));
#21423 = SURFACE_STYLE_USAGE(.BOTH.,#21424);
#21424 = SURFACE_SIDE_STYLE('',(#21425));
#21425 = SURFACE_STYLE_FILL_AREA(#21426);
#21426 = FILL_AREA_STYLE('',(#21427));
#21427 = FILL_AREA_STYLE_COLOUR('',#20257);
#21428 = CURVE_STYLE('',#21429,POSITIVE_LENGTH_MEASURE(0.1),#20257);
#21429 = DRAUGHTING_PRE_DEFINED_CURVE_FONT('continuous');
#21430 = STYLED_ITEM('color',(#21431),#3487);
#21431 = PRESENTATION_STYLE_ASSIGNMENT((#21432,#21437));
#21432 = SURFACE_STYLE_USAGE(.BOTH.,#21433);
#21433 = SURFACE_SIDE_STYLE('',(#21434));
#21434 = SURFACE_STYLE_FILL_AREA(#21435);
#21435 = FILL_AREA_STYLE('',(#21436));
#21436 = FILL_AREA_STYLE_COLOUR('',#20257);
#21437 = CURVE_STYLE('',#21438,POSITIVE_LENGTH_MEASURE(0.1),#20257);
#21438 = DRAUGHTING_PRE_DEFINED_CURVE_FONT('continuous');
#21439 = STYLED_ITEM('color',(#21440),#3510);
#21440 = PRESENTATION_STYLE_ASSIGNMENT((#21441,#21446));
#21441 = SURFACE_STYLE_USAGE(.BOTH.,#21442);
#21442 = SURFACE_SIDE_STYLE('',(#21443));
#21443 = SURFACE_STYLE_FILL_AREA(#21444);
#21444 = FILL_AREA_STYLE('',(#21445));
#21445 = FILL_AREA_STYLE_COLOUR('',#20257);
#21446 = CURVE_STYLE('',#21447,POSITIVE_LENGTH_MEASURE(0.1),#20257);
#21447 = DRAUGHTING_PRE_DEFINED_CURVE_FONT('continuous');
#21448 = STYLED_ITEM('color',(#21449),#3521);
#21449 = PRESENTATION_STYLE_ASSIGNMENT((#21450,#21455));
#21450 = SURFACE_STYLE_USAGE(.BOTH.,#21451);
#21451 = SURFACE_SIDE_STYLE('',(#21452));
#21452 = SURFACE_STYLE_FILL_AREA(#21453);
#21453 = FILL_AREA_STYLE('',(#21454));
#21454 = FILL_AREA_STYLE_COLOUR('',#20257);
#21455 = CURVE_STYLE('',#21456,POSITIVE_LENGTH_MEASURE(0.1),#20257);
#21456 = DRAUGHTING_PRE_DEFINED_CURVE_FONT('continuous');
#21457 = OVER_RIDING_STYLED_ITEM('overriding color',(#21458),#3531,
  #21448);
#21458 = PRESENTATION_STYLE_ASSIGNMENT((#21459,#21464));
#21459 = SURFACE_STYLE_USAGE(.BOTH.,#21460);
#21460 = SURFACE_SIDE_STYLE('',(#21461));
#21461 = SURFACE_STYLE_FILL_AREA(#21462);
#21462 = FILL_AREA_STYLE('',(#21463));
#21463 = FILL_AREA_STYLE_COLOUR('',#20257);
#21464 = CURVE_STYLE('',#21465,POSITIVE_LENGTH_MEASURE(0.1),#20257);
#21465 = DRAUGHTING_PRE_DEFINED_CURVE_FONT('continuous');
#21466 = OVER_RIDING_STYLED_ITEM('overriding color',(#21467),#3541,
  #21448);
#21467 = PRESENTATION_STYLE_ASSIGNMENT((#21468,#21473));
#21468 = SURFACE_STYLE_USAGE(.BOTH.,#21469);
#21469 = SURFACE_SIDE_STYLE('',(#21470));
#21470 = SURFACE_STYLE_FILL_AREA(#21471);
#21471 = FILL_AREA_STYLE('',(#21472));
#21472 = FILL_AREA_STYLE_COLOUR('',#20257);
#21473 = CURVE_STYLE('',#21474,POSITIVE_LENGTH_MEASURE(0.1),#20257);
#21474 = DRAUGHTING_PRE_DEFINED_CURVE_FONT('continuous');
#21475 = OVER_RIDING_STYLED_ITEM('overriding color',(#21476),#3549,
  #21448);
#21476 = PRESENTATION_STYLE_ASSIGNMENT((#21477,#21482));
#21477 = SURFACE_STYLE_USAGE(.BOTH.,#21478);
#21478 = SURFACE_SIDE_STYLE('',(#21479));
#21479 = SURFACE_STYLE_FILL_AREA(#21480);
#21480 = FILL_AREA_STYLE('',(#21481));
#21481 = FILL_AREA_STYLE_COLOUR('',#20257);
#21482 = CURVE_STYLE('',#21483,POSITIVE_LENGTH_MEASURE(0.1),#20257);
#21483 = DRAUGHTING_PRE_DEFINED_CURVE_FONT('continuous');
#21484 = OVER_RIDING_STYLED_ITEM('overriding color',(#21485),#3557,
  #21448);
#21485 = PRESENTATION_STYLE_ASSIGNMENT((#21486,#21491));
#21486 = SURFACE_STYLE_USAGE(.BOTH.,#21487);
#21487 = SURFACE_SIDE_STYLE('',(#21488));
#21488 = SURFACE_STYLE_FILL_AREA(#21489);
#21489 = FILL_AREA_STYLE('',(#21490));
#21490 = FILL_AREA_STYLE_COLOUR('',#20257);
#21491 = CURVE_STYLE('',#21492,POSITIVE_LENGTH_MEASURE(0.1),#20257);
#21492 = DRAUGHTING_PRE_DEFINED_CURVE_FONT('continuous');
#21493 = STYLED_ITEM('color',(#21494),#3567);
#21494 = PRESENTATION_STYLE_ASSIGNMENT((#21495,#21500));
#21495 = SURFACE_STYLE_USAGE(.BOTH.,#21496);
#21496 = SURFACE_SIDE_STYLE('',(#21497));
#21497 = SURFACE_STYLE_FILL_AREA(#21498);
#21498 = FILL_AREA_STYLE('',(#21499));
#21499 = FILL_AREA_STYLE_COLOUR('',#20247);
#21500 = CURVE_STYLE('',#21501,POSITIVE_LENGTH_MEASURE(0.1),#20247);
#21501 = DRAUGHTING_PRE_DEFINED_CURVE_FONT('continuous');
#21502 = STYLED_ITEM('color',(#21503),#3598);
#21503 = PRESENTATION_STYLE_ASSIGNMENT((#21504,#21509));
#21504 = SURFACE_STYLE_USAGE(.BOTH.,#21505);
#21505 = SURFACE_SIDE_STYLE('',(#21506));
#21506 = SURFACE_STYLE_FILL_AREA(#21507);
#21507 = FILL_AREA_STYLE('',(#21508));
#21508 = FILL_AREA_STYLE_COLOUR('',#20247);
#21509 = CURVE_STYLE('',#21510,POSITIVE_LENGTH_MEASURE(0.1),#20247);
#21510 = DRAUGHTING_PRE_DEFINED_CURVE_FONT('continuous');
#21511 = STYLED_ITEM('color',(#21512),#3622);
#21512 = PRESENTATION_STYLE_ASSIGNMENT((#21513,#21518));
#21513 = SURFACE_STYLE_USAGE(.BOTH.,#21514);
#21514 = SURFACE_SIDE_STYLE('',(#21515));
#21515 = SURFACE_STYLE_FILL_AREA(#21516);
#21516 = FILL_AREA_STYLE('',(#21517));
#21517 = FILL_AREA_STYLE_COLOUR('',#20247);
#21518 = CURVE_STYLE('',#21519,POSITIVE_LENGTH_MEASURE(0.1),#20247);
#21519 = DRAUGHTING_PRE_DEFINED_CURVE_FONT('continuous');
#21520 = STYLED_ITEM('color',(#21521),#3646);
#21521 = PRESENTATION_STYLE_ASSIGNMENT((#21522,#21527));
#21522 = SURFACE_STYLE_USAGE(.BOTH.,#21523);
#21523 = SURFACE_SIDE_STYLE('',(#21524));
#21524 = SURFACE_STYLE_FILL_AREA(#21525);
#21525 = FILL_AREA_STYLE('',(#21526));
#21526 = FILL_AREA_STYLE_COLOUR('',#20247);
#21527 = CURVE_STYLE('',#21528,POSITIVE_LENGTH_MEASURE(0.1),#20247);
#21528 = DRAUGHTING_PRE_DEFINED_CURVE_FONT('continuous');
#21529 = STYLED_ITEM('color',(#21530),#3663);
#21530 = PRESENTATION_STYLE_ASSIGNMENT((#21531,#21536));
#21531 = SURFACE_STYLE_USAGE(.BOTH.,#21532);
#21532 = SURFACE_SIDE_STYLE('',(#21533));
#21533 = SURFACE_STYLE_FILL_AREA(#21534);
#21534 = FILL_AREA_STYLE('',(#21535));
#21535 = FILL_AREA_STYLE_COLOUR('',#20247);
#21536 = CURVE_STYLE('',#21537,POSITIVE_LENGTH_MEASURE(0.1),#20247);
#21537 = DRAUGHTING_PRE_DEFINED_CURVE_FONT('continuous');
#21538 = OVER_RIDING_STYLED_ITEM('overriding color',(#21539),#3673,
  #21529);
#21539 = PRESENTATION_STYLE_ASSIGNMENT((#21540,#21545));
#21540 = SURFACE_STYLE_USAGE(.BOTH.,#21541);
#21541 = SURFACE_SIDE_STYLE('',(#21542));
#21542 = SURFACE_STYLE_FILL_AREA(#21543);
#21543 = FILL_AREA_STYLE('',(#21544));
#21544 = FILL_AREA_STYLE_COLOUR('',#20257);
#21545 = CURVE_STYLE('',#21546,POSITIVE_LENGTH_MEASURE(0.1),#20257);
#21546 = DRAUGHTING_PRE_DEFINED_CURVE_FONT('continuous');
#21547 = OVER_RIDING_STYLED_ITEM('overriding color',(#21548),#3684,
  #21529);
#21548 = PRESENTATION_STYLE_ASSIGNMENT((#21549,#21554));
#21549 = SURFACE_STYLE_USAGE(.BOTH.,#21550);
#21550 = SURFACE_SIDE_STYLE('',(#21551));
#21551 = SURFACE_STYLE_FILL_AREA(#21552);
#21552 = FILL_AREA_STYLE('',(#21553));
#21553 = FILL_AREA_STYLE_COLOUR('',#20257);
#21554 = CURVE_STYLE('',#21555,POSITIVE_LENGTH_MEASURE(0.1),#20257);
#21555 = DRAUGHTING_PRE_DEFINED_CURVE_FONT('continuous');
#21556 = OVER_RIDING_STYLED_ITEM('overriding color',(#21557),#3695,
  #21529);
#21557 = PRESENTATION_STYLE_ASSIGNMENT((#21558,#21563));
#21558 = SURFACE_STYLE_USAGE(.BOTH.,#21559);
#21559 = SURFACE_SIDE_STYLE('',(#21560));
#21560 = SURFACE_STYLE_FILL_AREA(#21561);
#21561 = FILL_AREA_STYLE('',(#21562));
#21562 = FILL_AREA_STYLE_COLOUR('',#20257);
#21563 = CURVE_STYLE('',#21564,POSITIVE_LENGTH_MEASURE(0.1),#20257);
#21564 = DRAUGHTING_PRE_DEFINED_CURVE_FONT('continuous');
#21565 = OVER_RIDING_STYLED_ITEM('overriding color',(#21566),#3706,
  #21529);
#21566 = PRESENTATION_STYLE_ASSIGNMENT((#21567,#21572));
#21567 = SURFACE_STYLE_USAGE(.BOTH.,#21568);
#21568 = SURFACE_SIDE_STYLE('',(#21569));
#21569 = SURFACE_STYLE_FILL_AREA(#21570);
#21570 = FILL_AREA_STYLE('',(#21571));
#21571 = FILL_AREA_STYLE_COLOUR('',#20257);
#21572 = CURVE_STYLE('',#21573,POSITIVE_LENGTH_MEASURE(0.1),#20257);
#21573 = DRAUGHTING_PRE_DEFINED_CURVE_FONT('continuous');
#21574 = OVER_RIDING_STYLED_ITEM('overriding color',(#21575),#3717,
  #21529);
#21575 = PRESENTATION_STYLE_ASSIGNMENT((#21576,#21581));
#21576 = SURFACE_STYLE_USAGE(.BOTH.,#21577);
#21577 = SURFACE_SIDE_STYLE('',(#21578));
#21578 = SURFACE_STYLE_FILL_AREA(#21579);
#21579 = FILL_AREA_STYLE('',(#21580));
#21580 = FILL_AREA_STYLE_COLOUR('',#20257);
#21581 = CURVE_STYLE('',#21582,POSITIVE_LENGTH_MEASURE(0.1),#20257);
#21582 = DRAUGHTING_PRE_DEFINED_CURVE_FONT('continuous');
#21583 = OVER_RIDING_STYLED_ITEM('overriding color',(#21584),#3728,
  #21529);
#21584 = PRESENTATION_STYLE_ASSIGNMENT((#21585,#21590));
#21585 = SURFACE_STYLE_USAGE(.BOTH.,#21586);
#21586 = SURFACE_SIDE_STYLE('',(#21587));
#21587 = SURFACE_STYLE_FILL_AREA(#21588);
#21588 = FILL_AREA_STYLE('',(#21589));
#21589 = FILL_AREA_STYLE_COLOUR('',#20257);
#21590 = CURVE_STYLE('',#21591,POSITIVE_LENGTH_MEASURE(0.1),#20257);
#21591 = DRAUGHTING_PRE_DEFINED_CURVE_FONT('continuous');
#21592 = OVER_RIDING_STYLED_ITEM('overriding color',(#21593),#3739,
  #21529);
#21593 = PRESENTATION_STYLE_ASSIGNMENT((#21594,#21599));
#21594 = SURFACE_STYLE_USAGE(.BOTH.,#21595);
#21595 = SURFACE_SIDE_STYLE('',(#21596));
#21596 = SURFACE_STYLE_FILL_AREA(#21597);
#21597 = FILL_AREA_STYLE('',(#21598));
#21598 = FILL_AREA_STYLE_COLOUR('',#20257);
#21599 = CURVE_STYLE('',#21600,POSITIVE_LENGTH_MEASURE(0.1),#20257);
#21600 = DRAUGHTING_PRE_DEFINED_CURVE_FONT('continuous');
#21601 = OVER_RIDING_STYLED_ITEM('overriding color',(#21602),#3750,
  #21529);
#21602 = PRESENTATION_STYLE_ASSIGNMENT((#21603,#21608));
#21603 = SURFACE_STYLE_USAGE(.BOTH.,#21604);
#21604 = SURFACE_SIDE_STYLE('',(#21605));
#21605 = SURFACE_STYLE_FILL_AREA(#21606);
#21606 = FILL_AREA_STYLE('',(#21607));
#21607 = FILL_AREA_STYLE_COLOUR('',#20257);
#21608 = CURVE_STYLE('',#21609,POSITIVE_LENGTH_MEASURE(0.1),#20257);
#21609 = DRAUGHTING_PRE_DEFINED_CURVE_FONT('continuous');
#21610 = OVER_RIDING_STYLED_ITEM('overriding color',(#21611),#3761,
  #21529);
#21611 = PRESENTATION_STYLE_ASSIGNMENT((#21612,#21617));
#21612 = SURFACE_STYLE_USAGE(.BOTH.,#21613);
#21613 = SURFACE_SIDE_STYLE('',(#21614));
#21614 = SURFACE_STYLE_FILL_AREA(#21615);
#21615 = FILL_AREA_STYLE('',(#21616));
#21616 = FILL_AREA_STYLE_COLOUR('',#20257);
#21617 = CURVE_STYLE('',#21618,POSITIVE_LENGTH_MEASURE(0.1),#20257);
#21618 = DRAUGHTING_PRE_DEFINED_CURVE_FONT('continuous');
#21619 = STYLED_ITEM('color',(#21620),#3774);
#21620 = PRESENTATION_STYLE_ASSIGNMENT((#21621,#21626));
#21621 = SURFACE_STYLE_USAGE(.BOTH.,#21622);
#21622 = SURFACE_SIDE_STYLE('',(#21623));
#21623 = SURFACE_STYLE_FILL_AREA(#21624);
#21624 = FILL_AREA_STYLE('',(#21625));
#21625 = FILL_AREA_STYLE_COLOUR('',#20257);
#21626 = CURVE_STYLE('',#21627,POSITIVE_LENGTH_MEASURE(0.1),#20257);
#21627 = DRAUGHTING_PRE_DEFINED_CURVE_FONT('continuous');
#21628 = STYLED_ITEM('color',(#21629),#3799);
#21629 = PRESENTATION_STYLE_ASSIGNMENT((#21630,#21635));
#21630 = SURFACE_STYLE_USAGE(.BOTH.,#21631);
#21631 = SURFACE_SIDE_STYLE('',(#21632));
#21632 = SURFACE_STYLE_FILL_AREA(#21633);
#21633 = FILL_AREA_STYLE('',(#21634));
#21634 = FILL_AREA_STYLE_COLOUR('',#20257);
#21635 = CURVE_STYLE('',#21636,POSITIVE_LENGTH_MEASURE(0.1),#20257);
#21636 = DRAUGHTING_PRE_DEFINED_CURVE_FONT('continuous');
#21637 = STYLED_ITEM('color',(#21638),#3824);
#21638 = PRESENTATION_STYLE_ASSIGNMENT((#21639,#21644));
#21639 = SURFACE_STYLE_USAGE(.BOTH.,#21640);
#21640 = SURFACE_SIDE_STYLE('',(#21641));
#21641 = SURFACE_STYLE_FILL_AREA(#21642);
#21642 = FILL_AREA_STYLE('',(#21643));
#21643 = FILL_AREA_STYLE_COLOUR('',#20257);
#21644 = CURVE_STYLE('',#21645,POSITIVE_LENGTH_MEASURE(0.1),#20257);
#21645 = DRAUGHTING_PRE_DEFINED_CURVE_FONT('continuous');
#21646 = STYLED_ITEM('color',(#21647),#3849);
#21647 = PRESENTATION_STYLE_ASSIGNMENT((#21648,#21653));
#21648 = SURFACE_STYLE_USAGE(.BOTH.,#21649);
#21649 = SURFACE_SIDE_STYLE('',(#21650));
#21650 = SURFACE_STYLE_FILL_AREA(#21651);
#21651 = FILL_AREA_STYLE('',(#21652));
#21652 = FILL_AREA_STYLE_COLOUR('',#20257);
#21653 = CURVE_STYLE('',#21654,POSITIVE_LENGTH_MEASURE(0.1),#20257);
#21654 = DRAUGHTING_PRE_DEFINED_CURVE_FONT('continuous');
#21655 = STYLED_ITEM('color',(#21656),#3874);
#21656 = PRESENTATION_STYLE_ASSIGNMENT((#21657,#21662));
#21657 = SURFACE_STYLE_USAGE(.BOTH.,#21658);
#21658 = SURFACE_SIDE_STYLE('',(#21659));
#21659 = SURFACE_STYLE_FILL_AREA(#21660);
#21660 = FILL_AREA_STYLE('',(#21661));
#21661 = FILL_AREA_STYLE_COLOUR('',#20257);
#21662 = CURVE_STYLE('',#21663,POSITIVE_LENGTH_MEASURE(0.1),#20257);
#21663 = DRAUGHTING_PRE_DEFINED_CURVE_FONT('continuous');
#21664 = STYLED_ITEM('color',(#21665),#3899);
#21665 = PRESENTATION_STYLE_ASSIGNMENT((#21666,#21671));
#21666 = SURFACE_STYLE_USAGE(.BOTH.,#21667);
#21667 = SURFACE_SIDE_STYLE('',(#21668));
#21668 = SURFACE_STYLE_FILL_AREA(#21669);
#21669 = FILL_AREA_STYLE('',(#21670));
#21670 = FILL_AREA_STYLE_COLOUR('',#20257);
#21671 = CURVE_STYLE('',#21672,POSITIVE_LENGTH_MEASURE(0.1),#20257);
#21672 = DRAUGHTING_PRE_DEFINED_CURVE_FONT('continuous');
#21673 = STYLED_ITEM('color',(#21674),#3924);
#21674 = PRESENTATION_STYLE_ASSIGNMENT((#21675,#21680));
#21675 = SURFACE_STYLE_USAGE(.BOTH.,#21676);
#21676 = SURFACE_SIDE_STYLE('',(#21677));
#21677 = SURFACE_STYLE_FILL_AREA(#21678);
#21678 = FILL_AREA_STYLE('',(#21679));
#21679 = FILL_AREA_STYLE_COLOUR('',#20257);
#21680 = CURVE_STYLE('',#21681,POSITIVE_LENGTH_MEASURE(0.1),#20257);
#21681 = DRAUGHTING_PRE_DEFINED_CURVE_FONT('continuous');
#21682 = STYLED_ITEM('color',(#21683),#3949);
#21683 = PRESENTATION_STYLE_ASSIGNMENT((#21684,#21689));
#21684 = SURFACE_STYLE_USAGE(.BOTH.,#21685);
#21685 = SURFACE_SIDE_STYLE('',(#21686));
#21686 = SURFACE_STYLE_FILL_AREA(#21687);
#21687 = FILL_AREA_STYLE('',(#21688));
#21688 = FILL_AREA_STYLE_COLOUR('',#20257);
#21689 = CURVE_STYLE('',#21690,POSITIVE_LENGTH_MEASURE(0.1),#20257);
#21690 = DRAUGHTING_PRE_DEFINED_CURVE_FONT('continuous');
#21691 = STYLED_ITEM('color',(#21692),#3974);
#21692 = PRESENTATION_STYLE_ASSIGNMENT((#21693,#21698));
#21693 = SURFACE_STYLE_USAGE(.BOTH.,#21694);
#21694 = SURFACE_SIDE_STYLE('',(#21695));
#21695 = SURFACE_STYLE_FILL_AREA(#21696);
#21696 = FILL_AREA_STYLE('',(#21697));
#21697 = FILL_AREA_STYLE_COLOUR('',#20257);
#21698 = CURVE_STYLE('',#21699,POSITIVE_LENGTH_MEASURE(0.1),#20257);
#21699 = DRAUGHTING_PRE_DEFINED_CURVE_FONT('continuous');
#21700 = STYLED_ITEM('color',(#21701),#3999);
#21701 = PRESENTATION_STYLE_ASSIGNMENT((#21702,#21707));
#21702 = SURFACE_STYLE_USAGE(.BOTH.,#21703);
#21703 = SURFACE_SIDE_STYLE('',(#21704));
#21704 = SURFACE_STYLE_FILL_AREA(#21705);
#21705 = FILL_AREA_STYLE('',(#21706));
#21706 = FILL_AREA_STYLE_COLOUR('',#20257);
#21707 = CURVE_STYLE('',#21708,POSITIVE_LENGTH_MEASURE(0.1),#20257);
#21708 = DRAUGHTING_PRE_DEFINED_CURVE_FONT('continuous');
#21709 = STYLED_ITEM('color',(#21710),#4025);
#21710 = PRESENTATION_STYLE_ASSIGNMENT((#21711,#21716));
#21711 = SURFACE_STYLE_USAGE(.BOTH.,#21712);
#21712 = SURFACE_SIDE_STYLE('',(#21713));
#21713 = SURFACE_STYLE_FILL_AREA(#21714);
#21714 = FILL_AREA_STYLE('',(#21715));
#21715 = FILL_AREA_STYLE_COLOUR('',#20257);
#21716 = CURVE_STYLE('',#21717,POSITIVE_LENGTH_MEASURE(0.1),#20257);
#21717 = DRAUGHTING_PRE_DEFINED_CURVE_FONT('continuous');
#21718 = STYLED_ITEM('color',(#21719),#4051);
#21719 = PRESENTATION_STYLE_ASSIGNMENT((#21720,#21725));
#21720 = SURFACE_STYLE_USAGE(.BOTH.,#21721);
#21721 = SURFACE_SIDE_STYLE('',(#21722));
#21722 = SURFACE_STYLE_FILL_AREA(#21723);
#21723 = FILL_AREA_STYLE('',(#21724));
#21724 = FILL_AREA_STYLE_COLOUR('',#20257);
#21725 = CURVE_STYLE('',#21726,POSITIVE_LENGTH_MEASURE(0.1),#20257);
#21726 = DRAUGHTING_PRE_DEFINED_CURVE_FONT('continuous');
#21727 = STYLED_ITEM('color',(#21728),#4077);
#21728 = PRESENTATION_STYLE_ASSIGNMENT((#21729,#21734));
#21729 = SURFACE_STYLE_USAGE(.BOTH.,#21730);
#21730 = SURFACE_SIDE_STYLE('',(#21731));
#21731 = SURFACE_STYLE_FILL_AREA(#21732);
#21732 = FILL_AREA_STYLE('',(#21733));
#21733 = FILL_AREA_STYLE_COLOUR('',#20257);
#21734 = CURVE_STYLE('',#21735,POSITIVE_LENGTH_MEASURE(0.1),#20257);
#21735 = DRAUGHTING_PRE_DEFINED_CURVE_FONT('continuous');
#21736 = STYLED_ITEM('color',(#21737),#4103);
#21737 = PRESENTATION_STYLE_ASSIGNMENT((#21738,#21743));
#21738 = SURFACE_STYLE_USAGE(.BOTH.,#21739);
#21739 = SURFACE_SIDE_STYLE('',(#21740));
#21740 = SURFACE_STYLE_FILL_AREA(#21741);
#21741 = FILL_AREA_STYLE('',(#21742));
#21742 = FILL_AREA_STYLE_COLOUR('',#20257);
#21743 = CURVE_STYLE('',#21744,POSITIVE_LENGTH_MEASURE(0.1),#20257);
#21744 = DRAUGHTING_PRE_DEFINED_CURVE_FONT('continuous');
#21745 = STYLED_ITEM('color',(#21746),#4129);
#21746 = PRESENTATION_STYLE_ASSIGNMENT((#21747,#21752));
#21747 = SURFACE_STYLE_USAGE(.BOTH.,#21748);
#21748 = SURFACE_SIDE_STYLE('',(#21749));
#21749 = SURFACE_STYLE_FILL_AREA(#21750);
#21750 = FILL_AREA_STYLE('',(#21751));
#21751 = FILL_AREA_STYLE_COLOUR('',#20257);
#21752 = CURVE_STYLE('',#21753,POSITIVE_LENGTH_MEASURE(0.1),#20257);
#21753 = DRAUGHTING_PRE_DEFINED_CURVE_FONT('continuous');
#21754 = STYLED_ITEM('color',(#21755),#4155);
#21755 = PRESENTATION_STYLE_ASSIGNMENT((#21756,#21761));
#21756 = SURFACE_STYLE_USAGE(.BOTH.,#21757);
#21757 = SURFACE_SIDE_STYLE('',(#21758));
#21758 = SURFACE_STYLE_FILL_AREA(#21759);
#21759 = FILL_AREA_STYLE('',(#21760));
#21760 = FILL_AREA_STYLE_COLOUR('',#20257);
#21761 = CURVE_STYLE('',#21762,POSITIVE_LENGTH_MEASURE(0.1),#20257);
#21762 = DRAUGHTING_PRE_DEFINED_CURVE_FONT('continuous');
#21763 = STYLED_ITEM('color',(#21764),#4181);
#21764 = PRESENTATION_STYLE_ASSIGNMENT((#21765,#21770));
#21765 = SURFACE_STYLE_USAGE(.BOTH.,#21766);
#21766 = SURFACE_SIDE_STYLE('',(#21767));
#21767 = SURFACE_STYLE_FILL_AREA(#21768);
#21768 = FILL_AREA_STYLE('',(#21769));
#21769 = FILL_AREA_STYLE_COLOUR('',#20257);
#21770 = CURVE_STYLE('',#21771,POSITIVE_LENGTH_MEASURE(0.1),#20257);
#21771 = DRAUGHTING_PRE_DEFINED_CURVE_FONT('continuous');
#21772 = STYLED_ITEM('color',(#21773),#4207);
#21773 = PRESENTATION_STYLE_ASSIGNMENT((#21774,#21779));
#21774 = SURFACE_STYLE_USAGE(.BOTH.,#21775);
#21775 = SURFACE_SIDE_STYLE('',(#21776));
#21776 = SURFACE_STYLE_FILL_AREA(#21777);
#21777 = FILL_AREA_STYLE('',(#21778));
#21778 = FILL_AREA_STYLE_COLOUR('',#20257);
#21779 = CURVE_STYLE('',#21780,POSITIVE_LENGTH_MEASURE(0.1),#20257);
#21780 = DRAUGHTING_PRE_DEFINED_CURVE_FONT('continuous');
#21781 = STYLED_ITEM('color',(#21782),#4233);
#21782 = PRESENTATION_STYLE_ASSIGNMENT((#21783,#21788));
#21783 = SURFACE_STYLE_USAGE(.BOTH.,#21784);
#21784 = SURFACE_SIDE_STYLE('',(#21785));
#21785 = SURFACE_STYLE_FILL_AREA(#21786);
#21786 = FILL_AREA_STYLE('',(#21787));
#21787 = FILL_AREA_STYLE_COLOUR('',#20257);
#21788 = CURVE_STYLE('',#21789,POSITIVE_LENGTH_MEASURE(0.1),#20257);
#21789 = DRAUGHTING_PRE_DEFINED_CURVE_FONT('continuous');
#21790 = STYLED_ITEM('color',(#21791),#4242);
#21791 = PRESENTATION_STYLE_ASSIGNMENT((#21792,#21797));
#21792 = SURFACE_STYLE_USAGE(.BOTH.,#21793);
#21793 = SURFACE_SIDE_STYLE('',(#21794));
#21794 = SURFACE_STYLE_FILL_AREA(#21795);
#21795 = FILL_AREA_STYLE('',(#21796));
#21796 = FILL_AREA_STYLE_COLOUR('',#20257);
#21797 = CURVE_STYLE('',#21798,POSITIVE_LENGTH_MEASURE(0.1),#20257);
#21798 = DRAUGHTING_PRE_DEFINED_CURVE_FONT('continuous');
#21799 = STYLED_ITEM('color',(#21800),#4251);
#21800 = PRESENTATION_STYLE_ASSIGNMENT((#21801,#21806));
#21801 = SURFACE_STYLE_USAGE(.BOTH.,#21802);
#21802 = SURFACE_SIDE_STYLE('',(#21803));
#21803 = SURFACE_STYLE_FILL_AREA(#21804);
#21804 = FILL_AREA_STYLE('',(#21805));
#21805 = FILL_AREA_STYLE_COLOUR('',#20257);
#21806 = CURVE_STYLE('',#21807,POSITIVE_LENGTH_MEASURE(0.1),#20257);
#21807 = DRAUGHTING_PRE_DEFINED_CURVE_FONT('continuous');
#21808 = STYLED_ITEM('color',(#21809),#4260);
#21809 = PRESENTATION_STYLE_ASSIGNMENT((#21810,#21815));
#21810 = SURFACE_STYLE_USAGE(.BOTH.,#21811);
#21811 = SURFACE_SIDE_STYLE('',(#21812));
#21812 = SURFACE_STYLE_FILL_AREA(#21813);
#21813 = FILL_AREA_STYLE('',(#21814));
#21814 = FILL_AREA_STYLE_COLOUR('',#20257);
#21815 = CURVE_STYLE('',#21816,POSITIVE_LENGTH_MEASURE(0.1),#20257);
#21816 = DRAUGHTING_PRE_DEFINED_CURVE_FONT('continuous');
#21817 = STYLED_ITEM('color',(#21818),#4269);
#21818 = PRESENTATION_STYLE_ASSIGNMENT((#21819,#21824));
#21819 = SURFACE_STYLE_USAGE(.BOTH.,#21820);
#21820 = SURFACE_SIDE_STYLE('',(#21821));
#21821 = SURFACE_STYLE_FILL_AREA(#21822);
#21822 = FILL_AREA_STYLE('',(#21823));
#21823 = FILL_AREA_STYLE_COLOUR('',#20257);
#21824 = CURVE_STYLE('',#21825,POSITIVE_LENGTH_MEASURE(0.1),#20257);
#21825 = DRAUGHTING_PRE_DEFINED_CURVE_FONT('continuous');
#21826 = STYLED_ITEM('color',(#21827),#4278);
#21827 = PRESENTATION_STYLE_ASSIGNMENT((#21828,#21833));
#21828 = SURFACE_STYLE_USAGE(.BOTH.,#21829);
#21829 = SURFACE_SIDE_STYLE('',(#21830));
#21830 = SURFACE_STYLE_FILL_AREA(#21831);
#21831 = FILL_AREA_STYLE('',(#21832));
#21832 = FILL_AREA_STYLE_COLOUR('',#20257);
#21833 = CURVE_STYLE('',#21834,POSITIVE_LENGTH_MEASURE(0.1),#20257);
#21834 = DRAUGHTING_PRE_DEFINED_CURVE_FONT('continuous');
#21835 = STYLED_ITEM('color',(#21836),#4287);
#21836 = PRESENTATION_STYLE_ASSIGNMENT((#21837,#21842));
#21837 = SURFACE_STYLE_USAGE(.BOTH.,#21838);
#21838 = SURFACE_SIDE_STYLE('',(#21839));
#21839 = SURFACE_STYLE_FILL_AREA(#21840);
#21840 = FILL_AREA_STYLE('',(#21841));
#21841 = FILL_AREA_STYLE_COLOUR('',#20257);
#21842 = CURVE_STYLE('',#21843,POSITIVE_LENGTH_MEASURE(0.1),#20257);
#21843 = DRAUGHTING_PRE_DEFINED_CURVE_FONT('continuous');
#21844 = STYLED_ITEM('color',(#21845),#4296);
#21845 = PRESENTATION_STYLE_ASSIGNMENT((#21846,#21851));
#21846 = SURFACE_STYLE_USAGE(.BOTH.,#21847);
#21847 = SURFACE_SIDE_STYLE('',(#21848));
#21848 = SURFACE_STYLE_FILL_AREA(#21849);
#21849 = FILL_AREA_STYLE('',(#21850));
#21850 = FILL_AREA_STYLE_COLOUR('',#20257);
#21851 = CURVE_STYLE('',#21852,POSITIVE_LENGTH_MEASURE(0.1),#20257);
#21852 = DRAUGHTING_PRE_DEFINED_CURVE_FONT('continuous');
#21853 = STYLED_ITEM('color',(#21854),#4305);
#21854 = PRESENTATION_STYLE_ASSIGNMENT((#21855,#21860));
#21855 = SURFACE_STYLE_USAGE(.BOTH.,#21856);
#21856 = SURFACE_SIDE_STYLE('',(#21857));
#21857 = SURFACE_STYLE_FILL_AREA(#21858);
#21858 = FILL_AREA_STYLE('',(#21859));
#21859 = FILL_AREA_STYLE_COLOUR('',#20257);
#21860 = CURVE_STYLE('',#21861,POSITIVE_LENGTH_MEASURE(0.1),#20257);
#21861 = DRAUGHTING_PRE_DEFINED_CURVE_FONT('continuous');
#21862 = MECHANICAL_DESIGN_GEOMETRIC_PRESENTATION_REPRESENTATION('',(
    #21863),#9863);
#21863 = STYLED_ITEM('color',(#21864),#4333);
#21864 = PRESENTATION_STYLE_ASSIGNMENT((#21865));
#21865 = SURFACE_STYLE_USAGE(.BOTH.,#21866);
#21866 = SURFACE_SIDE_STYLE('',(#21867));
#21867 = SURFACE_STYLE_FILL_AREA(#21868);
#21868 = FILL_AREA_STYLE('',(#21869));
#21869 = FILL_AREA_STYLE_COLOUR('',#21870);
#21870 = COLOUR_RGB('',0.749019635948,0.749019635948,0.749019635948);
#21871 = MECHANICAL_DESIGN_GEOMETRIC_PRESENTATION_REPRESENTATION('',(
    #21872),#20228);
#21872 = STYLED_ITEM('color',(#21873),#13971);
#21873 = PRESENTATION_STYLE_ASSIGNMENT((#21874));
#21874 = SURFACE_STYLE_USAGE(.BOTH.,#21875);
#21875 = SURFACE_SIDE_STYLE('',(#21876));
#21876 = SURFACE_STYLE_FILL_AREA(#21877);
#21877 = FILL_AREA_STYLE('',(#21878));
#21878 = FILL_AREA_STYLE_COLOUR('',#21879);
#21879 = COLOUR_RGB('',0.313304153717,0.484529207832,0.410020903123);
ENDSEC;
END-ISO-10303-21;
